dataset,split_seed,fold,forest_seed,policy_label,threshold,calibration_tpr,calibration_fpr,evaluation_tpr,evaluation_fpr
bank_marketing,0,0,101,unweighted_lr:default,0.5,0.33081285444234404,0.026052104208416832,0.3553875236294896,0.023791635361883296
bank_marketing,0,0,101,unweighted_lr:oof_macro_f1,0.23926363379561694,0.5689981096408318,0.07089178356713427,0.6257088846880907,0.07187578261958427
bank_marketing,0,0,101,unweighted_lr:oof_balanced_accuracy,0.09498221918104288,0.8449905482041588,0.20415831663326653,0.8846880907372401,0.20736288504883546
bank_marketing,0,0,101,weighted_lr:default,0.5,0.7882797731568998,0.15556112224448898,0.8204158790170132,0.15802654645629852
bank_marketing,0,0,101,weighted_lr:oof_macro_f1,0.7299085277234557,0.5727788279773157,0.07615230460921844,0.6446124763705104,0.07312797395442024
bank_marketing,0,0,101,weighted_lr:oof_balanced_accuracy,0.39611682558584826,0.8657844990548205,0.21017034068136273,0.8827977315689981,0.21763085399449036
bank_marketing,0,0,101,rf:default,0.5,0.3856332703213611,0.026052104208416832,0.4045368620037807,0.02404207362885049
bank_marketing,0,0,101,rf:oof_macro_f1,0.2781944444444445,0.725897920604915,0.08767535070140281,0.7637051039697542,0.0843976959679439
bank_marketing,0,0,101,rf:oof_balanced_accuracy,0.13380681818181817,0.8771266540642723,0.17309619238476953,0.9054820415879017,0.17380415727523166
bank_marketing,0,0,101,balanced_rf:default,0.5,0.8393194706994329,0.15030060120240482,0.8638941398865785,0.1520160280490859
bank_marketing,0,0,101,balanced_rf:oof_macro_f1,0.620633116883117,0.725897920604915,0.09443887775551102,0.7731568998109641,0.09366391184573003
bank_marketing,0,0,101,balanced_rf:oof_balanced_accuracy,0.418154761904762,0.8865784499054821,0.1846192384769539,0.9073724007561437,0.1925870272977711
bank_marketing,0,0,202,unweighted_lr:default,0.5,0.33081285444234404,0.026052104208416832,0.3553875236294896,0.023791635361883296
bank_marketing,0,0,202,unweighted_lr:oof_macro_f1,0.23926363379561694,0.5689981096408318,0.07089178356713427,0.6257088846880907,0.07187578261958427
bank_marketing,0,0,202,unweighted_lr:oof_balanced_accuracy,0.09498221918104288,0.8449905482041588,0.20415831663326653,0.8846880907372401,0.20736288504883546
bank_marketing,0,0,202,weighted_lr:default,0.5,0.7882797731568998,0.15556112224448898,0.8204158790170132,0.15802654645629852
bank_marketing,0,0,202,weighted_lr:oof_macro_f1,0.7299085277234557,0.5727788279773157,0.07615230460921844,0.6446124763705104,0.07312797395442024
bank_marketing,0,0,202,weighted_lr:oof_balanced_accuracy,0.39611682558584826,0.8657844990548205,0.21017034068136273,0.8827977315689981,0.21763085399449036
bank_marketing,0,0,202,rf:default,0.5,0.3818525519848771,0.02379759519038076,0.391304347826087,0.024793388429752067
bank_marketing,0,0,202,rf:oof_macro_f1,0.31696084691254184,0.6729678638941399,0.07364729458917836,0.722117202268431,0.07162534435261708
bank_marketing,0,0,202,rf:oof_balanced_accuracy,0.1383187134502924,0.8790170132325141,0.17159318637274548,0.9054820415879017,0.1763085399449036
bank_marketing,0,0,202,balanced_rf:default,0.5,0.8393194706994329,0.15105210420841683,0.8752362948960303,0.1455046331079389
bank_marketing,0,0,202,balanced_rf:oof_macro_f1,0.6117577214452214,0.7485822306238186,0.0966933867735471,0.7712665406427222,0.10042574505384423
bank_marketing,0,0,202,balanced_rf:oof_balanced_accuracy,0.4250873015873016,0.8790170132325141,0.1818637274549098,0.9130434782608695,0.18632607062359127
bank_marketing,0,0,303,unweighted_lr:default,0.5,0.33081285444234404,0.026052104208416832,0.3553875236294896,0.023791635361883296
bank_marketing,0,0,303,unweighted_lr:oof_macro_f1,0.23926363379561694,0.5689981096408318,0.07089178356713427,0.6257088846880907,0.07187578261958427
bank_marketing,0,0,303,unweighted_lr:oof_balanced_accuracy,0.09498221918104288,0.8449905482041588,0.20415831663326653,0.8846880907372401,0.20736288504883546
bank_marketing,0,0,303,weighted_lr:default,0.5,0.7882797731568998,0.15556112224448898,0.8204158790170132,0.15802654645629852
bank_marketing,0,0,303,weighted_lr:oof_macro_f1,0.7299085277234557,0.5727788279773157,0.07615230460921844,0.6446124763705104,0.07312797395442024
bank_marketing,0,0,303,weighted_lr:oof_balanced_accuracy,0.39611682558584826,0.8657844990548205,0.21017034068136273,0.8827977315689981,0.21763085399449036
bank_marketing,0,0,303,rf:default,0.5,0.389413988657845,0.024549098196392786,0.42344045368620037,0.023791635361883296
bank_marketing,0,0,303,rf:oof_macro_f1,0.28403018770846644,0.7296786389413988,0.08617234468937876,0.7674858223062382,0.08865514650638617
bank_marketing,0,0,303,rf:oof_balanced_accuracy,0.12276785714285714,0.8903591682419659,0.1841182364729459,0.9130434782608695,0.19008264462809918
bank_marketing,0,0,303,balanced_rf:default,0.5,0.8431001890359168,0.14654308617234468,0.8620037807183365,0.15051339844728273
bank_marketing,0,0,303,balanced_rf:oof_macro_f1,0.6300131752305665,0.6994328922495274,0.08617234468937876,0.7296786389413988,0.09015777610818933
bank_marketing,0,0,303,balanced_rf:oof_balanced_accuracy,0.42746031746031743,0.8809073724007561,0.18261523046092185,0.9168241965973535,0.1858251940896569
bank_marketing,0,0,404,unweighted_lr:default,0.5,0.33081285444234404,0.026052104208416832,0.3553875236294896,0.023791635361883296
bank_marketing,0,0,404,unweighted_lr:oof_macro_f1,0.23926363379561694,0.5689981096408318,0.07089178356713427,0.6257088846880907,0.07187578261958427
bank_marketing,0,0,404,unweighted_lr:oof_balanced_accuracy,0.09498221918104288,0.8449905482041588,0.20415831663326653,0.8846880907372401,0.20736288504883546
bank_marketing,0,0,404,weighted_lr:default,0.5,0.7882797731568998,0.15556112224448898,0.8204158790170132,0.15802654645629852
bank_marketing,0,0,404,weighted_lr:oof_macro_f1,0.7299085277234557,0.5727788279773157,0.07615230460921844,0.6446124763705104,0.07312797395442024
bank_marketing,0,0,404,weighted_lr:oof_balanced_accuracy,0.39611682558584826,0.8657844990548205,0.21017034068136273,0.8827977315689981,0.21763085399449036
bank_marketing,0,0,404,rf:default,0.5,0.3591682419659735,0.024799599198396794,0.3950850661625709,0.025544703230653644
bank_marketing,0,0,404,rf:oof_macro_f1,0.31499025892408244,0.665406427221172,0.06988977955911824,0.7069943289224953,0.07488104182319058
bank_marketing,0,0,404,rf:oof_balanced_accuracy,0.12441082251082251,0.8790170132325141,0.18336673346693386,0.9111531190926276,0.18632607062359127
bank_marketing,0,0,404,balanced_rf:default,0.5,0.8412098298676749,0.1410320641282565,0.8601134215500945,0.1455046331079389
bank_marketing,0,0,404,balanced_rf:oof_macro_f1,0.6485332056194126,0.6805293005671077,0.0784068136272545,0.7088846880907372,0.07963936889556725
bank_marketing,0,0,404,balanced_rf:oof_balanced_accuracy,0.44672619047619044,0.8771266540642723,0.1688376753507014,0.8979206049149339,0.17255196594039568
bank_marketing,0,0,505,unweighted_lr:default,0.5,0.33081285444234404,0.026052104208416832,0.3553875236294896,0.023791635361883296
bank_marketing,0,0,505,unweighted_lr:oof_macro_f1,0.23926363379561694,0.5689981096408318,0.07089178356713427,0.6257088846880907,0.07187578261958427
bank_marketing,0,0,505,unweighted_lr:oof_balanced_accuracy,0.09498221918104288,0.8449905482041588,0.20415831663326653,0.8846880907372401,0.20736288504883546
bank_marketing,0,0,505,weighted_lr:default,0.5,0.7882797731568998,0.15556112224448898,0.8204158790170132,0.15802654645629852
bank_marketing,0,0,505,weighted_lr:oof_macro_f1,0.7299085277234557,0.5727788279773157,0.07615230460921844,0.6446124763705104,0.07312797395442024
bank_marketing,0,0,505,weighted_lr:oof_balanced_accuracy,0.39611682558584826,0.8657844990548205,0.21017034068136273,0.8827977315689981,0.21763085399449036
bank_marketing,0,0,505,rf:default,0.5,0.3837429111531191,0.024298597194388778,0.4064272211720227,0.026045579764588028
bank_marketing,0,0,505,rf:oof_macro_f1,0.3254620726495726,0.6710775047258979,0.06763527054108216,0.6918714555765595,0.06811920861507638
bank_marketing,0,0,505,rf:oof_balanced_accuracy,0.11642655024658424,0.9054820415879017,0.19213426853707416,0.9092627599243857,0.19459053343350863
bank_marketing,0,0,505,balanced_rf:default,0.5,0.8431001890359168,0.14554108216432865,0.8620037807183365,0.14600550964187328
bank_marketing,0,0,505,balanced_rf:oof_macro_f1,0.6244047619047619,0.720226843100189,0.0906813627254509,0.7674858223062382,0.09140996744302529
bank_marketing,0,0,505,balanced_rf:oof_balanced_accuracy,0.37956699346405226,0.9035916824196597,0.20766533066132264,0.9300567107750473,0.21412471825694968
bank_marketing,0,1,101,unweighted_lr:default,0.5,0.3428030303030303,0.023547094188376753,0.3724007561436673,0.02529426496368645
bank_marketing,0,1,101,unweighted_lr:oof_macro_f1,0.2291596273471331,0.6325757575757576,0.07439879759519039,0.6635160680529301,0.07262709742048586
bank_marketing,0,1,101,unweighted_lr:oof_balanced_accuracy,0.09941376265844007,0.8806818181818182,0.18537074148296592,0.8771266540642723,0.20010017530678686
bank_marketing,0,1,101,weighted_lr:default,0.5,0.8371212121212122,0.14879759519038077,0.833648393194707,0.15452041071875783
bank_marketing,0,1,101,weighted_lr:oof_macro_f1,0.7246357359763582,0.6420454545454546,0.07715430861723446,0.6540642722117203,0.07488104182319058
bank_marketing,0,1,101,weighted_lr:oof_balanced_accuracy,0.4025894472084693,0.8901515151515151,0.19564128256513025,0.8922495274102079,0.2128725269221137
bank_marketing,0,1,101,rf:default,0.5,0.3806818181818182,0.02780561122244489,0.389413988657845,0.027047332832456798
bank_marketing,0,1,101,rf:oof_macro_f1,0.27561095549330844,0.7840909090909091,0.08917835671342686,0.7561436672967864,0.09015777610818933
bank_marketing,0,1,101,rf:oof_balanced_accuracy,0.13222555368072625,0.9071969696969697,0.16082164328657314,0.9017013232514177,0.18482344102178813
bank_marketing,0,1,101,balanced_rf:default,0.5,0.8693181818181818,0.13376753507014028,0.8412098298676749,0.1487603305785124
bank_marketing,0,1,101,balanced_rf:oof_macro_f1,0.6262641855480162,0.7234848484848485,0.09018036072144289,0.725897920604915,0.09867267718507387
bank_marketing,0,1,101,balanced_rf:oof_balanced_accuracy,0.4391666666666666,0.9071969696969697,0.15756513026052105,0.8960302457466919,0.18357124968695215
bank_marketing,0,1,202,unweighted_lr:default,0.5,0.3428030303030303,0.023547094188376753,0.3724007561436673,0.02529426496368645
bank_marketing,0,1,202,unweighted_lr:oof_macro_f1,0.2291596273471331,0.6325757575757576,0.07439879759519039,0.6635160680529301,0.07262709742048586
bank_marketing,0,1,202,unweighted_lr:oof_balanced_accuracy,0.09941376265844007,0.8806818181818182,0.18537074148296592,0.8771266540642723,0.20010017530678686
bank_marketing,0,1,202,weighted_lr:default,0.5,0.8371212121212122,0.14879759519038077,0.833648393194707,0.15452041071875783
bank_marketing,0,1,202,weighted_lr:oof_macro_f1,0.7246357359763582,0.6420454545454546,0.07715430861723446,0.6540642722117203,0.07488104182319058
bank_marketing,0,1,202,weighted_lr:oof_balanced_accuracy,0.4025894472084693,0.8901515151515151,0.19564128256513025,0.8922495274102079,0.2128725269221137
bank_marketing,0,1,202,rf:default,0.5,0.4109848484848485,0.028306613226452906,0.3761814744801512,0.02404207362885049
bank_marketing,0,1,202,rf:oof_macro_f1,0.3056563847976893,0.75,0.0784068136272545,0.6918714555765595,0.07888805409466566
bank_marketing,0,1,202,rf:oof_balanced_accuracy,0.11750000000000001,0.9128787878787878,0.1778557114228457,0.9054820415879017,0.19408965689957425
bank_marketing,0,1,202,balanced_rf:default,0.5,0.8693181818181818,0.1342685370741483,0.8714555765595463,0.15477084898572502
bank_marketing,0,1,202,balanced_rf:oof_macro_f1,0.6675595238095238,0.6818181818181818,0.0718937875751503,0.6446124763705104,0.07788630102679689
bank_marketing,0,1,202,balanced_rf:oof_balanced_accuracy,0.4225,0.9166666666666666,0.16983967935871744,0.9168241965973535,0.19208615076383673
bank_marketing,0,1,303,unweighted_lr:default,0.5,0.3428030303030303,0.023547094188376753,0.3724007561436673,0.02529426496368645
bank_marketing,0,1,303,unweighted_lr:oof_macro_f1,0.2291596273471331,0.6325757575757576,0.07439879759519039,0.6635160680529301,0.07262709742048586
bank_marketing,0,1,303,unweighted_lr:oof_balanced_accuracy,0.09941376265844007,0.8806818181818182,0.18537074148296592,0.8771266540642723,0.20010017530678686
bank_marketing,0,1,303,weighted_lr:default,0.5,0.8371212121212122,0.14879759519038077,0.833648393194707,0.15452041071875783
bank_marketing,0,1,303,weighted_lr:oof_macro_f1,0.7246357359763582,0.6420454545454546,0.07715430861723446,0.6540642722117203,0.07488104182319058
bank_marketing,0,1,303,weighted_lr:oof_balanced_accuracy,0.4025894472084693,0.8901515151515151,0.19564128256513025,0.8922495274102079,0.2128725269221137
bank_marketing,0,1,303,rf:default,0.5,0.3731060606060606,0.027304609218436873,0.3667296786389414,0.02429251189581768
bank_marketing,0,1,303,rf:oof_macro_f1,0.2801683436532508,0.7632575757575758,0.0874248496993988,0.7126654064272212,0.08865514650638617
bank_marketing,0,1,303,rf:oof_balanced_accuracy,0.11895833333333332,0.9053030303030303,0.17009018036072143,0.8960302457466919,0.19459053343350863
bank_marketing,0,1,303,balanced_rf:default,0.5,0.8598484848484849,0.1340180360721443,0.8563327032136105,0.14951164537941397
bank_marketing,0,1,303,balanced_rf:oof_macro_f1,0.6275595238095238,0.7348484848484849,0.08617234468937876,0.7032136105860114,0.09140996744302529
bank_marketing,0,1,303,balanced_rf:oof_balanced_accuracy,0.4286859969740404,0.9034090909090909,0.1653306613226453,0.9111531190926276,0.19158527422990232
bank_marketing,0,1,404,unweighted_lr:default,0.5,0.3428030303030303,0.023547094188376753,0.3724007561436673,0.02529426496368645
bank_marketing,0,1,404,unweighted_lr:oof_macro_f1,0.2291596273471331,0.6325757575757576,0.07439879759519039,0.6635160680529301,0.07262709742048586
bank_marketing,0,1,404,unweighted_lr:oof_balanced_accuracy,0.09941376265844007,0.8806818181818182,0.18537074148296592,0.8771266540642723,0.20010017530678686
bank_marketing,0,1,404,weighted_lr:default,0.5,0.8371212121212122,0.14879759519038077,0.833648393194707,0.15452041071875783
bank_marketing,0,1,404,weighted_lr:oof_macro_f1,0.7246357359763582,0.6420454545454546,0.07715430861723446,0.6540642722117203,0.07488104182319058
bank_marketing,0,1,404,weighted_lr:oof_balanced_accuracy,0.4025894472084693,0.8901515151515151,0.19564128256513025,0.8922495274102079,0.2128725269221137
bank_marketing,0,1,404,rf:default,0.5,0.38636363636363635,0.02555110220440882,0.3648393194706994,0.02629601803155522
bank_marketing,0,1,404,rf:oof_macro_f1,0.29340758124725513,0.7556818181818182,0.08166332665330661,0.7126654064272212,0.08590032556974705
bank_marketing,0,1,404,rf:oof_balanced_accuracy,0.13124120891036964,0.9204545454545454,0.16457915831663328,0.9092627599243857,0.182068620085149
bank_marketing,0,1,404,balanced_rf:default,0.5,0.865530303030303,0.1375250501002004,0.8544423440453687,0.15051339844728273
bank_marketing,0,1,404,balanced_rf:oof_macro_f1,0.6514946603641458,0.7045454545454546,0.07990981963927855,0.6767485822306238,0.08464813423491109
bank_marketing,0,1,404,balanced_rf:oof_balanced_accuracy,0.4144444444444445,0.9147727272727273,0.17234468937875752,0.9111531190926276,0.19659403956924618
bank_marketing,0,1,505,unweighted_lr:default,0.5,0.3428030303030303,0.023547094188376753,0.3724007561436673,0.02529426496368645
bank_marketing,0,1,505,unweighted_lr:oof_macro_f1,0.2291596273471331,0.6325757575757576,0.07439879759519039,0.6635160680529301,0.07262709742048586
bank_marketing,0,1,505,unweighted_lr:oof_balanced_accuracy,0.09941376265844007,0.8806818181818182,0.18537074148296592,0.8771266540642723,0.20010017530678686
bank_marketing,0,1,505,weighted_lr:default,0.5,0.8371212121212122,0.14879759519038077,0.833648393194707,0.15452041071875783
bank_marketing,0,1,505,weighted_lr:oof_macro_f1,0.7246357359763582,0.6420454545454546,0.07715430861723446,0.6540642722117203,0.07488104182319058
bank_marketing,0,1,505,weighted_lr:oof_balanced_accuracy,0.4025894472084693,0.8901515151515151,0.19564128256513025,0.8922495274102079,0.2128725269221137
bank_marketing,0,1,505,rf:default,0.5,0.375,0.025801603206412827,0.3686200378071834,0.023541197094916103
bank_marketing,0,1,505,rf:oof_macro_f1,0.293733060417843,0.7575757575757576,0.08241482965931864,0.7315689981096408,0.08414725770097671
bank_marketing,0,1,505,rf:oof_balanced_accuracy,0.12799515139581935,0.9204545454545454,0.16633266533066132,0.8960302457466919,0.1888304532932632
bank_marketing,0,1,505,balanced_rf:default,0.5,0.8693181818181818,0.13552104208416835,0.8563327032136105,0.15351865765088907
bank_marketing,0,1,505,balanced_rf:oof_macro_f1,0.6407483766233766,0.7121212121212122,0.08291583166332665,0.6937618147448015,0.08865514650638617
bank_marketing,0,1,505,balanced_rf:oof_balanced_accuracy,0.43220236935407214,0.9128787878787878,0.1625751503006012,0.8979206049149339,0.18757826195842725
bank_marketing,0,2,101,unweighted_lr:default,0.5,0.3629489603024575,0.024799599198396794,0.3534971644612476,0.022294589178356715
bank_marketing,0,2,101,unweighted_lr:oof_macro_f1,0.20749269898433131,0.6843100189035917,0.08667334669338678,0.6502835538752363,0.07990981963927855
bank_marketing,0,2,101,unweighted_lr:oof_balanced_accuracy,0.09837859425896603,0.8695652173913043,0.1931362725450902,0.8638941398865785,0.1781062124248497
bank_marketing,0,2,101,weighted_lr:default,0.5,0.8355387523629489,0.15706412825651303,0.8166351606805293,0.1432865731462926
bank_marketing,0,2,101,weighted_lr:oof_macro_f1,0.7244634691435466,0.6616257088846881,0.07940881763527054,0.6332703213610587,0.07364729458917836
bank_marketing,0,2,101,weighted_lr:oof_balanced_accuracy,0.3943933258359305,0.8771266540642723,0.20841683366733466,0.8865784499054821,0.1933867735470942
bank_marketing,0,2,101,rf:default,0.5,0.3818525519848771,0.023046092184368736,0.42722117202268434,0.02905811623246493
bank_marketing,0,2,101,rf:oof_macro_f1,0.31012896825396824,0.718336483931947,0.08366733466933868,0.7145557655954632,0.07940881763527054
bank_marketing,0,2,101,rf:oof_balanced_accuracy,0.14005795454545455,0.9017013232514177,0.16633266533066132,0.9073724007561437,0.15581162324649298
bank_marketing,0,2,101,balanced_rf:default,0.5,0.8601134215500945,0.14904809619238477,0.8752362948960303,0.13902805611222444
bank_marketing,0,2,101,balanced_rf:oof_macro_f1,0.6270638528138528,0.7485822306238186,0.09018036072144289,0.7429111531190926,0.0871743486973948
bank_marketing,0,2,101,balanced_rf:oof_balanced_accuracy,0.42045138888888883,0.9111531190926276,0.187124248496994,0.9187145557655955,0.1751002004008016
bank_marketing,0,2,202,unweighted_lr:default,0.5,0.3629489603024575,0.024799599198396794,0.3534971644612476,0.022294589178356715
bank_marketing,0,2,202,unweighted_lr:oof_macro_f1,0.20749269898433131,0.6843100189035917,0.08667334669338678,0.6502835538752363,0.07990981963927855
bank_marketing,0,2,202,unweighted_lr:oof_balanced_accuracy,0.09837859425896603,0.8695652173913043,0.1931362725450902,0.8638941398865785,0.1781062124248497
bank_marketing,0,2,202,weighted_lr:default,0.5,0.8355387523629489,0.15706412825651303,0.8166351606805293,0.1432865731462926
bank_marketing,0,2,202,weighted_lr:oof_macro_f1,0.7244634691435466,0.6616257088846881,0.07940881763527054,0.6332703213610587,0.07364729458917836
bank_marketing,0,2,202,weighted_lr:oof_balanced_accuracy,0.3943933258359305,0.8771266540642723,0.20841683366733466,0.8865784499054821,0.1933867735470942
bank_marketing,0,2,202,rf:default,0.5,0.3686200378071834,0.02530060120240481,0.41398865784499056,0.02755511022044088
bank_marketing,0,2,202,rf:oof_macro_f1,0.2899932523616734,0.724007561436673,0.0871743486973948,0.725897920604915,0.0844188376753507
bank_marketing,0,2,202,rf:oof_balanced_accuracy,0.12378241619228336,0.9017013232514177,0.1813627254509018,0.9187145557655955,0.1778557114228457
bank_marketing,0,2,202,balanced_rf:default,0.5,0.8506616257088847,0.14203406813627253,0.8638941398865785,0.1375250501002004
bank_marketing,0,2,202,balanced_rf:oof_macro_f1,0.6327988790924839,0.7315689981096408,0.0844188376753507,0.7448015122873346,0.08241482965931864
bank_marketing,0,2,202,balanced_rf:oof_balanced_accuracy,0.4096085858585858,0.9017013232514177,0.1843687374749499,0.9262759924385633,0.1786072144288577
bank_marketing,0,2,303,unweighted_lr:default,0.5,0.3629489603024575,0.024799599198396794,0.3534971644612476,0.022294589178356715
bank_marketing,0,2,303,unweighted_lr:oof_macro_f1,0.20749269898433131,0.6843100189035917,0.08667334669338678,0.6502835538752363,0.07990981963927855
bank_marketing,0,2,303,unweighted_lr:oof_balanced_accuracy,0.09837859425896603,0.8695652173913043,0.1931362725450902,0.8638941398865785,0.1781062124248497
bank_marketing,0,2,303,weighted_lr:default,0.5,0.8355387523629489,0.15706412825651303,0.8166351606805293,0.1432865731462926
bank_marketing,0,2,303,weighted_lr:oof_macro_f1,0.7244634691435466,0.6616257088846881,0.07940881763527054,0.6332703213610587,0.07364729458917836
bank_marketing,0,2,303,weighted_lr:oof_balanced_accuracy,0.3943933258359305,0.8771266540642723,0.20841683366733466,0.8865784499054821,0.1933867735470942
bank_marketing,0,2,303,rf:default,0.5,0.34782608695652173,0.027054108216432865,0.3950850661625709,0.025050100200400802
bank_marketing,0,2,303,rf:oof_macro_f1,0.30281076884337754,0.7013232514177694,0.08241482965931864,0.7296786389413988,0.0784068136272545
bank_marketing,0,2,303,rf:oof_balanced_accuracy,0.12432539682539683,0.9092627599243857,0.1751002004008016,0.9206049149338374,0.1718436873747495
bank_marketing,0,2,303,balanced_rf:default,0.5,0.8714555765595463,0.14504008016032063,0.8582230623818525,0.1377755511022044
bank_marketing,0,2,303,balanced_rf:oof_macro_f1,0.6289565826330532,0.7164461247637051,0.09018036072144289,0.7315689981096408,0.0844188376753507
bank_marketing,0,2,303,balanced_rf:oof_balanced_accuracy,0.39572711916461917,0.9130434782608695,0.19764529058116231,0.9243856332703214,0.1908817635270541
bank_marketing,0,2,404,unweighted_lr:default,0.5,0.3629489603024575,0.024799599198396794,0.3534971644612476,0.022294589178356715
bank_marketing,0,2,404,unweighted_lr:oof_macro_f1,0.20749269898433131,0.6843100189035917,0.08667334669338678,0.6502835538752363,0.07990981963927855
bank_marketing,0,2,404,unweighted_lr:oof_balanced_accuracy,0.09837859425896603,0.8695652173913043,0.1931362725450902,0.8638941398865785,0.1781062124248497
bank_marketing,0,2,404,weighted_lr:default,0.5,0.8355387523629489,0.15706412825651303,0.8166351606805293,0.1432865731462926
bank_marketing,0,2,404,weighted_lr:oof_macro_f1,0.7244634691435466,0.6616257088846881,0.07940881763527054,0.6332703213610587,0.07364729458917836
bank_marketing,0,2,404,weighted_lr:oof_balanced_accuracy,0.3943933258359305,0.8771266540642723,0.20841683366733466,0.8865784499054821,0.1933867735470942
bank_marketing,0,2,404,rf:default,0.5,0.389413988657845,0.024549098196392786,0.4064272211720227,0.027054108216432865
bank_marketing,0,2,404,rf:oof_macro_f1,0.30295841063698203,0.7145557655954632,0.08617234468937876,0.7069943289224953,0.07865731462925851
bank_marketing,0,2,404,rf:oof_balanced_accuracy,0.13678005665543053,0.9054820415879017,0.16933867735470942,0.9092627599243857,0.1718436873747495
bank_marketing,0,2,404,balanced_rf:default,0.5,0.8544423440453687,0.14228456913827656,0.8601134215500945,0.13527054108216433
bank_marketing,0,2,404,balanced_rf:oof_macro_f1,0.6589015151515152,0.6805293005671077,0.07439879759519039,0.667296786389414,0.0718937875751503
bank_marketing,0,2,404,balanced_rf:oof_balanced_accuracy,0.3726785714285715,0.9262759924385633,0.21167334669338678,0.943289224952741,0.19789579158316634
bank_marketing,0,2,505,unweighted_lr:default,0.5,0.3629489603024575,0.024799599198396794,0.3534971644612476,0.022294589178356715
bank_marketing,0,2,505,unweighted_lr:oof_macro_f1,0.20749269898433131,0.6843100189035917,0.08667334669338678,0.6502835538752363,0.07990981963927855
bank_marketing,0,2,505,unweighted_lr:oof_balanced_accuracy,0.09837859425896603,0.8695652173913043,0.1931362725450902,0.8638941398865785,0.1781062124248497
bank_marketing,0,2,505,weighted_lr:default,0.5,0.8355387523629489,0.15706412825651303,0.8166351606805293,0.1432865731462926
bank_marketing,0,2,505,weighted_lr:oof_macro_f1,0.7244634691435466,0.6616257088846881,0.07940881763527054,0.6332703213610587,0.07364729458917836
bank_marketing,0,2,505,weighted_lr:oof_balanced_accuracy,0.3943933258359305,0.8771266540642723,0.20841683366733466,0.8865784499054821,0.1933867735470942
bank_marketing,0,2,505,rf:default,0.5,0.3724007561436673,0.026052104208416832,0.39697542533081287,0.025050100200400802
bank_marketing,0,2,505,rf:oof_macro_f1,0.3140564646321976,0.6880907372400756,0.07715430861723446,0.7277882797731569,0.07414829659318638
bank_marketing,0,2,505,rf:oof_balanced_accuracy,0.12488425129905267,0.9073724007561437,0.18261523046092185,0.9224952741020794,0.17009018036072143
bank_marketing,0,2,505,balanced_rf:default,0.5,0.8544423440453687,0.14428857715430862,0.8733459357277883,0.1402805611222445
bank_marketing,0,2,505,balanced_rf:oof_macro_f1,0.6043742368742369,0.7920604914933838,0.1029559118236473,0.7712665406427222,0.10020040080160321
bank_marketing,0,2,505,balanced_rf:oof_balanced_accuracy,0.44206585081585076,0.8809073724007561,0.17259519038076152,0.9149338374291115,0.16658316633266534
bank_marketing,0,3,101,unweighted_lr:default,0.5,0.3516068052930057,0.02404809619238477,0.332703213610586,0.02555110220440882
bank_marketing,0,3,101,unweighted_lr:oof_macro_f1,0.22387015271370675,0.6370510396975425,0.07414829659318638,0.6143667296786389,0.07389779559118237
bank_marketing,0,3,101,unweighted_lr:oof_balanced_accuracy,0.100703086856975,0.8601134215500945,0.18887775551102204,0.8393194706994329,0.17409819639278556
bank_marketing,0,3,101,weighted_lr:default,0.5,0.8204158790170132,0.1530561122244489,0.7958412098298677,0.13877755511022044
bank_marketing,0,3,101,weighted_lr:oof_macro_f1,0.7392037708466772,0.6086956521739131,0.06913827655310621,0.5954631379962193,0.07014028056112225
bank_marketing,0,3,101,weighted_lr:oof_balanced_accuracy,0.4043954970170369,0.8809073724007561,0.20340681362725452,0.8544423440453687,0.18662324649298598
bank_marketing,0,3,101,rf:default,0.5,0.3818525519848771,0.02404809619238477,0.32892249527410206,0.025801603206412827
bank_marketing,0,3,101,rf:oof_macro_f1,0.320529437110992,0.6975425330812854,0.07214428857715431,0.6748582230623819,0.07214428857715431
bank_marketing,0,3,101,rf:oof_balanced_accuracy,0.14339080459770115,0.8998109640831758,0.16683366733466934,0.8733459357277883,0.156813627254509
bank_marketing,0,3,101,balanced_rf:default,0.5,0.8714555765595463,0.1462925851703407,0.8506616257088847,0.13627254509018036
bank_marketing,0,3,101,balanced_rf:oof_macro_f1,0.6301488095238095,0.7561436672967864,0.09118236472945891,0.6994328922495274,0.08767535070140281
bank_marketing,0,3,101,balanced_rf:oof_balanced_accuracy,0.42305900621118014,0.9168241965973535,0.18962925851703408,0.888468809073724,0.1720941883767535
bank_marketing,0,3,202,unweighted_lr:default,0.5,0.3516068052930057,0.02404809619238477,0.332703213610586,0.02555110220440882
bank_marketing,0,3,202,unweighted_lr:oof_macro_f1,0.22387015271370675,0.6370510396975425,0.07414829659318638,0.6143667296786389,0.07389779559118237
bank_marketing,0,3,202,unweighted_lr:oof_balanced_accuracy,0.100703086856975,0.8601134215500945,0.18887775551102204,0.8393194706994329,0.17409819639278556
bank_marketing,0,3,202,weighted_lr:default,0.5,0.8204158790170132,0.1530561122244489,0.7958412098298677,0.13877755511022044
bank_marketing,0,3,202,weighted_lr:oof_macro_f1,0.7392037708466772,0.6086956521739131,0.06913827655310621,0.5954631379962193,0.07014028056112225
bank_marketing,0,3,202,weighted_lr:oof_balanced_accuracy,0.4043954970170369,0.8809073724007561,0.20340681362725452,0.8544423440453687,0.18662324649298598
bank_marketing,0,3,202,rf:default,0.5,0.4045368620037807,0.02530060120240481,0.33459357277882795,0.02530060120240481
bank_marketing,0,3,202,rf:oof_macro_f1,0.2958082706766917,0.7372400756143668,0.08617234468937876,0.7088846880907372,0.0784068136272545
bank_marketing,0,3,202,rf:oof_balanced_accuracy,0.13541666666666666,0.9017013232514177,0.17234468937875752,0.8846880907372401,0.15881763527054107
bank_marketing,0,3,202,balanced_rf:default,0.5,0.8809073724007561,0.14654308617234468,0.8449905482041588,0.13827655310621242
bank_marketing,0,3,202,balanced_rf:oof_macro_f1,0.6628665790731009,0.7051039697542533,0.08191382765531062,0.6540642722117203,0.07540080160320642
bank_marketing,0,3,202,balanced_rf:oof_balanced_accuracy,0.4041649728997291,0.9300567107750473,0.19664328657314628,0.9017013232514177,0.17560120240480961
bank_marketing,0,3,303,unweighted_lr:default,0.5,0.3516068052930057,0.02404809619238477,0.332703213610586,0.02555110220440882
bank_marketing,0,3,303,unweighted_lr:oof_macro_f1,0.22387015271370675,0.6370510396975425,0.07414829659318638,0.6143667296786389,0.07389779559118237
bank_marketing,0,3,303,unweighted_lr:oof_balanced_accuracy,0.100703086856975,0.8601134215500945,0.18887775551102204,0.8393194706994329,0.17409819639278556
bank_marketing,0,3,303,weighted_lr:default,0.5,0.8204158790170132,0.1530561122244489,0.7958412098298677,0.13877755511022044
bank_marketing,0,3,303,weighted_lr:oof_macro_f1,0.7392037708466772,0.6086956521739131,0.06913827655310621,0.5954631379962193,0.07014028056112225
bank_marketing,0,3,303,weighted_lr:oof_balanced_accuracy,0.4043954970170369,0.8809073724007561,0.20340681362725452,0.8544423440453687,0.18662324649298598
bank_marketing,0,3,303,rf:default,0.5,0.3799621928166352,0.026052104208416832,0.3610586011342155,0.02379759519038076
bank_marketing,0,3,303,rf:oof_macro_f1,0.28558691308691314,0.7523629489603024,0.08942885771543087,0.722117202268431,0.08391783567134269
bank_marketing,0,3,303,rf:oof_balanced_accuracy,0.12303314737708712,0.9262759924385633,0.1846192384769539,0.888468809073724,0.17359719438877755
bank_marketing,0,3,303,balanced_rf:default,0.5,0.8714555765595463,0.1462925851703407,0.8412098298676749,0.13927855711422846
bank_marketing,0,3,303,balanced_rf:oof_macro_f1,0.6492579473649925,0.7032136105860114,0.0811623246492986,0.6691871455576559,0.08091182364729459
bank_marketing,0,3,303,balanced_rf:oof_balanced_accuracy,0.39246031746031745,0.9224952741020794,0.20215430861723446,0.9054820415879017,0.187875751503006
bank_marketing,0,3,404,unweighted_lr:default,0.5,0.3516068052930057,0.02404809619238477,0.332703213610586,0.02555110220440882
bank_marketing,0,3,404,unweighted_lr:oof_macro_f1,0.22387015271370675,0.6370510396975425,0.07414829659318638,0.6143667296786389,0.07389779559118237
bank_marketing,0,3,404,unweighted_lr:oof_balanced_accuracy,0.100703086856975,0.8601134215500945,0.18887775551102204,0.8393194706994329,0.17409819639278556
bank_marketing,0,3,404,weighted_lr:default,0.5,0.8204158790170132,0.1530561122244489,0.7958412098298677,0.13877755511022044
bank_marketing,0,3,404,weighted_lr:oof_macro_f1,0.7392037708466772,0.6086956521739131,0.06913827655310621,0.5954631379962193,0.07014028056112225
bank_marketing,0,3,404,weighted_lr:oof_balanced_accuracy,0.4043954970170369,0.8809073724007561,0.20340681362725452,0.8544423440453687,0.18662324649298598
bank_marketing,0,3,404,rf:default,0.5,0.3610586011342155,0.02755511022044088,0.3497164461247637,0.023296593186372744
bank_marketing,0,3,404,rf:oof_macro_f1,0.2889285714285714,0.7618147448015122,0.08917835671342686,0.718336483931947,0.08892785571142285
bank_marketing,0,3,404,rf:oof_balanced_accuracy,0.12909722222222225,0.9224952741020794,0.17910821643286573,0.8752362948960303,0.1653306613226453
bank_marketing,0,3,404,balanced_rf:default,0.5,0.8790170132325141,0.15180360721442887,0.8393194706994329,0.13652304609218438
bank_marketing,0,3,404,balanced_rf:oof_macro_f1,0.6164659197012138,0.7618147448015122,0.09919839679358718,0.720226843100189,0.08867735470941884
bank_marketing,0,3,404,balanced_rf:oof_balanced_accuracy,0.41263305322128846,0.9168241965973535,0.19213426853707416,0.8998109640831758,0.18086172344689377
bank_marketing,0,3,505,unweighted_lr:default,0.5,0.3516068052930057,0.02404809619238477,0.332703213610586,0.02555110220440882
bank_marketing,0,3,505,unweighted_lr:oof_macro_f1,0.22387015271370675,0.6370510396975425,0.07414829659318638,0.6143667296786389,0.07389779559118237
bank_marketing,0,3,505,unweighted_lr:oof_balanced_accuracy,0.100703086856975,0.8601134215500945,0.18887775551102204,0.8393194706994329,0.17409819639278556
bank_marketing,0,3,505,weighted_lr:default,0.5,0.8204158790170132,0.1530561122244489,0.7958412098298677,0.13877755511022044
bank_marketing,0,3,505,weighted_lr:oof_macro_f1,0.7392037708466772,0.6086956521739131,0.06913827655310621,0.5954631379962193,0.07014028056112225
bank_marketing,0,3,505,weighted_lr:oof_balanced_accuracy,0.4043954970170369,0.8809073724007561,0.20340681362725452,0.8544423440453687,0.18662324649298598
bank_marketing,0,3,505,rf:default,0.5,0.3648393194706994,0.024298597194388778,0.3516068052930057,0.0217935871743487
bank_marketing,0,3,505,rf:oof_macro_f1,0.28952950306398584,0.7504725897920604,0.08817635270541083,0.718336483931947,0.08341683366733467
bank_marketing,0,3,505,rf:oof_balanced_accuracy,0.12545554039456477,0.9243856332703214,0.1811122244488978,0.8941398865784499,0.17084168336673347
bank_marketing,0,3,505,balanced_rf:default,0.5,0.8695652173913043,0.15030060120240482,0.8412098298676749,0.1347695390781563
bank_marketing,0,3,505,balanced_rf:oof_macro_f1,0.615013197586727,0.7580340264650284,0.10370741482965933,0.7391304347826086,0.0909318637274549
bank_marketing,0,3,505,balanced_rf:oof_balanced_accuracy,0.4381468797564688,0.9092627599243857,0.17885771543086174,0.8903591682419659,0.16357715430861725
bank_marketing,0,4,101,unweighted_lr:default,0.5,0.3383742911153119,0.025050100200400802,0.31758034026465026,0.02630260521042084
bank_marketing,0,4,101,unweighted_lr:oof_macro_f1,0.2021326825607023,0.6767485822306238,0.09168336673346693,0.6786389413988658,0.09118236472945891
bank_marketing,0,4,101,unweighted_lr:oof_balanced_accuracy,0.10660488021755962,0.8620037807183365,0.1813627254509018,0.8468809073724007,0.18286573146292584
bank_marketing,0,4,101,weighted_lr:default,0.5,0.8241965973534972,0.15806613226452906,0.8147448015122873,0.15756513026052105
bank_marketing,0,4,101,weighted_lr:oof_macro_f1,0.7113722948388209,0.6483931947069943,0.08567134268537074,0.6559546313799622,0.08542084168336674
bank_marketing,0,4,101,weighted_lr:oof_balanced_accuracy,0.44153108854744205,0.8601134215500945,0.1846192384769539,0.8563327032136105,0.1846192384769539
bank_marketing,0,4,101,rf:default,0.5,0.41965973534971646,0.02905811623246493,0.3799621928166352,0.03256513026052104
bank_marketing,0,4,101,rf:oof_macro_f1,0.301371151996152,0.7069943289224953,0.08216432865731463,0.7145557655954632,0.08491983967935872
bank_marketing,0,4,101,rf:oof_balanced_accuracy,0.13162621109049683,0.9017013232514177,0.17710420841683366,0.8903591682419659,0.17084168336673347
bank_marketing,0,4,101,balanced_rf:default,0.5,0.8676748582230623,0.14904809619238477,0.8657844990548205,0.15030060120240482
bank_marketing,0,4,101,balanced_rf:oof_macro_f1,0.6512499999999999,0.6843100189035917,0.08291583166332665,0.7107750472589792,0.08592184368737475
bank_marketing,0,4,101,balanced_rf:oof_balanced_accuracy,0.4136208062770563,0.9073724007561437,0.18662324649298598,0.9168241965973535,0.19113226452905813
bank_marketing,0,4,202,unweighted_lr:default,0.5,0.3383742911153119,0.025050100200400802,0.31758034026465026,0.02630260521042084
bank_marketing,0,4,202,unweighted_lr:oof_macro_f1,0.2021326825607023,0.6767485822306238,0.09168336673346693,0.6786389413988658,0.09118236472945891
bank_marketing,0,4,202,unweighted_lr:oof_balanced_accuracy,0.10660488021755962,0.8620037807183365,0.1813627254509018,0.8468809073724007,0.18286573146292584
bank_marketing,0,4,202,weighted_lr:default,0.5,0.8241965973534972,0.15806613226452906,0.8147448015122873,0.15756513026052105
bank_marketing,0,4,202,weighted_lr:oof_macro_f1,0.7113722948388209,0.6483931947069943,0.08567134268537074,0.6559546313799622,0.08542084168336674
bank_marketing,0,4,202,weighted_lr:oof_balanced_accuracy,0.44153108854744205,0.8601134215500945,0.1846192384769539,0.8563327032136105,0.1846192384769539
bank_marketing,0,4,202,rf:default,0.5,0.4102079395085066,0.03006012024048096,0.3856332703213611,0.03156312625250501
bank_marketing,0,4,202,rf:oof_macro_f1,0.29929500388672214,0.7013232514177694,0.08066132264529058,0.6956521739130435,0.09243486973947895
bank_marketing,0,4,202,rf:oof_balanced_accuracy,0.14308333333333334,0.8979206049149339,0.16783567134268537,0.8865784499054821,0.1650801603206413
bank_marketing,0,4,202,balanced_rf:default,0.5,0.8431001890359168,0.14754509018036072,0.8487712665406427,0.1497995991983968
bank_marketing,0,4,202,balanced_rf:oof_macro_f1,0.6027272727272728,0.7485822306238186,0.10045090180360722,0.7561436672967864,0.10996993987975952
bank_marketing,0,4,202,balanced_rf:oof_balanced_accuracy,0.40750000000000003,0.9130434782608695,0.18837675350701402,0.9035916824196597,0.1931362725450902
bank_marketing,0,4,303,unweighted_lr:default,0.5,0.3383742911153119,0.025050100200400802,0.31758034026465026,0.02630260521042084
bank_marketing,0,4,303,unweighted_lr:oof_macro_f1,0.2021326825607023,0.6767485822306238,0.09168336673346693,0.6786389413988658,0.09118236472945891
bank_marketing,0,4,303,unweighted_lr:oof_balanced_accuracy,0.10660488021755962,0.8620037807183365,0.1813627254509018,0.8468809073724007,0.18286573146292584
bank_marketing,0,4,303,weighted_lr:default,0.5,0.8241965973534972,0.15806613226452906,0.8147448015122873,0.15756513026052105
bank_marketing,0,4,303,weighted_lr:oof_macro_f1,0.7113722948388209,0.6483931947069943,0.08567134268537074,0.6559546313799622,0.08542084168336674
bank_marketing,0,4,303,weighted_lr:oof_balanced_accuracy,0.44153108854744205,0.8601134215500945,0.1846192384769539,0.8563327032136105,0.1846192384769539
bank_marketing,0,4,303,rf:default,0.5,0.4045368620037807,0.03031062124248497,0.391304347826087,0.03256513026052104
bank_marketing,0,4,303,rf:oof_macro_f1,0.3036697779344838,0.7145557655954632,0.07690380761523045,0.7032136105860114,0.08517034068136273
bank_marketing,0,4,303,rf:oof_balanced_accuracy,0.14837570621468926,0.888468809073724,0.16007014028056113,0.8771266540642723,0.16007014028056113
bank_marketing,0,4,303,balanced_rf:default,0.5,0.8449905482041588,0.1440380761523046,0.8487712665406427,0.14754509018036072
bank_marketing,0,4,303,balanced_rf:oof_macro_f1,0.6562500000000001,0.6691871455576559,0.0784068136272545,0.6465028355387523,0.08642284569138277
bank_marketing,0,4,303,balanced_rf:oof_balanced_accuracy,0.4451028138528139,0.8998109640831758,0.1718436873747495,0.8941398865784499,0.17710420841683366
bank_marketing,0,4,404,unweighted_lr:default,0.5,0.3383742911153119,0.025050100200400802,0.31758034026465026,0.02630260521042084
bank_marketing,0,4,404,unweighted_lr:oof_macro_f1,0.2021326825607023,0.6767485822306238,0.09168336673346693,0.6786389413988658,0.09118236472945891
bank_marketing,0,4,404,unweighted_lr:oof_balanced_accuracy,0.10660488021755962,0.8620037807183365,0.1813627254509018,0.8468809073724007,0.18286573146292584
bank_marketing,0,4,404,weighted_lr:default,0.5,0.8241965973534972,0.15806613226452906,0.8147448015122873,0.15756513026052105
bank_marketing,0,4,404,weighted_lr:oof_macro_f1,0.7113722948388209,0.6483931947069943,0.08567134268537074,0.6559546313799622,0.08542084168336674
bank_marketing,0,4,404,weighted_lr:oof_balanced_accuracy,0.44153108854744205,0.8601134215500945,0.1846192384769539,0.8563327032136105,0.1846192384769539
bank_marketing,0,4,404,rf:default,0.5,0.4102079395085066,0.02630260521042084,0.3856332703213611,0.030561122244488977
bank_marketing,0,4,404,rf:oof_macro_f1,0.306191391941392,0.6843100189035917,0.08066132264529058,0.6880907372400756,0.08692384769539079
bank_marketing,0,4,404,rf:oof_balanced_accuracy,0.13397144522144522,0.9035916824196597,0.17159318637274548,0.8941398865784499,0.17384769539078157
bank_marketing,0,4,404,balanced_rf:default,0.5,0.8657844990548205,0.14478957915831664,0.8563327032136105,0.14654308617234468
bank_marketing,0,4,404,balanced_rf:oof_macro_f1,0.6208928571428571,0.718336483931947,0.093687374749499,0.7315689981096408,0.10045090180360722
bank_marketing,0,4,404,balanced_rf:oof_balanced_accuracy,0.4048774509803922,0.9149338374291115,0.18987975951903807,0.9054820415879017,0.19539078156312625
bank_marketing,0,4,505,unweighted_lr:default,0.5,0.3383742911153119,0.025050100200400802,0.31758034026465026,0.02630260521042084
bank_marketing,0,4,505,unweighted_lr:oof_macro_f1,0.2021326825607023,0.6767485822306238,0.09168336673346693,0.6786389413988658,0.09118236472945891
bank_marketing,0,4,505,unweighted_lr:oof_balanced_accuracy,0.10660488021755962,0.8620037807183365,0.1813627254509018,0.8468809073724007,0.18286573146292584
bank_marketing,0,4,505,weighted_lr:default,0.5,0.8241965973534972,0.15806613226452906,0.8147448015122873,0.15756513026052105
bank_marketing,0,4,505,weighted_lr:oof_macro_f1,0.7113722948388209,0.6483931947069943,0.08567134268537074,0.6559546313799622,0.08542084168336674
bank_marketing,0,4,505,weighted_lr:oof_balanced_accuracy,0.44153108854744205,0.8601134215500945,0.1846192384769539,0.8563327032136105,0.1846192384769539
bank_marketing,0,4,505,rf:default,0.5,0.41398865784499056,0.031062124248496994,0.40264650283553877,0.03031062124248497
bank_marketing,0,4,505,rf:oof_macro_f1,0.32151880518562825,0.6824196597353497,0.07239478957915832,0.6559546313799622,0.08216432865731463
bank_marketing,0,4,505,rf:oof_balanced_accuracy,0.15048363095238096,0.8827977315689981,0.1590681362725451,0.8695652173913043,0.15856713426853708
bank_marketing,0,4,505,balanced_rf:default,0.5,0.8544423440453687,0.14654308617234468,0.8714555765595463,0.1523046092184369
bank_marketing,0,4,505,balanced_rf:oof_macro_f1,0.6460481288629971,0.6937618147448015,0.08617234468937876,0.6956521739130435,0.08692384769539079
bank_marketing,0,4,505,balanced_rf:oof_balanced_accuracy,0.436907483758121,0.8922495274102079,0.1781062124248497,0.9073724007561437,0.18061122244488978
bank_marketing,1,0,101,unweighted_lr:default,0.5,0.34215500945179583,0.023547094188376753,0.34026465028355385,0.02329075882794891
bank_marketing,1,0,101,unweighted_lr:oof_macro_f1,0.2284341357280564,0.6219281663516069,0.0716432865731463,0.6294896030245747,0.07312797395442024
bank_marketing,1,0,101,unweighted_lr:oof_balanced_accuracy,0.09735588573581729,0.8601134215500945,0.19564128256513025,0.8638941398865785,0.18281993488605058
bank_marketing,1,0,101,weighted_lr:default,0.5,0.7977315689981096,0.14879759519038077,0.8128544423440454,0.14199849737039819
bank_marketing,1,0,101,weighted_lr:oof_macro_f1,0.7174305146583517,0.6370510396975425,0.07414829659318638,0.6275992438563327,0.07638367142499373
bank_marketing,1,0,101,weighted_lr:oof_balanced_accuracy,0.39997524304908066,0.8790170132325141,0.20816633266533066,0.8771266540642723,0.19108439769596794
bank_marketing,1,0,101,rf:default,0.5,0.3591682419659735,0.02404809619238477,0.3761814744801512,0.025544703230653644
bank_marketing,1,0,101,rf:oof_macro_f1,0.29426832096474953,0.7353497164461248,0.07915831663326653,0.725897920604915,0.08039068369646882
bank_marketing,1,0,101,rf:oof_balanced_accuracy,0.12111486486486486,0.9073724007561437,0.18687374749498997,0.9035916824196597,0.17806160781367392
bank_marketing,1,0,101,balanced_rf:default,0.5,0.8449905482041588,0.1402805611222445,0.8563327032136105,0.13974455296769348
bank_marketing,1,0,101,balanced_rf:oof_macro_f1,0.6209280303030303,0.722117202268431,0.08767535070140281,0.7410207939508506,0.08965689957425495
bank_marketing,1,0,101,balanced_rf:oof_balanced_accuracy,0.4103063725490196,0.9187145557655955,0.19238476953907815,0.9054820415879017,0.1853243175557225
bank_marketing,1,0,202,unweighted_lr:default,0.5,0.34215500945179583,0.023547094188376753,0.34026465028355385,0.02329075882794891
bank_marketing,1,0,202,unweighted_lr:oof_macro_f1,0.2284341357280564,0.6219281663516069,0.0716432865731463,0.6294896030245747,0.07312797395442024
bank_marketing,1,0,202,unweighted_lr:oof_balanced_accuracy,0.09735588573581729,0.8601134215500945,0.19564128256513025,0.8638941398865785,0.18281993488605058
bank_marketing,1,0,202,weighted_lr:default,0.5,0.7977315689981096,0.14879759519038077,0.8128544423440454,0.14199849737039819
bank_marketing,1,0,202,weighted_lr:oof_macro_f1,0.7174305146583517,0.6370510396975425,0.07414829659318638,0.6275992438563327,0.07638367142499373
bank_marketing,1,0,202,weighted_lr:oof_balanced_accuracy,0.39997524304908066,0.8790170132325141,0.20816633266533066,0.8771266540642723,0.19108439769596794
bank_marketing,1,0,202,rf:default,0.5,0.3705103969754253,0.024549098196392786,0.389413988657845,0.026796894565489608
bank_marketing,1,0,202,rf:oof_macro_f1,0.3054069270652299,0.6994328922495274,0.07540080160320642,0.6975425330812854,0.07863761582769847
bank_marketing,1,0,202,rf:oof_balanced_accuracy,0.12812691668796322,0.9017013232514177,0.17885771543086174,0.9035916824196597,0.16979714500375656
bank_marketing,1,0,202,balanced_rf:default,0.5,0.8544423440453687,0.14504008016032063,0.8657844990548205,0.1387427998998247
bank_marketing,1,0,202,balanced_rf:oof_macro_f1,0.6188638404079582,0.7391304347826086,0.09143286573146292,0.7542533081285444,0.09316303531179564
bank_marketing,1,0,202,balanced_rf:oof_balanced_accuracy,0.3745978558478559,0.9224952741020794,0.2066633266533066,0.9224952741020794,0.19809666917104934
bank_marketing,1,0,303,unweighted_lr:default,0.5,0.34215500945179583,0.023547094188376753,0.34026465028355385,0.02329075882794891
bank_marketing,1,0,303,unweighted_lr:oof_macro_f1,0.2284341357280564,0.6219281663516069,0.0716432865731463,0.6294896030245747,0.07312797395442024
bank_marketing,1,0,303,unweighted_lr:oof_balanced_accuracy,0.09735588573581729,0.8601134215500945,0.19564128256513025,0.8638941398865785,0.18281993488605058
bank_marketing,1,0,303,weighted_lr:default,0.5,0.7977315689981096,0.14879759519038077,0.8128544423440454,0.14199849737039819
bank_marketing,1,0,303,weighted_lr:oof_macro_f1,0.7174305146583517,0.6370510396975425,0.07414829659318638,0.6275992438563327,0.07638367142499373
bank_marketing,1,0,303,weighted_lr:oof_balanced_accuracy,0.39997524304908066,0.8790170132325141,0.20816633266533066,0.8771266540642723,0.19108439769596794
bank_marketing,1,0,303,rf:default,0.5,0.3648393194706994,0.024799599198396794,0.3931947069943289,0.02629601803155522
bank_marketing,1,0,303,rf:oof_macro_f1,0.29058306277056284,0.7164461247637051,0.07915831663326653,0.7126654064272212,0.08164287503130478
bank_marketing,1,0,303,rf:oof_balanced_accuracy,0.12964162673953086,0.888468809073724,0.18236472945891782,0.8903591682419659,0.17129977460555973
bank_marketing,1,0,303,balanced_rf:default,0.5,0.8393194706994329,0.1467935871743487,0.8582230623818525,0.13949411470072626
bank_marketing,1,0,303,balanced_rf:oof_macro_f1,0.6305844155844158,0.7107750472589792,0.0841683366733467,0.7164461247637051,0.08364638116704233
bank_marketing,1,0,303,balanced_rf:oof_balanced_accuracy,0.4149404761904762,0.8979206049149339,0.1843687374749499,0.9149338374291115,0.18407212622088656
bank_marketing,1,0,404,unweighted_lr:default,0.5,0.34215500945179583,0.023547094188376753,0.34026465028355385,0.02329075882794891
bank_marketing,1,0,404,unweighted_lr:oof_macro_f1,0.2284341357280564,0.6219281663516069,0.0716432865731463,0.6294896030245747,0.07312797395442024
bank_marketing,1,0,404,unweighted_lr:oof_balanced_accuracy,0.09735588573581729,0.8601134215500945,0.19564128256513025,0.8638941398865785,0.18281993488605058
bank_marketing,1,0,404,weighted_lr:default,0.5,0.7977315689981096,0.14879759519038077,0.8128544423440454,0.14199849737039819
bank_marketing,1,0,404,weighted_lr:oof_macro_f1,0.7174305146583517,0.6370510396975425,0.07414829659318638,0.6275992438563327,0.07638367142499373
bank_marketing,1,0,404,weighted_lr:oof_balanced_accuracy,0.39997524304908066,0.8790170132325141,0.20816633266533066,0.8771266540642723,0.19108439769596794
bank_marketing,1,0,404,rf:default,0.5,0.3818525519848771,0.025050100200400802,0.4045368620037807,0.027297771099423992
bank_marketing,1,0,404,rf:oof_macro_f1,0.29394887512953477,0.6975425330812854,0.07790581162324649,0.7164461247637051,0.0781367392937641
bank_marketing,1,0,404,rf:oof_balanced_accuracy,0.13645220588235293,0.8998109640831758,0.17259519038076152,0.8922495274102079,0.162534435261708
bank_marketing,1,0,404,balanced_rf:default,0.5,0.8468809073724007,0.14453907815631262,0.8733459357277883,0.13999499123466067
bank_marketing,1,0,404,balanced_rf:oof_macro_f1,0.6647445721583651,0.6540642722117203,0.06988977955911824,0.6691871455576559,0.07262709742048586
bank_marketing,1,0,404,balanced_rf:oof_balanced_accuracy,0.4297937263283373,0.8979206049149339,0.17334669338677355,0.9035916824196597,0.1758076634109692
bank_marketing,1,0,505,unweighted_lr:default,0.5,0.34215500945179583,0.023547094188376753,0.34026465028355385,0.02329075882794891
bank_marketing,1,0,505,unweighted_lr:oof_macro_f1,0.2284341357280564,0.6219281663516069,0.0716432865731463,0.6294896030245747,0.07312797395442024
bank_marketing,1,0,505,unweighted_lr:oof_balanced_accuracy,0.09735588573581729,0.8601134215500945,0.19564128256513025,0.8638941398865785,0.18281993488605058
bank_marketing,1,0,505,weighted_lr:default,0.5,0.7977315689981096,0.14879759519038077,0.8128544423440454,0.14199849737039819
bank_marketing,1,0,505,weighted_lr:oof_macro_f1,0.7174305146583517,0.6370510396975425,0.07414829659318638,0.6275992438563327,0.07638367142499373
bank_marketing,1,0,505,weighted_lr:oof_balanced_accuracy,0.39997524304908066,0.8790170132325141,0.20816633266533066,0.8771266540642723,0.19108439769596794
bank_marketing,1,0,505,rf:default,0.5,0.3572778827977316,0.02404809619238477,0.387523629489603,0.024793388429752067
bank_marketing,1,0,505,rf:oof_macro_f1,0.28896153846153844,0.7107750472589792,0.07690380761523045,0.7145557655954632,0.0776358627598297
bank_marketing,1,0,505,rf:oof_balanced_accuracy,0.13125,0.8771266540642723,0.17685370741482967,0.8979206049149339,0.16929626846982218
bank_marketing,1,0,505,balanced_rf:default,0.5,0.8431001890359168,0.13952905811623245,0.8582230623818525,0.1384923616328575
bank_marketing,1,0,505,balanced_rf:oof_macro_f1,0.6238888888888889,0.7145557655954632,0.08767535070140281,0.7372400756143668,0.09216128224392688
bank_marketing,1,0,505,balanced_rf:oof_balanced_accuracy,0.4390873015873016,0.8865784499054821,0.17309619238476953,0.8941398865784499,0.17079889807162535
bank_marketing,1,1,101,unweighted_lr:default,0.5,0.3446969696969697,0.023547094188376753,0.3705103969754253,0.024793388429752067
bank_marketing,1,1,101,unweighted_lr:oof_macro_f1,0.23541971449482732,0.6022727272727273,0.06813627254509018,0.6238185255198487,0.0738792887553218
bank_marketing,1,1,101,unweighted_lr:oof_balanced_accuracy,0.09953074689792024,0.8693181818181818,0.18687374749498997,0.8771266540642723,0.19058352116203356
bank_marketing,1,1,101,weighted_lr:default,0.5,0.8200757575757576,0.1530561122244489,0.833648393194707,0.1477585775106436
bank_marketing,1,1,101,weighted_lr:oof_macro_f1,0.7385872250908578,0.6117424242424242,0.07014028056112225,0.6200378071833649,0.07588279489105935
bank_marketing,1,1,101,weighted_lr:oof_balanced_accuracy,0.41592936112899304,0.8617424242424242,0.19288577154308617,0.8846880907372401,0.19484097170047585
bank_marketing,1,1,101,rf:default,0.5,0.3958333333333333,0.029559118236472944,0.3724007561436673,0.028800400701227146
bank_marketing,1,1,101,rf:oof_macro_f1,0.3132529178338002,0.7007575757575758,0.07565130260521043,0.7107750472589792,0.07863761582769847
bank_marketing,1,1,101,rf:oof_balanced_accuracy,0.13777821389168152,0.8863636363636364,0.16107214428857716,0.9035916824196597,0.16453794139744554
bank_marketing,1,1,101,balanced_rf:default,0.5,0.8560606060606061,0.13952905811623245,0.8657844990548205,0.141748059103431
bank_marketing,1,1,101,balanced_rf:oof_macro_f1,0.6383819361077765,0.7159090909090909,0.08166332665330661,0.720226843100189,0.08339594290007513
bank_marketing,1,1,101,balanced_rf:oof_balanced_accuracy,0.41454004329004335,0.9204545454545454,0.18036072144288579,0.9073724007561437,0.18632607062359127
bank_marketing,1,1,202,unweighted_lr:default,0.5,0.3446969696969697,0.023547094188376753,0.3705103969754253,0.024793388429752067
bank_marketing,1,1,202,unweighted_lr:oof_macro_f1,0.23541971449482732,0.6022727272727273,0.06813627254509018,0.6238185255198487,0.0738792887553218
bank_marketing,1,1,202,unweighted_lr:oof_balanced_accuracy,0.09953074689792024,0.8693181818181818,0.18687374749498997,0.8771266540642723,0.19058352116203356
bank_marketing,1,1,202,weighted_lr:default,0.5,0.8200757575757576,0.1530561122244489,0.833648393194707,0.1477585775106436
bank_marketing,1,1,202,weighted_lr:oof_macro_f1,0.7385872250908578,0.6117424242424242,0.07014028056112225,0.6200378071833649,0.07588279489105935
bank_marketing,1,1,202,weighted_lr:oof_balanced_accuracy,0.41592936112899304,0.8617424242424242,0.19288577154308617,0.8846880907372401,0.19484097170047585
bank_marketing,1,1,202,rf:default,0.5,0.3768939393939394,0.028557114228456915,0.3799621928166352,0.028299524167292762
bank_marketing,1,1,202,rf:oof_macro_f1,0.3227589285714286,0.6742424242424242,0.07389779559118237,0.7107750472589792,0.07638367142499373
bank_marketing,1,1,202,rf:oof_balanced_accuracy,0.1311830933923957,0.9109848484848485,0.1653306613226453,0.9073724007561437,0.16679188580015025
bank_marketing,1,1,202,balanced_rf:default,0.5,0.8446969696969697,0.13927855711422846,0.8695652173913043,0.14074630603556224
bank_marketing,1,1,202,balanced_rf:oof_macro_f1,0.6564583333333334,0.6742424242424242,0.07615230460921844,0.6899810964083176,0.07663410969196092
bank_marketing,1,1,202,balanced_rf:oof_balanced_accuracy,0.410530303030303,0.9128787878787878,0.17735470941883769,0.9187145557655955,0.1823190583521162
bank_marketing,1,1,303,unweighted_lr:default,0.5,0.3446969696969697,0.023547094188376753,0.3705103969754253,0.024793388429752067
bank_marketing,1,1,303,unweighted_lr:oof_macro_f1,0.23541971449482732,0.6022727272727273,0.06813627254509018,0.6238185255198487,0.0738792887553218
bank_marketing,1,1,303,unweighted_lr:oof_balanced_accuracy,0.09953074689792024,0.8693181818181818,0.18687374749498997,0.8771266540642723,0.19058352116203356
bank_marketing,1,1,303,weighted_lr:default,0.5,0.8200757575757576,0.1530561122244489,0.833648393194707,0.1477585775106436
bank_marketing,1,1,303,weighted_lr:oof_macro_f1,0.7385872250908578,0.6117424242424242,0.07014028056112225,0.6200378071833649,0.07588279489105935
bank_marketing,1,1,303,weighted_lr:oof_balanced_accuracy,0.41592936112899304,0.8617424242424242,0.19288577154308617,0.8846880907372401,0.19484097170047585
bank_marketing,1,1,303,rf:default,0.5,0.36363636363636365,0.028557114228456915,0.39697542533081287,0.02905083896819434
bank_marketing,1,1,303,rf:oof_macro_f1,0.2811868686868687,0.7196969696969697,0.08366733466933868,0.7334593572778828,0.08840470823941898
bank_marketing,1,1,303,rf:oof_balanced_accuracy,0.13842495583105002,0.8977272727272727,0.1595691382765531,0.9073724007561437,0.1620335587277736
bank_marketing,1,1,303,balanced_rf:default,0.5,0.865530303030303,0.14228456913827656,0.8544423440453687,0.141748059103431
bank_marketing,1,1,303,balanced_rf:oof_macro_f1,0.633659414300895,0.7348484848484849,0.08642284569138277,0.720226843100189,0.08539944903581267
bank_marketing,1,1,303,balanced_rf:oof_balanced_accuracy,0.4126352813852813,0.9071969696969697,0.18336673346693386,0.9111531190926276,0.1853243175557225
bank_marketing,1,1,404,unweighted_lr:default,0.5,0.3446969696969697,0.023547094188376753,0.3705103969754253,0.024793388429752067
bank_marketing,1,1,404,unweighted_lr:oof_macro_f1,0.23541971449482732,0.6022727272727273,0.06813627254509018,0.6238185255198487,0.0738792887553218
bank_marketing,1,1,404,unweighted_lr:oof_balanced_accuracy,0.09953074689792024,0.8693181818181818,0.18687374749498997,0.8771266540642723,0.19058352116203356
bank_marketing,1,1,404,weighted_lr:default,0.5,0.8200757575757576,0.1530561122244489,0.833648393194707,0.1477585775106436
bank_marketing,1,1,404,weighted_lr:oof_macro_f1,0.7385872250908578,0.6117424242424242,0.07014028056112225,0.6200378071833649,0.07588279489105935
bank_marketing,1,1,404,weighted_lr:oof_balanced_accuracy,0.41592936112899304,0.8617424242424242,0.19288577154308617,0.8846880907372401,0.19484097170047585
bank_marketing,1,1,404,rf:default,0.5,0.3806818181818182,0.028807615230460923,0.3780718336483932,0.03155522163786627
bank_marketing,1,1,404,rf:oof_macro_f1,0.3007327741702742,0.7045454545454546,0.0781563126252505,0.7334593572778828,0.08364638116704233
bank_marketing,1,1,404,rf:oof_balanced_accuracy,0.12995736843688524,0.8920454545454546,0.16307615230460923,0.8998109640831758,0.16779363886801904
bank_marketing,1,1,404,balanced_rf:default,0.5,0.8693181818181818,0.14128256513026052,0.8582230623818525,0.13799148509892312
bank_marketing,1,1,404,balanced_rf:oof_macro_f1,0.6514087301587301,0.7253787878787878,0.0814128256513026,0.7164461247637051,0.07938893062860004
bank_marketing,1,1,404,balanced_rf:oof_balanced_accuracy,0.42865566037735847,0.9034090909090909,0.16958917835671342,0.9187145557655955,0.17455547207613323
bank_marketing,1,1,505,unweighted_lr:default,0.5,0.3446969696969697,0.023547094188376753,0.3705103969754253,0.024793388429752067
bank_marketing,1,1,505,unweighted_lr:oof_macro_f1,0.23541971449482732,0.6022727272727273,0.06813627254509018,0.6238185255198487,0.0738792887553218
bank_marketing,1,1,505,unweighted_lr:oof_balanced_accuracy,0.09953074689792024,0.8693181818181818,0.18687374749498997,0.8771266540642723,0.19058352116203356
bank_marketing,1,1,505,weighted_lr:default,0.5,0.8200757575757576,0.1530561122244489,0.833648393194707,0.1477585775106436
bank_marketing,1,1,505,weighted_lr:oof_macro_f1,0.7385872250908578,0.6117424242424242,0.07014028056112225,0.6200378071833649,0.07588279489105935
bank_marketing,1,1,505,weighted_lr:oof_balanced_accuracy,0.41592936112899304,0.8617424242424242,0.19288577154308617,0.8846880907372401,0.19484097170047585
bank_marketing,1,1,505,rf:default,0.5,0.375,0.026052104208416832,0.4007561436672968,0.02905083896819434
bank_marketing,1,1,505,rf:oof_macro_f1,0.29373164431391513,0.7234848484848485,0.0814128256513026,0.724007561436673,0.08264462809917356
bank_marketing,1,1,505,rf:oof_balanced_accuracy,0.14159073026117092,0.8882575757575758,0.15706412825651303,0.8903591682419659,0.15727523165539695
bank_marketing,1,1,505,balanced_rf:default,0.5,0.8522727272727273,0.1407815631262525,0.8752362948960303,0.13949411470072626
bank_marketing,1,1,505,balanced_rf:oof_macro_f1,0.645,0.7159090909090909,0.08466933867735471,0.6899810964083176,0.08164287503130478
bank_marketing,1,1,505,balanced_rf:oof_balanced_accuracy,0.4159341817186645,0.9053030303030303,0.17910821643286573,0.9187145557655955,0.18106686701728025
bank_marketing,1,2,101,unweighted_lr:default,0.5,0.332703213610586,0.02404809619238477,0.332703213610586,0.02780561122244489
bank_marketing,1,2,101,unweighted_lr:oof_macro_f1,0.22729729078000913,0.6124763705103969,0.07364729458917836,0.6332703213610587,0.07890781563126252
bank_marketing,1,2,101,unweighted_lr:oof_balanced_accuracy,0.10007480146376514,0.831758034026465,0.19764529058116231,0.8657844990548205,0.1846192384769539
bank_marketing,1,2,101,weighted_lr:default,0.5,0.7977315689981096,0.15806613226452906,0.8279773156899811,0.15055110220440882
bank_marketing,1,2,101,weighted_lr:oof_macro_f1,0.7030379140648805,0.6351606805293005,0.08241482965931864,0.6540642722117203,0.08517034068136273
bank_marketing,1,2,101,weighted_lr:oof_balanced_accuracy,0.4195603955581728,0.8468809073724007,0.1998997995991984,0.8620037807183365,0.1846192384769539
bank_marketing,1,2,101,rf:default,0.5,0.3837429111531191,0.026052104208416832,0.3667296786389414,0.027054108216432865
bank_marketing,1,2,101,rf:oof_macro_f1,0.2830555555555555,0.722117202268431,0.08692384769539079,0.7655954631379962,0.09168336673346693
bank_marketing,1,2,101,rf:oof_balanced_accuracy,0.12432934517173651,0.9149338374291115,0.18887775551102204,0.9243856332703214,0.18011022044088176
bank_marketing,1,2,101,balanced_rf:default,0.5,0.8525519848771267,0.1467935871743487,0.8752362948960303,0.14353707414829658
bank_marketing,1,2,101,balanced_rf:oof_macro_f1,0.6351648841354723,0.720226843100189,0.0871743486973948,0.722117202268431,0.08992985971943888
bank_marketing,1,2,101,balanced_rf:oof_balanced_accuracy,0.40270833333333333,0.9054820415879017,0.19463927855711421,0.9187145557655955,0.1908817635270541
bank_marketing,1,2,202,unweighted_lr:default,0.5,0.332703213610586,0.02404809619238477,0.332703213610586,0.02780561122244489
bank_marketing,1,2,202,unweighted_lr:oof_macro_f1,0.22729729078000913,0.6124763705103969,0.07364729458917836,0.6332703213610587,0.07890781563126252
bank_marketing,1,2,202,unweighted_lr:oof_balanced_accuracy,0.10007480146376514,0.831758034026465,0.19764529058116231,0.8657844990548205,0.1846192384769539
bank_marketing,1,2,202,weighted_lr:default,0.5,0.7977315689981096,0.15806613226452906,0.8279773156899811,0.15055110220440882
bank_marketing,1,2,202,weighted_lr:oof_macro_f1,0.7030379140648805,0.6351606805293005,0.08241482965931864,0.6540642722117203,0.08517034068136273
bank_marketing,1,2,202,weighted_lr:oof_balanced_accuracy,0.4195603955581728,0.8468809073724007,0.1998997995991984,0.8620037807183365,0.1846192384769539
bank_marketing,1,2,202,rf:default,0.5,0.391304347826087,0.025050100200400802,0.3988657844990548,0.028807615230460923
bank_marketing,1,2,202,rf:oof_macro_f1,0.29033436485911046,0.7353497164461248,0.08391783567134269,0.7618147448015122,0.08617234468937876
bank_marketing,1,2,202,rf:oof_balanced_accuracy,0.13302060149517778,0.8941398865784499,0.1781062124248497,0.9130434782608695,0.16858717434869738
bank_marketing,1,2,202,balanced_rf:default,0.5,0.8468809073724007,0.14854709418837675,0.8733459357277883,0.14504008016032063
bank_marketing,1,2,202,balanced_rf:oof_macro_f1,0.6326587301587302,0.6937618147448015,0.08642284569138277,0.7731568998109641,0.0909318637274549
bank_marketing,1,2,202,balanced_rf:oof_balanced_accuracy,0.4051969269008911,0.9187145557655955,0.19463927855711421,0.9168241965973535,0.1903807615230461
bank_marketing,1,2,303,unweighted_lr:default,0.5,0.332703213610586,0.02404809619238477,0.332703213610586,0.02780561122244489
bank_marketing,1,2,303,unweighted_lr:oof_macro_f1,0.22729729078000913,0.6124763705103969,0.07364729458917836,0.6332703213610587,0.07890781563126252
bank_marketing,1,2,303,unweighted_lr:oof_balanced_accuracy,0.10007480146376514,0.831758034026465,0.19764529058116231,0.8657844990548205,0.1846192384769539
bank_marketing,1,2,303,weighted_lr:default,0.5,0.7977315689981096,0.15806613226452906,0.8279773156899811,0.15055110220440882
bank_marketing,1,2,303,weighted_lr:oof_macro_f1,0.7030379140648805,0.6351606805293005,0.08241482965931864,0.6540642722117203,0.08517034068136273
bank_marketing,1,2,303,weighted_lr:oof_balanced_accuracy,0.4195603955581728,0.8468809073724007,0.1998997995991984,0.8620037807183365,0.1846192384769539
bank_marketing,1,2,303,rf:default,0.5,0.3761814744801512,0.02530060120240481,0.389413988657845,0.027304609218436873
bank_marketing,1,2,303,rf:oof_macro_f1,0.29237103174603174,0.722117202268431,0.0841683366733467,0.7542533081285444,0.08967935871743488
bank_marketing,1,2,303,rf:oof_balanced_accuracy,0.14058081928423544,0.9054820415879017,0.16983967935871744,0.9092627599243857,0.16057114228456915
bank_marketing,1,2,303,balanced_rf:default,0.5,0.8487712665406427,0.1492985971943888,0.8676748582230623,0.1440380761523046
bank_marketing,1,2,303,balanced_rf:oof_macro_f1,0.6402588118580766,0.6805293005671077,0.08517034068136273,0.7353497164461248,0.08967935871743488
bank_marketing,1,2,303,balanced_rf:oof_balanced_accuracy,0.41093020541549957,0.9035916824196597,0.19188376753507014,0.9187145557655955,0.187124248496994
bank_marketing,1,2,404,unweighted_lr:default,0.5,0.332703213610586,0.02404809619238477,0.332703213610586,0.02780561122244489
bank_marketing,1,2,404,unweighted_lr:oof_macro_f1,0.22729729078000913,0.6124763705103969,0.07364729458917836,0.6332703213610587,0.07890781563126252
bank_marketing,1,2,404,unweighted_lr:oof_balanced_accuracy,0.10007480146376514,0.831758034026465,0.19764529058116231,0.8657844990548205,0.1846192384769539
bank_marketing,1,2,404,weighted_lr:default,0.5,0.7977315689981096,0.15806613226452906,0.8279773156899811,0.15055110220440882
bank_marketing,1,2,404,weighted_lr:oof_macro_f1,0.7030379140648805,0.6351606805293005,0.08241482965931864,0.6540642722117203,0.08517034068136273
bank_marketing,1,2,404,weighted_lr:oof_balanced_accuracy,0.4195603955581728,0.8468809073724007,0.1998997995991984,0.8620037807183365,0.1846192384769539
bank_marketing,1,2,404,rf:default,0.5,0.3705103969754253,0.024799599198396794,0.3667296786389414,0.026803607214428857
bank_marketing,1,2,404,rf:oof_macro_f1,0.31198133410421325,0.6956521739130435,0.07590180360721444,0.7126654064272212,0.08016032064128256
bank_marketing,1,2,404,rf:oof_balanced_accuracy,0.13130557311420143,0.9111531190926276,0.17610220440881763,0.9168241965973535,0.17535070140280562
bank_marketing,1,2,404,balanced_rf:default,0.5,0.8468809073724007,0.15130260521042085,0.8752362948960303,0.14053106212424848
bank_marketing,1,2,404,balanced_rf:oof_macro_f1,0.6091008771929824,0.7372400756143668,0.10020040080160321,0.782608695652174,0.10145290581162325
bank_marketing,1,2,404,balanced_rf:oof_balanced_accuracy,0.37689785788923713,0.9206049149338374,0.20766533066132264,0.9300567107750473,0.19764529058116231
bank_marketing,1,2,505,unweighted_lr:default,0.5,0.332703213610586,0.02404809619238477,0.332703213610586,0.02780561122244489
bank_marketing,1,2,505,unweighted_lr:oof_macro_f1,0.22729729078000913,0.6124763705103969,0.07364729458917836,0.6332703213610587,0.07890781563126252
bank_marketing,1,2,505,unweighted_lr:oof_balanced_accuracy,0.10007480146376514,0.831758034026465,0.19764529058116231,0.8657844990548205,0.1846192384769539
bank_marketing,1,2,505,weighted_lr:default,0.5,0.7977315689981096,0.15806613226452906,0.8279773156899811,0.15055110220440882
bank_marketing,1,2,505,weighted_lr:oof_macro_f1,0.7030379140648805,0.6351606805293005,0.08241482965931864,0.6540642722117203,0.08517034068136273
bank_marketing,1,2,505,weighted_lr:oof_balanced_accuracy,0.4195603955581728,0.8468809073724007,0.1998997995991984,0.8620037807183365,0.1846192384769539
bank_marketing,1,2,505,rf:default,0.5,0.3799621928166352,0.023547094188376753,0.4007561436672968,0.028056112224448898
bank_marketing,1,2,505,rf:oof_macro_f1,0.29546427907840944,0.7353497164461248,0.08466933867735471,0.7485822306238186,0.0844188376753507
bank_marketing,1,2,505,rf:oof_balanced_accuracy,0.1119774247491639,0.9262759924385633,0.19839679358717435,0.9357277882797732,0.19163326653306614
bank_marketing,1,2,505,balanced_rf:default,0.5,0.8563327032136105,0.14904809619238477,0.8695652173913043,0.14554108216432865
bank_marketing,1,2,505,balanced_rf:oof_macro_f1,0.6145995805269999,0.7296786389413988,0.09594188376753507,0.7731568998109641,0.09819639278557114
bank_marketing,1,2,505,balanced_rf:oof_balanced_accuracy,0.40835629648129645,0.9111531190926276,0.19238476953907815,0.9262759924385633,0.1901302605210421
bank_marketing,1,3,101,unweighted_lr:default,0.5,0.3534971644612476,0.02154308617234469,0.34593572778827975,0.02630260521042084
bank_marketing,1,3,101,unweighted_lr:oof_macro_f1,0.235552066093313,0.6521739130434783,0.0746492985971944,0.6219281663516069,0.07389779559118237
bank_marketing,1,3,101,unweighted_lr:oof_balanced_accuracy,0.10301435630355771,0.8657844990548205,0.1811122244488978,0.8790170132325141,0.18687374749498997
bank_marketing,1,3,101,weighted_lr:default,0.5,0.8223062381852552,0.15030060120240482,0.8298676748582231,0.15781563126252504
bank_marketing,1,3,101,weighted_lr:oof_macro_f1,0.687655499050383,0.6767485822306238,0.0906813627254509,0.6616257088846881,0.08792585170340682
bank_marketing,1,3,101,weighted_lr:oof_balanced_accuracy,0.38941532256018413,0.8960302457466919,0.20440881763527055,0.9073724007561437,0.218687374749499
bank_marketing,1,3,101,rf:default,0.5,0.3742911153119093,0.027304609218436873,0.389413988657845,0.026803607214428857
bank_marketing,1,3,101,rf:oof_macro_f1,0.3028646054273717,0.6918714555765595,0.0781563126252505,0.7032136105860114,0.08466933867735471
bank_marketing,1,3,101,rf:oof_balanced_accuracy,0.12240558053058052,0.9111531190926276,0.17735470941883769,0.9073724007561437,0.17885771543086174
bank_marketing,1,3,101,balanced_rf:default,0.5,0.8563327032136105,0.1437875751503006,0.8714555765595463,0.14804609218436873
bank_marketing,1,3,101,balanced_rf:oof_macro_f1,0.6422619047619047,0.7013232514177694,0.0841683366733467,0.718336483931947,0.08767535070140281
bank_marketing,1,3,101,balanced_rf:oof_balanced_accuracy,0.38333333333333336,0.9224952741020794,0.19914829659318636,0.9262759924385633,0.20415831663326653
bank_marketing,1,3,202,unweighted_lr:default,0.5,0.3534971644612476,0.02154308617234469,0.34593572778827975,0.02630260521042084
bank_marketing,1,3,202,unweighted_lr:oof_macro_f1,0.235552066093313,0.6521739130434783,0.0746492985971944,0.6219281663516069,0.07389779559118237
bank_marketing,1,3,202,unweighted_lr:oof_balanced_accuracy,0.10301435630355771,0.8657844990548205,0.1811122244488978,0.8790170132325141,0.18687374749498997
bank_marketing,1,3,202,weighted_lr:default,0.5,0.8223062381852552,0.15030060120240482,0.8298676748582231,0.15781563126252504
bank_marketing,1,3,202,weighted_lr:oof_macro_f1,0.687655499050383,0.6767485822306238,0.0906813627254509,0.6616257088846881,0.08792585170340682
bank_marketing,1,3,202,weighted_lr:oof_balanced_accuracy,0.38941532256018413,0.8960302457466919,0.20440881763527055,0.9073724007561437,0.218687374749499
bank_marketing,1,3,202,rf:default,0.5,0.387523629489603,0.02630260521042084,0.3931947069943289,0.030561122244488977
bank_marketing,1,3,202,rf:oof_macro_f1,0.29967657342657344,0.7164461247637051,0.08091182364729459,0.6956521739130435,0.08341683366733467
bank_marketing,1,3,202,rf:oof_balanced_accuracy,0.11211580086580084,0.9073724007561437,0.18562124248496994,0.9300567107750473,0.1901302605210421
bank_marketing,1,3,202,balanced_rf:default,0.5,0.8582230623818525,0.14529058116232466,0.8525519848771267,0.14754509018036072
bank_marketing,1,3,202,balanced_rf:oof_macro_f1,0.650841346153846,0.7126654064272212,0.0814128256513026,0.6824196597353497,0.08542084168336674
bank_marketing,1,3,202,balanced_rf:oof_balanced_accuracy,0.41682330827067665,0.9092627599243857,0.17885771543086174,0.9073724007561437,0.18912825651302606
bank_marketing,1,3,303,unweighted_lr:default,0.5,0.3534971644612476,0.02154308617234469,0.34593572778827975,0.02630260521042084
bank_marketing,1,3,303,unweighted_lr:oof_macro_f1,0.235552066093313,0.6521739130434783,0.0746492985971944,0.6219281663516069,0.07389779559118237
bank_marketing,1,3,303,unweighted_lr:oof_balanced_accuracy,0.10301435630355771,0.8657844990548205,0.1811122244488978,0.8790170132325141,0.18687374749498997
bank_marketing,1,3,303,weighted_lr:default,0.5,0.8223062381852552,0.15030060120240482,0.8298676748582231,0.15781563126252504
bank_marketing,1,3,303,weighted_lr:oof_macro_f1,0.687655499050383,0.6767485822306238,0.0906813627254509,0.6616257088846881,0.08792585170340682
bank_marketing,1,3,303,weighted_lr:oof_balanced_accuracy,0.38941532256018413,0.8960302457466919,0.20440881763527055,0.9073724007561437,0.218687374749499
bank_marketing,1,3,303,rf:default,0.5,0.3761814744801512,0.02630260521042084,0.3931947069943289,0.027304609218436873
bank_marketing,1,3,303,rf:oof_macro_f1,0.3192637631975867,0.6710775047258979,0.06813627254509018,0.6635160680529301,0.07515030060120241
bank_marketing,1,3,303,rf:oof_balanced_accuracy,0.12375848416289592,0.9054820415879017,0.1748496993987976,0.9092627599243857,0.18236472945891782
bank_marketing,1,3,303,balanced_rf:default,0.5,0.8620037807183365,0.13852705410821645,0.8563327032136105,0.1462925851703407
bank_marketing,1,3,303,balanced_rf:oof_macro_f1,0.6469028779777931,0.6994328922495274,0.07990981963927855,0.7069943289224953,0.08341683366733467
bank_marketing,1,3,303,balanced_rf:oof_balanced_accuracy,0.4155979437229438,0.9035916824196597,0.17885771543086174,0.9073724007561437,0.18311623246492986
bank_marketing,1,3,404,unweighted_lr:default,0.5,0.3534971644612476,0.02154308617234469,0.34593572778827975,0.02630260521042084
bank_marketing,1,3,404,unweighted_lr:oof_macro_f1,0.235552066093313,0.6521739130434783,0.0746492985971944,0.6219281663516069,0.07389779559118237
bank_marketing,1,3,404,unweighted_lr:oof_balanced_accuracy,0.10301435630355771,0.8657844990548205,0.1811122244488978,0.8790170132325141,0.18687374749498997
bank_marketing,1,3,404,weighted_lr:default,0.5,0.8223062381852552,0.15030060120240482,0.8298676748582231,0.15781563126252504
bank_marketing,1,3,404,weighted_lr:oof_macro_f1,0.687655499050383,0.6767485822306238,0.0906813627254509,0.6616257088846881,0.08792585170340682
bank_marketing,1,3,404,weighted_lr:oof_balanced_accuracy,0.38941532256018413,0.8960302457466919,0.20440881763527055,0.9073724007561437,0.218687374749499
bank_marketing,1,3,404,rf:default,0.5,0.3667296786389414,0.02630260521042084,0.3931947069943289,0.029559118236472944
bank_marketing,1,3,404,rf:oof_macro_f1,0.2810714285714286,0.7372400756143668,0.08316633266533066,0.7277882797731569,0.08992985971943888
bank_marketing,1,3,404,rf:oof_balanced_accuracy,0.1256989063568011,0.9111531190926276,0.17259519038076152,0.9054820415879017,0.1781062124248497
bank_marketing,1,3,404,balanced_rf:default,0.5,0.8582230623818525,0.1407815631262525,0.8601134215500945,0.14579158316633267
bank_marketing,1,3,404,balanced_rf:oof_macro_f1,0.6269848484848485,0.725897920604915,0.08466933867735471,0.7372400756143668,0.09544088176352705
bank_marketing,1,3,404,balanced_rf:oof_balanced_accuracy,0.39705671580671575,0.9187145557655955,0.1903807615230461,0.9206049149338374,0.18987975951903807
bank_marketing,1,3,505,unweighted_lr:default,0.5,0.3534971644612476,0.02154308617234469,0.34593572778827975,0.02630260521042084
bank_marketing,1,3,505,unweighted_lr:oof_macro_f1,0.235552066093313,0.6521739130434783,0.0746492985971944,0.6219281663516069,0.07389779559118237
bank_marketing,1,3,505,unweighted_lr:oof_balanced_accuracy,0.10301435630355771,0.8657844990548205,0.1811122244488978,0.8790170132325141,0.18687374749498997
bank_marketing,1,3,505,weighted_lr:default,0.5,0.8223062381852552,0.15030060120240482,0.8298676748582231,0.15781563126252504
bank_marketing,1,3,505,weighted_lr:oof_macro_f1,0.687655499050383,0.6767485822306238,0.0906813627254509,0.6616257088846881,0.08792585170340682
bank_marketing,1,3,505,weighted_lr:oof_balanced_accuracy,0.38941532256018413,0.8960302457466919,0.20440881763527055,0.9073724007561437,0.218687374749499
bank_marketing,1,3,505,rf:default,0.5,0.3988657844990548,0.024799599198396794,0.4007561436672968,0.026803607214428857
bank_marketing,1,3,505,rf:oof_macro_f1,0.30775641025641026,0.6937618147448015,0.07640280561122244,0.7126654064272212,0.0811623246492986
bank_marketing,1,3,505,rf:oof_balanced_accuracy,0.1300480769230769,0.9073724007561437,0.16708416833667333,0.9035916824196597,0.17560120240480961
bank_marketing,1,3,505,balanced_rf:default,0.5,0.8525519848771267,0.14128256513026052,0.8525519848771267,0.14754509018036072
bank_marketing,1,3,505,balanced_rf:oof_macro_f1,0.6353531285397969,0.7069943289224953,0.08792585170340682,0.6956521739130435,0.09318637274549098
bank_marketing,1,3,505,balanced_rf:oof_balanced_accuracy,0.4181032081613477,0.9092627599243857,0.17935871743486975,0.9092627599243857,0.18537074148296592
bank_marketing,1,4,101,unweighted_lr:default,0.5,0.3534971644612476,0.02780561122244489,0.33648393194706994,0.024549098196392786
bank_marketing,1,4,101,unweighted_lr:oof_macro_f1,0.21144710972580832,0.6748582230623819,0.0841683366733467,0.6502835538752363,0.0811623246492986
bank_marketing,1,4,101,unweighted_lr:oof_balanced_accuracy,0.10205939827822569,0.8676748582230623,0.19238476953907815,0.8431001890359168,0.1841182364729459
bank_marketing,1,4,101,weighted_lr:default,0.5,0.8412098298676749,0.156062124248497,0.7996219281663516,0.15831663326653306
bank_marketing,1,4,101,weighted_lr:oof_macro_f1,0.736252014136756,0.6540642722117203,0.07640280561122244,0.610586011342155,0.07389779559118237
bank_marketing,1,4,101,weighted_lr:oof_balanced_accuracy,0.4037769517669995,0.8865784499054821,0.2094188376753507,0.8582230623818525,0.2031563126252505
bank_marketing,1,4,101,rf:default,0.5,0.3856332703213611,0.02555110220440882,0.40831758034026466,0.028807615230460923
bank_marketing,1,4,101,rf:oof_macro_f1,0.298000208855472,0.7315689981096408,0.08542084168336674,0.7277882797731569,0.0811623246492986
bank_marketing,1,4,101,rf:oof_balanced_accuracy,0.12202380952380953,0.9035916824196597,0.18837675350701402,0.9092627599243857,0.187625250501002
bank_marketing,1,4,101,balanced_rf:default,0.5,0.8563327032136105,0.15506012024048096,0.8525519848771267,0.1533066132264529
bank_marketing,1,4,101,balanced_rf:oof_macro_f1,0.6349831780538302,0.7466918714555766,0.093687374749499,0.7315689981096408,0.09293587174348697
bank_marketing,1,4,101,balanced_rf:oof_balanced_accuracy,0.4122864145658263,0.9206049149338374,0.1971442885771543,0.9092627599243857,0.19238476953907815
bank_marketing,1,4,202,unweighted_lr:default,0.5,0.3534971644612476,0.02780561122244489,0.33648393194706994,0.024549098196392786
bank_marketing,1,4,202,unweighted_lr:oof_macro_f1,0.21144710972580832,0.6748582230623819,0.0841683366733467,0.6502835538752363,0.0811623246492986
bank_marketing,1,4,202,unweighted_lr:oof_balanced_accuracy,0.10205939827822569,0.8676748582230623,0.19238476953907815,0.8431001890359168,0.1841182364729459
bank_marketing,1,4,202,weighted_lr:default,0.5,0.8412098298676749,0.156062124248497,0.7996219281663516,0.15831663326653306
bank_marketing,1,4,202,weighted_lr:oof_macro_f1,0.736252014136756,0.6540642722117203,0.07640280561122244,0.610586011342155,0.07389779559118237
bank_marketing,1,4,202,weighted_lr:oof_balanced_accuracy,0.4037769517669995,0.8865784499054821,0.2094188376753507,0.8582230623818525,0.2031563126252505
bank_marketing,1,4,202,rf:default,0.5,0.391304347826087,0.025801603206412827,0.39697542533081287,0.028306613226452906
bank_marketing,1,4,202,rf:oof_macro_f1,0.2884329173998827,0.7618147448015122,0.08992985971943888,0.7542533081285444,0.0906813627254509
bank_marketing,1,4,202,rf:oof_balanced_accuracy,0.14205645161290323,0.8922495274102079,0.17059118236472945,0.8941398865784499,0.17384769539078157
bank_marketing,1,4,202,balanced_rf:default,0.5,0.8620037807183365,0.15130260521042085,0.8733459357277883,0.14729458917835672
bank_marketing,1,4,202,balanced_rf:oof_macro_f1,0.6310687229437228,0.7315689981096408,0.08992985971943888,0.7391304347826086,0.093687374749499
bank_marketing,1,4,202,balanced_rf:oof_balanced_accuracy,0.3801388888888889,0.9149338374291115,0.21367735470941884,0.9224952741020794,0.20415831663326653
bank_marketing,1,4,303,unweighted_lr:default,0.5,0.3534971644612476,0.02780561122244489,0.33648393194706994,0.024549098196392786
bank_marketing,1,4,303,unweighted_lr:oof_macro_f1,0.21144710972580832,0.6748582230623819,0.0841683366733467,0.6502835538752363,0.0811623246492986
bank_marketing,1,4,303,unweighted_lr:oof_balanced_accuracy,0.10205939827822569,0.8676748582230623,0.19238476953907815,0.8431001890359168,0.1841182364729459
bank_marketing,1,4,303,weighted_lr:default,0.5,0.8412098298676749,0.156062124248497,0.7996219281663516,0.15831663326653306
bank_marketing,1,4,303,weighted_lr:oof_macro_f1,0.736252014136756,0.6540642722117203,0.07640280561122244,0.610586011342155,0.07389779559118237
bank_marketing,1,4,303,weighted_lr:oof_balanced_accuracy,0.4037769517669995,0.8865784499054821,0.2094188376753507,0.8582230623818525,0.2031563126252505
bank_marketing,1,4,303,rf:default,0.5,0.3780718336483932,0.026052104208416832,0.387523629489603,0.02530060120240481
bank_marketing,1,4,303,rf:oof_macro_f1,0.2863312695414326,0.7448015122873346,0.08792585170340682,0.7372400756143668,0.08892785571142285
bank_marketing,1,4,303,rf:oof_balanced_accuracy,0.13590122521157005,0.8941398865784499,0.17685370741482967,0.9035916824196597,0.17284569138276554
bank_marketing,1,4,303,balanced_rf:default,0.5,0.8695652173913043,0.15105210420841683,0.8582230623818525,0.14554108216432865
bank_marketing,1,4,303,balanced_rf:oof_macro_f1,0.6481227106227105,0.718336483931947,0.08617234468937876,0.720226843100189,0.08667334669338678
bank_marketing,1,4,303,balanced_rf:oof_balanced_accuracy,0.4099908424908424,0.9092627599243857,0.1933867735470942,0.9073724007561437,0.187625250501002
bank_marketing,1,4,404,unweighted_lr:default,0.5,0.3534971644612476,0.02780561122244489,0.33648393194706994,0.024549098196392786
bank_marketing,1,4,404,unweighted_lr:oof_macro_f1,0.21144710972580832,0.6748582230623819,0.0841683366733467,0.6502835538752363,0.0811623246492986
bank_marketing,1,4,404,unweighted_lr:oof_balanced_accuracy,0.10205939827822569,0.8676748582230623,0.19238476953907815,0.8431001890359168,0.1841182364729459
bank_marketing,1,4,404,weighted_lr:default,0.5,0.8412098298676749,0.156062124248497,0.7996219281663516,0.15831663326653306
bank_marketing,1,4,404,weighted_lr:oof_macro_f1,0.736252014136756,0.6540642722117203,0.07640280561122244,0.610586011342155,0.07389779559118237
bank_marketing,1,4,404,weighted_lr:oof_balanced_accuracy,0.4037769517669995,0.8865784499054821,0.2094188376753507,0.8582230623818525,0.2031563126252505
bank_marketing,1,4,404,rf:default,0.5,0.3629489603024575,0.024298597194388778,0.387523629489603,0.02530060120240481
bank_marketing,1,4,404,rf:oof_macro_f1,0.30088107253771074,0.725897920604915,0.08066132264529058,0.7145557655954632,0.08491983967935872
bank_marketing,1,4,404,rf:oof_balanced_accuracy,0.13195141308000408,0.9035916824196597,0.17960921843687375,0.9073724007561437,0.18086172344689377
bank_marketing,1,4,404,balanced_rf:default,0.5,0.8620037807183365,0.15055110220440882,0.8506616257088847,0.14228456913827656
bank_marketing,1,4,404,balanced_rf:oof_macro_f1,0.6374114562671291,0.7410207939508506,0.09318637274549098,0.722117202268431,0.0909318637274549
bank_marketing,1,4,404,balanced_rf:oof_balanced_accuracy,0.41274193548387095,0.9035916824196597,0.1936372745490982,0.9111531190926276,0.18311623246492986
bank_marketing,1,4,505,unweighted_lr:default,0.5,0.3534971644612476,0.02780561122244489,0.33648393194706994,0.024549098196392786
bank_marketing,1,4,505,unweighted_lr:oof_macro_f1,0.21144710972580832,0.6748582230623819,0.0841683366733467,0.6502835538752363,0.0811623246492986
bank_marketing,1,4,505,unweighted_lr:oof_balanced_accuracy,0.10205939827822569,0.8676748582230623,0.19238476953907815,0.8431001890359168,0.1841182364729459
bank_marketing,1,4,505,weighted_lr:default,0.5,0.8412098298676749,0.156062124248497,0.7996219281663516,0.15831663326653306
bank_marketing,1,4,505,weighted_lr:oof_macro_f1,0.736252014136756,0.6540642722117203,0.07640280561122244,0.610586011342155,0.07389779559118237
bank_marketing,1,4,505,weighted_lr:oof_balanced_accuracy,0.4037769517669995,0.8865784499054821,0.2094188376753507,0.8582230623818525,0.2031563126252505
bank_marketing,1,4,505,rf:default,0.5,0.389413988657845,0.026803607214428857,0.4120982986767486,0.027054108216432865
bank_marketing,1,4,505,rf:oof_macro_f1,0.2975595238095238,0.7391304347826086,0.08366733466933868,0.7315689981096408,0.08241482965931864
bank_marketing,1,4,505,rf:oof_balanced_accuracy,0.13498464096647939,0.9035916824196597,0.17710420841683366,0.9111531190926276,0.17109218436873747
bank_marketing,1,4,505,balanced_rf:default,0.5,0.8506616257088847,0.15455911823647295,0.8638941398865785,0.1497995991983968
bank_marketing,1,4,505,balanced_rf:oof_macro_f1,0.6249609010270775,0.7277882797731569,0.09619238476953908,0.7296786389413988,0.09794589178356713
bank_marketing,1,4,505,balanced_rf:oof_balanced_accuracy,0.41771430171845775,0.9035916824196597,0.1936372745490982,0.9054820415879017,0.18837675350701402
bank_marketing,2,0,101,unweighted_lr:default,0.5,0.3931947069943289,0.028807615230460923,0.31568998109640833,0.024793388429752067
bank_marketing,2,0,101,unweighted_lr:oof_macro_f1,0.20581374431459318,0.718336483931947,0.08166332665330661,0.6824196597353497,0.094916103180566
bank_marketing,2,0,101,unweighted_lr:oof_balanced_accuracy,0.09779363070929813,0.9054820415879017,0.18862725450901804,0.8714555765595463,0.20035061357375408
bank_marketing,2,0,101,weighted_lr:default,0.5,0.8487712665406427,0.14804609218436873,0.8204158790170132,0.1622839969947408
bank_marketing,2,0,101,weighted_lr:oof_macro_f1,0.7610074216636024,0.6351606805293005,0.06437875751503006,0.6011342155009451,0.0743801652892562
bank_marketing,2,0,101,weighted_lr:oof_balanced_accuracy,0.40582416465143545,0.9092627599243857,0.19589178356713427,0.8827977315689981,0.2053593789130979
bank_marketing,2,0,101,rf:default,0.5,0.41776937618147447,0.029559118236472944,0.3591682419659735,0.033809166040571
bank_marketing,2,0,101,rf:oof_macro_f1,0.29735972360972357,0.7655954631379962,0.07940881763527054,0.718336483931947,0.09416478837966441
bank_marketing,2,0,101,rf:oof_balanced_accuracy,0.12291666666666667,0.9300567107750473,0.17159318637274548,0.9187145557655955,0.1925870272977711
bank_marketing,2,0,101,balanced_rf:default,0.5,0.888468809073724,0.1377755511022044,0.8620037807183365,0.1587778612572001
bank_marketing,2,0,101,balanced_rf:oof_macro_f1,0.6567182018608189,0.724007561436673,0.0748997995991984,0.6710775047258979,0.08840470823941898
bank_marketing,2,0,101,balanced_rf:oof_balanced_accuracy,0.41208333333333325,0.9300567107750473,0.1818637274549098,0.9149338374291115,0.1993488605058853
bank_marketing,2,0,202,unweighted_lr:default,0.5,0.3931947069943289,0.028807615230460923,0.31568998109640833,0.024793388429752067
bank_marketing,2,0,202,unweighted_lr:oof_macro_f1,0.20581374431459318,0.718336483931947,0.08166332665330661,0.6824196597353497,0.094916103180566
bank_marketing,2,0,202,unweighted_lr:oof_balanced_accuracy,0.09779363070929813,0.9054820415879017,0.18862725450901804,0.8714555765595463,0.20035061357375408
bank_marketing,2,0,202,weighted_lr:default,0.5,0.8487712665406427,0.14804609218436873,0.8204158790170132,0.1622839969947408
bank_marketing,2,0,202,weighted_lr:oof_macro_f1,0.7610074216636024,0.6351606805293005,0.06437875751503006,0.6011342155009451,0.0743801652892562
bank_marketing,2,0,202,weighted_lr:oof_balanced_accuracy,0.40582416465143545,0.9092627599243857,0.19589178356713427,0.8827977315689981,0.2053593789130979
bank_marketing,2,0,202,rf:default,0.5,0.43667296786389415,0.024799599198396794,0.3705103969754253,0.02905083896819434
bank_marketing,2,0,202,rf:oof_macro_f1,0.29638900640368676,0.7655954631379962,0.07565130260521043,0.7069943289224953,0.09166040570999248
bank_marketing,2,0,202,rf:oof_balanced_accuracy,0.13645833333333335,0.9111531190926276,0.16683366733466934,0.8903591682419659,0.18407212622088656
bank_marketing,2,0,202,balanced_rf:default,0.5,0.8865784499054821,0.1377755511022044,0.8563327032136105,0.15401953418482345
bank_marketing,2,0,202,balanced_rf:oof_macro_f1,0.6405398797450015,0.7353497164461248,0.07940881763527054,0.7051039697542533,0.09241172051089407
bank_marketing,2,0,202,balanced_rf:oof_balanced_accuracy,0.4174202127659575,0.9262759924385633,0.17585170340681364,0.9054820415879017,0.1928374655647383
bank_marketing,2,0,303,unweighted_lr:default,0.5,0.3931947069943289,0.028807615230460923,0.31568998109640833,0.024793388429752067
bank_marketing,2,0,303,unweighted_lr:oof_macro_f1,0.20581374431459318,0.718336483931947,0.08166332665330661,0.6824196597353497,0.094916103180566
bank_marketing,2,0,303,unweighted_lr:oof_balanced_accuracy,0.09779363070929813,0.9054820415879017,0.18862725450901804,0.8714555765595463,0.20035061357375408
bank_marketing,2,0,303,weighted_lr:default,0.5,0.8487712665406427,0.14804609218436873,0.8204158790170132,0.1622839969947408
bank_marketing,2,0,303,weighted_lr:oof_macro_f1,0.7610074216636024,0.6351606805293005,0.06437875751503006,0.6011342155009451,0.0743801652892562
bank_marketing,2,0,303,weighted_lr:oof_balanced_accuracy,0.40582416465143545,0.9092627599243857,0.19589178356713427,0.8827977315689981,0.2053593789130979
bank_marketing,2,0,303,rf:default,0.5,0.4215500945179584,0.02630260521042084,0.3610586011342155,0.032306536438767845
bank_marketing,2,0,303,rf:oof_macro_f1,0.29897168803418794,0.7466918714555766,0.07865731462925851,0.7051039697542533,0.09166040570999248
bank_marketing,2,0,303,rf:oof_balanced_accuracy,0.1303484769221975,0.9206049149338374,0.1655811623246493,0.8979206049149339,0.18707738542449287
bank_marketing,2,0,303,balanced_rf:default,0.5,0.8998109640831758,0.13852705410821645,0.8563327032136105,0.1582769847232657
bank_marketing,2,0,303,balanced_rf:oof_macro_f1,0.61320606941883,0.77882797731569,0.08767535070140281,0.7485822306238186,0.10368144252441773
bank_marketing,2,0,303,balanced_rf:oof_balanced_accuracy,0.3791924167786237,0.947069943289225,0.19664328657314628,0.9111531190926276,0.21387427998998246
bank_marketing,2,0,404,unweighted_lr:default,0.5,0.3931947069943289,0.028807615230460923,0.31568998109640833,0.024793388429752067
bank_marketing,2,0,404,unweighted_lr:oof_macro_f1,0.20581374431459318,0.718336483931947,0.08166332665330661,0.6824196597353497,0.094916103180566
bank_marketing,2,0,404,unweighted_lr:oof_balanced_accuracy,0.09779363070929813,0.9054820415879017,0.18862725450901804,0.8714555765595463,0.20035061357375408
bank_marketing,2,0,404,weighted_lr:default,0.5,0.8487712665406427,0.14804609218436873,0.8204158790170132,0.1622839969947408
bank_marketing,2,0,404,weighted_lr:oof_macro_f1,0.7610074216636024,0.6351606805293005,0.06437875751503006,0.6011342155009451,0.0743801652892562
bank_marketing,2,0,404,weighted_lr:oof_balanced_accuracy,0.40582416465143545,0.9092627599243857,0.19589178356713427,0.8827977315689981,0.2053593789130979
bank_marketing,2,0,404,rf:default,0.5,0.44234404536862004,0.02755511022044088,0.3629489603024575,0.03155522163786627
bank_marketing,2,0,404,rf:oof_macro_f1,0.27829084653932795,0.7731568998109641,0.08642284569138277,0.7391304347826086,0.10343100425745054
bank_marketing,2,0,404,rf:oof_balanced_accuracy,0.13147486772486772,0.9187145557655955,0.1650801603206413,0.8998109640831758,0.182068620085149
bank_marketing,2,0,404,balanced_rf:default,0.5,0.8922495274102079,0.14128256513026052,0.8525519848771267,0.1592787377911345
bank_marketing,2,0,404,balanced_rf:oof_macro_f1,0.658757982120051,0.7032136105860114,0.07214428857715431,0.6483931947069943,0.08514901076884548
bank_marketing,2,0,404,balanced_rf:oof_balanced_accuracy,0.4123206821913719,0.941398865784499,0.1841182364729459,0.9017013232514177,0.19809666917104934
bank_marketing,2,0,505,unweighted_lr:default,0.5,0.3931947069943289,0.028807615230460923,0.31568998109640833,0.024793388429752067
bank_marketing,2,0,505,unweighted_lr:oof_macro_f1,0.20581374431459318,0.718336483931947,0.08166332665330661,0.6824196597353497,0.094916103180566
bank_marketing,2,0,505,unweighted_lr:oof_balanced_accuracy,0.09779363070929813,0.9054820415879017,0.18862725450901804,0.8714555765595463,0.20035061357375408
bank_marketing,2,0,505,weighted_lr:default,0.5,0.8487712665406427,0.14804609218436873,0.8204158790170132,0.1622839969947408
bank_marketing,2,0,505,weighted_lr:oof_macro_f1,0.7610074216636024,0.6351606805293005,0.06437875751503006,0.6011342155009451,0.0743801652892562
bank_marketing,2,0,505,weighted_lr:oof_balanced_accuracy,0.40582416465143545,0.9092627599243857,0.19589178356713427,0.8827977315689981,0.2053593789130979
bank_marketing,2,0,505,rf:default,0.5,0.43478260869565216,0.024799599198396794,0.3516068052930057,0.03481091910843977
bank_marketing,2,0,505,rf:oof_macro_f1,0.30290116946343776,0.7580340264650284,0.07515030060120241,0.6937618147448015,0.08965689957425495
bank_marketing,2,0,505,rf:oof_balanced_accuracy,0.12866197470504295,0.9187145557655955,0.17234468937875752,0.8998109640831758,0.1865765088905585
bank_marketing,2,0,505,balanced_rf:default,0.5,0.8979206049149339,0.13577154308617234,0.8563327032136105,0.1550212872526922
bank_marketing,2,0,505,balanced_rf:oof_macro_f1,0.6099305555555555,0.7882797731568998,0.08917835671342686,0.7372400756143668,0.1011770598547458
bank_marketing,2,0,505,balanced_rf:oof_balanced_accuracy,0.3896726190476191,0.9565217391304348,0.19163326653306614,0.9187145557655955,0.21212121212121213
bank_marketing,2,1,101,unweighted_lr:default,0.5,0.36742424242424243,0.025801603206412827,0.34026465028355385,0.02203856749311295
bank_marketing,2,1,101,unweighted_lr:oof_macro_f1,0.23746858637614873,0.6306818181818182,0.07665330661322645,0.6521739130434783,0.06536438767843726
bank_marketing,2,1,101,unweighted_lr:oof_balanced_accuracy,0.0948465197566848,0.8977272727272727,0.21417835671342686,0.888468809073724,0.19233658903080392
bank_marketing,2,1,101,weighted_lr:default,0.5,0.8390151515151515,0.16407815631262526,0.8657844990548205,0.14825945404457802
bank_marketing,2,1,101,weighted_lr:oof_macro_f1,0.7151383033325774,0.6515151515151515,0.08517034068136273,0.667296786389414,0.0743801652892562
bank_marketing,2,1,101,weighted_lr:oof_balanced_accuracy,0.40050794689160996,0.8958333333333334,0.21918837675350702,0.8979206049149339,0.20010017530678686
bank_marketing,2,1,101,rf:default,0.5,0.3939393939393939,0.028056112224448898,0.4158790170132325,0.022289005760080142
bank_marketing,2,1,101,rf:oof_macro_f1,0.308375,0.7253787878787878,0.08166332665330661,0.7145557655954632,0.07638367142499373
bank_marketing,2,1,101,rf:oof_balanced_accuracy,0.13665102108036892,0.9242424242424242,0.18261523046092185,0.9111531190926276,0.1687953919358878
bank_marketing,2,1,101,balanced_rf:default,0.5,0.884469696969697,0.16057114228456915,0.8790170132325141,0.13999499123466067
bank_marketing,2,1,101,balanced_rf:oof_macro_f1,0.6293346282755736,0.7481060606060606,0.09418837675350701,0.782608695652174,0.08239418983220637
bank_marketing,2,1,101,balanced_rf:oof_balanced_accuracy,0.39514194139194136,0.9412878787878788,0.21492985971943887,0.9319470699432892,0.19408965689957425
bank_marketing,2,1,202,unweighted_lr:default,0.5,0.36742424242424243,0.025801603206412827,0.34026465028355385,0.02203856749311295
bank_marketing,2,1,202,unweighted_lr:oof_macro_f1,0.23746858637614873,0.6306818181818182,0.07665330661322645,0.6521739130434783,0.06536438767843726
bank_marketing,2,1,202,unweighted_lr:oof_balanced_accuracy,0.0948465197566848,0.8977272727272727,0.21417835671342686,0.888468809073724,0.19233658903080392
bank_marketing,2,1,202,weighted_lr:default,0.5,0.8390151515151515,0.16407815631262526,0.8657844990548205,0.14825945404457802
bank_marketing,2,1,202,weighted_lr:oof_macro_f1,0.7151383033325774,0.6515151515151515,0.08517034068136273,0.667296786389414,0.0743801652892562
bank_marketing,2,1,202,weighted_lr:oof_balanced_accuracy,0.40050794689160996,0.8958333333333334,0.21918837675350702,0.8979206049149339,0.20010017530678686
bank_marketing,2,1,202,rf:default,0.5,0.42234848484848486,0.028306613226452906,0.41965973534971646,0.022789882294014525
bank_marketing,2,1,202,rf:oof_macro_f1,0.29934945773181065,0.7367424242424242,0.0871743486973948,0.7485822306238186,0.08039068369646882
bank_marketing,2,1,202,rf:oof_balanced_accuracy,0.13293355855855854,0.9185606060606061,0.1901302605210421,0.9206049149338374,0.17079889807162535
bank_marketing,2,1,202,balanced_rf:default,0.5,0.8693181818181818,0.16357715430861725,0.8752362948960303,0.13999499123466067
bank_marketing,2,1,202,balanced_rf:oof_macro_f1,0.64375,0.7272727272727273,0.09043086172344689,0.7372400756143668,0.07988980716253444
bank_marketing,2,1,202,balanced_rf:oof_balanced_accuracy,0.4125,0.9223484848484849,0.20490981963927857,0.9376181474480151,0.18357124968695215
bank_marketing,2,1,303,unweighted_lr:default,0.5,0.36742424242424243,0.025801603206412827,0.34026465028355385,0.02203856749311295
bank_marketing,2,1,303,unweighted_lr:oof_macro_f1,0.23746858637614873,0.6306818181818182,0.07665330661322645,0.6521739130434783,0.06536438767843726
bank_marketing,2,1,303,unweighted_lr:oof_balanced_accuracy,0.0948465197566848,0.8977272727272727,0.21417835671342686,0.888468809073724,0.19233658903080392
bank_marketing,2,1,303,weighted_lr:default,0.5,0.8390151515151515,0.16407815631262526,0.8657844990548205,0.14825945404457802
bank_marketing,2,1,303,weighted_lr:oof_macro_f1,0.7151383033325774,0.6515151515151515,0.08517034068136273,0.667296786389414,0.0743801652892562
bank_marketing,2,1,303,weighted_lr:oof_balanced_accuracy,0.40050794689160996,0.8958333333333334,0.21918837675350702,0.8979206049149339,0.20010017530678686
bank_marketing,2,1,303,rf:default,0.5,0.4034090909090909,0.025801603206412827,0.3950850661625709,0.021788129226145755
bank_marketing,2,1,303,rf:oof_macro_f1,0.32226140032284095,0.7121212121212122,0.08066132264529058,0.7107750472589792,0.07062359128474831
bank_marketing,2,1,303,rf:oof_balanced_accuracy,0.14174429598706165,0.9147727272727273,0.1818637274549098,0.8998109640831758,0.16078136739293764
bank_marketing,2,1,303,balanced_rf:default,0.5,0.8693181818181818,0.15806613226452906,0.8809073724007561,0.13949411470072626
bank_marketing,2,1,303,balanced_rf:oof_macro_f1,0.6308333333333334,0.7310606060606061,0.09769539078156313,0.7618147448015122,0.0843976959679439
bank_marketing,2,1,303,balanced_rf:oof_balanced_accuracy,0.4424912587412588,0.9015151515151515,0.18887775551102204,0.9149338374291115,0.16679188580015025
bank_marketing,2,1,404,unweighted_lr:default,0.5,0.36742424242424243,0.025801603206412827,0.34026465028355385,0.02203856749311295
bank_marketing,2,1,404,unweighted_lr:oof_macro_f1,0.23746858637614873,0.6306818181818182,0.07665330661322645,0.6521739130434783,0.06536438767843726
bank_marketing,2,1,404,unweighted_lr:oof_balanced_accuracy,0.0948465197566848,0.8977272727272727,0.21417835671342686,0.888468809073724,0.19233658903080392
bank_marketing,2,1,404,weighted_lr:default,0.5,0.8390151515151515,0.16407815631262526,0.8657844990548205,0.14825945404457802
bank_marketing,2,1,404,weighted_lr:oof_macro_f1,0.7151383033325774,0.6515151515151515,0.08517034068136273,0.667296786389414,0.0743801652892562
bank_marketing,2,1,404,weighted_lr:oof_balanced_accuracy,0.40050794689160996,0.8958333333333334,0.21918837675350702,0.8979206049149339,0.20010017530678686
bank_marketing,2,1,404,rf:default,0.5,0.4147727272727273,0.028807615230460923,0.389413988657845,0.02304032056098172
bank_marketing,2,1,404,rf:oof_macro_f1,0.31859307359307365,0.7064393939393939,0.08166332665330661,0.7069943289224953,0.07463060355622339
bank_marketing,2,1,404,rf:oof_balanced_accuracy,0.1488656455945642,0.8996212121212122,0.17459919839679358,0.8979206049149339,0.15652391685449538
bank_marketing,2,1,404,balanced_rf:default,0.5,0.8863636363636364,0.16132264529058116,0.8865784499054821,0.14325068870523416
bank_marketing,2,1,404,balanced_rf:oof_macro_f1,0.6220109381780883,0.7556818181818182,0.10070140280561123,0.7731568998109641,0.0876533934385174
bank_marketing,2,1,404,balanced_rf:oof_balanced_accuracy,0.4283321308321309,0.9204545454545454,0.19889779559118237,0.9187145557655955,0.17831204608064113
bank_marketing,2,1,505,unweighted_lr:default,0.5,0.36742424242424243,0.025801603206412827,0.34026465028355385,0.02203856749311295
bank_marketing,2,1,505,unweighted_lr:oof_macro_f1,0.23746858637614873,0.6306818181818182,0.07665330661322645,0.6521739130434783,0.06536438767843726
bank_marketing,2,1,505,unweighted_lr:oof_balanced_accuracy,0.0948465197566848,0.8977272727272727,0.21417835671342686,0.888468809073724,0.19233658903080392
bank_marketing,2,1,505,weighted_lr:default,0.5,0.8390151515151515,0.16407815631262526,0.8657844990548205,0.14825945404457802
bank_marketing,2,1,505,weighted_lr:oof_macro_f1,0.7151383033325774,0.6515151515151515,0.08517034068136273,0.667296786389414,0.0743801652892562
bank_marketing,2,1,505,weighted_lr:oof_balanced_accuracy,0.40050794689160996,0.8958333333333334,0.21918837675350702,0.8979206049149339,0.20010017530678686
bank_marketing,2,1,505,rf:default,0.5,0.4053030303030303,0.028056112224448898,0.4215500945179584,0.02128725269221137
bank_marketing,2,1,505,rf:oof_macro_f1,0.2987120224291277,0.7310606060606061,0.0874248496993988,0.7391304347826086,0.08189331329827197
bank_marketing,2,1,505,rf:oof_balanced_accuracy,0.12240844531285708,0.9090909090909091,0.19914829659318636,0.9281663516068053,0.1793137991485099
bank_marketing,2,1,505,balanced_rf:default,0.5,0.8787878787878788,0.16157314629258518,0.8865784499054821,0.13974455296769348
bank_marketing,2,1,505,balanced_rf:oof_macro_f1,0.6516424791282078,0.7234848484848485,0.08967935871743488,0.7334593572778828,0.0776358627598297
bank_marketing,2,1,505,balanced_rf:oof_balanced_accuracy,0.40570850338120074,0.9261363636363636,0.20741482965931865,0.9300567107750473,0.18507387928875532
bank_marketing,2,2,101,unweighted_lr:default,0.5,0.3686200378071834,0.02530060120240481,0.3553875236294896,0.02755511022044088
bank_marketing,2,2,101,unweighted_lr:oof_macro_f1,0.22863073680321425,0.6521739130434783,0.07565130260521043,0.6351606805293005,0.07940881763527054
bank_marketing,2,2,101,unweighted_lr:oof_balanced_accuracy,0.10161537133575954,0.8752362948960303,0.1901302605210421,0.8506616257088847,0.19864729458917835
bank_marketing,2,2,101,weighted_lr:default,0.5,0.8241965973534972,0.15731462925851702,0.8109640831758034,0.16157314629258518
bank_marketing,2,2,101,weighted_lr:oof_macro_f1,0.7209433313000724,0.6578449905482041,0.07565130260521043,0.6483931947069943,0.08316633266533066
bank_marketing,2,2,101,weighted_lr:oof_balanced_accuracy,0.4249698575172123,0.8865784499054821,0.19564128256513025,0.8620037807183365,0.20641282565130262
bank_marketing,2,2,101,rf:default,0.5,0.43667296786389415,0.025050100200400802,0.3837429111531191,0.02655310621242485
bank_marketing,2,2,101,rf:oof_macro_f1,0.31102328139506114,0.7145557655954632,0.07640280561122244,0.7145557655954632,0.07540080160320642
bank_marketing,2,2,101,rf:oof_balanced_accuracy,0.12190928696473266,0.9111531190926276,0.18562124248496994,0.9243856332703214,0.1843687374749499
bank_marketing,2,2,101,balanced_rf:default,0.5,0.8506616257088847,0.15155310621242485,0.8771266540642723,0.15105210420841683
bank_marketing,2,2,101,balanced_rf:oof_macro_f1,0.6296296346817697,0.7315689981096408,0.09143286573146292,0.7712665406427222,0.09193386773547094
bank_marketing,2,2,101,balanced_rf:oof_balanced_accuracy,0.4539108391608392,0.888468809073724,0.17610220440881763,0.8998109640831758,0.17259519038076152
bank_marketing,2,2,202,unweighted_lr:default,0.5,0.3686200378071834,0.02530060120240481,0.3553875236294896,0.02755511022044088
bank_marketing,2,2,202,unweighted_lr:oof_macro_f1,0.22863073680321425,0.6521739130434783,0.07565130260521043,0.6351606805293005,0.07940881763527054
bank_marketing,2,2,202,unweighted_lr:oof_balanced_accuracy,0.10161537133575954,0.8752362948960303,0.1901302605210421,0.8506616257088847,0.19864729458917835
bank_marketing,2,2,202,weighted_lr:default,0.5,0.8241965973534972,0.15731462925851702,0.8109640831758034,0.16157314629258518
bank_marketing,2,2,202,weighted_lr:oof_macro_f1,0.7209433313000724,0.6578449905482041,0.07565130260521043,0.6483931947069943,0.08316633266533066
bank_marketing,2,2,202,weighted_lr:oof_balanced_accuracy,0.4249698575172123,0.8865784499054821,0.19564128256513025,0.8620037807183365,0.20641282565130262
bank_marketing,2,2,202,rf:default,0.5,0.43478260869565216,0.028306613226452906,0.4064272211720227,0.028306613226452906
bank_marketing,2,2,202,rf:oof_macro_f1,0.31644091173054584,0.7126654064272212,0.07690380761523045,0.718336483931947,0.07990981963927855
bank_marketing,2,2,202,rf:oof_balanced_accuracy,0.12796626984126983,0.9111531190926276,0.18361723446893788,0.9111531190926276,0.17885771543086174
bank_marketing,2,2,202,balanced_rf:default,0.5,0.8487712665406427,0.1462925851703407,0.8714555765595463,0.1467935871743487
bank_marketing,2,2,202,balanced_rf:oof_macro_f1,0.6379660087719298,0.720226843100189,0.08692384769539079,0.7145557655954632,0.08817635270541083
bank_marketing,2,2,202,balanced_rf:oof_balanced_accuracy,0.4172619047619047,0.8960302457466919,0.19163326653306614,0.9168241965973535,0.1843687374749499
bank_marketing,2,2,303,unweighted_lr:default,0.5,0.3686200378071834,0.02530060120240481,0.3553875236294896,0.02755511022044088
bank_marketing,2,2,303,unweighted_lr:oof_macro_f1,0.22863073680321425,0.6521739130434783,0.07565130260521043,0.6351606805293005,0.07940881763527054
bank_marketing,2,2,303,unweighted_lr:oof_balanced_accuracy,0.10161537133575954,0.8752362948960303,0.1901302605210421,0.8506616257088847,0.19864729458917835
bank_marketing,2,2,303,weighted_lr:default,0.5,0.8241965973534972,0.15731462925851702,0.8109640831758034,0.16157314629258518
bank_marketing,2,2,303,weighted_lr:oof_macro_f1,0.7209433313000724,0.6578449905482041,0.07565130260521043,0.6483931947069943,0.08316633266533066
bank_marketing,2,2,303,weighted_lr:oof_balanced_accuracy,0.4249698575172123,0.8865784499054821,0.19564128256513025,0.8620037807183365,0.20641282565130262
bank_marketing,2,2,303,rf:default,0.5,0.42344045368620037,0.026052104208416832,0.3553875236294896,0.027054108216432865
bank_marketing,2,2,303,rf:oof_macro_f1,0.3049677496416627,0.7277882797731569,0.07865731462925851,0.724007561436673,0.07890781563126252
bank_marketing,2,2,303,rf:oof_balanced_accuracy,0.11322420634920634,0.9187145557655955,0.19939879759519039,0.9243856332703214,0.19288577154308617
bank_marketing,2,2,303,balanced_rf:default,0.5,0.8620037807183365,0.14829659318637275,0.8771266540642723,0.1500501002004008
bank_marketing,2,2,303,balanced_rf:oof_macro_f1,0.5920894459478707,0.775047258979206,0.1062124248496994,0.8015122873345936,0.11072144288577154
bank_marketing,2,2,303,balanced_rf:oof_balanced_accuracy,0.41674812030075187,0.9017013232514177,0.19739478957915832,0.9111531190926276,0.1903807615230461
bank_marketing,2,2,404,unweighted_lr:default,0.5,0.3686200378071834,0.02530060120240481,0.3553875236294896,0.02755511022044088
bank_marketing,2,2,404,unweighted_lr:oof_macro_f1,0.22863073680321425,0.6521739130434783,0.07565130260521043,0.6351606805293005,0.07940881763527054
bank_marketing,2,2,404,unweighted_lr:oof_balanced_accuracy,0.10161537133575954,0.8752362948960303,0.1901302605210421,0.8506616257088847,0.19864729458917835
bank_marketing,2,2,404,weighted_lr:default,0.5,0.8241965973534972,0.15731462925851702,0.8109640831758034,0.16157314629258518
bank_marketing,2,2,404,weighted_lr:oof_macro_f1,0.7209433313000724,0.6578449905482041,0.07565130260521043,0.6483931947069943,0.08316633266533066
bank_marketing,2,2,404,weighted_lr:oof_balanced_accuracy,0.4249698575172123,0.8865784499054821,0.19564128256513025,0.8620037807183365,0.20641282565130262
bank_marketing,2,2,404,rf:default,0.5,0.4215500945179584,0.027304609218436873,0.3931947069943289,0.028557114228456915
bank_marketing,2,2,404,rf:oof_macro_f1,0.2934477124183007,0.7561436672967864,0.08366733466933868,0.7448015122873346,0.08817635270541083
bank_marketing,2,2,404,rf:oof_balanced_accuracy,0.1325224001091551,0.9111531190926276,0.17685370741482967,0.8998109640831758,0.17384769539078157
bank_marketing,2,2,404,balanced_rf:default,0.5,0.8638941398865785,0.14654308617234468,0.8827977315689981,0.14854709418837675
bank_marketing,2,2,404,balanced_rf:oof_macro_f1,0.625531337535014,0.7466918714555766,0.093687374749499,0.7637051039697542,0.09944889779559118
bank_marketing,2,2,404,balanced_rf:oof_balanced_accuracy,0.44861317077278173,0.8846880907372401,0.17009018036072143,0.8960302457466919,0.17084168336673347
bank_marketing,2,2,505,unweighted_lr:default,0.5,0.3686200378071834,0.02530060120240481,0.3553875236294896,0.02755511022044088
bank_marketing,2,2,505,unweighted_lr:oof_macro_f1,0.22863073680321425,0.6521739130434783,0.07565130260521043,0.6351606805293005,0.07940881763527054
bank_marketing,2,2,505,unweighted_lr:oof_balanced_accuracy,0.10161537133575954,0.8752362948960303,0.1901302605210421,0.8506616257088847,0.19864729458917835
bank_marketing,2,2,505,weighted_lr:default,0.5,0.8241965973534972,0.15731462925851702,0.8109640831758034,0.16157314629258518
bank_marketing,2,2,505,weighted_lr:oof_macro_f1,0.7209433313000724,0.6578449905482041,0.07565130260521043,0.6483931947069943,0.08316633266533066
bank_marketing,2,2,505,weighted_lr:oof_balanced_accuracy,0.4249698575172123,0.8865784499054821,0.19564128256513025,0.8620037807183365,0.20641282565130262
bank_marketing,2,2,505,rf:default,0.5,0.4007561436672968,0.02655310621242485,0.4102079395085066,0.026052104208416832
bank_marketing,2,2,505,rf:oof_macro_f1,0.30237910402804025,0.7296786389413988,0.08066132264529058,0.720226843100189,0.0781563126252505
bank_marketing,2,2,505,rf:oof_balanced_accuracy,0.12167878215462255,0.9092627599243857,0.1846192384769539,0.9130434782608695,0.187124248496994
bank_marketing,2,2,505,balanced_rf:default,0.5,0.8563327032136105,0.1462925851703407,0.8752362948960303,0.14804609218436873
bank_marketing,2,2,505,balanced_rf:oof_macro_f1,0.645734126984127,0.718336483931947,0.0841683366733467,0.725897920604915,0.0871743486973948
bank_marketing,2,2,505,balanced_rf:oof_balanced_accuracy,0.4222916666666666,0.9092627599243857,0.1908817635270541,0.9130434782608695,0.18211422845691383
bank_marketing,2,3,101,unweighted_lr:default,0.5,0.33459357277882795,0.02379759519038076,0.30623818525519847,0.024799599198396794
bank_marketing,2,3,101,unweighted_lr:oof_macro_f1,0.22680109241695148,0.6143667296786389,0.08016032064128256,0.5860113421550095,0.07615230460921844
bank_marketing,2,3,101,unweighted_lr:oof_balanced_accuracy,0.09833719341099266,0.8487712665406427,0.19163326653306614,0.8279773156899811,0.187625250501002
bank_marketing,2,3,101,weighted_lr:default,0.5,0.7958412098298677,0.15355711422845691,0.780718336483932,0.15155310621242485
bank_marketing,2,3,101,weighted_lr:oof_macro_f1,0.6807984552046628,0.6408317580340265,0.09468937875751503,0.6162570888468809,0.08792585170340682
bank_marketing,2,3,101,weighted_lr:oof_balanced_accuracy,0.4240283736213618,0.8412098298676749,0.1901302605210421,0.8298676748582231,0.18386773547094187
bank_marketing,2,3,101,rf:default,0.5,0.3799621928166352,0.02755511022044088,0.3818525519848771,0.027054108216432865
bank_marketing,2,3,101,rf:oof_macro_f1,0.2932738095238095,0.7088846880907372,0.08567134268537074,0.6880907372400756,0.08066132264529058
bank_marketing,2,3,101,rf:oof_balanced_accuracy,0.12945400432900434,0.9017013232514177,0.17159318637274548,0.8752362948960303,0.16858717434869738
bank_marketing,2,3,101,balanced_rf:default,0.5,0.8487712665406427,0.1497995991983968,0.8355387523629489,0.14178356713426854
bank_marketing,2,3,101,balanced_rf:oof_macro_f1,0.6430128205128205,0.6994328922495274,0.0871743486973948,0.6880907372400756,0.08291583166332665
bank_marketing,2,3,101,balanced_rf:oof_balanced_accuracy,0.42180600649350647,0.9073724007561437,0.1816132264529058,0.8752362948960303,0.1781062124248497
bank_marketing,2,3,202,unweighted_lr:default,0.5,0.33459357277882795,0.02379759519038076,0.30623818525519847,0.024799599198396794
bank_marketing,2,3,202,unweighted_lr:oof_macro_f1,0.22680109241695148,0.6143667296786389,0.08016032064128256,0.5860113421550095,0.07615230460921844
bank_marketing,2,3,202,unweighted_lr:oof_balanced_accuracy,0.09833719341099266,0.8487712665406427,0.19163326653306614,0.8279773156899811,0.187625250501002
bank_marketing,2,3,202,weighted_lr:default,0.5,0.7958412098298677,0.15355711422845691,0.780718336483932,0.15155310621242485
bank_marketing,2,3,202,weighted_lr:oof_macro_f1,0.6807984552046628,0.6408317580340265,0.09468937875751503,0.6162570888468809,0.08792585170340682
bank_marketing,2,3,202,weighted_lr:oof_balanced_accuracy,0.4240283736213618,0.8412098298676749,0.1901302605210421,0.8298676748582231,0.18386773547094187
bank_marketing,2,3,202,rf:default,0.5,0.3629489603024575,0.027304609218436873,0.3799621928166352,0.025050100200400802
bank_marketing,2,3,202,rf:oof_macro_f1,0.30851543384152086,0.6918714555765595,0.0784068136272545,0.6880907372400756,0.07389779559118237
bank_marketing,2,3,202,rf:oof_balanced_accuracy,0.15706367162249518,0.8846880907372401,0.1523046092184369,0.8563327032136105,0.14729458917835672
bank_marketing,2,3,202,balanced_rf:default,0.5,0.8487712665406427,0.1467935871743487,0.8374291115311909,0.14278557114228457
bank_marketing,2,3,202,balanced_rf:oof_macro_f1,0.6484374999999999,0.6843100189035917,0.08341683366733467,0.6824196597353497,0.0784068136272545
bank_marketing,2,3,202,balanced_rf:oof_balanced_accuracy,0.43783459595959595,0.8865784499054821,0.17910821643286573,0.8714555765595463,0.17034068136272545
bank_marketing,2,3,303,unweighted_lr:default,0.5,0.33459357277882795,0.02379759519038076,0.30623818525519847,0.024799599198396794
bank_marketing,2,3,303,unweighted_lr:oof_macro_f1,0.22680109241695148,0.6143667296786389,0.08016032064128256,0.5860113421550095,0.07615230460921844
bank_marketing,2,3,303,unweighted_lr:oof_balanced_accuracy,0.09833719341099266,0.8487712665406427,0.19163326653306614,0.8279773156899811,0.187625250501002
bank_marketing,2,3,303,weighted_lr:default,0.5,0.7958412098298677,0.15355711422845691,0.780718336483932,0.15155310621242485
bank_marketing,2,3,303,weighted_lr:oof_macro_f1,0.6807984552046628,0.6408317580340265,0.09468937875751503,0.6162570888468809,0.08792585170340682
bank_marketing,2,3,303,weighted_lr:oof_balanced_accuracy,0.4240283736213618,0.8412098298676749,0.1901302605210421,0.8298676748582231,0.18386773547094187
bank_marketing,2,3,303,rf:default,0.5,0.3648393194706994,0.026052104208416832,0.3572778827977316,0.025050100200400802
bank_marketing,2,3,303,rf:oof_macro_f1,0.3095754891103728,0.6786389413988658,0.07540080160320642,0.6805293005671077,0.0746492985971944
bank_marketing,2,3,303,rf:oof_balanced_accuracy,0.15542168674698792,0.8601134215500945,0.15355711422845691,0.8676748582230623,0.14829659318637275
bank_marketing,2,3,303,balanced_rf:default,0.5,0.8412098298676749,0.14654308617234468,0.8449905482041588,0.13852705410821645
bank_marketing,2,3,303,balanced_rf:oof_macro_f1,0.6280769230769231,0.6918714555765595,0.0871743486973948,0.6937618147448015,0.08391783567134269
bank_marketing,2,3,303,balanced_rf:oof_balanced_accuracy,0.40982142857142856,0.9054820415879017,0.18987975951903807,0.8809073724007561,0.17910821643286573
bank_marketing,2,3,404,unweighted_lr:default,0.5,0.33459357277882795,0.02379759519038076,0.30623818525519847,0.024799599198396794
bank_marketing,2,3,404,unweighted_lr:oof_macro_f1,0.22680109241695148,0.6143667296786389,0.08016032064128256,0.5860113421550095,0.07615230460921844
bank_marketing,2,3,404,unweighted_lr:oof_balanced_accuracy,0.09833719341099266,0.8487712665406427,0.19163326653306614,0.8279773156899811,0.187625250501002
bank_marketing,2,3,404,weighted_lr:default,0.5,0.7958412098298677,0.15355711422845691,0.780718336483932,0.15155310621242485
bank_marketing,2,3,404,weighted_lr:oof_macro_f1,0.6807984552046628,0.6408317580340265,0.09468937875751503,0.6162570888468809,0.08792585170340682
bank_marketing,2,3,404,weighted_lr:oof_balanced_accuracy,0.4240283736213618,0.8412098298676749,0.1901302605210421,0.8298676748582231,0.18386773547094187
bank_marketing,2,3,404,rf:default,0.5,0.3742911153119093,0.025801603206412827,0.3724007561436673,0.023046092184368736
bank_marketing,2,3,404,rf:oof_macro_f1,0.30709724378881986,0.6899810964083176,0.07765531062124248,0.6635160680529301,0.07540080160320642
bank_marketing,2,3,404,rf:oof_balanced_accuracy,0.1318452380952381,0.9035916824196597,0.17259519038076152,0.8846880907372401,0.1620741482965932
bank_marketing,2,3,404,balanced_rf:default,0.5,0.8298676748582231,0.1497995991983968,0.8374291115311909,0.13877755511022044
bank_marketing,2,3,404,balanced_rf:oof_macro_f1,0.6184848484848484,0.724007561436673,0.09969939879759519,0.724007561436673,0.09594188376753507
bank_marketing,2,3,404,balanced_rf:oof_balanced_accuracy,0.39195963185711685,0.9149338374291115,0.19789579158316634,0.9073724007561437,0.18662324649298598
bank_marketing,2,3,505,unweighted_lr:default,0.5,0.33459357277882795,0.02379759519038076,0.30623818525519847,0.024799599198396794
bank_marketing,2,3,505,unweighted_lr:oof_macro_f1,0.22680109241695148,0.6143667296786389,0.08016032064128256,0.5860113421550095,0.07615230460921844
bank_marketing,2,3,505,unweighted_lr:oof_balanced_accuracy,0.09833719341099266,0.8487712665406427,0.19163326653306614,0.8279773156899811,0.187625250501002
bank_marketing,2,3,505,weighted_lr:default,0.5,0.7958412098298677,0.15355711422845691,0.780718336483932,0.15155310621242485
bank_marketing,2,3,505,weighted_lr:oof_macro_f1,0.6807984552046628,0.6408317580340265,0.09468937875751503,0.6162570888468809,0.08792585170340682
bank_marketing,2,3,505,weighted_lr:oof_balanced_accuracy,0.4240283736213618,0.8412098298676749,0.1901302605210421,0.8298676748582231,0.18386773547094187
bank_marketing,2,3,505,rf:default,0.5,0.3799621928166352,0.02530060120240481,0.3648393194706994,0.024799599198396794
bank_marketing,2,3,505,rf:oof_macro_f1,0.3202003422933656,0.6521739130434783,0.07740480961923847,0.6540642722117203,0.07114228456913828
bank_marketing,2,3,505,rf:oof_balanced_accuracy,0.1177572091886608,0.9054820415879017,0.18587174348697394,0.8998109640831758,0.1743486973947896
bank_marketing,2,3,505,balanced_rf:default,0.5,0.8449905482041588,0.14353707414829658,0.8260869565217391,0.13977955911823647
bank_marketing,2,3,505,balanced_rf:oof_macro_f1,0.6305265567765568,0.6994328922495274,0.09268537074148296,0.6994328922495274,0.08667334669338678
bank_marketing,2,3,505,balanced_rf:oof_balanced_accuracy,0.4306781442241968,0.8865784499054821,0.17685370741482967,0.8865784499054821,0.16608216432865733
bank_marketing,2,4,101,unweighted_lr:default,0.5,0.34026465028355385,0.02530060120240481,0.3005671077504726,0.019789579158316632
bank_marketing,2,4,101,unweighted_lr:oof_macro_f1,0.2182516372615694,0.6162570888468809,0.0748997995991984,0.6143667296786389,0.06513026052104208
bank_marketing,2,4,101,unweighted_lr:oof_balanced_accuracy,0.0954872766737934,0.8657844990548205,0.1908817635270541,0.8412098298676749,0.18086172344689377
bank_marketing,2,4,101,weighted_lr:default,0.5,0.8034026465028355,0.14554108216432865,0.7958412098298677,0.13201402805611223
bank_marketing,2,4,101,weighted_lr:oof_macro_f1,0.7049319776805291,0.6332703213610587,0.07765531062124248,0.6332703213610587,0.06938877755511022
bank_marketing,2,4,101,weighted_lr:oof_balanced_accuracy,0.40141508098368606,0.8827977315689981,0.1938877755511022,0.8563327032136105,0.18336673346693386
bank_marketing,2,4,101,rf:default,0.5,0.3572778827977316,0.028557114228456915,0.3516068052930057,0.02004008016032064
bank_marketing,2,4,101,rf:oof_macro_f1,0.29087194337194333,0.725897920604915,0.09118236472945891,0.6975425330812854,0.07515030060120241
bank_marketing,2,4,101,rf:oof_balanced_accuracy,0.13067460317460317,0.9092627599243857,0.1690881763527054,0.8714555765595463,0.15881763527054107
bank_marketing,2,4,101,balanced_rf:default,0.5,0.8601134215500945,0.14428857715430862,0.831758034026465,0.13001002004008017
bank_marketing,2,4,101,balanced_rf:oof_macro_f1,0.6218581954280483,0.7296786389413988,0.09644288577154309,0.6937618147448015,0.08216432865731463
bank_marketing,2,4,101,balanced_rf:oof_balanced_accuracy,0.4035964912280702,0.9111531190926276,0.18386773547094187,0.888468809073724,0.17359719438877755
bank_marketing,2,4,202,unweighted_lr:default,0.5,0.34026465028355385,0.02530060120240481,0.3005671077504726,0.019789579158316632
bank_marketing,2,4,202,unweighted_lr:oof_macro_f1,0.2182516372615694,0.6162570888468809,0.0748997995991984,0.6143667296786389,0.06513026052104208
bank_marketing,2,4,202,unweighted_lr:oof_balanced_accuracy,0.0954872766737934,0.8657844990548205,0.1908817635270541,0.8412098298676749,0.18086172344689377
bank_marketing,2,4,202,weighted_lr:default,0.5,0.8034026465028355,0.14554108216432865,0.7958412098298677,0.13201402805611223
bank_marketing,2,4,202,weighted_lr:oof_macro_f1,0.7049319776805291,0.6332703213610587,0.07765531062124248,0.6332703213610587,0.06938877755511022
bank_marketing,2,4,202,weighted_lr:oof_balanced_accuracy,0.40141508098368606,0.8827977315689981,0.1938877755511022,0.8563327032136105,0.18336673346693386
bank_marketing,2,4,202,rf:default,0.5,0.3629489603024575,0.026052104208416832,0.34215500945179583,0.023547094188376753
bank_marketing,2,4,202,rf:oof_macro_f1,0.3025174811571871,0.724007561436673,0.08266533066132264,0.6918714555765595,0.07314629258517034
bank_marketing,2,4,202,rf:oof_balanced_accuracy,0.11951111388611388,0.9281663516068053,0.18036072144288579,0.8846880907372401,0.16432865731462926
bank_marketing,2,4,202,balanced_rf:default,0.5,0.8638941398865785,0.14504008016032063,0.8279773156899811,0.13001002004008017
bank_marketing,2,4,202,balanced_rf:oof_macro_f1,0.6466190476190476,0.6975425330812854,0.08592184368737475,0.665406427221172,0.07314629258517034
bank_marketing,2,4,202,balanced_rf:oof_balanced_accuracy,0.4213897849462366,0.9206049149338374,0.17535070140280562,0.8752362948960303,0.16858717434869738
bank_marketing,2,4,303,unweighted_lr:default,0.5,0.34026465028355385,0.02530060120240481,0.3005671077504726,0.019789579158316632
bank_marketing,2,4,303,unweighted_lr:oof_macro_f1,0.2182516372615694,0.6162570888468809,0.0748997995991984,0.6143667296786389,0.06513026052104208
bank_marketing,2,4,303,unweighted_lr:oof_balanced_accuracy,0.0954872766737934,0.8657844990548205,0.1908817635270541,0.8412098298676749,0.18086172344689377
bank_marketing,2,4,303,weighted_lr:default,0.5,0.8034026465028355,0.14554108216432865,0.7958412098298677,0.13201402805611223
bank_marketing,2,4,303,weighted_lr:oof_macro_f1,0.7049319776805291,0.6332703213610587,0.07765531062124248,0.6332703213610587,0.06938877755511022
bank_marketing,2,4,303,weighted_lr:oof_balanced_accuracy,0.40141508098368606,0.8827977315689981,0.1938877755511022,0.8563327032136105,0.18336673346693386
bank_marketing,2,4,303,rf:default,0.5,0.387523629489603,0.02655310621242485,0.3572778827977316,0.023046092184368736
bank_marketing,2,4,303,rf:oof_macro_f1,0.28231829573934836,0.7334593572778828,0.09118236472945891,0.7069943289224953,0.07865731462925851
bank_marketing,2,4,303,rf:oof_balanced_accuracy,0.1419520138571646,0.8941398865784499,0.1653306613226453,0.8620037807183365,0.14879759519038077
bank_marketing,2,4,303,balanced_rf:default,0.5,0.8563327032136105,0.14804609218436873,0.8355387523629489,0.1312625250501002
bank_marketing,2,4,303,balanced_rf:oof_macro_f1,0.6418161809350335,0.720226843100189,0.08867735470941884,0.6975425330812854,0.07740480961923847
bank_marketing,2,4,303,balanced_rf:oof_balanced_accuracy,0.4088981694828469,0.9092627599243857,0.18261523046092185,0.8903591682419659,0.17585170340681364
bank_marketing,2,4,404,unweighted_lr:default,0.5,0.34026465028355385,0.02530060120240481,0.3005671077504726,0.019789579158316632
bank_marketing,2,4,404,unweighted_lr:oof_macro_f1,0.2182516372615694,0.6162570888468809,0.0748997995991984,0.6143667296786389,0.06513026052104208
bank_marketing,2,4,404,unweighted_lr:oof_balanced_accuracy,0.0954872766737934,0.8657844990548205,0.1908817635270541,0.8412098298676749,0.18086172344689377
bank_marketing,2,4,404,weighted_lr:default,0.5,0.8034026465028355,0.14554108216432865,0.7958412098298677,0.13201402805611223
bank_marketing,2,4,404,weighted_lr:oof_macro_f1,0.7049319776805291,0.6332703213610587,0.07765531062124248,0.6332703213610587,0.06938877755511022
bank_marketing,2,4,404,weighted_lr:oof_balanced_accuracy,0.40141508098368606,0.8827977315689981,0.1938877755511022,0.8563327032136105,0.18336673346693386
bank_marketing,2,4,404,rf:default,0.5,0.3724007561436673,0.028056112224448898,0.3440453686200378,0.023046092184368736
bank_marketing,2,4,404,rf:oof_macro_f1,0.2950738249845392,0.7032136105860114,0.08867735470941884,0.6956521739130435,0.07239478957915832
bank_marketing,2,4,404,rf:oof_balanced_accuracy,0.11719022730895907,0.9319470699432892,0.1813627254509018,0.8903591682419659,0.17259519038076152
bank_marketing,2,4,404,balanced_rf:default,0.5,0.8695652173913043,0.14203406813627253,0.8241965973534972,0.12900801603206413
bank_marketing,2,4,404,balanced_rf:oof_macro_f1,0.6475114468864469,0.6691871455576559,0.08366733466933868,0.6559546313799622,0.07264529058116233
bank_marketing,2,4,404,balanced_rf:oof_balanced_accuracy,0.4168779016526109,0.9073724007561437,0.17960921843687375,0.8846880907372401,0.1720941883767535
bank_marketing,2,4,505,unweighted_lr:default,0.5,0.34026465028355385,0.02530060120240481,0.3005671077504726,0.019789579158316632
bank_marketing,2,4,505,unweighted_lr:oof_macro_f1,0.2182516372615694,0.6162570888468809,0.0748997995991984,0.6143667296786389,0.06513026052104208
bank_marketing,2,4,505,unweighted_lr:oof_balanced_accuracy,0.0954872766737934,0.8657844990548205,0.1908817635270541,0.8412098298676749,0.18086172344689377
bank_marketing,2,4,505,weighted_lr:default,0.5,0.8034026465028355,0.14554108216432865,0.7958412098298677,0.13201402805611223
bank_marketing,2,4,505,weighted_lr:oof_macro_f1,0.7049319776805291,0.6332703213610587,0.07765531062124248,0.6332703213610587,0.06938877755511022
bank_marketing,2,4,505,weighted_lr:oof_balanced_accuracy,0.40141508098368606,0.8827977315689981,0.1938877755511022,0.8563327032136105,0.18336673346693386
bank_marketing,2,4,505,rf:default,0.5,0.3686200378071834,0.026052104208416832,0.34026465028355385,0.02404809619238477
bank_marketing,2,4,505,rf:oof_macro_f1,0.2893795093795094,0.7126654064272212,0.0906813627254509,0.7051039697542533,0.07214428857715431
bank_marketing,2,4,505,rf:oof_balanced_accuracy,0.13260438442466488,0.8903591682419659,0.17009018036072143,0.8714555765595463,0.1598196392785571
bank_marketing,2,4,505,balanced_rf:default,0.5,0.8714555765595463,0.1440380761523046,0.8279773156899811,0.13051102204408818
bank_marketing,2,4,505,balanced_rf:oof_macro_f1,0.6275,0.7599243856332704,0.09218436873747494,0.7107750472589792,0.08066132264529058
bank_marketing,2,4,505,balanced_rf:oof_balanced_accuracy,0.42917782738095234,0.9092627599243857,0.1713426853707415,0.8809073724007561,0.16107214428857716
churn,0,0,101,unweighted_lr:default,0.5,0.17142857142857143,0.037296037296037296,0.2676056338028169,0.046511627906976744
churn,0,0,101,unweighted_lr:oof_macro_f1,0.22031601681479185,0.6714285714285714,0.08158508158508158,0.7323943661971831,0.13023255813953488
churn,0,0,101,unweighted_lr:oof_balanced_accuracy,0.17047098483428405,0.7857142857142857,0.12354312354312354,0.7605633802816901,0.17674418604651163
churn,0,0,101,weighted_lr:default,0.5,0.8285714285714286,0.1258741258741259,0.7887323943661971,0.1813953488372093
churn,0,0,101,weighted_lr:oof_macro_f1,0.571115050138979,0.7142857142857143,0.0979020979020979,0.7464788732394366,0.13953488372093023
churn,0,0,101,weighted_lr:oof_balanced_accuracy,0.5195198641354741,0.8142857142857143,0.11655011655011654,0.7887323943661971,0.16744186046511628
churn,0,0,101,rf:default,0.5,0.6,0.002331002331002331,0.6901408450704225,0.011627906976744186
churn,0,0,101,rf:oof_macro_f1,0.3579761904761905,0.6857142857142857,0.011655011655011656,0.8028169014084507,0.02558139534883721
churn,0,0,101,rf:oof_balanced_accuracy,0.23833333333333334,0.7285714285714285,0.023310023310023312,0.8169014084507042,0.06046511627906977
churn,0,0,101,balanced_rf:default,0.5,0.7428571428571429,0.03263403263403263,0.7887323943661971,0.06279069767441861
churn,0,0,101,balanced_rf:oof_macro_f1,0.6083333333333333,0.7142857142857143,0.011655011655011656,0.7464788732394366,0.020930232558139535
churn,0,0,101,balanced_rf:oof_balanced_accuracy,0.5095238095238095,0.7428571428571429,0.02564102564102564,0.7887323943661971,0.053488372093023255
churn,0,0,202,unweighted_lr:default,0.5,0.17142857142857143,0.037296037296037296,0.2676056338028169,0.046511627906976744
churn,0,0,202,unweighted_lr:oof_macro_f1,0.22031601681479185,0.6714285714285714,0.08158508158508158,0.7323943661971831,0.13023255813953488
churn,0,0,202,unweighted_lr:oof_balanced_accuracy,0.17047098483428405,0.7857142857142857,0.12354312354312354,0.7605633802816901,0.17674418604651163
churn,0,0,202,weighted_lr:default,0.5,0.8285714285714286,0.1258741258741259,0.7887323943661971,0.1813953488372093
churn,0,0,202,weighted_lr:oof_macro_f1,0.571115050138979,0.7142857142857143,0.0979020979020979,0.7464788732394366,0.13953488372093023
churn,0,0,202,weighted_lr:oof_balanced_accuracy,0.5195198641354741,0.8142857142857143,0.11655011655011654,0.7887323943661971,0.16744186046511628
churn,0,0,202,rf:default,0.5,0.6142857142857143,0.002331002331002331,0.7183098591549296,0.0069767441860465115
churn,0,0,202,rf:oof_macro_f1,0.3404166666666667,0.7142857142857143,0.016317016317016316,0.7887323943661971,0.03488372093023256
churn,0,0,202,rf:oof_balanced_accuracy,0.23750000000000004,0.7285714285714285,0.03263403263403263,0.8028169014084507,0.05813953488372093
churn,0,0,202,balanced_rf:default,0.5,0.7428571428571429,0.046620046620046623,0.8169014084507042,0.06279069767441861
churn,0,0,202,balanced_rf:oof_macro_f1,0.6375,0.6428571428571429,0.018648018648018648,0.704225352112676,0.020930232558139535
churn,0,0,202,balanced_rf:oof_balanced_accuracy,0.46875,0.7428571428571429,0.06526806526806526,0.8309859154929577,0.06976744186046512
churn,0,0,303,unweighted_lr:default,0.5,0.17142857142857143,0.037296037296037296,0.2676056338028169,0.046511627906976744
churn,0,0,303,unweighted_lr:oof_macro_f1,0.22031601681479185,0.6714285714285714,0.08158508158508158,0.7323943661971831,0.13023255813953488
churn,0,0,303,unweighted_lr:oof_balanced_accuracy,0.17047098483428405,0.7857142857142857,0.12354312354312354,0.7605633802816901,0.17674418604651163
churn,0,0,303,weighted_lr:default,0.5,0.8285714285714286,0.1258741258741259,0.7887323943661971,0.1813953488372093
churn,0,0,303,weighted_lr:oof_macro_f1,0.571115050138979,0.7142857142857143,0.0979020979020979,0.7464788732394366,0.13953488372093023
churn,0,0,303,weighted_lr:oof_balanced_accuracy,0.5195198641354741,0.8142857142857143,0.11655011655011654,0.7887323943661971,0.16744186046511628
churn,0,0,303,rf:default,0.5,0.6,0.004662004662004662,0.7464788732394366,0.004651162790697674
churn,0,0,303,rf:oof_macro_f1,0.37124999999999997,0.7142857142857143,0.011655011655011656,0.7605633802816901,0.023255813953488372
churn,0,0,303,rf:oof_balanced_accuracy,0.24874999999999997,0.7285714285714285,0.02564102564102564,0.8028169014084507,0.05581395348837209
churn,0,0,303,balanced_rf:default,0.5,0.7714285714285715,0.055944055944055944,0.8028169014084507,0.07441860465116279
churn,0,0,303,balanced_rf:oof_macro_f1,0.6291666666666668,0.6714285714285714,0.016317016317016316,0.7323943661971831,0.02558139534883721
churn,0,0,303,balanced_rf:oof_balanced_accuracy,0.4604166666666666,0.7857142857142857,0.06993006993006994,0.8169014084507042,0.09302325581395349
churn,0,0,404,unweighted_lr:default,0.5,0.17142857142857143,0.037296037296037296,0.2676056338028169,0.046511627906976744
churn,0,0,404,unweighted_lr:oof_macro_f1,0.22031601681479185,0.6714285714285714,0.08158508158508158,0.7323943661971831,0.13023255813953488
churn,0,0,404,unweighted_lr:oof_balanced_accuracy,0.17047098483428405,0.7857142857142857,0.12354312354312354,0.7605633802816901,0.17674418604651163
churn,0,0,404,weighted_lr:default,0.5,0.8285714285714286,0.1258741258741259,0.7887323943661971,0.1813953488372093
churn,0,0,404,weighted_lr:oof_macro_f1,0.571115050138979,0.7142857142857143,0.0979020979020979,0.7464788732394366,0.13953488372093023
churn,0,0,404,weighted_lr:oof_balanced_accuracy,0.5195198641354741,0.8142857142857143,0.11655011655011654,0.7887323943661971,0.16744186046511628
churn,0,0,404,rf:default,0.5,0.5714285714285714,0.002331002331002331,0.7183098591549296,0.0069767441860465115
churn,0,0,404,rf:oof_macro_f1,0.4041666666666667,0.6571428571428571,0.004662004662004662,0.7887323943661971,0.018604651162790697
churn,0,0,404,rf:oof_balanced_accuracy,0.26625,0.7428571428571429,0.02097902097902098,0.8309859154929577,0.053488372093023255
churn,0,0,404,balanced_rf:default,0.5,0.7571428571428571,0.05128205128205128,0.8028169014084507,0.06046511627906977
churn,0,0,404,balanced_rf:oof_macro_f1,0.6333333333333334,0.6714285714285714,0.016317016317016316,0.7464788732394366,0.011627906976744186
churn,0,0,404,balanced_rf:oof_balanced_accuracy,0.4958333333333333,0.7571428571428571,0.053613053613053616,0.8028169014084507,0.06511627906976744
churn,0,0,505,unweighted_lr:default,0.5,0.17142857142857143,0.037296037296037296,0.2676056338028169,0.046511627906976744
churn,0,0,505,unweighted_lr:oof_macro_f1,0.22031601681479185,0.6714285714285714,0.08158508158508158,0.7323943661971831,0.13023255813953488
churn,0,0,505,unweighted_lr:oof_balanced_accuracy,0.17047098483428405,0.7857142857142857,0.12354312354312354,0.7605633802816901,0.17674418604651163
churn,0,0,505,weighted_lr:default,0.5,0.8285714285714286,0.1258741258741259,0.7887323943661971,0.1813953488372093
churn,0,0,505,weighted_lr:oof_macro_f1,0.571115050138979,0.7142857142857143,0.0979020979020979,0.7464788732394366,0.13953488372093023
churn,0,0,505,weighted_lr:oof_balanced_accuracy,0.5195198641354741,0.8142857142857143,0.11655011655011654,0.7887323943661971,0.16744186046511628
churn,0,0,505,rf:default,0.5,0.6142857142857143,0.006993006993006993,0.7323943661971831,0.004651162790697674
churn,0,0,505,rf:oof_macro_f1,0.41583333333333333,0.6714285714285714,0.009324009324009324,0.7464788732394366,0.018604651162790697
churn,0,0,505,rf:oof_balanced_accuracy,0.2526190476190476,0.7142857142857143,0.018648018648018648,0.8169014084507042,0.04883720930232558
churn,0,0,505,balanced_rf:default,0.5,0.7285714285714285,0.04428904428904429,0.8028169014084507,0.06046511627906977
churn,0,0,505,balanced_rf:oof_macro_f1,0.5976190476190475,0.6714285714285714,0.023310023310023312,0.7746478873239436,0.027906976744186046
churn,0,0,505,balanced_rf:oof_balanced_accuracy,0.4625,0.7571428571428571,0.06060606060606061,0.8028169014084507,0.08139534883720931
churn,0,1,101,unweighted_lr:default,0.5,0.14285714285714285,0.046620046620046623,0.16901408450704225,0.030232558139534883
churn,0,1,101,unweighted_lr:oof_macro_f1,0.22878768437860567,0.6428571428571429,0.10722610722610723,0.6619718309859155,0.1
churn,0,1,101,unweighted_lr:oof_balanced_accuracy,0.16215895245454057,0.7857142857142857,0.17249417249417248,0.8028169014084507,0.16279069767441862
churn,0,1,101,weighted_lr:default,0.5,0.8142857142857143,0.17016317016317017,0.8732394366197183,0.16279069767441862
churn,0,1,101,weighted_lr:oof_macro_f1,0.5938197319015385,0.7571428571428571,0.11888111888111888,0.7323943661971831,0.10697674418604651
churn,0,1,101,weighted_lr:oof_balanced_accuracy,0.5081910474118118,0.8142857142857143,0.16317016317016317,0.8591549295774648,0.16046511627906976
churn,0,1,101,rf:default,0.5,0.6285714285714286,0.009324009324009324,0.676056338028169,0.009302325581395349
churn,0,1,101,rf:oof_macro_f1,0.3954166666666667,0.7,0.027972027972027972,0.7605633802816901,0.013953488372093023
churn,0,1,101,rf:oof_balanced_accuracy,0.2891666666666667,0.7857142857142857,0.046620046620046623,0.8169014084507042,0.027906976744186046
churn,0,1,101,balanced_rf:default,0.5,0.7714285714285715,0.06293706293706294,0.8591549295774648,0.06744186046511629
churn,0,1,101,balanced_rf:oof_macro_f1,0.6208333333333333,0.7,0.030303030303030304,0.7323943661971831,0.02558139534883721
churn,0,1,101,balanced_rf:oof_balanced_accuracy,0.5583333333333333,0.7142857142857143,0.04428904428904429,0.8169014084507042,0.05116279069767442
churn,0,1,202,unweighted_lr:default,0.5,0.14285714285714285,0.046620046620046623,0.16901408450704225,0.030232558139534883
churn,0,1,202,unweighted_lr:oof_macro_f1,0.22878768437860567,0.6428571428571429,0.10722610722610723,0.6619718309859155,0.1
churn,0,1,202,unweighted_lr:oof_balanced_accuracy,0.16215895245454057,0.7857142857142857,0.17249417249417248,0.8028169014084507,0.16279069767441862
churn,0,1,202,weighted_lr:default,0.5,0.8142857142857143,0.17016317016317017,0.8732394366197183,0.16279069767441862
churn,0,1,202,weighted_lr:oof_macro_f1,0.5938197319015385,0.7571428571428571,0.11888111888111888,0.7323943661971831,0.10697674418604651
churn,0,1,202,weighted_lr:oof_balanced_accuracy,0.5081910474118118,0.8142857142857143,0.16317016317016317,0.8591549295774648,0.16046511627906976
churn,0,1,202,rf:default,0.5,0.6571428571428571,0.009324009324009324,0.704225352112676,0.004651162790697674
churn,0,1,202,rf:oof_macro_f1,0.33958333333333335,0.7428571428571429,0.02564102564102564,0.7887323943661971,0.01627906976744186
churn,0,1,202,rf:oof_balanced_accuracy,0.3083333333333334,0.7857142857142857,0.03263403263403263,0.8169014084507042,0.020930232558139535
churn,0,1,202,balanced_rf:default,0.5,0.7428571428571429,0.06060606060606061,0.8309859154929577,0.07209302325581396
churn,0,1,202,balanced_rf:oof_macro_f1,0.621875,0.6857142857142857,0.023310023310023312,0.7746478873239436,0.020930232558139535
churn,0,1,202,balanced_rf:oof_balanced_accuracy,0.5104166666666666,0.7285714285714285,0.06060606060606061,0.8309859154929577,0.06744186046511629
churn,0,1,303,unweighted_lr:default,0.5,0.14285714285714285,0.046620046620046623,0.16901408450704225,0.030232558139534883
churn,0,1,303,unweighted_lr:oof_macro_f1,0.22878768437860567,0.6428571428571429,0.10722610722610723,0.6619718309859155,0.1
churn,0,1,303,unweighted_lr:oof_balanced_accuracy,0.16215895245454057,0.7857142857142857,0.17249417249417248,0.8028169014084507,0.16279069767441862
churn,0,1,303,weighted_lr:default,0.5,0.8142857142857143,0.17016317016317017,0.8732394366197183,0.16279069767441862
churn,0,1,303,weighted_lr:oof_macro_f1,0.5938197319015385,0.7571428571428571,0.11888111888111888,0.7323943661971831,0.10697674418604651
churn,0,1,303,weighted_lr:oof_balanced_accuracy,0.5081910474118118,0.8142857142857143,0.16317016317016317,0.8591549295774648,0.16046511627906976
churn,0,1,303,rf:default,0.5,0.6571428571428571,0.006993006993006993,0.7183098591549296,0.002325581395348837
churn,0,1,303,rf:oof_macro_f1,0.3736111111111111,0.7571428571428571,0.02564102564102564,0.8028169014084507,0.01627906976744186
churn,0,1,303,rf:oof_balanced_accuracy,0.23952380952380953,0.8142857142857143,0.07226107226107226,0.8450704225352113,0.06976744186046512
churn,0,1,303,balanced_rf:default,0.5,0.7285714285714285,0.0675990675990676,0.8309859154929577,0.06279069767441861
churn,0,1,303,balanced_rf:oof_macro_f1,0.6166666666666667,0.6714285714285714,0.030303030303030304,0.7464788732394366,0.02558139534883721
churn,0,1,303,balanced_rf:oof_balanced_accuracy,0.5125,0.7285714285714285,0.06060606060606061,0.8309859154929577,0.053488372093023255
churn,0,1,404,unweighted_lr:default,0.5,0.14285714285714285,0.046620046620046623,0.16901408450704225,0.030232558139534883
churn,0,1,404,unweighted_lr:oof_macro_f1,0.22878768437860567,0.6428571428571429,0.10722610722610723,0.6619718309859155,0.1
churn,0,1,404,unweighted_lr:oof_balanced_accuracy,0.16215895245454057,0.7857142857142857,0.17249417249417248,0.8028169014084507,0.16279069767441862
churn,0,1,404,weighted_lr:default,0.5,0.8142857142857143,0.17016317016317017,0.8732394366197183,0.16279069767441862
churn,0,1,404,weighted_lr:oof_macro_f1,0.5938197319015385,0.7571428571428571,0.11888111888111888,0.7323943661971831,0.10697674418604651
churn,0,1,404,weighted_lr:oof_balanced_accuracy,0.5081910474118118,0.8142857142857143,0.16317016317016317,0.8591549295774648,0.16046511627906976
churn,0,1,404,rf:default,0.5,0.6142857142857143,0.011655011655011656,0.676056338028169,0.004651162790697674
churn,0,1,404,rf:oof_macro_f1,0.39154761904761903,0.7285714285714285,0.016317016317016316,0.7605633802816901,0.013953488372093023
churn,0,1,404,rf:oof_balanced_accuracy,0.25333333333333335,0.7857142857142857,0.05827505827505827,0.8591549295774648,0.04883720930232558
churn,0,1,404,balanced_rf:default,0.5,0.7857142857142857,0.06526806526806526,0.8450704225352113,0.07906976744186046
churn,0,1,404,balanced_rf:oof_macro_f1,0.575,0.7571428571428571,0.04195804195804196,0.8028169014084507,0.04186046511627907
churn,0,1,404,balanced_rf:oof_balanced_accuracy,0.5166666666666667,0.7857142857142857,0.05128205128205128,0.8309859154929577,0.07441860465116279
churn,0,1,505,unweighted_lr:default,0.5,0.14285714285714285,0.046620046620046623,0.16901408450704225,0.030232558139534883
churn,0,1,505,unweighted_lr:oof_macro_f1,0.22878768437860567,0.6428571428571429,0.10722610722610723,0.6619718309859155,0.1
churn,0,1,505,unweighted_lr:oof_balanced_accuracy,0.16215895245454057,0.7857142857142857,0.17249417249417248,0.8028169014084507,0.16279069767441862
churn,0,1,505,weighted_lr:default,0.5,0.8142857142857143,0.17016317016317017,0.8732394366197183,0.16279069767441862
churn,0,1,505,weighted_lr:oof_macro_f1,0.5938197319015385,0.7571428571428571,0.11888111888111888,0.7323943661971831,0.10697674418604651
churn,0,1,505,weighted_lr:oof_balanced_accuracy,0.5081910474118118,0.8142857142857143,0.16317016317016317,0.8591549295774648,0.16046511627906976
churn,0,1,505,rf:default,0.5,0.6428571428571429,0.006993006993006993,0.7183098591549296,0.009302325581395349
churn,0,1,505,rf:oof_macro_f1,0.33999999999999997,0.7428571428571429,0.02097902097902098,0.7887323943661971,0.023255813953488372
churn,0,1,505,rf:oof_balanced_accuracy,0.2920833333333333,0.7857142857142857,0.03263403263403263,0.8169014084507042,0.03488372093023256
churn,0,1,505,balanced_rf:default,0.5,0.7285714285714285,0.06526806526806526,0.8450704225352113,0.06976744186046512
churn,0,1,505,balanced_rf:oof_macro_f1,0.6286858974358974,0.6571428571428571,0.02564102564102564,0.7323943661971831,0.018604651162790697
churn,0,1,505,balanced_rf:oof_balanced_accuracy,0.5224358974358975,0.7285714285714285,0.05827505827505827,0.8450704225352113,0.05581395348837209
churn,0,2,101,unweighted_lr:default,0.5,0.14285714285714285,0.053613053613053616,0.2112676056338028,0.046511627906976744
churn,0,2,101,unweighted_lr:oof_macro_f1,0.2215549399471728,0.7285714285714285,0.12354312354312354,0.7323943661971831,0.08372093023255814
churn,0,2,101,unweighted_lr:oof_balanced_accuracy,0.14463717871265752,0.8571428571428571,0.2191142191142191,0.8732394366197183,0.17674418604651163
churn,0,2,101,weighted_lr:default,0.5,0.8714285714285714,0.17715617715617715,0.9154929577464789,0.14418604651162792
churn,0,2,101,weighted_lr:oof_macro_f1,0.6018398870634151,0.7571428571428571,0.1282051282051282,0.7746478873239436,0.08139534883720931
churn,0,2,101,weighted_lr:oof_balanced_accuracy,0.5106704454370726,0.8571428571428571,0.17016317016317017,0.9154929577464789,0.13953488372093023
churn,0,2,101,rf:default,0.5,0.7428571428571429,0.02097902097902098,0.7746478873239436,0.013953488372093023
churn,0,2,101,rf:oof_macro_f1,0.4145833333333333,0.7714285714285715,0.037296037296037296,0.8028169014084507,0.01627906976744186
churn,0,2,101,rf:oof_balanced_accuracy,0.2770833333333333,0.8571428571428571,0.06526806526806526,0.8450704225352113,0.04883720930232558
churn,0,2,101,balanced_rf:default,0.5,0.8285714285714286,0.09557109557109557,0.8591549295774648,0.08837209302325581
churn,0,2,101,balanced_rf:oof_macro_f1,0.6083333333333335,0.8142857142857143,0.04428904428904429,0.7746478873239436,0.04186046511627907
churn,0,2,101,balanced_rf:oof_balanced_accuracy,0.5333333333333334,0.8285714285714286,0.06993006993006994,0.8591549295774648,0.06511627906976744
churn,0,2,202,unweighted_lr:default,0.5,0.14285714285714285,0.053613053613053616,0.2112676056338028,0.046511627906976744
churn,0,2,202,unweighted_lr:oof_macro_f1,0.2215549399471728,0.7285714285714285,0.12354312354312354,0.7323943661971831,0.08372093023255814
churn,0,2,202,unweighted_lr:oof_balanced_accuracy,0.14463717871265752,0.8571428571428571,0.2191142191142191,0.8732394366197183,0.17674418604651163
churn,0,2,202,weighted_lr:default,0.5,0.8714285714285714,0.17715617715617715,0.9154929577464789,0.14418604651162792
churn,0,2,202,weighted_lr:oof_macro_f1,0.6018398870634151,0.7571428571428571,0.1282051282051282,0.7746478873239436,0.08139534883720931
churn,0,2,202,weighted_lr:oof_balanced_accuracy,0.5106704454370726,0.8571428571428571,0.17016317016317017,0.9154929577464789,0.13953488372093023
churn,0,2,202,rf:default,0.5,0.7714285714285715,0.018648018648018648,0.7605633802816901,0.01627906976744186
churn,0,2,202,rf:oof_macro_f1,0.4099038461538462,0.8,0.03496503496503497,0.7887323943661971,0.020930232558139535
churn,0,2,202,rf:oof_balanced_accuracy,0.23041666666666666,0.8571428571428571,0.08391608391608392,0.8450704225352113,0.07674418604651163
churn,0,2,202,balanced_rf:default,0.5,0.8428571428571429,0.08158508158508158,0.8450704225352113,0.08139534883720931
churn,0,2,202,balanced_rf:oof_macro_f1,0.6193965517241379,0.8,0.04895104895104895,0.7887323943661971,0.037209302325581395
churn,0,2,202,balanced_rf:oof_balanced_accuracy,0.5395833333333333,0.8428571428571429,0.07459207459207459,0.8309859154929577,0.06744186046511629
churn,0,2,303,unweighted_lr:default,0.5,0.14285714285714285,0.053613053613053616,0.2112676056338028,0.046511627906976744
churn,0,2,303,unweighted_lr:oof_macro_f1,0.2215549399471728,0.7285714285714285,0.12354312354312354,0.7323943661971831,0.08372093023255814
churn,0,2,303,unweighted_lr:oof_balanced_accuracy,0.14463717871265752,0.8571428571428571,0.2191142191142191,0.8732394366197183,0.17674418604651163
churn,0,2,303,weighted_lr:default,0.5,0.8714285714285714,0.17715617715617715,0.9154929577464789,0.14418604651162792
churn,0,2,303,weighted_lr:oof_macro_f1,0.6018398870634151,0.7571428571428571,0.1282051282051282,0.7746478873239436,0.08139534883720931
churn,0,2,303,weighted_lr:oof_balanced_accuracy,0.5106704454370726,0.8571428571428571,0.17016317016317017,0.9154929577464789,0.13953488372093023
churn,0,2,303,rf:default,0.5,0.7,0.023310023310023312,0.7323943661971831,0.011627906976744186
churn,0,2,303,rf:oof_macro_f1,0.3858333333333333,0.8,0.046620046620046623,0.7746478873239436,0.027906976744186046
churn,0,2,303,rf:oof_balanced_accuracy,0.3162817551963048,0.8571428571428571,0.05128205128205128,0.8309859154929577,0.03488372093023256
churn,0,2,303,balanced_rf:default,0.5,0.8428571428571429,0.07925407925407925,0.8169014084507042,0.07674418604651163
churn,0,2,303,balanced_rf:oof_macro_f1,0.6145833333333333,0.8142857142857143,0.05128205128205128,0.7605633802816901,0.037209302325581395
churn,0,2,303,balanced_rf:oof_balanced_accuracy,0.5208333333333334,0.8428571428571429,0.07459207459207459,0.8169014084507042,0.06976744186046512
churn,0,2,404,unweighted_lr:default,0.5,0.14285714285714285,0.053613053613053616,0.2112676056338028,0.046511627906976744
churn,0,2,404,unweighted_lr:oof_macro_f1,0.2215549399471728,0.7285714285714285,0.12354312354312354,0.7323943661971831,0.08372093023255814
churn,0,2,404,unweighted_lr:oof_balanced_accuracy,0.14463717871265752,0.8571428571428571,0.2191142191142191,0.8732394366197183,0.17674418604651163
churn,0,2,404,weighted_lr:default,0.5,0.8714285714285714,0.17715617715617715,0.9154929577464789,0.14418604651162792
churn,0,2,404,weighted_lr:oof_macro_f1,0.6018398870634151,0.7571428571428571,0.1282051282051282,0.7746478873239436,0.08139534883720931
churn,0,2,404,weighted_lr:oof_balanced_accuracy,0.5106704454370726,0.8571428571428571,0.17016317016317017,0.9154929577464789,0.13953488372093023
churn,0,2,404,rf:default,0.5,0.7,0.018648018648018648,0.7464788732394366,0.013953488372093023
churn,0,2,404,rf:oof_macro_f1,0.375,0.7857142857142857,0.03496503496503497,0.8028169014084507,0.02558139534883721
churn,0,2,404,rf:oof_balanced_accuracy,0.2833333333333333,0.8285714285714286,0.06060606060606061,0.8309859154929577,0.03953488372093023
churn,0,2,404,balanced_rf:default,0.5,0.8571428571428571,0.09090909090909091,0.8450704225352113,0.08837209302325581
churn,0,2,404,balanced_rf:oof_macro_f1,0.5770833333333333,0.8428571428571429,0.0675990675990676,0.8450704225352113,0.053488372093023255
churn,0,2,404,balanced_rf:oof_balanced_accuracy,0.4708333333333334,0.8571428571428571,0.1048951048951049,0.8591549295774648,0.09534883720930233
churn,0,2,505,unweighted_lr:default,0.5,0.14285714285714285,0.053613053613053616,0.2112676056338028,0.046511627906976744
churn,0,2,505,unweighted_lr:oof_macro_f1,0.2215549399471728,0.7285714285714285,0.12354312354312354,0.7323943661971831,0.08372093023255814
churn,0,2,505,unweighted_lr:oof_balanced_accuracy,0.14463717871265752,0.8571428571428571,0.2191142191142191,0.8732394366197183,0.17674418604651163
churn,0,2,505,weighted_lr:default,0.5,0.8714285714285714,0.17715617715617715,0.9154929577464789,0.14418604651162792
churn,0,2,505,weighted_lr:oof_macro_f1,0.6018398870634151,0.7571428571428571,0.1282051282051282,0.7746478873239436,0.08139534883720931
churn,0,2,505,weighted_lr:oof_balanced_accuracy,0.5106704454370726,0.8571428571428571,0.17016317016317017,0.9154929577464789,0.13953488372093023
churn,0,2,505,rf:default,0.5,0.7428571428571429,0.018648018648018648,0.6901408450704225,0.011627906976744186
churn,0,2,505,rf:oof_macro_f1,0.3770833333333333,0.8142857142857143,0.04428904428904429,0.8309859154929577,0.02558139534883721
churn,0,2,505,rf:oof_balanced_accuracy,0.3275,0.8142857142857143,0.05128205128205128,0.8450704225352113,0.03488372093023256
churn,0,2,505,balanced_rf:default,0.5,0.8285714285714286,0.07459207459207459,0.8732394366197183,0.06744186046511629
churn,0,2,505,balanced_rf:oof_macro_f1,0.6375,0.8,0.04428904428904429,0.7605633802816901,0.03488372093023256
churn,0,2,505,balanced_rf:oof_balanced_accuracy,0.5208333333333334,0.8285714285714286,0.06993006993006994,0.8591549295774648,0.06279069767441861
churn,0,3,101,unweighted_lr:default,0.5,0.2676056338028169,0.016317016317016316,0.23943661971830985,0.039627039627039624
churn,0,3,101,unweighted_lr:oof_macro_f1,0.2239767093572674,0.7887323943661971,0.08624708624708624,0.6338028169014085,0.09557109557109557
churn,0,3,101,unweighted_lr:oof_balanced_accuracy,0.17344538158396502,0.8450704225352113,0.12354312354312354,0.7605633802816901,0.14219114219114218
churn,0,3,101,weighted_lr:default,0.5,0.9154929577464789,0.13286713286713286,0.8169014084507042,0.1585081585081585
churn,0,3,101,weighted_lr:oof_macro_f1,0.5931196502007837,0.8591549295774648,0.08158508158508158,0.704225352112676,0.10722610722610723
churn,0,3,101,weighted_lr:oof_balanced_accuracy,0.49531582634073906,0.9154929577464789,0.13986013986013987,0.8169014084507042,0.1585081585081585
churn,0,3,101,rf:default,0.5,0.7464788732394366,0.013986013986013986,0.5633802816901409,0.006993006993006993
churn,0,3,101,rf:oof_macro_f1,0.3442708333333333,0.8591549295774648,0.02564102564102564,0.7323943661971831,0.016317016317016316
churn,0,3,101,rf:oof_balanced_accuracy,0.2776785714285714,0.8873239436619719,0.04195804195804196,0.8028169014084507,0.027972027972027972
churn,0,3,101,balanced_rf:default,0.5,0.8873239436619719,0.037296037296037296,0.8028169014084507,0.05128205128205128
churn,0,3,101,balanced_rf:oof_macro_f1,0.6333333333333333,0.7605633802816901,0.023310023310023312,0.676056338028169,0.011655011655011656
churn,0,3,101,balanced_rf:oof_balanced_accuracy,0.5374999999999999,0.8732394366197183,0.027972027972027972,0.7746478873239436,0.04428904428904429
churn,0,3,202,unweighted_lr:default,0.5,0.2676056338028169,0.016317016317016316,0.23943661971830985,0.039627039627039624
churn,0,3,202,unweighted_lr:oof_macro_f1,0.2239767093572674,0.7887323943661971,0.08624708624708624,0.6338028169014085,0.09557109557109557
churn,0,3,202,unweighted_lr:oof_balanced_accuracy,0.17344538158396502,0.8450704225352113,0.12354312354312354,0.7605633802816901,0.14219114219114218
churn,0,3,202,weighted_lr:default,0.5,0.9154929577464789,0.13286713286713286,0.8169014084507042,0.1585081585081585
churn,0,3,202,weighted_lr:oof_macro_f1,0.5931196502007837,0.8591549295774648,0.08158508158508158,0.704225352112676,0.10722610722610723
churn,0,3,202,weighted_lr:oof_balanced_accuracy,0.49531582634073906,0.9154929577464789,0.13986013986013987,0.8169014084507042,0.1585081585081585
churn,0,3,202,rf:default,0.5,0.7183098591549296,0.009324009324009324,0.6056338028169014,0.006993006993006993
churn,0,3,202,rf:oof_macro_f1,0.39625000000000005,0.8028169014084507,0.016317016317016316,0.704225352112676,0.013986013986013986
churn,0,3,202,rf:oof_balanced_accuracy,0.2529166666666667,0.8873239436619719,0.039627039627039624,0.8169014084507042,0.03263403263403263
churn,0,3,202,balanced_rf:default,0.5,0.8873239436619719,0.05128205128205128,0.8309859154929577,0.055944055944055944
churn,0,3,202,balanced_rf:oof_macro_f1,0.6208333333333335,0.8169014084507042,0.027972027972027972,0.704225352112676,0.013986013986013986
churn,0,3,202,balanced_rf:oof_balanced_accuracy,0.5083333333333333,0.8873239436619719,0.05128205128205128,0.8028169014084507,0.05128205128205128
churn,0,3,303,unweighted_lr:default,0.5,0.2676056338028169,0.016317016317016316,0.23943661971830985,0.039627039627039624
churn,0,3,303,unweighted_lr:oof_macro_f1,0.2239767093572674,0.7887323943661971,0.08624708624708624,0.6338028169014085,0.09557109557109557
churn,0,3,303,unweighted_lr:oof_balanced_accuracy,0.17344538158396502,0.8450704225352113,0.12354312354312354,0.7605633802816901,0.14219114219114218
churn,0,3,303,weighted_lr:default,0.5,0.9154929577464789,0.13286713286713286,0.8169014084507042,0.1585081585081585
churn,0,3,303,weighted_lr:oof_macro_f1,0.5931196502007837,0.8591549295774648,0.08158508158508158,0.704225352112676,0.10722610722610723
churn,0,3,303,weighted_lr:oof_balanced_accuracy,0.49531582634073906,0.9154929577464789,0.13986013986013987,0.8169014084507042,0.1585081585081585
churn,0,3,303,rf:default,0.5,0.7464788732394366,0.009324009324009324,0.6197183098591549,0.006993006993006993
churn,0,3,303,rf:oof_macro_f1,0.3381818181818182,0.8028169014084507,0.02564102564102564,0.704225352112676,0.018648018648018648
churn,0,3,303,rf:oof_balanced_accuracy,0.31083333333333335,0.8732394366197183,0.02564102564102564,0.7323943661971831,0.023310023310023312
churn,0,3,303,balanced_rf:default,0.5,0.8591549295774648,0.055944055944055944,0.8169014084507042,0.06060606060606061
churn,0,3,303,balanced_rf:oof_macro_f1,0.6104166666666666,0.7887323943661971,0.030303030303030304,0.7183098591549296,0.02564102564102564
churn,0,3,303,balanced_rf:oof_balanced_accuracy,0.5479166666666666,0.8309859154929577,0.04195804195804196,0.7887323943661971,0.04428904428904429
churn,0,3,404,unweighted_lr:default,0.5,0.2676056338028169,0.016317016317016316,0.23943661971830985,0.039627039627039624
churn,0,3,404,unweighted_lr:oof_macro_f1,0.2239767093572674,0.7887323943661971,0.08624708624708624,0.6338028169014085,0.09557109557109557
churn,0,3,404,unweighted_lr:oof_balanced_accuracy,0.17344538158396502,0.8450704225352113,0.12354312354312354,0.7605633802816901,0.14219114219114218
churn,0,3,404,weighted_lr:default,0.5,0.9154929577464789,0.13286713286713286,0.8169014084507042,0.1585081585081585
churn,0,3,404,weighted_lr:oof_macro_f1,0.5931196502007837,0.8591549295774648,0.08158508158508158,0.704225352112676,0.10722610722610723
churn,0,3,404,weighted_lr:oof_balanced_accuracy,0.49531582634073906,0.9154929577464789,0.13986013986013987,0.8169014084507042,0.1585081585081585
churn,0,3,404,rf:default,0.5,0.7183098591549296,0.009324009324009324,0.6338028169014085,0.004662004662004662
churn,0,3,404,rf:oof_macro_f1,0.38306034482758616,0.8309859154929577,0.02097902097902098,0.7464788732394366,0.018648018648018648
churn,0,3,404,rf:oof_balanced_accuracy,0.2166666666666667,0.8873239436619719,0.055944055944055944,0.8309859154929577,0.06293706293706294
churn,0,3,404,balanced_rf:default,0.5,0.8591549295774648,0.04895104895104895,0.8169014084507042,0.06060606060606061
churn,0,3,404,balanced_rf:oof_macro_f1,0.6083333333333333,0.7464788732394366,0.027972027972027972,0.7323943661971831,0.016317016317016316
churn,0,3,404,balanced_rf:oof_balanced_accuracy,0.5520833333333333,0.7887323943661971,0.03263403263403263,0.7605633802816901,0.037296037296037296
churn,0,3,505,unweighted_lr:default,0.5,0.2676056338028169,0.016317016317016316,0.23943661971830985,0.039627039627039624
churn,0,3,505,unweighted_lr:oof_macro_f1,0.2239767093572674,0.7887323943661971,0.08624708624708624,0.6338028169014085,0.09557109557109557
churn,0,3,505,unweighted_lr:oof_balanced_accuracy,0.17344538158396502,0.8450704225352113,0.12354312354312354,0.7605633802816901,0.14219114219114218
churn,0,3,505,weighted_lr:default,0.5,0.9154929577464789,0.13286713286713286,0.8169014084507042,0.1585081585081585
churn,0,3,505,weighted_lr:oof_macro_f1,0.5931196502007837,0.8591549295774648,0.08158508158508158,0.704225352112676,0.10722610722610723
churn,0,3,505,weighted_lr:oof_balanced_accuracy,0.49531582634073906,0.9154929577464789,0.13986013986013987,0.8169014084507042,0.1585081585081585
churn,0,3,505,rf:default,0.5,0.7323943661971831,0.013986013986013986,0.6056338028169014,0.006993006993006993
churn,0,3,505,rf:oof_macro_f1,0.4145833333333334,0.7887323943661971,0.018648018648018648,0.7183098591549296,0.006993006993006993
churn,0,3,505,rf:oof_balanced_accuracy,0.2841666666666667,0.8732394366197183,0.03263403263403263,0.7464788732394366,0.030303030303030304
churn,0,3,505,balanced_rf:default,0.5,0.8591549295774648,0.053613053613053616,0.8028169014084507,0.05827505827505827
churn,0,3,505,balanced_rf:oof_macro_f1,0.6,0.7887323943661971,0.023310023310023312,0.7464788732394366,0.02564102564102564
churn,0,3,505,balanced_rf:oof_balanced_accuracy,0.5375,0.8450704225352113,0.039627039627039624,0.7887323943661971,0.039627039627039624
churn,0,4,101,unweighted_lr:default,0.5,0.16901408450704225,0.04195804195804196,0.29577464788732394,0.03263403263403263
churn,0,4,101,unweighted_lr:oof_macro_f1,0.22440206953201572,0.647887323943662,0.0979020979020979,0.7605633802816901,0.0979020979020979
churn,0,4,101,unweighted_lr:oof_balanced_accuracy,0.1508158894829291,0.8028169014084507,0.17249417249417248,0.8591549295774648,0.16783216783216784
churn,0,4,101,weighted_lr:default,0.5,0.8309859154929577,0.1585081585081585,0.8732394366197183,0.14219114219114218
churn,0,4,101,weighted_lr:oof_macro_f1,0.5883579806850878,0.6901408450704225,0.11188811188811189,0.8450704225352113,0.10955710955710955
churn,0,4,101,weighted_lr:oof_balanced_accuracy,0.4911710360441206,0.8309859154929577,0.16083916083916083,0.8732394366197183,0.14685314685314685
churn,0,4,101,rf:default,0.5,0.7183098591549296,0.011655011655011656,0.7183098591549296,0.013986013986013986
churn,0,4,101,rf:oof_macro_f1,0.37333333333333335,0.8169014084507042,0.037296037296037296,0.8169014084507042,0.02097902097902098
churn,0,4,101,rf:oof_balanced_accuracy,0.2520833333333333,0.8450704225352113,0.04895104895104895,0.8732394366197183,0.04195804195804196
churn,0,4,101,balanced_rf:default,0.5,0.8169014084507042,0.07692307692307693,0.8732394366197183,0.05827505827505827
churn,0,4,101,balanced_rf:oof_macro_f1,0.6208333333333333,0.7464788732394366,0.03263403263403263,0.7605633802816901,0.016317016317016316
churn,0,4,101,balanced_rf:oof_balanced_accuracy,0.5333333333333334,0.8028169014084507,0.06293706293706294,0.8450704225352113,0.04195804195804196
churn,0,4,202,unweighted_lr:default,0.5,0.16901408450704225,0.04195804195804196,0.29577464788732394,0.03263403263403263
churn,0,4,202,unweighted_lr:oof_macro_f1,0.22440206953201572,0.647887323943662,0.0979020979020979,0.7605633802816901,0.0979020979020979
churn,0,4,202,unweighted_lr:oof_balanced_accuracy,0.1508158894829291,0.8028169014084507,0.17249417249417248,0.8591549295774648,0.16783216783216784
churn,0,4,202,weighted_lr:default,0.5,0.8309859154929577,0.1585081585081585,0.8732394366197183,0.14219114219114218
churn,0,4,202,weighted_lr:oof_macro_f1,0.5883579806850878,0.6901408450704225,0.11188811188811189,0.8450704225352113,0.10955710955710955
churn,0,4,202,weighted_lr:oof_balanced_accuracy,0.4911710360441206,0.8309859154929577,0.16083916083916083,0.8732394366197183,0.14685314685314685
churn,0,4,202,rf:default,0.5,0.7323943661971831,0.011655011655011656,0.6619718309859155,0.009324009324009324
churn,0,4,202,rf:oof_macro_f1,0.3708333333333334,0.8028169014084507,0.03263403263403263,0.8028169014084507,0.016317016317016316
churn,0,4,202,rf:oof_balanced_accuracy,0.2604166666666667,0.8309859154929577,0.04895104895104895,0.8591549295774648,0.04428904428904429
churn,0,4,202,balanced_rf:default,0.5,0.8028169014084507,0.07925407925407925,0.8169014084507042,0.06293706293706294
churn,0,4,202,balanced_rf:oof_macro_f1,0.5979166666666665,0.7746478873239436,0.04195804195804196,0.7605633802816901,0.027972027972027972
churn,0,4,202,balanced_rf:oof_balanced_accuracy,0.5327380952380953,0.7746478873239436,0.06993006993006994,0.8028169014084507,0.053613053613053616
churn,0,4,303,unweighted_lr:default,0.5,0.16901408450704225,0.04195804195804196,0.29577464788732394,0.03263403263403263
churn,0,4,303,unweighted_lr:oof_macro_f1,0.22440206953201572,0.647887323943662,0.0979020979020979,0.7605633802816901,0.0979020979020979
churn,0,4,303,unweighted_lr:oof_balanced_accuracy,0.1508158894829291,0.8028169014084507,0.17249417249417248,0.8591549295774648,0.16783216783216784
churn,0,4,303,weighted_lr:default,0.5,0.8309859154929577,0.1585081585081585,0.8732394366197183,0.14219114219114218
churn,0,4,303,weighted_lr:oof_macro_f1,0.5883579806850878,0.6901408450704225,0.11188811188811189,0.8450704225352113,0.10955710955710955
churn,0,4,303,weighted_lr:oof_balanced_accuracy,0.4911710360441206,0.8309859154929577,0.16083916083916083,0.8732394366197183,0.14685314685314685
churn,0,4,303,rf:default,0.5,0.7183098591549296,0.009324009324009324,0.6197183098591549,0.004662004662004662
churn,0,4,303,rf:oof_macro_f1,0.36,0.7887323943661971,0.03496503496503497,0.8169014084507042,0.018648018648018648
churn,0,4,303,rf:oof_balanced_accuracy,0.2375,0.8450704225352113,0.05827505827505827,0.9014084507042254,0.046620046620046623
churn,0,4,303,balanced_rf:default,0.5,0.8028169014084507,0.07459207459207459,0.8450704225352113,0.06526806526806526
churn,0,4,303,balanced_rf:oof_macro_f1,0.6316666666666667,0.7183098591549296,0.02564102564102564,0.7605633802816901,0.016317016317016316
churn,0,4,303,balanced_rf:oof_balanced_accuracy,0.525,0.8028169014084507,0.06993006993006994,0.8309859154929577,0.06060606060606061
churn,0,4,404,unweighted_lr:default,0.5,0.16901408450704225,0.04195804195804196,0.29577464788732394,0.03263403263403263
churn,0,4,404,unweighted_lr:oof_macro_f1,0.22440206953201572,0.647887323943662,0.0979020979020979,0.7605633802816901,0.0979020979020979
churn,0,4,404,unweighted_lr:oof_balanced_accuracy,0.1508158894829291,0.8028169014084507,0.17249417249417248,0.8591549295774648,0.16783216783216784
churn,0,4,404,weighted_lr:default,0.5,0.8309859154929577,0.1585081585081585,0.8732394366197183,0.14219114219114218
churn,0,4,404,weighted_lr:oof_macro_f1,0.5883579806850878,0.6901408450704225,0.11188811188811189,0.8450704225352113,0.10955710955710955
churn,0,4,404,weighted_lr:oof_balanced_accuracy,0.4911710360441206,0.8309859154929577,0.16083916083916083,0.8732394366197183,0.14685314685314685
churn,0,4,404,rf:default,0.5,0.7605633802816901,0.009324009324009324,0.6338028169014085,0.011655011655011656
churn,0,4,404,rf:oof_macro_f1,0.3998214285714286,0.8169014084507042,0.02097902097902098,0.7887323943661971,0.016317016317016316
churn,0,4,404,rf:oof_balanced_accuracy,0.2187121212121212,0.8309859154929577,0.0675990675990676,0.8732394366197183,0.05827505827505827
churn,0,4,404,balanced_rf:default,0.5,0.8169014084507042,0.08158508158508158,0.8732394366197183,0.06060606060606061
churn,0,4,404,balanced_rf:oof_macro_f1,0.6125,0.7605633802816901,0.04195804195804196,0.8450704225352113,0.02564102564102564
churn,0,4,404,balanced_rf:oof_balanced_accuracy,0.5166666666666667,0.8169014084507042,0.06993006993006994,0.8732394366197183,0.053613053613053616
churn,0,4,505,unweighted_lr:default,0.5,0.16901408450704225,0.04195804195804196,0.29577464788732394,0.03263403263403263
churn,0,4,505,unweighted_lr:oof_macro_f1,0.22440206953201572,0.647887323943662,0.0979020979020979,0.7605633802816901,0.0979020979020979
churn,0,4,505,unweighted_lr:oof_balanced_accuracy,0.1508158894829291,0.8028169014084507,0.17249417249417248,0.8591549295774648,0.16783216783216784
churn,0,4,505,weighted_lr:default,0.5,0.8309859154929577,0.1585081585081585,0.8732394366197183,0.14219114219114218
churn,0,4,505,weighted_lr:oof_macro_f1,0.5883579806850878,0.6901408450704225,0.11188811188811189,0.8450704225352113,0.10955710955710955
churn,0,4,505,weighted_lr:oof_balanced_accuracy,0.4911710360441206,0.8309859154929577,0.16083916083916083,0.8732394366197183,0.14685314685314685
churn,0,4,505,rf:default,0.5,0.7183098591549296,0.009324009324009324,0.704225352112676,0.004662004662004662
churn,0,4,505,rf:oof_macro_f1,0.3241666666666666,0.8450704225352113,0.03263403263403263,0.8450704225352113,0.027972027972027972
churn,0,4,505,rf:oof_balanced_accuracy,0.24684523809523812,0.8450704225352113,0.055944055944055944,0.8873239436619719,0.05128205128205128
churn,0,4,505,balanced_rf:default,0.5,0.8169014084507042,0.08158508158508158,0.8732394366197183,0.06993006993006994
churn,0,4,505,balanced_rf:oof_macro_f1,0.6083333333333333,0.7605633802816901,0.039627039627039624,0.8028169014084507,0.023310023310023312
churn,0,4,505,balanced_rf:oof_balanced_accuracy,0.5166666666666667,0.8028169014084507,0.07226107226107226,0.8732394366197183,0.06060606060606061
churn,1,0,101,unweighted_lr:default,0.5,0.17142857142857143,0.03263403263403263,0.28169014084507044,0.03255813953488372
churn,1,0,101,unweighted_lr:oof_macro_f1,0.22780048644082934,0.6142857142857143,0.10256410256410256,0.6338028169014085,0.09302325581395349
churn,1,0,101,unweighted_lr:oof_balanced_accuracy,0.15563502577177724,0.7714285714285715,0.1794871794871795,0.7887323943661971,0.17209302325581396
churn,1,0,101,weighted_lr:default,0.5,0.7857142857142857,0.1561771561771562,0.8309859154929577,0.1558139534883721
churn,1,0,101,weighted_lr:oof_macro_f1,0.6215691533663115,0.6428571428571429,0.08857808857808858,0.7464788732394366,0.10232558139534884
churn,1,0,101,weighted_lr:oof_balanced_accuracy,0.5081765011066921,0.7714285714285715,0.14918414918414918,0.8309859154929577,0.15348837209302327
churn,1,0,101,rf:default,0.5,0.7,0.011655011655011656,0.647887323943662,0.01627906976744186
churn,1,0,101,rf:oof_macro_f1,0.3214285714285714,0.8,0.03263403263403263,0.8309859154929577,0.046511627906976744
churn,1,0,101,rf:oof_balanced_accuracy,0.27351190476190473,0.8,0.05128205128205128,0.8309859154929577,0.05813953488372093
churn,1,0,101,balanced_rf:default,0.5,0.7857142857142857,0.06060606060606061,0.8450704225352113,0.07209302325581396
churn,1,0,101,balanced_rf:oof_macro_f1,0.625,0.7571428571428571,0.023310023310023312,0.7887323943661971,0.03953488372093023
churn,1,0,101,balanced_rf:oof_balanced_accuracy,0.4692708333333333,0.7857142857142857,0.07692307692307693,0.8450704225352113,0.07906976744186046
churn,1,0,202,unweighted_lr:default,0.5,0.17142857142857143,0.03263403263403263,0.28169014084507044,0.03255813953488372
churn,1,0,202,unweighted_lr:oof_macro_f1,0.22780048644082934,0.6142857142857143,0.10256410256410256,0.6338028169014085,0.09302325581395349
churn,1,0,202,unweighted_lr:oof_balanced_accuracy,0.15563502577177724,0.7714285714285715,0.1794871794871795,0.7887323943661971,0.17209302325581396
churn,1,0,202,weighted_lr:default,0.5,0.7857142857142857,0.1561771561771562,0.8309859154929577,0.1558139534883721
churn,1,0,202,weighted_lr:oof_macro_f1,0.6215691533663115,0.6428571428571429,0.08857808857808858,0.7464788732394366,0.10232558139534884
churn,1,0,202,weighted_lr:oof_balanced_accuracy,0.5081765011066921,0.7714285714285715,0.14918414918414918,0.8309859154929577,0.15348837209302327
churn,1,0,202,rf:default,0.5,0.6857142857142857,0.006993006993006993,0.647887323943662,0.018604651162790697
churn,1,0,202,rf:oof_macro_f1,0.3664880952380952,0.7714285714285715,0.018648018648018648,0.7605633802816901,0.03255813953488372
churn,1,0,202,rf:oof_balanced_accuracy,0.23416666666666663,0.8,0.039627039627039624,0.8309859154929577,0.07209302325581396
churn,1,0,202,balanced_rf:default,0.5,0.7857142857142857,0.053613053613053616,0.8309859154929577,0.07906976744186046
churn,1,0,202,balanced_rf:oof_macro_f1,0.60625,0.7142857142857143,0.023310023310023312,0.7323943661971831,0.03953488372093023
churn,1,0,202,balanced_rf:oof_balanced_accuracy,0.4541666666666666,0.7857142857142857,0.07459207459207459,0.8450704225352113,0.09534883720930233
churn,1,0,303,unweighted_lr:default,0.5,0.17142857142857143,0.03263403263403263,0.28169014084507044,0.03255813953488372
churn,1,0,303,unweighted_lr:oof_macro_f1,0.22780048644082934,0.6142857142857143,0.10256410256410256,0.6338028169014085,0.09302325581395349
churn,1,0,303,unweighted_lr:oof_balanced_accuracy,0.15563502577177724,0.7714285714285715,0.1794871794871795,0.7887323943661971,0.17209302325581396
churn,1,0,303,weighted_lr:default,0.5,0.7857142857142857,0.1561771561771562,0.8309859154929577,0.1558139534883721
churn,1,0,303,weighted_lr:oof_macro_f1,0.6215691533663115,0.6428571428571429,0.08857808857808858,0.7464788732394366,0.10232558139534884
churn,1,0,303,weighted_lr:oof_balanced_accuracy,0.5081765011066921,0.7714285714285715,0.14918414918414918,0.8309859154929577,0.15348837209302327
churn,1,0,303,rf:default,0.5,0.7142857142857143,0.009324009324009324,0.6619718309859155,0.013953488372093023
churn,1,0,303,rf:oof_macro_f1,0.4145833333333333,0.7428571428571429,0.016317016317016316,0.7323943661971831,0.02558139534883721
churn,1,0,303,rf:oof_balanced_accuracy,0.22392857142857142,0.8142857142857143,0.04895104895104895,0.8309859154929577,0.07674418604651163
churn,1,0,303,balanced_rf:default,0.5,0.7857142857142857,0.04428904428904429,0.8450704225352113,0.07209302325581396
churn,1,0,303,balanced_rf:oof_macro_f1,0.5874999999999999,0.7428571428571429,0.02564102564102564,0.7605633802816901,0.03953488372093023
churn,1,0,303,balanced_rf:oof_balanced_accuracy,0.525,0.7714285714285715,0.037296037296037296,0.8169014084507042,0.06511627906976744
churn,1,0,404,unweighted_lr:default,0.5,0.17142857142857143,0.03263403263403263,0.28169014084507044,0.03255813953488372
churn,1,0,404,unweighted_lr:oof_macro_f1,0.22780048644082934,0.6142857142857143,0.10256410256410256,0.6338028169014085,0.09302325581395349
churn,1,0,404,unweighted_lr:oof_balanced_accuracy,0.15563502577177724,0.7714285714285715,0.1794871794871795,0.7887323943661971,0.17209302325581396
churn,1,0,404,weighted_lr:default,0.5,0.7857142857142857,0.1561771561771562,0.8309859154929577,0.1558139534883721
churn,1,0,404,weighted_lr:oof_macro_f1,0.6215691533663115,0.6428571428571429,0.08857808857808858,0.7464788732394366,0.10232558139534884
churn,1,0,404,weighted_lr:oof_balanced_accuracy,0.5081765011066921,0.7714285714285715,0.14918414918414918,0.8309859154929577,0.15348837209302327
churn,1,0,404,rf:default,0.5,0.7285714285714285,0.011655011655011656,0.676056338028169,0.01627906976744186
churn,1,0,404,rf:oof_macro_f1,0.34930555555555554,0.7571428571428571,0.018648018648018648,0.8450704225352113,0.030232558139534883
churn,1,0,404,rf:oof_balanced_accuracy,0.2875,0.7857142857142857,0.037296037296037296,0.8450704225352113,0.05116279069767442
churn,1,0,404,balanced_rf:default,0.5,0.7714285714285715,0.06993006993006994,0.8169014084507042,0.06976744186046512
churn,1,0,404,balanced_rf:oof_macro_f1,0.5708333333333332,0.7285714285714285,0.039627039627039624,0.7887323943661971,0.05581395348837209
churn,1,0,404,balanced_rf:oof_balanced_accuracy,0.4626785714285714,0.7714285714285715,0.08158508158508158,0.8591549295774648,0.08604651162790698
churn,1,0,505,unweighted_lr:default,0.5,0.17142857142857143,0.03263403263403263,0.28169014084507044,0.03255813953488372
churn,1,0,505,unweighted_lr:oof_macro_f1,0.22780048644082934,0.6142857142857143,0.10256410256410256,0.6338028169014085,0.09302325581395349
churn,1,0,505,unweighted_lr:oof_balanced_accuracy,0.15563502577177724,0.7714285714285715,0.1794871794871795,0.7887323943661971,0.17209302325581396
churn,1,0,505,weighted_lr:default,0.5,0.7857142857142857,0.1561771561771562,0.8309859154929577,0.1558139534883721
churn,1,0,505,weighted_lr:oof_macro_f1,0.6215691533663115,0.6428571428571429,0.08857808857808858,0.7464788732394366,0.10232558139534884
churn,1,0,505,weighted_lr:oof_balanced_accuracy,0.5081765011066921,0.7714285714285715,0.14918414918414918,0.8309859154929577,0.15348837209302327
churn,1,0,505,rf:default,0.5,0.7142857142857143,0.009324009324009324,0.704225352112676,0.01627906976744186
churn,1,0,505,rf:oof_macro_f1,0.3341666666666666,0.7857142857142857,0.02564102564102564,0.8309859154929577,0.03953488372093023
churn,1,0,505,rf:oof_balanced_accuracy,0.23511904761904762,0.8,0.05827505827505827,0.8450704225352113,0.06511627906976744
churn,1,0,505,balanced_rf:default,0.5,0.7857142857142857,0.06060606060606061,0.8309859154929577,0.08837209302325581
churn,1,0,505,balanced_rf:oof_macro_f1,0.6020833333333333,0.7142857142857143,0.027972027972027972,0.7746478873239436,0.04186046511627907
churn,1,0,505,balanced_rf:oof_balanced_accuracy,0.48452380952380947,0.7857142857142857,0.06526806526806526,0.8309859154929577,0.09302325581395349
churn,1,1,101,unweighted_lr:default,0.5,0.24285714285714285,0.05128205128205128,0.15492957746478872,0.046511627906976744
churn,1,1,101,unweighted_lr:oof_macro_f1,0.2247811281178856,0.7571428571428571,0.0979020979020979,0.7183098591549296,0.11395348837209303
churn,1,1,101,unweighted_lr:oof_balanced_accuracy,0.1657354954962109,0.8428571428571429,0.16317016317016317,0.8591549295774648,0.17674418604651163
churn,1,1,101,weighted_lr:default,0.5,0.8857142857142857,0.16317016317016317,0.8873239436619719,0.1697674418604651
churn,1,1,101,weighted_lr:oof_macro_f1,0.5871165601426709,0.8142857142857143,0.11888111888111888,0.8169014084507042,0.11627906976744186
churn,1,1,101,weighted_lr:oof_balanced_accuracy,0.5185536610219935,0.8714285714285714,0.14685314685314685,0.8873239436619719,0.16046511627906976
churn,1,1,101,rf:default,0.5,0.6571428571428571,0.018648018648018648,0.7605633802816901,0.018604651162790697
churn,1,1,101,rf:oof_macro_f1,0.34625,0.7714285714285715,0.03263403263403263,0.8591549295774648,0.03953488372093023
churn,1,1,101,rf:oof_balanced_accuracy,0.2333333333333333,0.8,0.055944055944055944,0.8732394366197183,0.07674418604651163
churn,1,1,101,balanced_rf:default,0.5,0.8285714285714286,0.07226107226107226,0.8591549295774648,0.06511627906976744
churn,1,1,101,balanced_rf:oof_macro_f1,0.625,0.7285714285714285,0.03263403263403263,0.8028169014084507,0.027906976744186046
churn,1,1,101,balanced_rf:oof_balanced_accuracy,0.45458333333333323,0.8428571428571429,0.09324009324009325,0.8873239436619719,0.09069767441860466
churn,1,1,202,unweighted_lr:default,0.5,0.24285714285714285,0.05128205128205128,0.15492957746478872,0.046511627906976744
churn,1,1,202,unweighted_lr:oof_macro_f1,0.2247811281178856,0.7571428571428571,0.0979020979020979,0.7183098591549296,0.11395348837209303
churn,1,1,202,unweighted_lr:oof_balanced_accuracy,0.1657354954962109,0.8428571428571429,0.16317016317016317,0.8591549295774648,0.17674418604651163
churn,1,1,202,weighted_lr:default,0.5,0.8857142857142857,0.16317016317016317,0.8873239436619719,0.1697674418604651
churn,1,1,202,weighted_lr:oof_macro_f1,0.5871165601426709,0.8142857142857143,0.11888111888111888,0.8169014084507042,0.11627906976744186
churn,1,1,202,weighted_lr:oof_balanced_accuracy,0.5185536610219935,0.8714285714285714,0.14685314685314685,0.8873239436619719,0.16046511627906976
churn,1,1,202,rf:default,0.5,0.6571428571428571,0.013986013986013986,0.7887323943661971,0.011627906976744186
churn,1,1,202,rf:oof_macro_f1,0.38333333333333336,0.7285714285714285,0.02097902097902098,0.8450704225352113,0.023255813953488372
churn,1,1,202,rf:oof_balanced_accuracy,0.2441666666666667,0.8571428571428571,0.04895104895104895,0.8732394366197183,0.06046511627906977
churn,1,1,202,balanced_rf:default,0.5,0.8428571428571429,0.09090909090909091,0.8732394366197183,0.10232558139534884
churn,1,1,202,balanced_rf:oof_macro_f1,0.6208333333333332,0.7428571428571429,0.04195804195804196,0.8450704225352113,0.037209302325581395
churn,1,1,202,balanced_rf:oof_balanced_accuracy,0.49375,0.8428571428571429,0.09557109557109557,0.8732394366197183,0.10232558139534884
churn,1,1,303,unweighted_lr:default,0.5,0.24285714285714285,0.05128205128205128,0.15492957746478872,0.046511627906976744
churn,1,1,303,unweighted_lr:oof_macro_f1,0.2247811281178856,0.7571428571428571,0.0979020979020979,0.7183098591549296,0.11395348837209303
churn,1,1,303,unweighted_lr:oof_balanced_accuracy,0.1657354954962109,0.8428571428571429,0.16317016317016317,0.8591549295774648,0.17674418604651163
churn,1,1,303,weighted_lr:default,0.5,0.8857142857142857,0.16317016317016317,0.8873239436619719,0.1697674418604651
churn,1,1,303,weighted_lr:oof_macro_f1,0.5871165601426709,0.8142857142857143,0.11888111888111888,0.8169014084507042,0.11627906976744186
churn,1,1,303,weighted_lr:oof_balanced_accuracy,0.5185536610219935,0.8714285714285714,0.14685314685314685,0.8873239436619719,0.16046511627906976
churn,1,1,303,rf:default,0.5,0.6714285714285714,0.011655011655011656,0.8028169014084507,0.011627906976744186
churn,1,1,303,rf:oof_macro_f1,0.4029166666666667,0.7857142857142857,0.02097902097902098,0.8450704225352113,0.02558139534883721
churn,1,1,303,rf:oof_balanced_accuracy,0.22732843137254904,0.8285714285714286,0.06993006993006994,0.8591549295774648,0.07209302325581396
churn,1,1,303,balanced_rf:default,0.5,0.8428571428571429,0.06060606060606061,0.8732394366197183,0.06511627906976744
churn,1,1,303,balanced_rf:oof_macro_f1,0.5875,0.7857142857142857,0.037296037296037296,0.8591549295774648,0.044186046511627906
churn,1,1,303,balanced_rf:oof_balanced_accuracy,0.5,0.8428571428571429,0.06060606060606061,0.8732394366197183,0.06511627906976744
churn,1,1,404,unweighted_lr:default,0.5,0.24285714285714285,0.05128205128205128,0.15492957746478872,0.046511627906976744
churn,1,1,404,unweighted_lr:oof_macro_f1,0.2247811281178856,0.7571428571428571,0.0979020979020979,0.7183098591549296,0.11395348837209303
churn,1,1,404,unweighted_lr:oof_balanced_accuracy,0.1657354954962109,0.8428571428571429,0.16317016317016317,0.8591549295774648,0.17674418604651163
churn,1,1,404,weighted_lr:default,0.5,0.8857142857142857,0.16317016317016317,0.8873239436619719,0.1697674418604651
churn,1,1,404,weighted_lr:oof_macro_f1,0.5871165601426709,0.8142857142857143,0.11888111888111888,0.8169014084507042,0.11627906976744186
churn,1,1,404,weighted_lr:oof_balanced_accuracy,0.5185536610219935,0.8714285714285714,0.14685314685314685,0.8873239436619719,0.16046511627906976
churn,1,1,404,rf:default,0.5,0.6571428571428571,0.009324009324009324,0.7746478873239436,0.0069767441860465115
churn,1,1,404,rf:oof_macro_f1,0.33416666666666667,0.8285714285714286,0.030303030303030304,0.8591549295774648,0.037209302325581395
churn,1,1,404,rf:oof_balanced_accuracy,0.23675059952038366,0.8428571428571429,0.053613053613053616,0.8873239436619719,0.07209302325581396
churn,1,1,404,balanced_rf:default,0.5,0.8285714285714286,0.09324009324009325,0.8309859154929577,0.07906976744186046
churn,1,1,404,balanced_rf:oof_macro_f1,0.5604166666666666,0.7857142857142857,0.055944055944055944,0.8309859154929577,0.05116279069767442
churn,1,1,404,balanced_rf:oof_balanced_accuracy,0.43125,0.8428571428571429,0.1282051282051282,0.9014084507042254,0.13023255813953488
churn,1,1,505,unweighted_lr:default,0.5,0.24285714285714285,0.05128205128205128,0.15492957746478872,0.046511627906976744
churn,1,1,505,unweighted_lr:oof_macro_f1,0.2247811281178856,0.7571428571428571,0.0979020979020979,0.7183098591549296,0.11395348837209303
churn,1,1,505,unweighted_lr:oof_balanced_accuracy,0.1657354954962109,0.8428571428571429,0.16317016317016317,0.8591549295774648,0.17674418604651163
churn,1,1,505,weighted_lr:default,0.5,0.8857142857142857,0.16317016317016317,0.8873239436619719,0.1697674418604651
churn,1,1,505,weighted_lr:oof_macro_f1,0.5871165601426709,0.8142857142857143,0.11888111888111888,0.8169014084507042,0.11627906976744186
churn,1,1,505,weighted_lr:oof_balanced_accuracy,0.5185536610219935,0.8714285714285714,0.14685314685314685,0.8873239436619719,0.16046511627906976
churn,1,1,505,rf:default,0.5,0.6571428571428571,0.006993006993006993,0.7605633802816901,0.009302325581395349
churn,1,1,505,rf:oof_macro_f1,0.3554166666666667,0.7714285714285715,0.02097902097902098,0.8309859154929577,0.037209302325581395
churn,1,1,505,rf:oof_balanced_accuracy,0.2673214285714286,0.8,0.046620046620046623,0.8591549295774648,0.05116279069767442
churn,1,1,505,balanced_rf:default,0.5,0.8285714285714286,0.06293706293706294,0.8732394366197183,0.06744186046511629
churn,1,1,505,balanced_rf:oof_macro_f1,0.6166666666666667,0.7285714285714285,0.027972027972027972,0.8450704225352113,0.03488372093023256
churn,1,1,505,balanced_rf:oof_balanced_accuracy,0.4520833333333334,0.8571428571428571,0.0979020979020979,0.8873239436619719,0.08139534883720931
churn,1,2,101,unweighted_lr:default,0.5,0.17142857142857143,0.016317016317016316,0.16901408450704225,0.053488372093023255
churn,1,2,101,unweighted_lr:oof_macro_f1,0.2329223281088366,0.7714285714285715,0.07925407925407925,0.6901408450704225,0.10465116279069768
churn,1,2,101,unweighted_lr:oof_balanced_accuracy,0.16728305814858024,0.8571428571428571,0.1258741258741259,0.8028169014084507,0.1511627906976744
churn,1,2,101,weighted_lr:default,0.5,0.9,0.13752913752913754,0.8309859154929577,0.14883720930232558
churn,1,2,101,weighted_lr:oof_macro_f1,0.5798688807787518,0.8285714285714286,0.09324009324009325,0.7887323943661971,0.11627906976744186
churn,1,2,101,weighted_lr:oof_balanced_accuracy,0.496007886573558,0.9142857142857143,0.13752913752913754,0.8309859154929577,0.1511627906976744
churn,1,2,101,rf:default,0.5,0.7285714285714285,0.004662004662004662,0.6901408450704225,0.002325581395348837
churn,1,2,101,rf:oof_macro_f1,0.38333333333333336,0.8,0.009324009324009324,0.7323943661971831,0.011627906976744186
churn,1,2,101,rf:oof_balanced_accuracy,0.26916666666666667,0.8428571428571429,0.02564102564102564,0.8309859154929577,0.037209302325581395
churn,1,2,101,balanced_rf:default,0.5,0.8,0.055944055944055944,0.7887323943661971,0.05116279069767442
churn,1,2,101,balanced_rf:oof_macro_f1,0.6233333333333333,0.7714285714285715,0.02564102564102564,0.7183098591549296,0.018604651162790697
churn,1,2,101,balanced_rf:oof_balanced_accuracy,0.5270833333333333,0.8,0.04195804195804196,0.7746478873239436,0.037209302325581395
churn,1,2,202,unweighted_lr:default,0.5,0.17142857142857143,0.016317016317016316,0.16901408450704225,0.053488372093023255
churn,1,2,202,unweighted_lr:oof_macro_f1,0.2329223281088366,0.7714285714285715,0.07925407925407925,0.6901408450704225,0.10465116279069768
churn,1,2,202,unweighted_lr:oof_balanced_accuracy,0.16728305814858024,0.8571428571428571,0.1258741258741259,0.8028169014084507,0.1511627906976744
churn,1,2,202,weighted_lr:default,0.5,0.9,0.13752913752913754,0.8309859154929577,0.14883720930232558
churn,1,2,202,weighted_lr:oof_macro_f1,0.5798688807787518,0.8285714285714286,0.09324009324009325,0.7887323943661971,0.11627906976744186
churn,1,2,202,weighted_lr:oof_balanced_accuracy,0.496007886573558,0.9142857142857143,0.13752913752913754,0.8309859154929577,0.1511627906976744
churn,1,2,202,rf:default,0.5,0.7,0.006993006993006993,0.6619718309859155,0.0069767441860465115
churn,1,2,202,rf:oof_macro_f1,0.38898809523809524,0.8,0.013986013986013986,0.7323943661971831,0.009302325581395349
churn,1,2,202,rf:oof_balanced_accuracy,0.2129166666666667,0.8571428571428571,0.046620046620046623,0.8309859154929577,0.05116279069767442
churn,1,2,202,balanced_rf:default,0.5,0.8285714285714286,0.04895104895104895,0.7887323943661971,0.05116279069767442
churn,1,2,202,balanced_rf:oof_macro_f1,0.6104166666666667,0.7857142857142857,0.03263403263403263,0.7323943661971831,0.02558139534883721
churn,1,2,202,balanced_rf:oof_balanced_accuracy,0.4958333333333333,0.8285714285714286,0.04895104895104895,0.7887323943661971,0.05116279069767442
churn,1,2,303,unweighted_lr:default,0.5,0.17142857142857143,0.016317016317016316,0.16901408450704225,0.053488372093023255
churn,1,2,303,unweighted_lr:oof_macro_f1,0.2329223281088366,0.7714285714285715,0.07925407925407925,0.6901408450704225,0.10465116279069768
churn,1,2,303,unweighted_lr:oof_balanced_accuracy,0.16728305814858024,0.8571428571428571,0.1258741258741259,0.8028169014084507,0.1511627906976744
churn,1,2,303,weighted_lr:default,0.5,0.9,0.13752913752913754,0.8309859154929577,0.14883720930232558
churn,1,2,303,weighted_lr:oof_macro_f1,0.5798688807787518,0.8285714285714286,0.09324009324009325,0.7887323943661971,0.11627906976744186
churn,1,2,303,weighted_lr:oof_balanced_accuracy,0.496007886573558,0.9142857142857143,0.13752913752913754,0.8309859154929577,0.1511627906976744
churn,1,2,303,rf:default,0.5,0.7142857142857143,0.009324009324009324,0.676056338028169,0.009302325581395349
churn,1,2,303,rf:oof_macro_f1,0.36577380952380956,0.8,0.013986013986013986,0.7887323943661971,0.018604651162790697
churn,1,2,303,rf:oof_balanced_accuracy,0.2633333333333333,0.8428571428571429,0.037296037296037296,0.8309859154929577,0.04186046511627907
churn,1,2,303,balanced_rf:default,0.5,0.8142857142857143,0.053613053613053616,0.7605633802816901,0.044186046511627906
churn,1,2,303,balanced_rf:oof_macro_f1,0.6104166666666667,0.7857142857142857,0.023310023310023312,0.7464788732394366,0.023255813953488372
churn,1,2,303,balanced_rf:oof_balanced_accuracy,0.45624999999999993,0.8285714285714286,0.07226107226107226,0.8028169014084507,0.053488372093023255
churn,1,2,404,unweighted_lr:default,0.5,0.17142857142857143,0.016317016317016316,0.16901408450704225,0.053488372093023255
churn,1,2,404,unweighted_lr:oof_macro_f1,0.2329223281088366,0.7714285714285715,0.07925407925407925,0.6901408450704225,0.10465116279069768
churn,1,2,404,unweighted_lr:oof_balanced_accuracy,0.16728305814858024,0.8571428571428571,0.1258741258741259,0.8028169014084507,0.1511627906976744
churn,1,2,404,weighted_lr:default,0.5,0.9,0.13752913752913754,0.8309859154929577,0.14883720930232558
churn,1,2,404,weighted_lr:oof_macro_f1,0.5798688807787518,0.8285714285714286,0.09324009324009325,0.7887323943661971,0.11627906976744186
churn,1,2,404,weighted_lr:oof_balanced_accuracy,0.496007886573558,0.9142857142857143,0.13752913752913754,0.8309859154929577,0.1511627906976744
churn,1,2,404,rf:default,0.5,0.7,0.006993006993006993,0.6619718309859155,0.0069767441860465115
churn,1,2,404,rf:oof_macro_f1,0.4083333333333334,0.7714285714285715,0.006993006993006993,0.7183098591549296,0.01627906976744186
churn,1,2,404,rf:oof_balanced_accuracy,0.23125,0.8571428571428571,0.04195804195804196,0.8309859154929577,0.046511627906976744
churn,1,2,404,balanced_rf:default,0.5,0.8285714285714286,0.06293706293706294,0.7887323943661971,0.053488372093023255
churn,1,2,404,balanced_rf:oof_macro_f1,0.6187500000000001,0.7428571428571429,0.02564102564102564,0.704225352112676,0.01627906976744186
churn,1,2,404,balanced_rf:oof_balanced_accuracy,0.44375,0.8571428571428571,0.0979020979020979,0.8169014084507042,0.06976744186046512
churn,1,2,505,unweighted_lr:default,0.5,0.17142857142857143,0.016317016317016316,0.16901408450704225,0.053488372093023255
churn,1,2,505,unweighted_lr:oof_macro_f1,0.2329223281088366,0.7714285714285715,0.07925407925407925,0.6901408450704225,0.10465116279069768
churn,1,2,505,unweighted_lr:oof_balanced_accuracy,0.16728305814858024,0.8571428571428571,0.1258741258741259,0.8028169014084507,0.1511627906976744
churn,1,2,505,weighted_lr:default,0.5,0.9,0.13752913752913754,0.8309859154929577,0.14883720930232558
churn,1,2,505,weighted_lr:oof_macro_f1,0.5798688807787518,0.8285714285714286,0.09324009324009325,0.7887323943661971,0.11627906976744186
churn,1,2,505,weighted_lr:oof_balanced_accuracy,0.496007886573558,0.9142857142857143,0.13752913752913754,0.8309859154929577,0.1511627906976744
churn,1,2,505,rf:default,0.5,0.6714285714285714,0.006993006993006993,0.676056338028169,0.0069767441860465115
churn,1,2,505,rf:oof_macro_f1,0.3658333333333333,0.7857142857142857,0.013986013986013986,0.7183098591549296,0.018604651162790697
churn,1,2,505,rf:oof_balanced_accuracy,0.2747655122655122,0.8285714285714286,0.027972027972027972,0.8169014084507042,0.04186046511627907
churn,1,2,505,balanced_rf:default,0.5,0.8285714285714286,0.04895104895104895,0.7605633802816901,0.06279069767441861
churn,1,2,505,balanced_rf:oof_macro_f1,0.6291666666666667,0.7142857142857143,0.02097902097902098,0.7464788732394366,0.023255813953488372
churn,1,2,505,balanced_rf:oof_balanced_accuracy,0.47916666666666663,0.8285714285714286,0.06060606060606061,0.7605633802816901,0.06976744186046512
churn,1,3,101,unweighted_lr:default,0.5,0.1267605633802817,0.03263403263403263,0.23943661971830985,0.039627039627039624
churn,1,3,101,unweighted_lr:oof_macro_f1,0.21806644281798399,0.676056338028169,0.1048951048951049,0.704225352112676,0.08158508158508158
churn,1,3,101,unweighted_lr:oof_balanced_accuracy,0.17002632344303378,0.7746478873239436,0.1585081585081585,0.7464788732394366,0.13053613053613053
churn,1,3,101,weighted_lr:default,0.5,0.8169014084507042,0.16317016317016317,0.8028169014084507,0.15384615384615385
churn,1,3,101,weighted_lr:oof_macro_f1,0.5786976731594689,0.7746478873239436,0.1258741258741259,0.7464788732394366,0.09324009324009325
churn,1,3,101,weighted_lr:oof_balanced_accuracy,0.49981482064819555,0.8169014084507042,0.16317016317016317,0.8028169014084507,0.15384615384615385
churn,1,3,101,rf:default,0.5,0.6338028169014085,0.011655011655011656,0.5915492957746479,0.006993006993006993
churn,1,3,101,rf:oof_macro_f1,0.3725,0.6901408450704225,0.023310023310023312,0.7464788732394366,0.02097902097902098
churn,1,3,101,rf:oof_balanced_accuracy,0.2652777777777777,0.7464788732394366,0.04895104895104895,0.8028169014084507,0.030303030303030304
churn,1,3,101,balanced_rf:default,0.5,0.7746478873239436,0.053613053613053616,0.7746478873239436,0.05827505827505827
churn,1,3,101,balanced_rf:oof_macro_f1,0.5791666666666667,0.7464788732394366,0.04195804195804196,0.7746478873239436,0.030303030303030304
churn,1,3,101,balanced_rf:oof_balanced_accuracy,0.5229166666666666,0.7746478873239436,0.04895104895104895,0.7746478873239436,0.053613053613053616
churn,1,3,202,unweighted_lr:default,0.5,0.1267605633802817,0.03263403263403263,0.23943661971830985,0.039627039627039624
churn,1,3,202,unweighted_lr:oof_macro_f1,0.21806644281798399,0.676056338028169,0.1048951048951049,0.704225352112676,0.08158508158508158
churn,1,3,202,unweighted_lr:oof_balanced_accuracy,0.17002632344303378,0.7746478873239436,0.1585081585081585,0.7464788732394366,0.13053613053613053
churn,1,3,202,weighted_lr:default,0.5,0.8169014084507042,0.16317016317016317,0.8028169014084507,0.15384615384615385
churn,1,3,202,weighted_lr:oof_macro_f1,0.5786976731594689,0.7746478873239436,0.1258741258741259,0.7464788732394366,0.09324009324009325
churn,1,3,202,weighted_lr:oof_balanced_accuracy,0.49981482064819555,0.8169014084507042,0.16317016317016317,0.8028169014084507,0.15384615384615385
churn,1,3,202,rf:default,0.5,0.6619718309859155,0.006993006993006993,0.647887323943662,0.009324009324009324
churn,1,3,202,rf:oof_macro_f1,0.3872023809523809,0.704225352112676,0.02097902097902098,0.7183098591549296,0.016317016317016316
churn,1,3,202,rf:oof_balanced_accuracy,0.27166666666666667,0.7464788732394366,0.04428904428904429,0.7887323943661971,0.04195804195804196
churn,1,3,202,balanced_rf:default,0.5,0.7746478873239436,0.06526806526806526,0.7887323943661971,0.05128205128205128
churn,1,3,202,balanced_rf:oof_macro_f1,0.6375000000000001,0.6056338028169014,0.02097902097902098,0.647887323943662,0.011655011655011656
churn,1,3,202,balanced_rf:oof_balanced_accuracy,0.5020833333333332,0.7746478873239436,0.06526806526806526,0.7887323943661971,0.05128205128205128
churn,1,3,303,unweighted_lr:default,0.5,0.1267605633802817,0.03263403263403263,0.23943661971830985,0.039627039627039624
churn,1,3,303,unweighted_lr:oof_macro_f1,0.21806644281798399,0.676056338028169,0.1048951048951049,0.704225352112676,0.08158508158508158
churn,1,3,303,unweighted_lr:oof_balanced_accuracy,0.17002632344303378,0.7746478873239436,0.1585081585081585,0.7464788732394366,0.13053613053613053
churn,1,3,303,weighted_lr:default,0.5,0.8169014084507042,0.16317016317016317,0.8028169014084507,0.15384615384615385
churn,1,3,303,weighted_lr:oof_macro_f1,0.5786976731594689,0.7746478873239436,0.1258741258741259,0.7464788732394366,0.09324009324009325
churn,1,3,303,weighted_lr:oof_balanced_accuracy,0.49981482064819555,0.8169014084507042,0.16317016317016317,0.8028169014084507,0.15384615384615385
churn,1,3,303,rf:default,0.5,0.5915492957746479,0.011655011655011656,0.6197183098591549,0.009324009324009324
churn,1,3,303,rf:oof_macro_f1,0.38666666666666666,0.7323943661971831,0.030303030303030304,0.7183098591549296,0.011655011655011656
churn,1,3,303,rf:oof_balanced_accuracy,0.28008561643835617,0.7464788732394366,0.05128205128205128,0.7746478873239436,0.037296037296037296
churn,1,3,303,balanced_rf:default,0.5,0.7746478873239436,0.06526806526806526,0.8028169014084507,0.07692307692307693
churn,1,3,303,balanced_rf:oof_macro_f1,0.63125,0.6338028169014085,0.02097902097902098,0.647887323943662,0.027972027972027972
churn,1,3,303,balanced_rf:oof_balanced_accuracy,0.5041666666666667,0.7746478873239436,0.06293706293706294,0.8028169014084507,0.07692307692307693
churn,1,3,404,unweighted_lr:default,0.5,0.1267605633802817,0.03263403263403263,0.23943661971830985,0.039627039627039624
churn,1,3,404,unweighted_lr:oof_macro_f1,0.21806644281798399,0.676056338028169,0.1048951048951049,0.704225352112676,0.08158508158508158
churn,1,3,404,unweighted_lr:oof_balanced_accuracy,0.17002632344303378,0.7746478873239436,0.1585081585081585,0.7464788732394366,0.13053613053613053
churn,1,3,404,weighted_lr:default,0.5,0.8169014084507042,0.16317016317016317,0.8028169014084507,0.15384615384615385
churn,1,3,404,weighted_lr:oof_macro_f1,0.5786976731594689,0.7746478873239436,0.1258741258741259,0.7464788732394366,0.09324009324009325
churn,1,3,404,weighted_lr:oof_balanced_accuracy,0.49981482064819555,0.8169014084507042,0.16317016317016317,0.8028169014084507,0.15384615384615385
churn,1,3,404,rf:default,0.5,0.5774647887323944,0.006993006993006993,0.5211267605633803,0.009324009324009324
churn,1,3,404,rf:oof_macro_f1,0.3770833333333333,0.704225352112676,0.027972027972027972,0.6619718309859155,0.013986013986013986
churn,1,3,404,rf:oof_balanced_accuracy,0.2770833333333333,0.7464788732394366,0.04195804195804196,0.7746478873239436,0.03263403263403263
churn,1,3,404,balanced_rf:default,0.5,0.7323943661971831,0.055944055944055944,0.8028169014084507,0.07459207459207459
churn,1,3,404,balanced_rf:oof_macro_f1,0.6366666666666667,0.5915492957746479,0.018648018648018648,0.676056338028169,0.018648018648018648
churn,1,3,404,balanced_rf:oof_balanced_accuracy,0.475,0.7464788732394366,0.06993006993006994,0.8028169014084507,0.08158508158508158
churn,1,3,505,unweighted_lr:default,0.5,0.1267605633802817,0.03263403263403263,0.23943661971830985,0.039627039627039624
churn,1,3,505,unweighted_lr:oof_macro_f1,0.21806644281798399,0.676056338028169,0.1048951048951049,0.704225352112676,0.08158508158508158
churn,1,3,505,unweighted_lr:oof_balanced_accuracy,0.17002632344303378,0.7746478873239436,0.1585081585081585,0.7464788732394366,0.13053613053613053
churn,1,3,505,weighted_lr:default,0.5,0.8169014084507042,0.16317016317016317,0.8028169014084507,0.15384615384615385
churn,1,3,505,weighted_lr:oof_macro_f1,0.5786976731594689,0.7746478873239436,0.1258741258741259,0.7464788732394366,0.09324009324009325
churn,1,3,505,weighted_lr:oof_balanced_accuracy,0.49981482064819555,0.8169014084507042,0.16317016317016317,0.8028169014084507,0.15384615384615385
churn,1,3,505,rf:default,0.5,0.6056338028169014,0.011655011655011656,0.6197183098591549,0.009324009324009324
churn,1,3,505,rf:oof_macro_f1,0.4046428571428571,0.704225352112676,0.023310023310023312,0.7183098591549296,0.018648018648018648
churn,1,3,505,rf:oof_balanced_accuracy,0.28541666666666665,0.7464788732394366,0.04428904428904429,0.8028169014084507,0.03496503496503497
churn,1,3,505,balanced_rf:default,0.5,0.7464788732394366,0.06293706293706294,0.7887323943661971,0.06060606060606061
churn,1,3,505,balanced_rf:oof_macro_f1,0.6208333333333333,0.647887323943662,0.02564102564102564,0.676056338028169,0.02564102564102564
churn,1,3,505,balanced_rf:oof_balanced_accuracy,0.5083333333333333,0.7464788732394366,0.06060606060606061,0.7887323943661971,0.05827505827505827
churn,1,4,101,unweighted_lr:default,0.5,0.16901408450704225,0.053613053613053616,0.28169014084507044,0.02564102564102564
churn,1,4,101,unweighted_lr:oof_macro_f1,0.22410495285633428,0.676056338028169,0.12121212121212122,0.7323943661971831,0.09090909090909091
churn,1,4,101,unweighted_lr:oof_balanced_accuracy,0.14966922683538086,0.7887323943661971,0.1864801864801865,0.8591549295774648,0.1888111888111888
churn,1,4,101,weighted_lr:default,0.5,0.8732394366197183,0.17016317016317017,0.8732394366197183,0.1561771561771562
churn,1,4,101,weighted_lr:oof_macro_f1,0.5913072666829009,0.7464788732394366,0.12121212121212122,0.7746478873239436,0.11188811188811189
churn,1,4,101,weighted_lr:oof_balanced_accuracy,0.5040234329184075,0.8591549295774648,0.16783216783216784,0.8732394366197183,0.15151515151515152
churn,1,4,101,rf:default,0.5,0.6901408450704225,0.002331002331002331,0.704225352112676,0.0
churn,1,4,101,rf:oof_macro_f1,0.35208333333333336,0.7887323943661971,0.018648018648018648,0.8450704225352113,0.009324009324009324
churn,1,4,101,rf:oof_balanced_accuracy,0.26416666666666666,0.8591549295774648,0.04195804195804196,0.8873239436619719,0.02564102564102564
churn,1,4,101,balanced_rf:default,0.5,0.8450704225352113,0.07226107226107226,0.8873239436619719,0.06526806526806526
churn,1,4,101,balanced_rf:oof_macro_f1,0.63125,0.7464788732394366,0.02097902097902098,0.8169014084507042,0.02564102564102564
churn,1,4,101,balanced_rf:oof_balanced_accuracy,0.48875,0.8591549295774648,0.08158508158508158,0.9014084507042254,0.07459207459207459
churn,1,4,202,unweighted_lr:default,0.5,0.16901408450704225,0.053613053613053616,0.28169014084507044,0.02564102564102564
churn,1,4,202,unweighted_lr:oof_macro_f1,0.22410495285633428,0.676056338028169,0.12121212121212122,0.7323943661971831,0.09090909090909091
churn,1,4,202,unweighted_lr:oof_balanced_accuracy,0.14966922683538086,0.7887323943661971,0.1864801864801865,0.8591549295774648,0.1888111888111888
churn,1,4,202,weighted_lr:default,0.5,0.8732394366197183,0.17016317016317017,0.8732394366197183,0.1561771561771562
churn,1,4,202,weighted_lr:oof_macro_f1,0.5913072666829009,0.7464788732394366,0.12121212121212122,0.7746478873239436,0.11188811188811189
churn,1,4,202,weighted_lr:oof_balanced_accuracy,0.5040234329184075,0.8591549295774648,0.16783216783216784,0.8732394366197183,0.15151515151515152
churn,1,4,202,rf:default,0.5,0.6901408450704225,0.006993006993006993,0.704225352112676,0.004662004662004662
churn,1,4,202,rf:oof_macro_f1,0.31875,0.7746478873239436,0.03496503496503497,0.8450704225352113,0.013986013986013986
churn,1,4,202,rf:oof_balanced_accuracy,0.26999999999999996,0.8169014084507042,0.046620046620046623,0.8873239436619719,0.02564102564102564
churn,1,4,202,balanced_rf:default,0.5,0.8309859154929577,0.08857808857808858,0.8732394366197183,0.07692307692307693
churn,1,4,202,balanced_rf:oof_macro_f1,0.6236742424242424,0.7464788732394366,0.02564102564102564,0.7746478873239436,0.027972027972027972
churn,1,4,202,balanced_rf:oof_balanced_accuracy,0.4875,0.8309859154929577,0.09557109557109557,0.8732394366197183,0.09090909090909091
churn,1,4,303,unweighted_lr:default,0.5,0.16901408450704225,0.053613053613053616,0.28169014084507044,0.02564102564102564
churn,1,4,303,unweighted_lr:oof_macro_f1,0.22410495285633428,0.676056338028169,0.12121212121212122,0.7323943661971831,0.09090909090909091
churn,1,4,303,unweighted_lr:oof_balanced_accuracy,0.14966922683538086,0.7887323943661971,0.1864801864801865,0.8591549295774648,0.1888111888111888
churn,1,4,303,weighted_lr:default,0.5,0.8732394366197183,0.17016317016317017,0.8732394366197183,0.1561771561771562
churn,1,4,303,weighted_lr:oof_macro_f1,0.5913072666829009,0.7464788732394366,0.12121212121212122,0.7746478873239436,0.11188811188811189
churn,1,4,303,weighted_lr:oof_balanced_accuracy,0.5040234329184075,0.8591549295774648,0.16783216783216784,0.8732394366197183,0.15151515151515152
churn,1,4,303,rf:default,0.5,0.704225352112676,0.002331002331002331,0.6619718309859155,0.002331002331002331
churn,1,4,303,rf:oof_macro_f1,0.39249999999999996,0.7464788732394366,0.013986013986013986,0.8169014084507042,0.009324009324009324
churn,1,4,303,rf:oof_balanced_accuracy,0.27458333333333335,0.8732394366197183,0.030303030303030304,0.8732394366197183,0.02564102564102564
churn,1,4,303,balanced_rf:default,0.5,0.8591549295774648,0.0979020979020979,0.9014084507042254,0.07692307692307693
churn,1,4,303,balanced_rf:oof_macro_f1,0.6500000000000001,0.7605633802816901,0.023310023310023312,0.8028169014084507,0.011655011655011656
churn,1,4,303,balanced_rf:oof_balanced_accuracy,0.5375000000000001,0.8450704225352113,0.07226107226107226,0.9014084507042254,0.05827505827505827
churn,1,4,404,unweighted_lr:default,0.5,0.16901408450704225,0.053613053613053616,0.28169014084507044,0.02564102564102564
churn,1,4,404,unweighted_lr:oof_macro_f1,0.22410495285633428,0.676056338028169,0.12121212121212122,0.7323943661971831,0.09090909090909091
churn,1,4,404,unweighted_lr:oof_balanced_accuracy,0.14966922683538086,0.7887323943661971,0.1864801864801865,0.8591549295774648,0.1888111888111888
churn,1,4,404,weighted_lr:default,0.5,0.8732394366197183,0.17016317016317017,0.8732394366197183,0.1561771561771562
churn,1,4,404,weighted_lr:oof_macro_f1,0.5913072666829009,0.7464788732394366,0.12121212121212122,0.7746478873239436,0.11188811188811189
churn,1,4,404,weighted_lr:oof_balanced_accuracy,0.5040234329184075,0.8591549295774648,0.16783216783216784,0.8732394366197183,0.15151515151515152
churn,1,4,404,rf:default,0.5,0.676056338028169,0.002331002331002331,0.7323943661971831,0.002331002331002331
churn,1,4,404,rf:oof_macro_f1,0.3610119047619048,0.7464788732394366,0.013986013986013986,0.7746478873239436,0.006993006993006993
churn,1,4,404,rf:oof_balanced_accuracy,0.26916666666666667,0.8309859154929577,0.04428904428904429,0.8169014084507042,0.023310023310023312
churn,1,4,404,balanced_rf:default,0.5,0.8309859154929577,0.09090909090909091,0.8873239436619719,0.08391608391608392
churn,1,4,404,balanced_rf:oof_macro_f1,0.5854166666666666,0.7887323943661971,0.039627039627039624,0.8450704225352113,0.039627039627039624
churn,1,4,404,balanced_rf:oof_balanced_accuracy,0.5375,0.8028169014084507,0.055944055944055944,0.8591549295774648,0.06993006993006994
churn,1,4,505,unweighted_lr:default,0.5,0.16901408450704225,0.053613053613053616,0.28169014084507044,0.02564102564102564
churn,1,4,505,unweighted_lr:oof_macro_f1,0.22410495285633428,0.676056338028169,0.12121212121212122,0.7323943661971831,0.09090909090909091
churn,1,4,505,unweighted_lr:oof_balanced_accuracy,0.14966922683538086,0.7887323943661971,0.1864801864801865,0.8591549295774648,0.1888111888111888
churn,1,4,505,weighted_lr:default,0.5,0.8732394366197183,0.17016317016317017,0.8732394366197183,0.1561771561771562
churn,1,4,505,weighted_lr:oof_macro_f1,0.5913072666829009,0.7464788732394366,0.12121212121212122,0.7746478873239436,0.11188811188811189
churn,1,4,505,weighted_lr:oof_balanced_accuracy,0.5040234329184075,0.8591549295774648,0.16783216783216784,0.8732394366197183,0.15151515151515152
churn,1,4,505,rf:default,0.5,0.6901408450704225,0.002331002331002331,0.676056338028169,0.002331002331002331
churn,1,4,505,rf:oof_macro_f1,0.37749999999999995,0.7887323943661971,0.006993006993006993,0.8028169014084507,0.002331002331002331
churn,1,4,505,rf:oof_balanced_accuracy,0.30450757575757575,0.8309859154929577,0.03263403263403263,0.8732394366197183,0.016317016317016316
churn,1,4,505,balanced_rf:default,0.5,0.8450704225352113,0.08391608391608392,0.8732394366197183,0.0675990675990676
churn,1,4,505,balanced_rf:oof_macro_f1,0.6208333333333333,0.7746478873239436,0.03496503496503497,0.8028169014084507,0.011655011655011656
churn,1,4,505,balanced_rf:oof_balanced_accuracy,0.5062500000000001,0.8450704225352113,0.08391608391608392,0.8732394366197183,0.06526806526806526
churn,2,0,101,unweighted_lr:default,0.5,0.2714285714285714,0.03496503496503497,0.16901408450704225,0.037209302325581395
churn,2,0,101,unweighted_lr:oof_macro_f1,0.2054877383416194,0.7857142857142857,0.10955710955710955,0.7605633802816901,0.10232558139534884
churn,2,0,101,unweighted_lr:oof_balanced_accuracy,0.16234541967284352,0.8142857142857143,0.1561771561771562,0.8169014084507042,0.1511627906976744
churn,2,0,101,weighted_lr:default,0.5,0.8285714285714286,0.14918414918414918,0.8591549295774648,0.13488372093023257
churn,2,0,101,weighted_lr:oof_macro_f1,0.6073368300406812,0.7142857142857143,0.1048951048951049,0.8028169014084507,0.09534883720930233
churn,2,0,101,weighted_lr:oof_balanced_accuracy,0.517172037508255,0.8,0.1351981351981352,0.8591549295774648,0.12558139534883722
churn,2,0,101,rf:default,0.5,0.7,0.009324009324009324,0.7323943661971831,0.0069767441860465115
churn,2,0,101,rf:oof_macro_f1,0.3408333333333333,0.8142857142857143,0.018648018648018648,0.8169014084507042,0.020930232558139535
churn,2,0,101,rf:oof_balanced_accuracy,0.30208333333333337,0.8285714285714286,0.03496503496503497,0.8450704225352113,0.03255813953488372
churn,2,0,101,balanced_rf:default,0.5,0.8,0.06993006993006994,0.8450704225352113,0.06744186046511629
churn,2,0,101,balanced_rf:oof_macro_f1,0.6166666666666666,0.7428571428571429,0.016317016317016316,0.8028169014084507,0.030232558139534883
churn,2,0,101,balanced_rf:oof_balanced_accuracy,0.5291666666666666,0.7714285714285715,0.055944055944055944,0.8450704225352113,0.053488372093023255
churn,2,0,202,unweighted_lr:default,0.5,0.2714285714285714,0.03496503496503497,0.16901408450704225,0.037209302325581395
churn,2,0,202,unweighted_lr:oof_macro_f1,0.2054877383416194,0.7857142857142857,0.10955710955710955,0.7605633802816901,0.10232558139534884
churn,2,0,202,unweighted_lr:oof_balanced_accuracy,0.16234541967284352,0.8142857142857143,0.1561771561771562,0.8169014084507042,0.1511627906976744
churn,2,0,202,weighted_lr:default,0.5,0.8285714285714286,0.14918414918414918,0.8591549295774648,0.13488372093023257
churn,2,0,202,weighted_lr:oof_macro_f1,0.6073368300406812,0.7142857142857143,0.1048951048951049,0.8028169014084507,0.09534883720930233
churn,2,0,202,weighted_lr:oof_balanced_accuracy,0.517172037508255,0.8,0.1351981351981352,0.8591549295774648,0.12558139534883722
churn,2,0,202,rf:default,0.5,0.7142857142857143,0.006993006993006993,0.7464788732394366,0.009302325581395349
churn,2,0,202,rf:oof_macro_f1,0.37583333333333335,0.7714285714285715,0.018648018648018648,0.8591549295774648,0.018604651162790697
churn,2,0,202,rf:oof_balanced_accuracy,0.24702380952380948,0.8285714285714286,0.05128205128205128,0.8591549295774648,0.053488372093023255
churn,2,0,202,balanced_rf:default,0.5,0.7857142857142857,0.07692307692307693,0.8591549295774648,0.08372093023255814
churn,2,0,202,balanced_rf:oof_macro_f1,0.6208333333333333,0.7285714285714285,0.027972027972027972,0.7887323943661971,0.03255813953488372
churn,2,0,202,balanced_rf:oof_balanced_accuracy,0.5097756410256411,0.7857142857142857,0.07459207459207459,0.8591549295774648,0.08139534883720931
churn,2,0,303,unweighted_lr:default,0.5,0.2714285714285714,0.03496503496503497,0.16901408450704225,0.037209302325581395
churn,2,0,303,unweighted_lr:oof_macro_f1,0.2054877383416194,0.7857142857142857,0.10955710955710955,0.7605633802816901,0.10232558139534884
churn,2,0,303,unweighted_lr:oof_balanced_accuracy,0.16234541967284352,0.8142857142857143,0.1561771561771562,0.8169014084507042,0.1511627906976744
churn,2,0,303,weighted_lr:default,0.5,0.8285714285714286,0.14918414918414918,0.8591549295774648,0.13488372093023257
churn,2,0,303,weighted_lr:oof_macro_f1,0.6073368300406812,0.7142857142857143,0.1048951048951049,0.8028169014084507,0.09534883720930233
churn,2,0,303,weighted_lr:oof_balanced_accuracy,0.517172037508255,0.8,0.1351981351981352,0.8591549295774648,0.12558139534883722
churn,2,0,303,rf:default,0.5,0.6571428571428571,0.004662004662004662,0.7323943661971831,0.004651162790697674
churn,2,0,303,rf:oof_macro_f1,0.36125,0.7714285714285715,0.02564102564102564,0.8450704225352113,0.02558139534883721
churn,2,0,303,rf:oof_balanced_accuracy,0.27958333333333335,0.8285714285714286,0.04428904428904429,0.8450704225352113,0.046511627906976744
churn,2,0,303,balanced_rf:default,0.5,0.8142857142857143,0.07692307692307693,0.8450704225352113,0.08837209302325581
churn,2,0,303,balanced_rf:oof_macro_f1,0.6089285714285715,0.7285714285714285,0.027972027972027972,0.8028169014084507,0.037209302325581395
churn,2,0,303,balanced_rf:oof_balanced_accuracy,0.4833333333333334,0.8142857142857143,0.08391608391608392,0.8591549295774648,0.10232558139534884
churn,2,0,404,unweighted_lr:default,0.5,0.2714285714285714,0.03496503496503497,0.16901408450704225,0.037209302325581395
churn,2,0,404,unweighted_lr:oof_macro_f1,0.2054877383416194,0.7857142857142857,0.10955710955710955,0.7605633802816901,0.10232558139534884
churn,2,0,404,unweighted_lr:oof_balanced_accuracy,0.16234541967284352,0.8142857142857143,0.1561771561771562,0.8169014084507042,0.1511627906976744
churn,2,0,404,weighted_lr:default,0.5,0.8285714285714286,0.14918414918414918,0.8591549295774648,0.13488372093023257
churn,2,0,404,weighted_lr:oof_macro_f1,0.6073368300406812,0.7142857142857143,0.1048951048951049,0.8028169014084507,0.09534883720930233
churn,2,0,404,weighted_lr:oof_balanced_accuracy,0.517172037508255,0.8,0.1351981351981352,0.8591549295774648,0.12558139534883722
churn,2,0,404,rf:default,0.5,0.6571428571428571,0.006993006993006993,0.7746478873239436,0.0069767441860465115
churn,2,0,404,rf:oof_macro_f1,0.34958333333333336,0.8142857142857143,0.02564102564102564,0.8169014084507042,0.020930232558139535
churn,2,0,404,rf:oof_balanced_accuracy,0.275,0.8285714285714286,0.039627039627039624,0.8309859154929577,0.04883720930232558
churn,2,0,404,balanced_rf:default,0.5,0.8142857142857143,0.07692307692307693,0.8450704225352113,0.06744186046511629
churn,2,0,404,balanced_rf:oof_macro_f1,0.6161458333333333,0.7142857142857143,0.016317016317016316,0.8169014084507042,0.018604651162790697
churn,2,0,404,balanced_rf:oof_balanced_accuracy,0.47222222222222215,0.8142857142857143,0.08624708624708624,0.8450704225352113,0.08604651162790698
churn,2,0,505,unweighted_lr:default,0.5,0.2714285714285714,0.03496503496503497,0.16901408450704225,0.037209302325581395
churn,2,0,505,unweighted_lr:oof_macro_f1,0.2054877383416194,0.7857142857142857,0.10955710955710955,0.7605633802816901,0.10232558139534884
churn,2,0,505,unweighted_lr:oof_balanced_accuracy,0.16234541967284352,0.8142857142857143,0.1561771561771562,0.8169014084507042,0.1511627906976744
churn,2,0,505,weighted_lr:default,0.5,0.8285714285714286,0.14918414918414918,0.8591549295774648,0.13488372093023257
churn,2,0,505,weighted_lr:oof_macro_f1,0.6073368300406812,0.7142857142857143,0.1048951048951049,0.8028169014084507,0.09534883720930233
churn,2,0,505,weighted_lr:oof_balanced_accuracy,0.517172037508255,0.8,0.1351981351981352,0.8591549295774648,0.12558139534883722
churn,2,0,505,rf:default,0.5,0.6285714285714286,0.006993006993006993,0.7323943661971831,0.0069767441860465115
churn,2,0,505,rf:oof_macro_f1,0.3613789682539682,0.8,0.018648018648018648,0.8450704225352113,0.023255813953488372
churn,2,0,505,rf:oof_balanced_accuracy,0.24166666666666664,0.8285714285714286,0.05827505827505827,0.8591549295774648,0.053488372093023255
churn,2,0,505,balanced_rf:default,0.5,0.8142857142857143,0.05827505827505827,0.8450704225352113,0.07906976744186046
churn,2,0,505,balanced_rf:oof_macro_f1,0.6104166666666666,0.7285714285714285,0.023310023310023312,0.8169014084507042,0.037209302325581395
churn,2,0,505,balanced_rf:oof_balanced_accuracy,0.4916666666666666,0.8285714285714286,0.05827505827505827,0.8450704225352113,0.08372093023255814
churn,2,1,101,unweighted_lr:default,0.5,0.22857142857142856,0.04195804195804196,0.2535211267605634,0.06279069767441861
churn,2,1,101,unweighted_lr:oof_macro_f1,0.22733423012182208,0.7857142857142857,0.09090909090909091,0.7746478873239436,0.11162790697674418
churn,2,1,101,unweighted_lr:oof_balanced_accuracy,0.17767945059277818,0.8428571428571429,0.15384615384615385,0.8169014084507042,0.15813953488372093
churn,2,1,101,weighted_lr:default,0.5,0.8857142857142857,0.17016317016317017,0.8732394366197183,0.17906976744186046
churn,2,1,101,weighted_lr:oof_macro_f1,0.5902691130748293,0.8428571428571429,0.10722610722610723,0.8309859154929577,0.12093023255813953
churn,2,1,101,weighted_lr:oof_balanced_accuracy,0.5021906876318485,0.8857142857142857,0.17016317016317017,0.8732394366197183,0.17906976744186046
churn,2,1,101,rf:default,0.5,0.7,0.011655011655011656,0.7464788732394366,0.0069767441860465115
churn,2,1,101,rf:oof_macro_f1,0.3333333333333333,0.8285714285714286,0.018648018648018648,0.8450704225352113,0.02558139534883721
churn,2,1,101,rf:oof_balanced_accuracy,0.2808333333333334,0.8571428571428571,0.030303030303030304,0.8732394366197183,0.037209302325581395
churn,2,1,101,balanced_rf:default,0.5,0.8857142857142857,0.053613053613053616,0.8591549295774648,0.06046511627906977
churn,2,1,101,balanced_rf:oof_macro_f1,0.6535714285714286,0.7142857142857143,0.016317016317016316,0.8169014084507042,0.027906976744186046
churn,2,1,101,balanced_rf:oof_balanced_accuracy,0.4708333333333333,0.8857142857142857,0.06293706293706294,0.8732394366197183,0.07441860465116279
churn,2,1,202,unweighted_lr:default,0.5,0.22857142857142856,0.04195804195804196,0.2535211267605634,0.06279069767441861
churn,2,1,202,unweighted_lr:oof_macro_f1,0.22733423012182208,0.7857142857142857,0.09090909090909091,0.7746478873239436,0.11162790697674418
churn,2,1,202,unweighted_lr:oof_balanced_accuracy,0.17767945059277818,0.8428571428571429,0.15384615384615385,0.8169014084507042,0.15813953488372093
churn,2,1,202,weighted_lr:default,0.5,0.8857142857142857,0.17016317016317017,0.8732394366197183,0.17906976744186046
churn,2,1,202,weighted_lr:oof_macro_f1,0.5902691130748293,0.8428571428571429,0.10722610722610723,0.8309859154929577,0.12093023255813953
churn,2,1,202,weighted_lr:oof_balanced_accuracy,0.5021906876318485,0.8857142857142857,0.17016317016317017,0.8732394366197183,0.17906976744186046
churn,2,1,202,rf:default,0.5,0.7142857142857143,0.011655011655011656,0.7605633802816901,0.011627906976744186
churn,2,1,202,rf:oof_macro_f1,0.35541666666666666,0.8142857142857143,0.018648018648018648,0.8450704225352113,0.020930232558139535
churn,2,1,202,rf:oof_balanced_accuracy,0.24291666666666667,0.8857142857142857,0.055944055944055944,0.8873239436619719,0.05116279069767442
churn,2,1,202,balanced_rf:default,0.5,0.8714285714285714,0.06293706293706294,0.8450704225352113,0.08837209302325581
churn,2,1,202,balanced_rf:oof_macro_f1,0.5833333333333334,0.8285714285714286,0.03263403263403263,0.8309859154929577,0.05581395348837209
churn,2,1,202,balanced_rf:oof_balanced_accuracy,0.4916666666666667,0.8714285714285714,0.06526806526806526,0.8450704225352113,0.09302325581395349
churn,2,1,303,unweighted_lr:default,0.5,0.22857142857142856,0.04195804195804196,0.2535211267605634,0.06279069767441861
churn,2,1,303,unweighted_lr:oof_macro_f1,0.22733423012182208,0.7857142857142857,0.09090909090909091,0.7746478873239436,0.11162790697674418
churn,2,1,303,unweighted_lr:oof_balanced_accuracy,0.17767945059277818,0.8428571428571429,0.15384615384615385,0.8169014084507042,0.15813953488372093
churn,2,1,303,weighted_lr:default,0.5,0.8857142857142857,0.17016317016317017,0.8732394366197183,0.17906976744186046
churn,2,1,303,weighted_lr:oof_macro_f1,0.5902691130748293,0.8428571428571429,0.10722610722610723,0.8309859154929577,0.12093023255813953
churn,2,1,303,weighted_lr:oof_balanced_accuracy,0.5021906876318485,0.8857142857142857,0.17016317016317017,0.8732394366197183,0.17906976744186046
churn,2,1,303,rf:default,0.5,0.7142857142857143,0.009324009324009324,0.7464788732394366,0.0069767441860465115
churn,2,1,303,rf:oof_macro_f1,0.3791666666666667,0.8,0.011655011655011656,0.8169014084507042,0.013953488372093023
churn,2,1,303,rf:oof_balanced_accuracy,0.2808333333333334,0.8857142857142857,0.027972027972027972,0.8732394366197183,0.04186046511627907
churn,2,1,303,balanced_rf:default,0.5,0.8714285714285714,0.04895104895104895,0.8732394366197183,0.08139534883720931
churn,2,1,303,balanced_rf:oof_macro_f1,0.5958333333333334,0.8,0.02564102564102564,0.8169014084507042,0.03255813953488372
churn,2,1,303,balanced_rf:oof_balanced_accuracy,0.4854166666666667,0.8714285714285714,0.06293706293706294,0.8732394366197183,0.08372093023255814
churn,2,1,404,unweighted_lr:default,0.5,0.22857142857142856,0.04195804195804196,0.2535211267605634,0.06279069767441861
churn,2,1,404,unweighted_lr:oof_macro_f1,0.22733423012182208,0.7857142857142857,0.09090909090909091,0.7746478873239436,0.11162790697674418
churn,2,1,404,unweighted_lr:oof_balanced_accuracy,0.17767945059277818,0.8428571428571429,0.15384615384615385,0.8169014084507042,0.15813953488372093
churn,2,1,404,weighted_lr:default,0.5,0.8857142857142857,0.17016317016317017,0.8732394366197183,0.17906976744186046
churn,2,1,404,weighted_lr:oof_macro_f1,0.5902691130748293,0.8428571428571429,0.10722610722610723,0.8309859154929577,0.12093023255813953
churn,2,1,404,weighted_lr:oof_balanced_accuracy,0.5021906876318485,0.8857142857142857,0.17016317016317017,0.8732394366197183,0.17906976744186046
churn,2,1,404,rf:default,0.5,0.7142857142857143,0.002331002331002331,0.7464788732394366,0.004651162790697674
churn,2,1,404,rf:oof_macro_f1,0.4399621212121212,0.7285714285714285,0.009324009324009324,0.8028169014084507,0.011627906976744186
churn,2,1,404,rf:oof_balanced_accuracy,0.21624999999999997,0.8857142857142857,0.0675990675990676,0.8873239436619719,0.07441860465116279
churn,2,1,404,balanced_rf:default,0.5,0.8571428571428571,0.053613053613053616,0.8873239436619719,0.07906976744186046
churn,2,1,404,balanced_rf:oof_macro_f1,0.5541666666666666,0.8285714285714286,0.03496503496503497,0.8732394366197183,0.06511627906976744
churn,2,1,404,balanced_rf:oof_balanced_accuracy,0.5333333333333333,0.8428571428571429,0.037296037296037296,0.8732394366197183,0.07906976744186046
churn,2,1,505,unweighted_lr:default,0.5,0.22857142857142856,0.04195804195804196,0.2535211267605634,0.06279069767441861
churn,2,1,505,unweighted_lr:oof_macro_f1,0.22733423012182208,0.7857142857142857,0.09090909090909091,0.7746478873239436,0.11162790697674418
churn,2,1,505,unweighted_lr:oof_balanced_accuracy,0.17767945059277818,0.8428571428571429,0.15384615384615385,0.8169014084507042,0.15813953488372093
churn,2,1,505,weighted_lr:default,0.5,0.8857142857142857,0.17016317016317017,0.8732394366197183,0.17906976744186046
churn,2,1,505,weighted_lr:oof_macro_f1,0.5902691130748293,0.8428571428571429,0.10722610722610723,0.8309859154929577,0.12093023255813953
churn,2,1,505,weighted_lr:oof_balanced_accuracy,0.5021906876318485,0.8857142857142857,0.17016317016317017,0.8732394366197183,0.17906976744186046
churn,2,1,505,rf:default,0.5,0.7,0.006993006993006993,0.7323943661971831,0.009302325581395349
churn,2,1,505,rf:oof_macro_f1,0.3441666666666666,0.8285714285714286,0.018648018648018648,0.8450704225352113,0.030232558139534883
churn,2,1,505,rf:oof_balanced_accuracy,0.2444444444444444,0.8857142857142857,0.053613053613053616,0.8873239436619719,0.06511627906976744
churn,2,1,505,balanced_rf:default,0.5,0.8857142857142857,0.05827505827505827,0.8732394366197183,0.08139534883720931
churn,2,1,505,balanced_rf:oof_macro_f1,0.5833333333333333,0.8428571428571429,0.037296037296037296,0.8450704225352113,0.04186046511627907
churn,2,1,505,balanced_rf:oof_balanced_accuracy,0.4708333333333333,0.8857142857142857,0.07692307692307693,0.8873239436619719,0.09767441860465116
churn,2,2,101,unweighted_lr:default,0.5,0.22857142857142856,0.02564102564102564,0.18309859154929578,0.03488372093023256
churn,2,2,101,unweighted_lr:oof_macro_f1,0.2248707598780658,0.6571428571428571,0.08158508158508158,0.7464788732394366,0.10465116279069768
churn,2,2,101,unweighted_lr:oof_balanced_accuracy,0.18107866395432692,0.7428571428571429,0.12121212121212122,0.7887323943661971,0.14651162790697675
churn,2,2,101,weighted_lr:default,0.5,0.8285714285714286,0.15151515151515152,0.8732394366197183,0.16046511627906976
churn,2,2,101,weighted_lr:oof_macro_f1,0.5747166380131171,0.7571428571428571,0.10955710955710955,0.8169014084507042,0.10232558139534884
churn,2,2,101,weighted_lr:oof_balanced_accuracy,0.5240772948675331,0.8142857142857143,0.1351981351981352,0.8591549295774648,0.1511627906976744
churn,2,2,101,rf:default,0.5,0.6285714285714286,0.006993006993006993,0.7323943661971831,0.0069767441860465115
churn,2,2,101,rf:oof_macro_f1,0.3813888888888889,0.7142857142857143,0.018648018648018648,0.8028169014084507,0.020930232558139535
churn,2,2,101,rf:oof_balanced_accuracy,0.2379166666666667,0.8428571428571429,0.04195804195804196,0.9014084507042254,0.06279069767441861
churn,2,2,101,balanced_rf:default,0.5,0.8285714285714286,0.04195804195804196,0.8591549295774648,0.06046511627906977
churn,2,2,101,balanced_rf:oof_macro_f1,0.596474358974359,0.7142857142857143,0.016317016317016316,0.8309859154929577,0.03255813953488372
churn,2,2,101,balanced_rf:oof_balanced_accuracy,0.4916666666666666,0.8285714285714286,0.05128205128205128,0.8591549295774648,0.06744186046511629
churn,2,2,202,unweighted_lr:default,0.5,0.22857142857142856,0.02564102564102564,0.18309859154929578,0.03488372093023256
churn,2,2,202,unweighted_lr:oof_macro_f1,0.2248707598780658,0.6571428571428571,0.08158508158508158,0.7464788732394366,0.10465116279069768
churn,2,2,202,unweighted_lr:oof_balanced_accuracy,0.18107866395432692,0.7428571428571429,0.12121212121212122,0.7887323943661971,0.14651162790697675
churn,2,2,202,weighted_lr:default,0.5,0.8285714285714286,0.15151515151515152,0.8732394366197183,0.16046511627906976
churn,2,2,202,weighted_lr:oof_macro_f1,0.5747166380131171,0.7571428571428571,0.10955710955710955,0.8169014084507042,0.10232558139534884
churn,2,2,202,weighted_lr:oof_balanced_accuracy,0.5240772948675331,0.8142857142857143,0.1351981351981352,0.8591549295774648,0.1511627906976744
churn,2,2,202,rf:default,0.5,0.5714285714285714,0.0,0.6901408450704225,0.0069767441860465115
churn,2,2,202,rf:oof_macro_f1,0.36666666666666664,0.7571428571428571,0.016317016317016316,0.8309859154929577,0.01627906976744186
churn,2,2,202,rf:oof_balanced_accuracy,0.2908333333333334,0.8142857142857143,0.02564102564102564,0.8873239436619719,0.030232558139534883
churn,2,2,202,balanced_rf:default,0.5,0.7571428571428571,0.053613053613053616,0.8732394366197183,0.06279069767441861
churn,2,2,202,balanced_rf:oof_macro_f1,0.5750000000000001,0.7,0.030303030303030304,0.8169014084507042,0.030232558139534883
churn,2,2,202,balanced_rf:oof_balanced_accuracy,0.45833333333333337,0.8142857142857143,0.0675990675990676,0.8873239436619719,0.07674418604651163
churn,2,2,303,unweighted_lr:default,0.5,0.22857142857142856,0.02564102564102564,0.18309859154929578,0.03488372093023256
churn,2,2,303,unweighted_lr:oof_macro_f1,0.2248707598780658,0.6571428571428571,0.08158508158508158,0.7464788732394366,0.10465116279069768
churn,2,2,303,unweighted_lr:oof_balanced_accuracy,0.18107866395432692,0.7428571428571429,0.12121212121212122,0.7887323943661971,0.14651162790697675
churn,2,2,303,weighted_lr:default,0.5,0.8285714285714286,0.15151515151515152,0.8732394366197183,0.16046511627906976
churn,2,2,303,weighted_lr:oof_macro_f1,0.5747166380131171,0.7571428571428571,0.10955710955710955,0.8169014084507042,0.10232558139534884
churn,2,2,303,weighted_lr:oof_balanced_accuracy,0.5240772948675331,0.8142857142857143,0.1351981351981352,0.8591549295774648,0.1511627906976744
churn,2,2,303,rf:default,0.5,0.6142857142857143,0.004662004662004662,0.7323943661971831,0.0069767441860465115
churn,2,2,303,rf:oof_macro_f1,0.35879629629629634,0.7571428571428571,0.016317016317016316,0.8169014084507042,0.020930232558139535
churn,2,2,303,rf:oof_balanced_accuracy,0.28,0.8142857142857143,0.027972027972027972,0.8873239436619719,0.03953488372093023
churn,2,2,303,balanced_rf:default,0.5,0.8,0.04195804195804196,0.9014084507042254,0.04883720930232558
churn,2,2,303,balanced_rf:oof_macro_f1,0.5770833333333333,0.7428571428571429,0.018648018648018648,0.8169014084507042,0.03953488372093023
churn,2,2,303,balanced_rf:oof_balanced_accuracy,0.4833333333333334,0.8285714285714286,0.05128205128205128,0.9014084507042254,0.06279069767441861
churn,2,2,404,unweighted_lr:default,0.5,0.22857142857142856,0.02564102564102564,0.18309859154929578,0.03488372093023256
churn,2,2,404,unweighted_lr:oof_macro_f1,0.2248707598780658,0.6571428571428571,0.08158508158508158,0.7464788732394366,0.10465116279069768
churn,2,2,404,unweighted_lr:oof_balanced_accuracy,0.18107866395432692,0.7428571428571429,0.12121212121212122,0.7887323943661971,0.14651162790697675
churn,2,2,404,weighted_lr:default,0.5,0.8285714285714286,0.15151515151515152,0.8732394366197183,0.16046511627906976
churn,2,2,404,weighted_lr:oof_macro_f1,0.5747166380131171,0.7571428571428571,0.10955710955710955,0.8169014084507042,0.10232558139534884
churn,2,2,404,weighted_lr:oof_balanced_accuracy,0.5240772948675331,0.8142857142857143,0.1351981351981352,0.8591549295774648,0.1511627906976744
churn,2,2,404,rf:default,0.5,0.6285714285714286,0.002331002331002331,0.7183098591549296,0.0069767441860465115
churn,2,2,404,rf:oof_macro_f1,0.41208333333333336,0.7285714285714285,0.011655011655011656,0.8028169014084507,0.013953488372093023
churn,2,2,404,rf:oof_balanced_accuracy,0.27336309523809527,0.8,0.027972027972027972,0.8873239436619719,0.027906976744186046
churn,2,2,404,balanced_rf:default,0.5,0.8142857142857143,0.05128205128205128,0.8732394366197183,0.06046511627906977
churn,2,2,404,balanced_rf:oof_macro_f1,0.6017857142857143,0.7142857142857143,0.02097902097902098,0.8028169014084507,0.03255813953488372
churn,2,2,404,balanced_rf:oof_balanced_accuracy,0.45833333333333337,0.8285714285714286,0.08857808857808858,0.9014084507042254,0.08604651162790698
churn,2,2,505,unweighted_lr:default,0.5,0.22857142857142856,0.02564102564102564,0.18309859154929578,0.03488372093023256
churn,2,2,505,unweighted_lr:oof_macro_f1,0.2248707598780658,0.6571428571428571,0.08158508158508158,0.7464788732394366,0.10465116279069768
churn,2,2,505,unweighted_lr:oof_balanced_accuracy,0.18107866395432692,0.7428571428571429,0.12121212121212122,0.7887323943661971,0.14651162790697675
churn,2,2,505,weighted_lr:default,0.5,0.8285714285714286,0.15151515151515152,0.8732394366197183,0.16046511627906976
churn,2,2,505,weighted_lr:oof_macro_f1,0.5747166380131171,0.7571428571428571,0.10955710955710955,0.8169014084507042,0.10232558139534884
churn,2,2,505,weighted_lr:oof_balanced_accuracy,0.5240772948675331,0.8142857142857143,0.1351981351981352,0.8591549295774648,0.1511627906976744
churn,2,2,505,rf:default,0.5,0.6,0.002331002331002331,0.7464788732394366,0.011627906976744186
churn,2,2,505,rf:oof_macro_f1,0.41222222222222216,0.6571428571428571,0.006993006993006993,0.8028169014084507,0.018604651162790697
churn,2,2,505,rf:oof_balanced_accuracy,0.2591666666666667,0.8,0.027972027972027972,0.8591549295774648,0.04883720930232558
churn,2,2,505,balanced_rf:default,0.5,0.8285714285714286,0.037296037296037296,0.8873239436619719,0.06976744186046512
churn,2,2,505,balanced_rf:oof_macro_f1,0.5916666666666667,0.7,0.011655011655011656,0.8028169014084507,0.037209302325581395
churn,2,2,505,balanced_rf:oof_balanced_accuracy,0.4666666666666666,0.8428571428571429,0.06993006993006994,0.9154929577464789,0.08372093023255814
churn,2,3,101,unweighted_lr:default,0.5,0.09859154929577464,0.03263403263403263,0.19718309859154928,0.04428904428904429
churn,2,3,101,unweighted_lr:oof_macro_f1,0.23301237836805533,0.647887323943662,0.0979020979020979,0.5915492957746479,0.10955710955710955
churn,2,3,101,unweighted_lr:oof_balanced_accuracy,0.15389049269755675,0.7605633802816901,0.14918414918414918,0.7746478873239436,0.17482517482517482
churn,2,3,101,weighted_lr:default,0.5,0.7887323943661971,0.13053613053613053,0.8591549295774648,0.1655011655011655
churn,2,3,101,weighted_lr:oof_macro_f1,0.61661372969246,0.676056338028169,0.0979020979020979,0.6619718309859155,0.10722610722610723
churn,2,3,101,weighted_lr:oof_balanced_accuracy,0.5145161982753271,0.7605633802816901,0.13053613053613053,0.8450704225352113,0.15384615384615385
churn,2,3,101,rf:default,0.5,0.6619718309859155,0.004662004662004662,0.6338028169014085,0.006993006993006993
churn,2,3,101,rf:oof_macro_f1,0.39136904761904756,0.7183098591549296,0.013986013986013986,0.7605633802816901,0.02097902097902098
churn,2,3,101,rf:oof_balanced_accuracy,0.24,0.7605633802816901,0.039627039627039624,0.8591549295774648,0.055944055944055944
churn,2,3,101,balanced_rf:default,0.5,0.7464788732394366,0.053613053613053616,0.8450704225352113,0.08158508158508158
churn,2,3,101,balanced_rf:oof_macro_f1,0.6083333333333333,0.676056338028169,0.023310023310023312,0.7887323943661971,0.03263403263403263
churn,2,3,101,balanced_rf:oof_balanced_accuracy,0.4908333333333334,0.7464788732394366,0.06060606060606061,0.8450704225352113,0.08391608391608392
churn,2,3,202,unweighted_lr:default,0.5,0.09859154929577464,0.03263403263403263,0.19718309859154928,0.04428904428904429
churn,2,3,202,unweighted_lr:oof_macro_f1,0.23301237836805533,0.647887323943662,0.0979020979020979,0.5915492957746479,0.10955710955710955
churn,2,3,202,unweighted_lr:oof_balanced_accuracy,0.15389049269755675,0.7605633802816901,0.14918414918414918,0.7746478873239436,0.17482517482517482
churn,2,3,202,weighted_lr:default,0.5,0.7887323943661971,0.13053613053613053,0.8591549295774648,0.1655011655011655
churn,2,3,202,weighted_lr:oof_macro_f1,0.61661372969246,0.676056338028169,0.0979020979020979,0.6619718309859155,0.10722610722610723
churn,2,3,202,weighted_lr:oof_balanced_accuracy,0.5145161982753271,0.7605633802816901,0.13053613053613053,0.8450704225352113,0.15384615384615385
churn,2,3,202,rf:default,0.5,0.5915492957746479,0.004662004662004662,0.6197183098591549,0.006993006993006993
churn,2,3,202,rf:oof_macro_f1,0.37666666666666665,0.7183098591549296,0.011655011655011656,0.7887323943661971,0.02097902097902098
churn,2,3,202,rf:oof_balanced_accuracy,0.25138888888888894,0.7464788732394366,0.04195804195804196,0.8450704225352113,0.055944055944055944
churn,2,3,202,balanced_rf:default,0.5,0.7605633802816901,0.053613053613053616,0.8169014084507042,0.07925407925407925
churn,2,3,202,balanced_rf:oof_macro_f1,0.5791666666666667,0.676056338028169,0.023310023310023312,0.7746478873239436,0.04428904428904429
churn,2,3,202,balanced_rf:oof_balanced_accuracy,0.5104166666666666,0.7323943661971831,0.04895104895104895,0.8169014084507042,0.07226107226107226
churn,2,3,303,unweighted_lr:default,0.5,0.09859154929577464,0.03263403263403263,0.19718309859154928,0.04428904428904429
churn,2,3,303,unweighted_lr:oof_macro_f1,0.23301237836805533,0.647887323943662,0.0979020979020979,0.5915492957746479,0.10955710955710955
churn,2,3,303,unweighted_lr:oof_balanced_accuracy,0.15389049269755675,0.7605633802816901,0.14918414918414918,0.7746478873239436,0.17482517482517482
churn,2,3,303,weighted_lr:default,0.5,0.7887323943661971,0.13053613053613053,0.8591549295774648,0.1655011655011655
churn,2,3,303,weighted_lr:oof_macro_f1,0.61661372969246,0.676056338028169,0.0979020979020979,0.6619718309859155,0.10722610722610723
churn,2,3,303,weighted_lr:oof_balanced_accuracy,0.5145161982753271,0.7605633802816901,0.13053613053613053,0.8450704225352113,0.15384615384615385
churn,2,3,303,rf:default,0.5,0.676056338028169,0.009324009324009324,0.676056338028169,0.004662004662004662
churn,2,3,303,rf:oof_macro_f1,0.3837499999999999,0.7323943661971831,0.016317016317016316,0.7323943661971831,0.02097902097902098
churn,2,3,303,rf:oof_balanced_accuracy,0.2791666666666667,0.7605633802816901,0.027972027972027972,0.8309859154929577,0.053613053613053616
churn,2,3,303,balanced_rf:default,0.5,0.7464788732394366,0.07459207459207459,0.8450704225352113,0.08624708624708624
churn,2,3,303,balanced_rf:oof_macro_f1,0.6125,0.7183098591549296,0.030303030303030304,0.8028169014084507,0.039627039627039624
churn,2,3,303,balanced_rf:oof_balanced_accuracy,0.475,0.7605633802816901,0.08624708624708624,0.8450704225352113,0.10023310023310024
churn,2,3,404,unweighted_lr:default,0.5,0.09859154929577464,0.03263403263403263,0.19718309859154928,0.04428904428904429
churn,2,3,404,unweighted_lr:oof_macro_f1,0.23301237836805533,0.647887323943662,0.0979020979020979,0.5915492957746479,0.10955710955710955
churn,2,3,404,unweighted_lr:oof_balanced_accuracy,0.15389049269755675,0.7605633802816901,0.14918414918414918,0.7746478873239436,0.17482517482517482
churn,2,3,404,weighted_lr:default,0.5,0.7887323943661971,0.13053613053613053,0.8591549295774648,0.1655011655011655
churn,2,3,404,weighted_lr:oof_macro_f1,0.61661372969246,0.676056338028169,0.0979020979020979,0.6619718309859155,0.10722610722610723
churn,2,3,404,weighted_lr:oof_balanced_accuracy,0.5145161982753271,0.7605633802816901,0.13053613053613053,0.8450704225352113,0.15384615384615385
churn,2,3,404,rf:default,0.5,0.6338028169014085,0.006993006993006993,0.6056338028169014,0.006993006993006993
churn,2,3,404,rf:oof_macro_f1,0.3991666666666666,0.704225352112676,0.011655011655011656,0.7464788732394366,0.02097902097902098
churn,2,3,404,rf:oof_balanced_accuracy,0.23958333333333334,0.7887323943661971,0.04195804195804196,0.8732394366197183,0.07459207459207459
churn,2,3,404,balanced_rf:default,0.5,0.7464788732394366,0.046620046620046623,0.8169014084507042,0.06060606060606061
churn,2,3,404,balanced_rf:oof_macro_f1,0.6229166666666666,0.704225352112676,0.009324009324009324,0.7323943661971831,0.03263403263403263
churn,2,3,404,balanced_rf:oof_balanced_accuracy,0.4916666666666667,0.7605633802816901,0.053613053613053616,0.8309859154929577,0.06526806526806526
churn,2,3,505,unweighted_lr:default,0.5,0.09859154929577464,0.03263403263403263,0.19718309859154928,0.04428904428904429
churn,2,3,505,unweighted_lr:oof_macro_f1,0.23301237836805533,0.647887323943662,0.0979020979020979,0.5915492957746479,0.10955710955710955
churn,2,3,505,unweighted_lr:oof_balanced_accuracy,0.15389049269755675,0.7605633802816901,0.14918414918414918,0.7746478873239436,0.17482517482517482
churn,2,3,505,weighted_lr:default,0.5,0.7887323943661971,0.13053613053613053,0.8591549295774648,0.1655011655011655
churn,2,3,505,weighted_lr:oof_macro_f1,0.61661372969246,0.676056338028169,0.0979020979020979,0.6619718309859155,0.10722610722610723
churn,2,3,505,weighted_lr:oof_balanced_accuracy,0.5145161982753271,0.7605633802816901,0.13053613053613053,0.8450704225352113,0.15384615384615385
churn,2,3,505,rf:default,0.5,0.647887323943662,0.006993006993006993,0.6619718309859155,0.004662004662004662
churn,2,3,505,rf:oof_macro_f1,0.30416666666666664,0.7464788732394366,0.03263403263403263,0.8450704225352113,0.039627039627039624
churn,2,3,505,rf:oof_balanced_accuracy,0.23500000000000001,0.7605633802816901,0.05128205128205128,0.8591549295774648,0.05827505827505827
churn,2,3,505,balanced_rf:default,0.5,0.7746478873239436,0.05128205128205128,0.8450704225352113,0.07226107226107226
churn,2,3,505,balanced_rf:oof_macro_f1,0.6275000000000001,0.6901408450704225,0.013986013986013986,0.7464788732394366,0.03496503496503497
churn,2,3,505,balanced_rf:oof_balanced_accuracy,0.4916666666666667,0.7746478873239436,0.055944055944055944,0.8591549295774648,0.07692307692307693
churn,2,4,101,unweighted_lr:default,0.5,0.19718309859154928,0.039627039627039624,0.22535211267605634,0.030303030303030304
churn,2,4,101,unweighted_lr:oof_macro_f1,0.2137863912896667,0.7183098591549296,0.11888111888111888,0.676056338028169,0.09090909090909091
churn,2,4,101,unweighted_lr:oof_balanced_accuracy,0.15860552384712825,0.7746478873239436,0.17482517482517482,0.8028169014084507,0.14685314685314685
churn,2,4,101,weighted_lr:default,0.5,0.8028169014084507,0.17482517482517482,0.8450704225352113,0.12354312354312354
churn,2,4,101,weighted_lr:oof_macro_f1,0.587945278522034,0.7746478873239436,0.1258741258741259,0.7746478873239436,0.08624708624708624
churn,2,4,101,weighted_lr:oof_balanced_accuracy,0.497353029490878,0.8028169014084507,0.17482517482517482,0.8450704225352113,0.1258741258741259
churn,2,4,101,rf:default,0.5,0.647887323943662,0.018648018648018648,0.6197183098591549,0.004662004662004662
churn,2,4,101,rf:oof_macro_f1,0.38416666666666666,0.7887323943661971,0.030303030303030304,0.7323943661971831,0.011655011655011656
churn,2,4,101,rf:oof_balanced_accuracy,0.24419642857142856,0.8169014084507042,0.06293706293706294,0.7887323943661971,0.037296037296037296
churn,2,4,101,balanced_rf:default,0.5,0.7887323943661971,0.053613053613053616,0.7746478873239436,0.030303030303030304
churn,2,4,101,balanced_rf:oof_macro_f1,0.5791666666666667,0.7605633802816901,0.039627039627039624,0.704225352112676,0.016317016317016316
churn,2,4,101,balanced_rf:oof_balanced_accuracy,0.4999999999999999,0.7887323943661971,0.055944055944055944,0.7746478873239436,0.030303030303030304
churn,2,4,202,unweighted_lr:default,0.5,0.19718309859154928,0.039627039627039624,0.22535211267605634,0.030303030303030304
churn,2,4,202,unweighted_lr:oof_macro_f1,0.2137863912896667,0.7183098591549296,0.11888111888111888,0.676056338028169,0.09090909090909091
churn,2,4,202,unweighted_lr:oof_balanced_accuracy,0.15860552384712825,0.7746478873239436,0.17482517482517482,0.8028169014084507,0.14685314685314685
churn,2,4,202,weighted_lr:default,0.5,0.8028169014084507,0.17482517482517482,0.8450704225352113,0.12354312354312354
churn,2,4,202,weighted_lr:oof_macro_f1,0.587945278522034,0.7746478873239436,0.1258741258741259,0.7746478873239436,0.08624708624708624
churn,2,4,202,weighted_lr:oof_balanced_accuracy,0.497353029490878,0.8028169014084507,0.17482517482517482,0.8450704225352113,0.1258741258741259
churn,2,4,202,rf:default,0.5,0.676056338028169,0.016317016317016316,0.6056338028169014,0.004662004662004662
churn,2,4,202,rf:oof_macro_f1,0.41125,0.7887323943661971,0.02097902097902098,0.6619718309859155,0.011655011655011656
churn,2,4,202,rf:oof_balanced_accuracy,0.25749999999999995,0.8309859154929577,0.046620046620046623,0.7887323943661971,0.03263403263403263
churn,2,4,202,balanced_rf:default,0.5,0.7746478873239436,0.07692307692307693,0.7464788732394366,0.055944055944055944
churn,2,4,202,balanced_rf:oof_macro_f1,0.5875000000000001,0.7323943661971831,0.039627039627039624,0.6901408450704225,0.02097902097902098
churn,2,4,202,balanced_rf:oof_balanced_accuracy,0.4875,0.7887323943661971,0.08857808857808858,0.7464788732394366,0.06293706293706294
churn,2,4,303,unweighted_lr:default,0.5,0.19718309859154928,0.039627039627039624,0.22535211267605634,0.030303030303030304
churn,2,4,303,unweighted_lr:oof_macro_f1,0.2137863912896667,0.7183098591549296,0.11888111888111888,0.676056338028169,0.09090909090909091
churn,2,4,303,unweighted_lr:oof_balanced_accuracy,0.15860552384712825,0.7746478873239436,0.17482517482517482,0.8028169014084507,0.14685314685314685
churn,2,4,303,weighted_lr:default,0.5,0.8028169014084507,0.17482517482517482,0.8450704225352113,0.12354312354312354
churn,2,4,303,weighted_lr:oof_macro_f1,0.587945278522034,0.7746478873239436,0.1258741258741259,0.7746478873239436,0.08624708624708624
churn,2,4,303,weighted_lr:oof_balanced_accuracy,0.497353029490878,0.8028169014084507,0.17482517482517482,0.8450704225352113,0.1258741258741259
churn,2,4,303,rf:default,0.5,0.647887323943662,0.018648018648018648,0.6197183098591549,0.011655011655011656
churn,2,4,303,rf:oof_macro_f1,0.3508333333333334,0.7605633802816901,0.037296037296037296,0.7464788732394366,0.013986013986013986
churn,2,4,303,rf:oof_balanced_accuracy,0.25,0.8450704225352113,0.055944055944055944,0.7887323943661971,0.04195804195804196
churn,2,4,303,balanced_rf:default,0.5,0.7887323943661971,0.06293706293706294,0.7605633802816901,0.03263403263403263
churn,2,4,303,balanced_rf:oof_macro_f1,0.5979166666666667,0.7323943661971831,0.039627039627039624,0.676056338028169,0.023310023310023312
churn,2,4,303,balanced_rf:oof_balanced_accuracy,0.5020833333333333,0.7887323943661971,0.06293706293706294,0.7605633802816901,0.03263403263403263
churn,2,4,404,unweighted_lr:default,0.5,0.19718309859154928,0.039627039627039624,0.22535211267605634,0.030303030303030304
churn,2,4,404,unweighted_lr:oof_macro_f1,0.2137863912896667,0.7183098591549296,0.11888111888111888,0.676056338028169,0.09090909090909091
churn,2,4,404,unweighted_lr:oof_balanced_accuracy,0.15860552384712825,0.7746478873239436,0.17482517482517482,0.8028169014084507,0.14685314685314685
churn,2,4,404,weighted_lr:default,0.5,0.8028169014084507,0.17482517482517482,0.8450704225352113,0.12354312354312354
churn,2,4,404,weighted_lr:oof_macro_f1,0.587945278522034,0.7746478873239436,0.1258741258741259,0.7746478873239436,0.08624708624708624
churn,2,4,404,weighted_lr:oof_balanced_accuracy,0.497353029490878,0.8028169014084507,0.17482517482517482,0.8450704225352113,0.1258741258741259
churn,2,4,404,rf:default,0.5,0.6197183098591549,0.011655011655011656,0.6338028169014085,0.006993006993006993
churn,2,4,404,rf:oof_macro_f1,0.40625,0.676056338028169,0.02097902097902098,0.6619718309859155,0.009324009324009324
churn,2,4,404,rf:oof_balanced_accuracy,0.2666666666666667,0.8309859154929577,0.053613053613053616,0.7746478873239436,0.03263403263403263
churn,2,4,404,balanced_rf:default,0.5,0.8028169014084507,0.06060606060606061,0.7746478873239436,0.04195804195804196
churn,2,4,404,balanced_rf:oof_macro_f1,0.6187500000000001,0.7183098591549296,0.03496503496503497,0.647887323943662,0.02097902097902098
churn,2,4,404,balanced_rf:oof_balanced_accuracy,0.4604166666666666,0.8169014084507042,0.07459207459207459,0.7746478873239436,0.06060606060606061
churn,2,4,505,unweighted_lr:default,0.5,0.19718309859154928,0.039627039627039624,0.22535211267605634,0.030303030303030304
churn,2,4,505,unweighted_lr:oof_macro_f1,0.2137863912896667,0.7183098591549296,0.11888111888111888,0.676056338028169,0.09090909090909091
churn,2,4,505,unweighted_lr:oof_balanced_accuracy,0.15860552384712825,0.7746478873239436,0.17482517482517482,0.8028169014084507,0.14685314685314685
churn,2,4,505,weighted_lr:default,0.5,0.8028169014084507,0.17482517482517482,0.8450704225352113,0.12354312354312354
churn,2,4,505,weighted_lr:oof_macro_f1,0.587945278522034,0.7746478873239436,0.1258741258741259,0.7746478873239436,0.08624708624708624
churn,2,4,505,weighted_lr:oof_balanced_accuracy,0.497353029490878,0.8028169014084507,0.17482517482517482,0.8450704225352113,0.1258741258741259
churn,2,4,505,rf:default,0.5,0.5774647887323944,0.011655011655011656,0.6197183098591549,0.002331002331002331
churn,2,4,505,rf:oof_macro_f1,0.329763612950699,0.7887323943661971,0.037296037296037296,0.7605633802816901,0.013986013986013986
churn,2,4,505,rf:oof_balanced_accuracy,0.23583333333333334,0.8028169014084507,0.06293706293706294,0.7746478873239436,0.046620046620046623
churn,2,4,505,balanced_rf:default,0.5,0.7464788732394366,0.06060606060606061,0.7183098591549296,0.03496503496503497
churn,2,4,505,balanced_rf:oof_macro_f1,0.6145833333333333,0.676056338028169,0.027972027972027972,0.676056338028169,0.018648018648018648
churn,2,4,505,balanced_rf:oof_balanced_accuracy,0.43125,0.8028169014084507,0.0979020979020979,0.7746478873239436,0.06526806526806526
credit_g,0,0,101,unweighted_lr:default,0.5,0.43333333333333335,0.2,0.43333333333333335,0.11428571428571428
credit_g,0,0,101,unweighted_lr:oof_macro_f1,0.31085264710916377,0.7,0.3142857142857143,0.7,0.24285714285714285
credit_g,0,0,101,unweighted_lr:oof_balanced_accuracy,0.2647165202231694,0.8333333333333334,0.37142857142857144,0.7666666666666667,0.2857142857142857
credit_g,0,0,101,weighted_lr:default,0.5,0.7,0.3142857142857143,0.7,0.2571428571428571
credit_g,0,0,101,weighted_lr:oof_macro_f1,0.49475033454886574,0.7,0.3142857142857143,0.7,0.2571428571428571
credit_g,0,0,101,weighted_lr:oof_balanced_accuracy,0.49475033454886574,0.7,0.3142857142857143,0.7,0.2571428571428571
credit_g,0,0,101,rf:default,0.5,0.36666666666666664,0.05714285714285714,0.4,0.1
credit_g,0,0,101,rf:oof_macro_f1,0.3570833333333333,0.6333333333333333,0.22857142857142856,0.6333333333333333,0.24285714285714285
credit_g,0,0,101,rf:oof_balanced_accuracy,0.3206899350649351,0.6333333333333333,0.2857142857142857,0.7,0.2857142857142857
credit_g,0,0,101,balanced_rf:default,0.5,0.6,0.22857142857142856,0.5333333333333333,0.21428571428571427
credit_g,0,0,101,balanced_rf:oof_macro_f1,0.5395833333333334,0.5,0.15714285714285714,0.4666666666666667,0.17142857142857143
credit_g,0,0,101,balanced_rf:oof_balanced_accuracy,0.43608766233766233,0.7,0.2714285714285714,0.7333333333333333,0.2857142857142857
credit_g,0,0,202,unweighted_lr:default,0.5,0.43333333333333335,0.2,0.43333333333333335,0.11428571428571428
credit_g,0,0,202,unweighted_lr:oof_macro_f1,0.31085264710916377,0.7,0.3142857142857143,0.7,0.24285714285714285
credit_g,0,0,202,unweighted_lr:oof_balanced_accuracy,0.2647165202231694,0.8333333333333334,0.37142857142857144,0.7666666666666667,0.2857142857142857
credit_g,0,0,202,weighted_lr:default,0.5,0.7,0.3142857142857143,0.7,0.2571428571428571
credit_g,0,0,202,weighted_lr:oof_macro_f1,0.49475033454886574,0.7,0.3142857142857143,0.7,0.2571428571428571
credit_g,0,0,202,weighted_lr:oof_balanced_accuracy,0.49475033454886574,0.7,0.3142857142857143,0.7,0.2571428571428571
credit_g,0,0,202,rf:default,0.5,0.36666666666666664,0.07142857142857142,0.4666666666666667,0.1
credit_g,0,0,202,rf:oof_macro_f1,0.40933982683982684,0.6,0.15714285714285714,0.6,0.17142857142857143
credit_g,0,0,202,rf:oof_balanced_accuracy,0.31738365800865803,0.7333333333333333,0.2571428571428571,0.6333333333333333,0.2857142857142857
credit_g,0,0,202,balanced_rf:default,0.5,0.6666666666666666,0.2571428571428571,0.6333333333333333,0.24285714285714285
credit_g,0,0,202,balanced_rf:oof_macro_f1,0.5476190476190476,0.5666666666666667,0.18571428571428572,0.5333333333333333,0.17142857142857143
credit_g,0,0,202,balanced_rf:oof_balanced_accuracy,0.4520833333333333,0.7333333333333333,0.32857142857142857,0.7333333333333333,0.3142857142857143
credit_g,0,0,303,unweighted_lr:default,0.5,0.43333333333333335,0.2,0.43333333333333335,0.11428571428571428
credit_g,0,0,303,unweighted_lr:oof_macro_f1,0.31085264710916377,0.7,0.3142857142857143,0.7,0.24285714285714285
credit_g,0,0,303,unweighted_lr:oof_balanced_accuracy,0.2647165202231694,0.8333333333333334,0.37142857142857144,0.7666666666666667,0.2857142857142857
credit_g,0,0,303,weighted_lr:default,0.5,0.7,0.3142857142857143,0.7,0.2571428571428571
credit_g,0,0,303,weighted_lr:oof_macro_f1,0.49475033454886574,0.7,0.3142857142857143,0.7,0.2571428571428571
credit_g,0,0,303,weighted_lr:oof_balanced_accuracy,0.49475033454886574,0.7,0.3142857142857143,0.7,0.2571428571428571
credit_g,0,0,303,rf:default,0.5,0.36666666666666664,0.1,0.5,0.1
credit_g,0,0,303,rf:oof_macro_f1,0.3802350427350427,0.6,0.17142857142857143,0.6333333333333333,0.22857142857142856
credit_g,0,0,303,rf:oof_balanced_accuracy,0.3246428571428571,0.7,0.2857142857142857,0.7333333333333333,0.35714285714285715
credit_g,0,0,303,balanced_rf:default,0.5,0.6333333333333333,0.21428571428571427,0.7666666666666667,0.2
credit_g,0,0,303,balanced_rf:oof_macro_f1,0.5325,0.5666666666666667,0.15714285714285714,0.6666666666666666,0.17142857142857143
credit_g,0,0,303,balanced_rf:oof_balanced_accuracy,0.5201388888888889,0.6,0.18571428571428572,0.7333333333333333,0.18571428571428572
credit_g,0,0,404,unweighted_lr:default,0.5,0.43333333333333335,0.2,0.43333333333333335,0.11428571428571428
credit_g,0,0,404,unweighted_lr:oof_macro_f1,0.31085264710916377,0.7,0.3142857142857143,0.7,0.24285714285714285
credit_g,0,0,404,unweighted_lr:oof_balanced_accuracy,0.2647165202231694,0.8333333333333334,0.37142857142857144,0.7666666666666667,0.2857142857142857
credit_g,0,0,404,weighted_lr:default,0.5,0.7,0.3142857142857143,0.7,0.2571428571428571
credit_g,0,0,404,weighted_lr:oof_macro_f1,0.49475033454886574,0.7,0.3142857142857143,0.7,0.2571428571428571
credit_g,0,0,404,weighted_lr:oof_balanced_accuracy,0.49475033454886574,0.7,0.3142857142857143,0.7,0.2571428571428571
credit_g,0,0,404,rf:default,0.5,0.3333333333333333,0.04285714285714286,0.3333333333333333,0.07142857142857142
credit_g,0,0,404,rf:oof_macro_f1,0.3780990259740259,0.6,0.14285714285714285,0.6,0.2
credit_g,0,0,404,rf:oof_balanced_accuracy,0.34323565323565325,0.6,0.21428571428571427,0.7333333333333333,0.2571428571428571
credit_g,0,0,404,balanced_rf:default,0.5,0.6666666666666666,0.24285714285714285,0.6333333333333333,0.22857142857142856
credit_g,0,0,404,balanced_rf:oof_macro_f1,0.5121825396825397,0.6333333333333333,0.22857142857142856,0.6333333333333333,0.22857142857142856
credit_g,0,0,404,balanced_rf:oof_balanced_accuracy,0.5029166666666666,0.6666666666666666,0.24285714285714285,0.6333333333333333,0.22857142857142856
credit_g,0,0,505,unweighted_lr:default,0.5,0.43333333333333335,0.2,0.43333333333333335,0.11428571428571428
credit_g,0,0,505,unweighted_lr:oof_macro_f1,0.31085264710916377,0.7,0.3142857142857143,0.7,0.24285714285714285
credit_g,0,0,505,unweighted_lr:oof_balanced_accuracy,0.2647165202231694,0.8333333333333334,0.37142857142857144,0.7666666666666667,0.2857142857142857
credit_g,0,0,505,weighted_lr:default,0.5,0.7,0.3142857142857143,0.7,0.2571428571428571
credit_g,0,0,505,weighted_lr:oof_macro_f1,0.49475033454886574,0.7,0.3142857142857143,0.7,0.2571428571428571
credit_g,0,0,505,weighted_lr:oof_balanced_accuracy,0.49475033454886574,0.7,0.3142857142857143,0.7,0.2571428571428571
credit_g,0,0,505,rf:default,0.5,0.3,0.05714285714285714,0.43333333333333335,0.1
credit_g,0,0,505,rf:oof_macro_f1,0.37297619047619046,0.5666666666666667,0.22857142857142856,0.7666666666666667,0.21428571428571427
credit_g,0,0,505,rf:oof_balanced_accuracy,0.3306341575091575,0.7333333333333333,0.2857142857142857,0.8,0.24285714285714285
credit_g,0,0,505,balanced_rf:default,0.5,0.6333333333333333,0.2,0.7,0.2571428571428571
credit_g,0,0,505,balanced_rf:oof_macro_f1,0.5235227272727273,0.6,0.17142857142857143,0.6333333333333333,0.24285714285714285
credit_g,0,0,505,balanced_rf:oof_balanced_accuracy,0.4955555555555556,0.6666666666666666,0.21428571428571427,0.7,0.2714285714285714
credit_g,0,1,101,unweighted_lr:default,0.5,0.43333333333333335,0.12857142857142856,0.4666666666666667,0.08571428571428572
credit_g,0,1,101,unweighted_lr:oof_macro_f1,0.3828926757196415,0.5333333333333333,0.21428571428571427,0.6666666666666666,0.18571428571428572
credit_g,0,1,101,unweighted_lr:oof_balanced_accuracy,0.2881075558167383,0.6666666666666666,0.24285714285714285,0.7666666666666667,0.3
credit_g,0,1,101,weighted_lr:default,0.5,0.6666666666666666,0.22857142857142856,0.7666666666666667,0.3
credit_g,0,1,101,weighted_lr:oof_macro_f1,0.5410148007581647,0.6,0.22857142857142856,0.7666666666666667,0.2857142857142857
credit_g,0,1,101,weighted_lr:oof_balanced_accuracy,0.49604536485467926,0.6666666666666666,0.22857142857142856,0.7666666666666667,0.3
credit_g,0,1,101,rf:default,0.5,0.36666666666666664,0.05714285714285714,0.3,0.05714285714285714
credit_g,0,1,101,rf:oof_macro_f1,0.3871726190476191,0.6,0.2,0.4,0.21428571428571427
credit_g,0,1,101,rf:oof_balanced_accuracy,0.3085912698412699,0.7333333333333333,0.2857142857142857,0.7333333333333333,0.37142857142857144
credit_g,0,1,101,balanced_rf:default,0.5,0.6333333333333333,0.22857142857142856,0.5666666666666667,0.24285714285714285
credit_g,0,1,101,balanced_rf:oof_macro_f1,0.5650000000000001,0.5333333333333333,0.08571428571428572,0.4666666666666667,0.11428571428571428
credit_g,0,1,101,balanced_rf:oof_balanced_accuracy,0.46875,0.6666666666666666,0.3142857142857143,0.5666666666666667,0.3
credit_g,0,1,202,unweighted_lr:default,0.5,0.43333333333333335,0.12857142857142856,0.4666666666666667,0.08571428571428572
credit_g,0,1,202,unweighted_lr:oof_macro_f1,0.3828926757196415,0.5333333333333333,0.21428571428571427,0.6666666666666666,0.18571428571428572
credit_g,0,1,202,unweighted_lr:oof_balanced_accuracy,0.2881075558167383,0.6666666666666666,0.24285714285714285,0.7666666666666667,0.3
credit_g,0,1,202,weighted_lr:default,0.5,0.6666666666666666,0.22857142857142856,0.7666666666666667,0.3
credit_g,0,1,202,weighted_lr:oof_macro_f1,0.5410148007581647,0.6,0.22857142857142856,0.7666666666666667,0.2857142857142857
credit_g,0,1,202,weighted_lr:oof_balanced_accuracy,0.49604536485467926,0.6666666666666666,0.22857142857142856,0.7666666666666667,0.3
credit_g,0,1,202,rf:default,0.5,0.3333333333333333,0.05714285714285714,0.23333333333333334,0.05714285714285714
credit_g,0,1,202,rf:oof_macro_f1,0.43223214285714295,0.5333333333333333,0.11428571428571428,0.4,0.11428571428571428
credit_g,0,1,202,rf:oof_balanced_accuracy,0.35375,0.6333333333333333,0.2571428571428571,0.5333333333333333,0.2857142857142857
credit_g,0,1,202,balanced_rf:default,0.5,0.6333333333333333,0.18571428571428572,0.7,0.24285714285714285
credit_g,0,1,202,balanced_rf:oof_macro_f1,0.5354166666666667,0.5666666666666667,0.17142857142857143,0.5333333333333333,0.2
credit_g,0,1,202,balanced_rf:oof_balanced_accuracy,0.4683333333333334,0.7333333333333333,0.2714285714285714,0.7333333333333333,0.2857142857142857
credit_g,0,1,303,unweighted_lr:default,0.5,0.43333333333333335,0.12857142857142856,0.4666666666666667,0.08571428571428572
credit_g,0,1,303,unweighted_lr:oof_macro_f1,0.3828926757196415,0.5333333333333333,0.21428571428571427,0.6666666666666666,0.18571428571428572
credit_g,0,1,303,unweighted_lr:oof_balanced_accuracy,0.2881075558167383,0.6666666666666666,0.24285714285714285,0.7666666666666667,0.3
credit_g,0,1,303,weighted_lr:default,0.5,0.6666666666666666,0.22857142857142856,0.7666666666666667,0.3
credit_g,0,1,303,weighted_lr:oof_macro_f1,0.5410148007581647,0.6,0.22857142857142856,0.7666666666666667,0.2857142857142857
credit_g,0,1,303,weighted_lr:oof_balanced_accuracy,0.49604536485467926,0.6666666666666666,0.22857142857142856,0.7666666666666667,0.3
credit_g,0,1,303,rf:default,0.5,0.36666666666666664,0.04285714285714286,0.26666666666666666,0.05714285714285714
credit_g,0,1,303,rf:oof_macro_f1,0.4159424603174603,0.5,0.1,0.4,0.18571428571428572
credit_g,0,1,303,rf:oof_balanced_accuracy,0.35331582633053227,0.6666666666666666,0.17142857142857143,0.5333333333333333,0.2714285714285714
credit_g,0,1,303,balanced_rf:default,0.5,0.6,0.22857142857142856,0.6666666666666666,0.3142857142857143
credit_g,0,1,303,balanced_rf:oof_macro_f1,0.5361111111111112,0.5666666666666667,0.2,0.6333333333333333,0.24285714285714285
credit_g,0,1,303,balanced_rf:oof_balanced_accuracy,0.4465888278388279,0.7333333333333333,0.32857142857142857,0.7666666666666667,0.37142857142857144
credit_g,0,1,404,unweighted_lr:default,0.5,0.43333333333333335,0.12857142857142856,0.4666666666666667,0.08571428571428572
credit_g,0,1,404,unweighted_lr:oof_macro_f1,0.3828926757196415,0.5333333333333333,0.21428571428571427,0.6666666666666666,0.18571428571428572
credit_g,0,1,404,unweighted_lr:oof_balanced_accuracy,0.2881075558167383,0.6666666666666666,0.24285714285714285,0.7666666666666667,0.3
credit_g,0,1,404,weighted_lr:default,0.5,0.6666666666666666,0.22857142857142856,0.7666666666666667,0.3
credit_g,0,1,404,weighted_lr:oof_macro_f1,0.5410148007581647,0.6,0.22857142857142856,0.7666666666666667,0.2857142857142857
credit_g,0,1,404,weighted_lr:oof_balanced_accuracy,0.49604536485467926,0.6666666666666666,0.22857142857142856,0.7666666666666667,0.3
credit_g,0,1,404,rf:default,0.5,0.36666666666666664,0.08571428571428572,0.26666666666666666,0.04285714285714286
credit_g,0,1,404,rf:oof_macro_f1,0.42250686813186816,0.5,0.11428571428571428,0.43333333333333335,0.2
credit_g,0,1,404,rf:oof_balanced_accuracy,0.2844172932330827,0.8333333333333334,0.35714285714285715,0.8,0.38571428571428573
credit_g,0,1,404,balanced_rf:default,0.5,0.5666666666666667,0.2,0.6666666666666666,0.2857142857142857
credit_g,0,1,404,balanced_rf:oof_macro_f1,0.5591666666666667,0.5333333333333333,0.14285714285714285,0.5333333333333333,0.2
credit_g,0,1,404,balanced_rf:oof_balanced_accuracy,0.4563888888888889,0.7,0.2714285714285714,0.7333333333333333,0.34285714285714286
credit_g,0,1,505,unweighted_lr:default,0.5,0.43333333333333335,0.12857142857142856,0.4666666666666667,0.08571428571428572
credit_g,0,1,505,unweighted_lr:oof_macro_f1,0.3828926757196415,0.5333333333333333,0.21428571428571427,0.6666666666666666,0.18571428571428572
credit_g,0,1,505,unweighted_lr:oof_balanced_accuracy,0.2881075558167383,0.6666666666666666,0.24285714285714285,0.7666666666666667,0.3
credit_g,0,1,505,weighted_lr:default,0.5,0.6666666666666666,0.22857142857142856,0.7666666666666667,0.3
credit_g,0,1,505,weighted_lr:oof_macro_f1,0.5410148007581647,0.6,0.22857142857142856,0.7666666666666667,0.2857142857142857
credit_g,0,1,505,weighted_lr:oof_balanced_accuracy,0.49604536485467926,0.6666666666666666,0.22857142857142856,0.7666666666666667,0.3
credit_g,0,1,505,rf:default,0.5,0.4,0.04285714285714286,0.26666666666666666,0.05714285714285714
credit_g,0,1,505,rf:oof_macro_f1,0.38726641414141416,0.6,0.15714285714285714,0.4666666666666667,0.22857142857142856
credit_g,0,1,505,rf:oof_balanced_accuracy,0.35843253968253974,0.6333333333333333,0.21428571428571427,0.6,0.2571428571428571
credit_g,0,1,505,balanced_rf:default,0.5,0.6666666666666666,0.21428571428571427,0.7,0.2857142857142857
credit_g,0,1,505,balanced_rf:oof_macro_f1,0.5158333333333334,0.6666666666666666,0.2,0.6666666666666666,0.2571428571428571
credit_g,0,1,505,balanced_rf:oof_balanced_accuracy,0.45,0.6666666666666666,0.32857142857142857,0.8,0.37142857142857144
credit_g,0,2,101,unweighted_lr:default,0.5,0.5666666666666667,0.11428571428571428,0.5,0.14285714285714285
credit_g,0,2,101,unweighted_lr:oof_macro_f1,0.42596381334613115,0.7,0.15714285714285714,0.6,0.17142857142857143
credit_g,0,2,101,unweighted_lr:oof_balanced_accuracy,0.2542121184224445,0.8333333333333334,0.32857142857142857,0.8,0.37142857142857144
credit_g,0,2,101,weighted_lr:default,0.5,0.7666666666666667,0.2714285714285714,0.8,0.34285714285714286
credit_g,0,2,101,weighted_lr:oof_macro_f1,0.6414881450780792,0.7,0.14285714285714285,0.5666666666666667,0.17142857142857143
credit_g,0,2,101,weighted_lr:oof_balanced_accuracy,0.4534868312117649,0.8,0.3,0.8,0.35714285714285715
credit_g,0,2,101,rf:default,0.5,0.4,0.04285714285714286,0.43333333333333335,0.14285714285714285
credit_g,0,2,101,rf:oof_macro_f1,0.38779761904761906,0.6,0.17142857142857143,0.7,0.2857142857142857
credit_g,0,2,101,rf:oof_balanced_accuracy,0.38779761904761906,0.6,0.17142857142857143,0.7,0.2857142857142857
credit_g,0,2,101,balanced_rf:default,0.5,0.7666666666666667,0.2714285714285714,0.7,0.3
credit_g,0,2,101,balanced_rf:oof_macro_f1,0.4979166666666666,0.7666666666666667,0.2714285714285714,0.7,0.3
credit_g,0,2,101,balanced_rf:oof_balanced_accuracy,0.4979166666666666,0.7666666666666667,0.2714285714285714,0.7,0.3
credit_g,0,2,202,unweighted_lr:default,0.5,0.5666666666666667,0.11428571428571428,0.5,0.14285714285714285
credit_g,0,2,202,unweighted_lr:oof_macro_f1,0.42596381334613115,0.7,0.15714285714285714,0.6,0.17142857142857143
credit_g,0,2,202,unweighted_lr:oof_balanced_accuracy,0.2542121184224445,0.8333333333333334,0.32857142857142857,0.8,0.37142857142857144
credit_g,0,2,202,weighted_lr:default,0.5,0.7666666666666667,0.2714285714285714,0.8,0.34285714285714286
credit_g,0,2,202,weighted_lr:oof_macro_f1,0.6414881450780792,0.7,0.14285714285714285,0.5666666666666667,0.17142857142857143
credit_g,0,2,202,weighted_lr:oof_balanced_accuracy,0.4534868312117649,0.8,0.3,0.8,0.35714285714285715
credit_g,0,2,202,rf:default,0.5,0.4666666666666667,0.08571428571428572,0.43333333333333335,0.1
credit_g,0,2,202,rf:oof_macro_f1,0.3996991978609626,0.7333333333333333,0.12857142857142856,0.6333333333333333,0.22857142857142856
credit_g,0,2,202,rf:oof_balanced_accuracy,0.38008110396655287,0.7333333333333333,0.17142857142857143,0.6666666666666666,0.2857142857142857
credit_g,0,2,202,balanced_rf:default,0.5,0.7333333333333333,0.3,0.6666666666666666,0.2857142857142857
credit_g,0,2,202,balanced_rf:oof_macro_f1,0.55625,0.6333333333333333,0.22857142857142856,0.4666666666666667,0.18571428571428572
credit_g,0,2,202,balanced_rf:oof_balanced_accuracy,0.4689285714285714,0.8333333333333334,0.32857142857142857,0.8,0.3142857142857143
credit_g,0,2,303,unweighted_lr:default,0.5,0.5666666666666667,0.11428571428571428,0.5,0.14285714285714285
credit_g,0,2,303,unweighted_lr:oof_macro_f1,0.42596381334613115,0.7,0.15714285714285714,0.6,0.17142857142857143
credit_g,0,2,303,unweighted_lr:oof_balanced_accuracy,0.2542121184224445,0.8333333333333334,0.32857142857142857,0.8,0.37142857142857144
credit_g,0,2,303,weighted_lr:default,0.5,0.7666666666666667,0.2714285714285714,0.8,0.34285714285714286
credit_g,0,2,303,weighted_lr:oof_macro_f1,0.6414881450780792,0.7,0.14285714285714285,0.5666666666666667,0.17142857142857143
credit_g,0,2,303,weighted_lr:oof_balanced_accuracy,0.4534868312117649,0.8,0.3,0.8,0.35714285714285715
credit_g,0,2,303,rf:default,0.5,0.3333333333333333,0.04285714285714286,0.43333333333333335,0.08571428571428572
credit_g,0,2,303,rf:oof_macro_f1,0.403125,0.6,0.15714285714285714,0.7,0.24285714285714285
credit_g,0,2,303,rf:oof_balanced_accuracy,0.3212824675324676,0.8666666666666667,0.22857142857142856,0.7666666666666667,0.38571428571428573
credit_g,0,2,303,balanced_rf:default,0.5,0.8,0.24285714285714285,0.7333333333333333,0.2571428571428571
credit_g,0,2,303,balanced_rf:oof_macro_f1,0.5645833333333333,0.7666666666666667,0.14285714285714285,0.6333333333333333,0.21428571428571427
credit_g,0,2,303,balanced_rf:oof_balanced_accuracy,0.42438888888888887,0.9333333333333333,0.37142857142857144,0.8,0.37142857142857144
credit_g,0,2,404,unweighted_lr:default,0.5,0.5666666666666667,0.11428571428571428,0.5,0.14285714285714285
credit_g,0,2,404,unweighted_lr:oof_macro_f1,0.42596381334613115,0.7,0.15714285714285714,0.6,0.17142857142857143
credit_g,0,2,404,unweighted_lr:oof_balanced_accuracy,0.2542121184224445,0.8333333333333334,0.32857142857142857,0.8,0.37142857142857144
credit_g,0,2,404,weighted_lr:default,0.5,0.7666666666666667,0.2714285714285714,0.8,0.34285714285714286
credit_g,0,2,404,weighted_lr:oof_macro_f1,0.6414881450780792,0.7,0.14285714285714285,0.5666666666666667,0.17142857142857143
credit_g,0,2,404,weighted_lr:oof_balanced_accuracy,0.4534868312117649,0.8,0.3,0.8,0.35714285714285715
credit_g,0,2,404,rf:default,0.5,0.4,0.04285714285714286,0.4,0.1
credit_g,0,2,404,rf:oof_macro_f1,0.4530357142857143,0.5666666666666667,0.07142857142857142,0.6,0.12857142857142856
credit_g,0,2,404,rf:oof_balanced_accuracy,0.31401923648247176,0.8666666666666667,0.2714285714285714,0.7666666666666667,0.32857142857142857
credit_g,0,2,404,balanced_rf:default,0.5,0.8666666666666667,0.21428571428571427,0.7,0.24285714285714285
credit_g,0,2,404,balanced_rf:oof_macro_f1,0.5052083333333333,0.8666666666666667,0.21428571428571427,0.7,0.24285714285714285
credit_g,0,2,404,balanced_rf:oof_balanced_accuracy,0.5052083333333333,0.8666666666666667,0.21428571428571427,0.7,0.24285714285714285
credit_g,0,2,505,unweighted_lr:default,0.5,0.5666666666666667,0.11428571428571428,0.5,0.14285714285714285
credit_g,0,2,505,unweighted_lr:oof_macro_f1,0.42596381334613115,0.7,0.15714285714285714,0.6,0.17142857142857143
credit_g,0,2,505,unweighted_lr:oof_balanced_accuracy,0.2542121184224445,0.8333333333333334,0.32857142857142857,0.8,0.37142857142857144
credit_g,0,2,505,weighted_lr:default,0.5,0.7666666666666667,0.2714285714285714,0.8,0.34285714285714286
credit_g,0,2,505,weighted_lr:oof_macro_f1,0.6414881450780792,0.7,0.14285714285714285,0.5666666666666667,0.17142857142857143
credit_g,0,2,505,weighted_lr:oof_balanced_accuracy,0.4534868312117649,0.8,0.3,0.8,0.35714285714285715
credit_g,0,2,505,rf:default,0.5,0.36666666666666664,0.07142857142857142,0.3,0.08571428571428572
credit_g,0,2,505,rf:oof_macro_f1,0.4270833333333333,0.6,0.11428571428571428,0.6333333333333333,0.17142857142857143
credit_g,0,2,505,rf:oof_balanced_accuracy,0.28196428571428567,0.8666666666666667,0.35714285714285715,0.8333333333333334,0.42857142857142855
credit_g,0,2,505,balanced_rf:default,0.5,0.7333333333333333,0.22857142857142856,0.6666666666666666,0.32857142857142857
credit_g,0,2,505,balanced_rf:oof_macro_f1,0.5321428571428571,0.7,0.17142857142857143,0.6666666666666666,0.2857142857142857
credit_g,0,2,505,balanced_rf:oof_balanced_accuracy,0.38749999999999996,0.9333333333333333,0.45714285714285713,0.8,0.44285714285714284
credit_g,0,3,101,unweighted_lr:default,0.5,0.26666666666666666,0.08571428571428572,0.43333333333333335,0.05714285714285714
credit_g,0,3,101,unweighted_lr:oof_macro_f1,0.349913859051443,0.5333333333333333,0.21428571428571427,0.6333333333333333,0.24285714285714285
credit_g,0,3,101,unweighted_lr:oof_balanced_accuracy,0.21411289201691577,0.6666666666666666,0.32857142857142857,0.7333333333333333,0.42857142857142855
credit_g,0,3,101,weighted_lr:default,0.5,0.5666666666666667,0.3,0.6333333333333333,0.2857142857142857
credit_g,0,3,101,weighted_lr:oof_macro_f1,0.4519672067228575,0.6,0.3142857142857143,0.6666666666666666,0.3142857142857143
credit_g,0,3,101,weighted_lr:oof_balanced_accuracy,0.42491855496265296,0.6333333333333333,0.32857142857142857,0.7,0.35714285714285715
credit_g,0,3,101,rf:default,0.5,0.26666666666666666,0.02857142857142857,0.36666666666666664,0.07142857142857142
credit_g,0,3,101,rf:oof_macro_f1,0.3656872294372294,0.5,0.22857142857142856,0.7333333333333333,0.2
credit_g,0,3,101,rf:oof_balanced_accuracy,0.26010101010101017,0.6666666666666666,0.37142857142857144,0.7666666666666667,0.42857142857142855
credit_g,0,3,101,balanced_rf:default,0.5,0.43333333333333335,0.18571428571428572,0.7,0.2714285714285714
credit_g,0,3,101,balanced_rf:oof_macro_f1,0.5029761904761905,0.43333333333333335,0.18571428571428572,0.7,0.24285714285714285
credit_g,0,3,101,balanced_rf:oof_balanced_accuracy,0.5029761904761905,0.43333333333333335,0.18571428571428572,0.7,0.24285714285714285
credit_g,0,3,202,unweighted_lr:default,0.5,0.26666666666666666,0.08571428571428572,0.43333333333333335,0.05714285714285714
credit_g,0,3,202,unweighted_lr:oof_macro_f1,0.349913859051443,0.5333333333333333,0.21428571428571427,0.6333333333333333,0.24285714285714285
credit_g,0,3,202,unweighted_lr:oof_balanced_accuracy,0.21411289201691577,0.6666666666666666,0.32857142857142857,0.7333333333333333,0.42857142857142855
credit_g,0,3,202,weighted_lr:default,0.5,0.5666666666666667,0.3,0.6333333333333333,0.2857142857142857
credit_g,0,3,202,weighted_lr:oof_macro_f1,0.4519672067228575,0.6,0.3142857142857143,0.6666666666666666,0.3142857142857143
credit_g,0,3,202,weighted_lr:oof_balanced_accuracy,0.42491855496265296,0.6333333333333333,0.32857142857142857,0.7,0.35714285714285715
credit_g,0,3,202,rf:default,0.5,0.3,0.02857142857142857,0.5,0.04285714285714286
credit_g,0,3,202,rf:oof_macro_f1,0.38057359307359306,0.5666666666666667,0.18571428571428572,0.6333333333333333,0.18571428571428572
credit_g,0,3,202,rf:oof_balanced_accuracy,0.3537892316017316,0.5666666666666667,0.22857142857142856,0.6666666666666666,0.24285714285714285
credit_g,0,3,202,balanced_rf:default,0.5,0.6,0.18571428571428572,0.6666666666666666,0.24285714285714285
credit_g,0,3,202,balanced_rf:oof_macro_f1,0.5491666666666666,0.5,0.17142857142857143,0.6,0.14285714285714285
credit_g,0,3,202,balanced_rf:oof_balanced_accuracy,0.4028790726817043,0.7333333333333333,0.35714285714285715,0.7333333333333333,0.4
credit_g,0,3,303,unweighted_lr:default,0.5,0.26666666666666666,0.08571428571428572,0.43333333333333335,0.05714285714285714
credit_g,0,3,303,unweighted_lr:oof_macro_f1,0.349913859051443,0.5333333333333333,0.21428571428571427,0.6333333333333333,0.24285714285714285
credit_g,0,3,303,unweighted_lr:oof_balanced_accuracy,0.21411289201691577,0.6666666666666666,0.32857142857142857,0.7333333333333333,0.42857142857142855
credit_g,0,3,303,weighted_lr:default,0.5,0.5666666666666667,0.3,0.6333333333333333,0.2857142857142857
credit_g,0,3,303,weighted_lr:oof_macro_f1,0.4519672067228575,0.6,0.3142857142857143,0.6666666666666666,0.3142857142857143
credit_g,0,3,303,weighted_lr:oof_balanced_accuracy,0.42491855496265296,0.6333333333333333,0.32857142857142857,0.7,0.35714285714285715
credit_g,0,3,303,rf:default,0.5,0.3,0.05714285714285714,0.36666666666666664,0.07142857142857142
credit_g,0,3,303,rf:oof_macro_f1,0.3346130952380952,0.5666666666666667,0.2571428571428571,0.7333333333333333,0.2857142857142857
credit_g,0,3,303,rf:oof_balanced_accuracy,0.25458333333333333,0.8,0.4142857142857143,0.8,0.44285714285714284
credit_g,0,3,303,balanced_rf:default,0.5,0.5666666666666667,0.24285714285714285,0.6666666666666666,0.21428571428571427
credit_g,0,3,303,balanced_rf:oof_macro_f1,0.5208333333333334,0.5333333333333333,0.24285714285714285,0.6666666666666666,0.18571428571428572
credit_g,0,3,303,balanced_rf:oof_balanced_accuracy,0.4,0.6666666666666666,0.37142857142857144,0.7666666666666667,0.45714285714285713
credit_g,0,3,404,unweighted_lr:default,0.5,0.26666666666666666,0.08571428571428572,0.43333333333333335,0.05714285714285714
credit_g,0,3,404,unweighted_lr:oof_macro_f1,0.349913859051443,0.5333333333333333,0.21428571428571427,0.6333333333333333,0.24285714285714285
credit_g,0,3,404,unweighted_lr:oof_balanced_accuracy,0.21411289201691577,0.6666666666666666,0.32857142857142857,0.7333333333333333,0.42857142857142855
credit_g,0,3,404,weighted_lr:default,0.5,0.5666666666666667,0.3,0.6333333333333333,0.2857142857142857
credit_g,0,3,404,weighted_lr:oof_macro_f1,0.4519672067228575,0.6,0.3142857142857143,0.6666666666666666,0.3142857142857143
credit_g,0,3,404,weighted_lr:oof_balanced_accuracy,0.42491855496265296,0.6333333333333333,0.32857142857142857,0.7,0.35714285714285715
credit_g,0,3,404,rf:default,0.5,0.2,0.04285714285714286,0.43333333333333335,0.05714285714285714
credit_g,0,3,404,rf:oof_macro_f1,0.36599733599733597,0.5333333333333333,0.22857142857142856,0.5666666666666667,0.2571428571428571
credit_g,0,3,404,rf:oof_balanced_accuracy,0.30145021645021647,0.7,0.32857142857142857,0.7666666666666667,0.35714285714285715
credit_g,0,3,404,balanced_rf:default,0.5,0.4666666666666667,0.18571428571428572,0.6,0.15714285714285714
credit_g,0,3,404,balanced_rf:oof_macro_f1,0.5145833333333333,0.4666666666666667,0.15714285714285714,0.5333333333333333,0.14285714285714285
credit_g,0,3,404,balanced_rf:oof_balanced_accuracy,0.43410714285714275,0.5666666666666667,0.2714285714285714,0.7,0.2571428571428571
credit_g,0,3,505,unweighted_lr:default,0.5,0.26666666666666666,0.08571428571428572,0.43333333333333335,0.05714285714285714
credit_g,0,3,505,unweighted_lr:oof_macro_f1,0.349913859051443,0.5333333333333333,0.21428571428571427,0.6333333333333333,0.24285714285714285
credit_g,0,3,505,unweighted_lr:oof_balanced_accuracy,0.21411289201691577,0.6666666666666666,0.32857142857142857,0.7333333333333333,0.42857142857142855
credit_g,0,3,505,weighted_lr:default,0.5,0.5666666666666667,0.3,0.6333333333333333,0.2857142857142857
credit_g,0,3,505,weighted_lr:oof_macro_f1,0.4519672067228575,0.6,0.3142857142857143,0.6666666666666666,0.3142857142857143
credit_g,0,3,505,weighted_lr:oof_balanced_accuracy,0.42491855496265296,0.6333333333333333,0.32857142857142857,0.7,0.35714285714285715
credit_g,0,3,505,rf:default,0.5,0.26666666666666666,0.05714285714285714,0.43333333333333335,0.08571428571428572
credit_g,0,3,505,rf:oof_macro_f1,0.3726289682539683,0.5333333333333333,0.22857142857142856,0.6,0.21428571428571427
credit_g,0,3,505,rf:oof_balanced_accuracy,0.28282738095238097,0.6666666666666666,0.38571428571428573,0.7,0.42857142857142855
credit_g,0,3,505,balanced_rf:default,0.5,0.36666666666666664,0.2,0.7333333333333333,0.2571428571428571
credit_g,0,3,505,balanced_rf:oof_macro_f1,0.5583333333333333,0.26666666666666666,0.14285714285714285,0.5333333333333333,0.18571428571428572
credit_g,0,3,505,balanced_rf:oof_balanced_accuracy,0.4395833333333333,0.5333333333333333,0.2857142857142857,0.7666666666666667,0.3142857142857143
credit_g,0,4,101,unweighted_lr:default,0.5,0.4,0.11428571428571428,0.5666666666666667,0.17142857142857143
credit_g,0,4,101,unweighted_lr:oof_macro_f1,0.33364037560719473,0.8,0.21428571428571427,0.7666666666666667,0.34285714285714286
credit_g,0,4,101,unweighted_lr:oof_balanced_accuracy,0.2924349956402444,0.8666666666666667,0.2571428571428571,0.8,0.35714285714285715
credit_g,0,4,101,weighted_lr:default,0.5,0.8666666666666667,0.2571428571428571,0.7666666666666667,0.34285714285714286
credit_g,0,4,101,weighted_lr:oof_macro_f1,0.6078395855697742,0.6333333333333333,0.17142857142857143,0.6666666666666666,0.2857142857142857
credit_g,0,4,101,weighted_lr:oof_balanced_accuracy,0.486092122669879,0.8666666666666667,0.2714285714285714,0.8,0.35714285714285715
credit_g,0,4,101,rf:default,0.5,0.4,0.05714285714285714,0.36666666666666664,0.1
credit_g,0,4,101,rf:oof_macro_f1,0.39575396825396825,0.7666666666666667,0.14285714285714285,0.5666666666666667,0.24285714285714285
credit_g,0,4,101,rf:oof_balanced_accuracy,0.3392307692307692,0.7666666666666667,0.22857142857142856,0.7333333333333333,0.4
credit_g,0,4,101,balanced_rf:default,0.5,0.7666666666666667,0.12857142857142856,0.6666666666666666,0.2714285714285714
credit_g,0,4,101,balanced_rf:oof_macro_f1,0.5201388888888889,0.7333333333333333,0.12857142857142856,0.6333333333333333,0.22857142857142856
credit_g,0,4,101,balanced_rf:oof_balanced_accuracy,0.47375,0.8333333333333334,0.17142857142857143,0.7,0.35714285714285715
credit_g,0,4,202,unweighted_lr:default,0.5,0.4,0.11428571428571428,0.5666666666666667,0.17142857142857143
credit_g,0,4,202,unweighted_lr:oof_macro_f1,0.33364037560719473,0.8,0.21428571428571427,0.7666666666666667,0.34285714285714286
credit_g,0,4,202,unweighted_lr:oof_balanced_accuracy,0.2924349956402444,0.8666666666666667,0.2571428571428571,0.8,0.35714285714285715
credit_g,0,4,202,weighted_lr:default,0.5,0.8666666666666667,0.2571428571428571,0.7666666666666667,0.34285714285714286
credit_g,0,4,202,weighted_lr:oof_macro_f1,0.6078395855697742,0.6333333333333333,0.17142857142857143,0.6666666666666666,0.2857142857142857
credit_g,0,4,202,weighted_lr:oof_balanced_accuracy,0.486092122669879,0.8666666666666667,0.2714285714285714,0.8,0.35714285714285715
credit_g,0,4,202,rf:default,0.5,0.5,0.07142857142857142,0.3333333333333333,0.1
credit_g,0,4,202,rf:oof_macro_f1,0.42833333333333334,0.6333333333333333,0.12857142857142856,0.5333333333333333,0.2
credit_g,0,4,202,rf:oof_balanced_accuracy,0.3051515151515152,0.8666666666666667,0.3142857142857143,0.8333333333333334,0.4142857142857143
credit_g,0,4,202,balanced_rf:default,0.5,0.7666666666666667,0.14285714285714285,0.6666666666666666,0.2857142857142857
credit_g,0,4,202,balanced_rf:oof_macro_f1,0.546038961038961,0.6333333333333333,0.12857142857142856,0.6666666666666666,0.2
credit_g,0,4,202,balanced_rf:oof_balanced_accuracy,0.3729166666666667,0.9333333333333333,0.4,0.9666666666666667,0.5571428571428572
credit_g,0,4,303,unweighted_lr:default,0.5,0.4,0.11428571428571428,0.5666666666666667,0.17142857142857143
credit_g,0,4,303,unweighted_lr:oof_macro_f1,0.33364037560719473,0.8,0.21428571428571427,0.7666666666666667,0.34285714285714286
credit_g,0,4,303,unweighted_lr:oof_balanced_accuracy,0.2924349956402444,0.8666666666666667,0.2571428571428571,0.8,0.35714285714285715
credit_g,0,4,303,weighted_lr:default,0.5,0.8666666666666667,0.2571428571428571,0.7666666666666667,0.34285714285714286
credit_g,0,4,303,weighted_lr:oof_macro_f1,0.6078395855697742,0.6333333333333333,0.17142857142857143,0.6666666666666666,0.2857142857142857
credit_g,0,4,303,weighted_lr:oof_balanced_accuracy,0.486092122669879,0.8666666666666667,0.2714285714285714,0.8,0.35714285714285715
credit_g,0,4,303,rf:default,0.5,0.4,0.04285714285714286,0.3333333333333333,0.11428571428571428
credit_g,0,4,303,rf:oof_macro_f1,0.4233630952380952,0.5666666666666667,0.1,0.5666666666666667,0.22857142857142856
credit_g,0,4,303,rf:oof_balanced_accuracy,0.34291666666666665,0.8,0.17142857142857143,0.6333333333333333,0.3142857142857143
credit_g,0,4,303,balanced_rf:default,0.5,0.8,0.15714285714285714,0.7,0.34285714285714286
credit_g,0,4,303,balanced_rf:oof_macro_f1,0.5226488095238097,0.8,0.11428571428571428,0.6333333333333333,0.32857142857142857
credit_g,0,4,303,balanced_rf:oof_balanced_accuracy,0.39875,0.9333333333333333,0.37142857142857144,0.8666666666666667,0.45714285714285713
credit_g,0,4,404,unweighted_lr:default,0.5,0.4,0.11428571428571428,0.5666666666666667,0.17142857142857143
credit_g,0,4,404,unweighted_lr:oof_macro_f1,0.33364037560719473,0.8,0.21428571428571427,0.7666666666666667,0.34285714285714286
credit_g,0,4,404,unweighted_lr:oof_balanced_accuracy,0.2924349956402444,0.8666666666666667,0.2571428571428571,0.8,0.35714285714285715
credit_g,0,4,404,weighted_lr:default,0.5,0.8666666666666667,0.2571428571428571,0.7666666666666667,0.34285714285714286
credit_g,0,4,404,weighted_lr:oof_macro_f1,0.6078395855697742,0.6333333333333333,0.17142857142857143,0.6666666666666666,0.2857142857142857
credit_g,0,4,404,weighted_lr:oof_balanced_accuracy,0.486092122669879,0.8666666666666667,0.2714285714285714,0.8,0.35714285714285715
credit_g,0,4,404,rf:default,0.5,0.36666666666666664,0.05714285714285714,0.3,0.11428571428571428
credit_g,0,4,404,rf:oof_macro_f1,0.3658958333333333,0.8,0.17142857142857143,0.6333333333333333,0.24285714285714285
credit_g,0,4,404,rf:oof_balanced_accuracy,0.31715787215787217,0.8666666666666667,0.24285714285714285,0.7,0.32857142857142857
credit_g,0,4,404,balanced_rf:default,0.5,0.7,0.17142857142857143,0.7666666666666667,0.2714285714285714
credit_g,0,4,404,balanced_rf:oof_macro_f1,0.5077380952380952,0.7,0.12857142857142856,0.7333333333333333,0.24285714285714285
credit_g,0,4,404,balanced_rf:oof_balanced_accuracy,0.5077380952380952,0.7,0.12857142857142856,0.7333333333333333,0.24285714285714285
credit_g,0,4,505,unweighted_lr:default,0.5,0.4,0.11428571428571428,0.5666666666666667,0.17142857142857143
credit_g,0,4,505,unweighted_lr:oof_macro_f1,0.33364037560719473,0.8,0.21428571428571427,0.7666666666666667,0.34285714285714286
credit_g,0,4,505,unweighted_lr:oof_balanced_accuracy,0.2924349956402444,0.8666666666666667,0.2571428571428571,0.8,0.35714285714285715
credit_g,0,4,505,weighted_lr:default,0.5,0.8666666666666667,0.2571428571428571,0.7666666666666667,0.34285714285714286
credit_g,0,4,505,weighted_lr:oof_macro_f1,0.6078395855697742,0.6333333333333333,0.17142857142857143,0.6666666666666666,0.2857142857142857
credit_g,0,4,505,weighted_lr:oof_balanced_accuracy,0.486092122669879,0.8666666666666667,0.2714285714285714,0.8,0.35714285714285715
credit_g,0,4,505,rf:default,0.5,0.36666666666666664,0.05714285714285714,0.4,0.12857142857142856
credit_g,0,4,505,rf:oof_macro_f1,0.37827380952380957,0.8333333333333334,0.15714285714285714,0.7666666666666667,0.3
credit_g,0,4,505,rf:oof_balanced_accuracy,0.3239514652014652,0.8333333333333334,0.24285714285714285,0.8666666666666667,0.4
credit_g,0,4,505,balanced_rf:default,0.5,0.7666666666666667,0.18571428571428572,0.7,0.3142857142857143
credit_g,0,4,505,balanced_rf:oof_macro_f1,0.5559935897435897,0.6333333333333333,0.11428571428571428,0.5666666666666667,0.22857142857142856
credit_g,0,4,505,balanced_rf:oof_balanced_accuracy,0.3854166666666667,0.8666666666666667,0.35714285714285715,0.9666666666666667,0.45714285714285713
credit_g,1,0,101,unweighted_lr:default,0.5,0.6,0.11428571428571428,0.36666666666666664,0.15714285714285714
credit_g,1,0,101,unweighted_lr:oof_macro_f1,0.3743871827042007,0.6666666666666666,0.18571428571428572,0.6333333333333333,0.22857142857142856
credit_g,1,0,101,unweighted_lr:oof_balanced_accuracy,0.3070147848877998,0.7666666666666667,0.3,0.7,0.32857142857142857
credit_g,1,0,101,weighted_lr:default,0.5,0.7333333333333333,0.2857142857142857,0.7,0.34285714285714286
credit_g,1,0,101,weighted_lr:oof_macro_f1,0.5597866525773098,0.6666666666666666,0.22857142857142856,0.6666666666666666,0.24285714285714285
credit_g,1,0,101,weighted_lr:oof_balanced_accuracy,0.5597866525773098,0.6666666666666666,0.22857142857142856,0.6666666666666666,0.24285714285714285
credit_g,1,0,101,rf:default,0.5,0.3333333333333333,0.07142857142857142,0.26666666666666666,0.07142857142857142
credit_g,1,0,101,rf:oof_macro_f1,0.4107738095238095,0.7333333333333333,0.17142857142857143,0.5666666666666667,0.2
credit_g,1,0,101,rf:oof_balanced_accuracy,0.3240873015873016,0.8,0.2714285714285714,0.7,0.35714285714285715
credit_g,1,0,101,balanced_rf:default,0.5,0.8,0.2714285714285714,0.5666666666666667,0.3
credit_g,1,0,101,balanced_rf:oof_macro_f1,0.5458333333333333,0.7,0.15714285714285714,0.4666666666666667,0.21428571428571427
credit_g,1,0,101,balanced_rf:oof_balanced_accuracy,0.4499999999999999,0.8666666666666667,0.32857142857142857,0.6333333333333333,0.35714285714285715
credit_g,1,0,202,unweighted_lr:default,0.5,0.6,0.11428571428571428,0.36666666666666664,0.15714285714285714
credit_g,1,0,202,unweighted_lr:oof_macro_f1,0.3743871827042007,0.6666666666666666,0.18571428571428572,0.6333333333333333,0.22857142857142856
credit_g,1,0,202,unweighted_lr:oof_balanced_accuracy,0.3070147848877998,0.7666666666666667,0.3,0.7,0.32857142857142857
credit_g,1,0,202,weighted_lr:default,0.5,0.7333333333333333,0.2857142857142857,0.7,0.34285714285714286
credit_g,1,0,202,weighted_lr:oof_macro_f1,0.5597866525773098,0.6666666666666666,0.22857142857142856,0.6666666666666666,0.24285714285714285
credit_g,1,0,202,weighted_lr:oof_balanced_accuracy,0.5597866525773098,0.6666666666666666,0.22857142857142856,0.6666666666666666,0.24285714285714285
credit_g,1,0,202,rf:default,0.5,0.43333333333333335,0.04285714285714286,0.3,0.07142857142857142
credit_g,1,0,202,rf:oof_macro_f1,0.3798015873015873,0.7,0.18571428571428572,0.6333333333333333,0.2
credit_g,1,0,202,rf:oof_balanced_accuracy,0.3780357142857143,0.7,0.18571428571428572,0.6333333333333333,0.2
credit_g,1,0,202,balanced_rf:default,0.5,0.7666666666666667,0.15714285714285714,0.6333333333333333,0.22857142857142856
credit_g,1,0,202,balanced_rf:oof_macro_f1,0.5063582251082251,0.7333333333333333,0.15714285714285714,0.6333333333333333,0.21428571428571427
credit_g,1,0,202,balanced_rf:oof_balanced_accuracy,0.4463690476190476,0.8,0.24285714285714285,0.7333333333333333,0.34285714285714286
credit_g,1,0,303,unweighted_lr:default,0.5,0.6,0.11428571428571428,0.36666666666666664,0.15714285714285714
credit_g,1,0,303,unweighted_lr:oof_macro_f1,0.3743871827042007,0.6666666666666666,0.18571428571428572,0.6333333333333333,0.22857142857142856
credit_g,1,0,303,unweighted_lr:oof_balanced_accuracy,0.3070147848877998,0.7666666666666667,0.3,0.7,0.32857142857142857
credit_g,1,0,303,weighted_lr:default,0.5,0.7333333333333333,0.2857142857142857,0.7,0.34285714285714286
credit_g,1,0,303,weighted_lr:oof_macro_f1,0.5597866525773098,0.6666666666666666,0.22857142857142856,0.6666666666666666,0.24285714285714285
credit_g,1,0,303,weighted_lr:oof_balanced_accuracy,0.5597866525773098,0.6666666666666666,0.22857142857142856,0.6666666666666666,0.24285714285714285
credit_g,1,0,303,rf:default,0.5,0.36666666666666664,0.05714285714285714,0.26666666666666666,0.05714285714285714
credit_g,1,0,303,rf:oof_macro_f1,0.3419047619047618,0.6,0.2857142857142857,0.6666666666666666,0.2714285714285714
credit_g,1,0,303,rf:oof_balanced_accuracy,0.3419047619047618,0.6,0.2857142857142857,0.6666666666666666,0.2714285714285714
credit_g,1,0,303,balanced_rf:default,0.5,0.7666666666666667,0.21428571428571427,0.6666666666666666,0.3
credit_g,1,0,303,balanced_rf:oof_macro_f1,0.4937499999999999,0.7666666666666667,0.21428571428571427,0.6666666666666666,0.3
credit_g,1,0,303,balanced_rf:oof_balanced_accuracy,0.47177536231884065,0.8,0.2714285714285714,0.7,0.35714285714285715
credit_g,1,0,404,unweighted_lr:default,0.5,0.6,0.11428571428571428,0.36666666666666664,0.15714285714285714
credit_g,1,0,404,unweighted_lr:oof_macro_f1,0.3743871827042007,0.6666666666666666,0.18571428571428572,0.6333333333333333,0.22857142857142856
credit_g,1,0,404,unweighted_lr:oof_balanced_accuracy,0.3070147848877998,0.7666666666666667,0.3,0.7,0.32857142857142857
credit_g,1,0,404,weighted_lr:default,0.5,0.7333333333333333,0.2857142857142857,0.7,0.34285714285714286
credit_g,1,0,404,weighted_lr:oof_macro_f1,0.5597866525773098,0.6666666666666666,0.22857142857142856,0.6666666666666666,0.24285714285714285
credit_g,1,0,404,weighted_lr:oof_balanced_accuracy,0.5597866525773098,0.6666666666666666,0.22857142857142856,0.6666666666666666,0.24285714285714285
credit_g,1,0,404,rf:default,0.5,0.36666666666666664,0.08571428571428572,0.3,0.1
credit_g,1,0,404,rf:oof_macro_f1,0.35124999999999995,0.8,0.22857142857142856,0.6,0.3
credit_g,1,0,404,rf:oof_balanced_accuracy,0.2941666666666667,0.8,0.35714285714285715,0.7666666666666667,0.38571428571428573
credit_g,1,0,404,balanced_rf:default,0.5,0.7333333333333333,0.2714285714285714,0.7333333333333333,0.2857142857142857
credit_g,1,0,404,balanced_rf:oof_macro_f1,0.5754807692307693,0.6333333333333333,0.17142857142857143,0.5,0.14285714285714285
credit_g,1,0,404,balanced_rf:oof_balanced_accuracy,0.4484307359307359,0.8,0.32857142857142857,0.7666666666666667,0.35714285714285715
credit_g,1,0,505,unweighted_lr:default,0.5,0.6,0.11428571428571428,0.36666666666666664,0.15714285714285714
credit_g,1,0,505,unweighted_lr:oof_macro_f1,0.3743871827042007,0.6666666666666666,0.18571428571428572,0.6333333333333333,0.22857142857142856
credit_g,1,0,505,unweighted_lr:oof_balanced_accuracy,0.3070147848877998,0.7666666666666667,0.3,0.7,0.32857142857142857
credit_g,1,0,505,weighted_lr:default,0.5,0.7333333333333333,0.2857142857142857,0.7,0.34285714285714286
credit_g,1,0,505,weighted_lr:oof_macro_f1,0.5597866525773098,0.6666666666666666,0.22857142857142856,0.6666666666666666,0.24285714285714285
credit_g,1,0,505,weighted_lr:oof_balanced_accuracy,0.5597866525773098,0.6666666666666666,0.22857142857142856,0.6666666666666666,0.24285714285714285
credit_g,1,0,505,rf:default,0.5,0.3333333333333333,0.04285714285714286,0.26666666666666666,0.08571428571428572
credit_g,1,0,505,rf:oof_macro_f1,0.36140720390720393,0.6333333333333333,0.2,0.6333333333333333,0.22857142857142856
credit_g,1,0,505,rf:oof_balanced_accuracy,0.33291666666666664,0.7666666666666667,0.3,0.6666666666666666,0.32857142857142857
credit_g,1,0,505,balanced_rf:default,0.5,0.7,0.2714285714285714,0.6666666666666666,0.21428571428571427
credit_g,1,0,505,balanced_rf:oof_macro_f1,0.5295833333333334,0.6666666666666666,0.2571428571428571,0.5666666666666667,0.18571428571428572
credit_g,1,0,505,balanced_rf:oof_balanced_accuracy,0.4794285714285714,0.7333333333333333,0.2857142857142857,0.7,0.22857142857142856
credit_g,1,1,101,unweighted_lr:default,0.5,0.6,0.11428571428571428,0.4666666666666667,0.12857142857142856
credit_g,1,1,101,unweighted_lr:oof_macro_f1,0.40764039801212276,0.7,0.17142857142857143,0.5666666666666667,0.17142857142857143
credit_g,1,1,101,unweighted_lr:oof_balanced_accuracy,0.27038630698433713,0.8333333333333334,0.2714285714285714,0.7666666666666667,0.24285714285714285
credit_g,1,1,101,weighted_lr:default,0.5,0.8,0.2571428571428571,0.7333333333333333,0.22857142857142856
credit_g,1,1,101,weighted_lr:oof_macro_f1,0.5827176084029096,0.7,0.18571428571428572,0.6333333333333333,0.17142857142857143
credit_g,1,1,101,weighted_lr:oof_balanced_accuracy,0.3559659609149426,0.8333333333333334,0.38571428571428573,0.9333333333333333,0.4142857142857143
credit_g,1,1,101,rf:default,0.5,0.43333333333333335,0.014285714285714285,0.5333333333333333,0.04285714285714286
credit_g,1,1,101,rf:oof_macro_f1,0.3359911616161616,0.7,0.2857142857142857,0.8333333333333334,0.2857142857142857
credit_g,1,1,101,rf:oof_balanced_accuracy,0.31152777777777774,0.7333333333333333,0.32857142857142857,0.8333333333333334,0.3142857142857143
credit_g,1,1,101,balanced_rf:default,0.5,0.7,0.21428571428571427,0.7666666666666667,0.17142857142857143
credit_g,1,1,101,balanced_rf:oof_macro_f1,0.4604166666666667,0.7,0.2857142857142857,0.8333333333333334,0.24285714285714285
credit_g,1,1,101,balanced_rf:oof_balanced_accuracy,0.38663690476190476,0.8,0.38571428571428573,0.8666666666666667,0.38571428571428573
credit_g,1,1,202,unweighted_lr:default,0.5,0.6,0.11428571428571428,0.4666666666666667,0.12857142857142856
credit_g,1,1,202,unweighted_lr:oof_macro_f1,0.40764039801212276,0.7,0.17142857142857143,0.5666666666666667,0.17142857142857143
credit_g,1,1,202,unweighted_lr:oof_balanced_accuracy,0.27038630698433713,0.8333333333333334,0.2714285714285714,0.7666666666666667,0.24285714285714285
credit_g,1,1,202,weighted_lr:default,0.5,0.8,0.2571428571428571,0.7333333333333333,0.22857142857142856
credit_g,1,1,202,weighted_lr:oof_macro_f1,0.5827176084029096,0.7,0.18571428571428572,0.6333333333333333,0.17142857142857143
credit_g,1,1,202,weighted_lr:oof_balanced_accuracy,0.3559659609149426,0.8333333333333334,0.38571428571428573,0.9333333333333333,0.4142857142857143
credit_g,1,1,202,rf:default,0.5,0.4666666666666667,0.07142857142857142,0.4,0.02857142857142857
credit_g,1,1,202,rf:oof_macro_f1,0.3210119047619048,0.7,0.34285714285714286,0.8,0.2714285714285714
credit_g,1,1,202,rf:oof_balanced_accuracy,0.2907142857142857,0.7333333333333333,0.42857142857142855,0.8,0.32857142857142857
credit_g,1,1,202,balanced_rf:default,0.5,0.7,0.24285714285714285,0.7666666666666667,0.22857142857142856
credit_g,1,1,202,balanced_rf:oof_macro_f1,0.52125,0.6666666666666666,0.21428571428571427,0.7666666666666667,0.21428571428571427
credit_g,1,1,202,balanced_rf:oof_balanced_accuracy,0.4304166666666666,0.8,0.34285714285714286,0.8333333333333334,0.3142857142857143
credit_g,1,1,303,unweighted_lr:default,0.5,0.6,0.11428571428571428,0.4666666666666667,0.12857142857142856
credit_g,1,1,303,unweighted_lr:oof_macro_f1,0.40764039801212276,0.7,0.17142857142857143,0.5666666666666667,0.17142857142857143
credit_g,1,1,303,unweighted_lr:oof_balanced_accuracy,0.27038630698433713,0.8333333333333334,0.2714285714285714,0.7666666666666667,0.24285714285714285
credit_g,1,1,303,weighted_lr:default,0.5,0.8,0.2571428571428571,0.7333333333333333,0.22857142857142856
credit_g,1,1,303,weighted_lr:oof_macro_f1,0.5827176084029096,0.7,0.18571428571428572,0.6333333333333333,0.17142857142857143
credit_g,1,1,303,weighted_lr:oof_balanced_accuracy,0.3559659609149426,0.8333333333333334,0.38571428571428573,0.9333333333333333,0.4142857142857143
credit_g,1,1,303,rf:default,0.5,0.43333333333333335,0.07142857142857142,0.4,0.07142857142857142
credit_g,1,1,303,rf:oof_macro_f1,0.36768065268065264,0.6666666666666666,0.2714285714285714,0.7666666666666667,0.22857142857142856
credit_g,1,1,303,rf:oof_balanced_accuracy,0.30570360195360197,0.7666666666666667,0.35714285714285715,0.8666666666666667,0.3142857142857143
credit_g,1,1,303,balanced_rf:default,0.5,0.7,0.24285714285714285,0.7,0.18571428571428572
credit_g,1,1,303,balanced_rf:oof_macro_f1,0.5108333333333333,0.7,0.24285714285714285,0.6666666666666666,0.15714285714285714
credit_g,1,1,303,balanced_rf:oof_balanced_accuracy,0.37833333333333335,0.8666666666666667,0.4857142857142857,0.8666666666666667,0.45714285714285713
credit_g,1,1,404,unweighted_lr:default,0.5,0.6,0.11428571428571428,0.4666666666666667,0.12857142857142856
credit_g,1,1,404,unweighted_lr:oof_macro_f1,0.40764039801212276,0.7,0.17142857142857143,0.5666666666666667,0.17142857142857143
credit_g,1,1,404,unweighted_lr:oof_balanced_accuracy,0.27038630698433713,0.8333333333333334,0.2714285714285714,0.7666666666666667,0.24285714285714285
credit_g,1,1,404,weighted_lr:default,0.5,0.8,0.2571428571428571,0.7333333333333333,0.22857142857142856
credit_g,1,1,404,weighted_lr:oof_macro_f1,0.5827176084029096,0.7,0.18571428571428572,0.6333333333333333,0.17142857142857143
credit_g,1,1,404,weighted_lr:oof_balanced_accuracy,0.3559659609149426,0.8333333333333334,0.38571428571428573,0.9333333333333333,0.4142857142857143
credit_g,1,1,404,rf:default,0.5,0.43333333333333335,0.07142857142857142,0.36666666666666664,0.05714285714285714
credit_g,1,1,404,rf:oof_macro_f1,0.346547619047619,0.6666666666666666,0.3,0.8,0.24285714285714285
credit_g,1,1,404,rf:oof_balanced_accuracy,0.26789682539682536,0.7666666666666667,0.4,0.9,0.38571428571428573
credit_g,1,1,404,balanced_rf:default,0.5,0.7,0.22857142857142856,0.6666666666666666,0.2
credit_g,1,1,404,balanced_rf:oof_macro_f1,0.49416666666666675,0.7,0.2571428571428571,0.6666666666666666,0.2
credit_g,1,1,404,balanced_rf:oof_balanced_accuracy,0.4437500000000001,0.7333333333333333,0.2857142857142857,0.7666666666666667,0.3142857142857143
credit_g,1,1,505,unweighted_lr:default,0.5,0.6,0.11428571428571428,0.4666666666666667,0.12857142857142856
credit_g,1,1,505,unweighted_lr:oof_macro_f1,0.40764039801212276,0.7,0.17142857142857143,0.5666666666666667,0.17142857142857143
credit_g,1,1,505,unweighted_lr:oof_balanced_accuracy,0.27038630698433713,0.8333333333333334,0.2714285714285714,0.7666666666666667,0.24285714285714285
credit_g,1,1,505,weighted_lr:default,0.5,0.8,0.2571428571428571,0.7333333333333333,0.22857142857142856
credit_g,1,1,505,weighted_lr:oof_macro_f1,0.5827176084029096,0.7,0.18571428571428572,0.6333333333333333,0.17142857142857143
credit_g,1,1,505,weighted_lr:oof_balanced_accuracy,0.3559659609149426,0.8333333333333334,0.38571428571428573,0.9333333333333333,0.4142857142857143
credit_g,1,1,505,rf:default,0.5,0.43333333333333335,0.08571428571428572,0.4,0.02857142857142857
credit_g,1,1,505,rf:oof_macro_f1,0.34625,0.7,0.2714285714285714,0.8,0.21428571428571427
credit_g,1,1,505,rf:oof_balanced_accuracy,0.27523809523809534,0.7666666666666667,0.38571428571428573,0.9,0.32857142857142857
credit_g,1,1,505,balanced_rf:default,0.5,0.7,0.21428571428571427,0.7,0.18571428571428572
credit_g,1,1,505,balanced_rf:oof_macro_f1,0.48068452380952376,0.7333333333333333,0.2714285714285714,0.8,0.2
credit_g,1,1,505,balanced_rf:oof_balanced_accuracy,0.4241792929292929,0.8,0.35714285714285715,0.8333333333333334,0.3142857142857143
credit_g,1,2,101,unweighted_lr:default,0.5,0.43333333333333335,0.12857142857142856,0.43333333333333335,0.15714285714285714
credit_g,1,2,101,unweighted_lr:oof_macro_f1,0.4090270459984391,0.5333333333333333,0.22857142857142856,0.6666666666666666,0.18571428571428572
credit_g,1,2,101,unweighted_lr:oof_balanced_accuracy,0.3176502707802298,0.7,0.3,0.7333333333333333,0.2714285714285714
credit_g,1,2,101,weighted_lr:default,0.5,0.7333333333333333,0.32857142857142857,0.7333333333333333,0.2857142857142857
credit_g,1,2,101,weighted_lr:oof_macro_f1,0.5705951488178608,0.6333333333333333,0.2571428571428571,0.7,0.21428571428571427
credit_g,1,2,101,weighted_lr:oof_balanced_accuracy,0.5385451418226151,0.6666666666666666,0.2714285714285714,0.7333333333333333,0.24285714285714285
credit_g,1,2,101,rf:default,0.5,0.43333333333333335,0.1,0.4666666666666667,0.07142857142857142
credit_g,1,2,101,rf:oof_macro_f1,0.41180555555555554,0.5333333333333333,0.15714285714285714,0.6,0.15714285714285714
credit_g,1,2,101,rf:oof_balanced_accuracy,0.33875,0.8,0.32857142857142857,0.6666666666666666,0.2857142857142857
credit_g,1,2,101,balanced_rf:default,0.5,0.7,0.2857142857142857,0.7,0.22857142857142856
credit_g,1,2,101,balanced_rf:oof_macro_f1,0.55375,0.5666666666666667,0.15714285714285714,0.6,0.14285714285714285
credit_g,1,2,101,balanced_rf:oof_balanced_accuracy,0.39958333333333335,0.8,0.4142857142857143,0.8333333333333334,0.37142857142857144
credit_g,1,2,202,unweighted_lr:default,0.5,0.43333333333333335,0.12857142857142856,0.43333333333333335,0.15714285714285714
credit_g,1,2,202,unweighted_lr:oof_macro_f1,0.4090270459984391,0.5333333333333333,0.22857142857142856,0.6666666666666666,0.18571428571428572
credit_g,1,2,202,unweighted_lr:oof_balanced_accuracy,0.3176502707802298,0.7,0.3,0.7333333333333333,0.2714285714285714
credit_g,1,2,202,weighted_lr:default,0.5,0.7333333333333333,0.32857142857142857,0.7333333333333333,0.2857142857142857
credit_g,1,2,202,weighted_lr:oof_macro_f1,0.5705951488178608,0.6333333333333333,0.2571428571428571,0.7,0.21428571428571427
credit_g,1,2,202,weighted_lr:oof_balanced_accuracy,0.5385451418226151,0.6666666666666666,0.2714285714285714,0.7333333333333333,0.24285714285714285
credit_g,1,2,202,rf:default,0.5,0.4666666666666667,0.08571428571428572,0.4666666666666667,0.07142857142857142
credit_g,1,2,202,rf:oof_macro_f1,0.401875,0.5333333333333333,0.18571428571428572,0.7,0.12857142857142856
credit_g,1,2,202,rf:oof_balanced_accuracy,0.33273809523809517,0.7333333333333333,0.3142857142857143,0.7333333333333333,0.3
credit_g,1,2,202,balanced_rf:default,0.5,0.6666666666666666,0.3,0.7333333333333333,0.24285714285714285
credit_g,1,2,202,balanced_rf:oof_macro_f1,0.5094551282051282,0.6666666666666666,0.2857142857142857,0.7,0.22857142857142856
credit_g,1,2,202,balanced_rf:oof_balanced_accuracy,0.5063607226107226,0.6666666666666666,0.3,0.7,0.24285714285714285
credit_g,1,2,303,unweighted_lr:default,0.5,0.43333333333333335,0.12857142857142856,0.43333333333333335,0.15714285714285714
credit_g,1,2,303,unweighted_lr:oof_macro_f1,0.4090270459984391,0.5333333333333333,0.22857142857142856,0.6666666666666666,0.18571428571428572
credit_g,1,2,303,unweighted_lr:oof_balanced_accuracy,0.3176502707802298,0.7,0.3,0.7333333333333333,0.2714285714285714
credit_g,1,2,303,weighted_lr:default,0.5,0.7333333333333333,0.32857142857142857,0.7333333333333333,0.2857142857142857
credit_g,1,2,303,weighted_lr:oof_macro_f1,0.5705951488178608,0.6333333333333333,0.2571428571428571,0.7,0.21428571428571427
credit_g,1,2,303,weighted_lr:oof_balanced_accuracy,0.5385451418226151,0.6666666666666666,0.2714285714285714,0.7333333333333333,0.24285714285714285
credit_g,1,2,303,rf:default,0.5,0.43333333333333335,0.08571428571428572,0.5,0.07142857142857142
credit_g,1,2,303,rf:oof_macro_f1,0.37118055555555557,0.6333333333333333,0.24285714285714285,0.7,0.24285714285714285
credit_g,1,2,303,rf:oof_balanced_accuracy,0.36946969696969695,0.6666666666666666,0.24285714285714285,0.7,0.2571428571428571
credit_g,1,2,303,balanced_rf:default,0.5,0.8,0.2571428571428571,0.6666666666666666,0.24285714285714285
credit_g,1,2,303,balanced_rf:oof_macro_f1,0.5696969696969696,0.6,0.17142857142857143,0.6333333333333333,0.14285714285714285
credit_g,1,2,303,balanced_rf:oof_balanced_accuracy,0.4325757575757576,0.8,0.35714285714285715,0.8,0.34285714285714286
credit_g,1,2,404,unweighted_lr:default,0.5,0.43333333333333335,0.12857142857142856,0.43333333333333335,0.15714285714285714
credit_g,1,2,404,unweighted_lr:oof_macro_f1,0.4090270459984391,0.5333333333333333,0.22857142857142856,0.6666666666666666,0.18571428571428572
credit_g,1,2,404,unweighted_lr:oof_balanced_accuracy,0.3176502707802298,0.7,0.3,0.7333333333333333,0.2714285714285714
credit_g,1,2,404,weighted_lr:default,0.5,0.7333333333333333,0.32857142857142857,0.7333333333333333,0.2857142857142857
credit_g,1,2,404,weighted_lr:oof_macro_f1,0.5705951488178608,0.6333333333333333,0.2571428571428571,0.7,0.21428571428571427
credit_g,1,2,404,weighted_lr:oof_balanced_accuracy,0.5385451418226151,0.6666666666666666,0.2714285714285714,0.7333333333333333,0.24285714285714285
credit_g,1,2,404,rf:default,0.5,0.4666666666666667,0.11428571428571428,0.36666666666666664,0.05714285714285714
credit_g,1,2,404,rf:oof_macro_f1,0.3948611111111112,0.6333333333333333,0.21428571428571427,0.6666666666666666,0.15714285714285714
credit_g,1,2,404,rf:oof_balanced_accuracy,0.32279761904761906,0.7666666666666667,0.35714285714285715,0.8,0.3142857142857143
credit_g,1,2,404,balanced_rf:default,0.5,0.7,0.3,0.6666666666666666,0.24285714285714285
credit_g,1,2,404,balanced_rf:oof_macro_f1,0.5428571428571428,0.6333333333333333,0.2571428571428571,0.6,0.15714285714285714
credit_g,1,2,404,balanced_rf:oof_balanced_accuracy,0.4266123949579831,0.8,0.35714285714285715,0.7333333333333333,0.4
credit_g,1,2,505,unweighted_lr:default,0.5,0.43333333333333335,0.12857142857142856,0.43333333333333335,0.15714285714285714
credit_g,1,2,505,unweighted_lr:oof_macro_f1,0.4090270459984391,0.5333333333333333,0.22857142857142856,0.6666666666666666,0.18571428571428572
credit_g,1,2,505,unweighted_lr:oof_balanced_accuracy,0.3176502707802298,0.7,0.3,0.7333333333333333,0.2714285714285714
credit_g,1,2,505,weighted_lr:default,0.5,0.7333333333333333,0.32857142857142857,0.7333333333333333,0.2857142857142857
credit_g,1,2,505,weighted_lr:oof_macro_f1,0.5705951488178608,0.6333333333333333,0.2571428571428571,0.7,0.21428571428571427
credit_g,1,2,505,weighted_lr:oof_balanced_accuracy,0.5385451418226151,0.6666666666666666,0.2714285714285714,0.7333333333333333,0.24285714285714285
credit_g,1,2,505,rf:default,0.5,0.3333333333333333,0.1,0.3333333333333333,0.08571428571428572
credit_g,1,2,505,rf:oof_macro_f1,0.36746212121212124,0.7333333333333333,0.2571428571428571,0.6333333333333333,0.22857142857142856
credit_g,1,2,505,rf:oof_balanced_accuracy,0.33806818181818177,0.7666666666666667,0.32857142857142857,0.6666666666666666,0.24285714285714285
credit_g,1,2,505,balanced_rf:default,0.5,0.7,0.18571428571428572,0.7,0.21428571428571427
credit_g,1,2,505,balanced_rf:oof_macro_f1,0.5237103174603175,0.6,0.18571428571428572,0.6333333333333333,0.2
credit_g,1,2,505,balanced_rf:oof_balanced_accuracy,0.4541666666666667,0.7666666666666667,0.2714285714285714,0.7333333333333333,0.3142857142857143
credit_g,1,3,101,unweighted_lr:default,0.5,0.3333333333333333,0.07142857142857142,0.3333333333333333,0.12857142857142856
credit_g,1,3,101,unweighted_lr:oof_macro_f1,0.43918594297701496,0.4666666666666667,0.07142857142857142,0.4,0.12857142857142856
credit_g,1,3,101,unweighted_lr:oof_balanced_accuracy,0.2812012792072462,0.6333333333333333,0.2,0.7,0.22857142857142856
credit_g,1,3,101,weighted_lr:default,0.5,0.6333333333333333,0.2,0.6666666666666666,0.21428571428571427
credit_g,1,3,101,weighted_lr:oof_macro_f1,0.610357324505282,0.5333333333333333,0.1,0.4666666666666667,0.15714285714285714
credit_g,1,3,101,weighted_lr:oof_balanced_accuracy,0.44491092916659497,0.6666666666666666,0.24285714285714285,0.7333333333333333,0.2571428571428571
credit_g,1,3,101,rf:default,0.5,0.3333333333333333,0.02857142857142857,0.23333333333333334,0.08571428571428572
credit_g,1,3,101,rf:oof_macro_f1,0.40914682539682545,0.43333333333333335,0.12857142857142856,0.4,0.11428571428571428
credit_g,1,3,101,rf:oof_balanced_accuracy,0.38726190476190475,0.4666666666666667,0.14285714285714285,0.43333333333333335,0.14285714285714285
credit_g,1,3,101,balanced_rf:default,0.5,0.6333333333333333,0.18571428571428572,0.4666666666666667,0.22857142857142856
credit_g,1,3,101,balanced_rf:oof_macro_f1,0.5555654761904761,0.5,0.08571428571428572,0.4,0.15714285714285714
credit_g,1,3,101,balanced_rf:oof_balanced_accuracy,0.40374999999999994,0.6666666666666666,0.32857142857142857,0.7333333333333333,0.3142857142857143
credit_g,1,3,202,unweighted_lr:default,0.5,0.3333333333333333,0.07142857142857142,0.3333333333333333,0.12857142857142856
credit_g,1,3,202,unweighted_lr:oof_macro_f1,0.43918594297701496,0.4666666666666667,0.07142857142857142,0.4,0.12857142857142856
credit_g,1,3,202,unweighted_lr:oof_balanced_accuracy,0.2812012792072462,0.6333333333333333,0.2,0.7,0.22857142857142856
credit_g,1,3,202,weighted_lr:default,0.5,0.6333333333333333,0.2,0.6666666666666666,0.21428571428571427
credit_g,1,3,202,weighted_lr:oof_macro_f1,0.610357324505282,0.5333333333333333,0.1,0.4666666666666667,0.15714285714285714
credit_g,1,3,202,weighted_lr:oof_balanced_accuracy,0.44491092916659497,0.6666666666666666,0.24285714285714285,0.7333333333333333,0.2571428571428571
credit_g,1,3,202,rf:default,0.5,0.3,0.014285714285714285,0.2,0.07142857142857142
credit_g,1,3,202,rf:oof_macro_f1,0.37204365079365076,0.5666666666666667,0.21428571428571427,0.4,0.17142857142857143
credit_g,1,3,202,rf:oof_balanced_accuracy,0.37204365079365076,0.5666666666666667,0.21428571428571427,0.4,0.17142857142857143
credit_g,1,3,202,balanced_rf:default,0.5,0.6333333333333333,0.21428571428571427,0.4666666666666667,0.18571428571428572
credit_g,1,3,202,balanced_rf:oof_macro_f1,0.5595588235294118,0.43333333333333335,0.1,0.4,0.14285714285714285
credit_g,1,3,202,balanced_rf:oof_balanced_accuracy,0.495,0.6333333333333333,0.21428571428571427,0.4666666666666667,0.21428571428571427
credit_g,1,3,303,unweighted_lr:default,0.5,0.3333333333333333,0.07142857142857142,0.3333333333333333,0.12857142857142856
credit_g,1,3,303,unweighted_lr:oof_macro_f1,0.43918594297701496,0.4666666666666667,0.07142857142857142,0.4,0.12857142857142856
credit_g,1,3,303,unweighted_lr:oof_balanced_accuracy,0.2812012792072462,0.6333333333333333,0.2,0.7,0.22857142857142856
credit_g,1,3,303,weighted_lr:default,0.5,0.6333333333333333,0.2,0.6666666666666666,0.21428571428571427
credit_g,1,3,303,weighted_lr:oof_macro_f1,0.610357324505282,0.5333333333333333,0.1,0.4666666666666667,0.15714285714285714
credit_g,1,3,303,weighted_lr:oof_balanced_accuracy,0.44491092916659497,0.6666666666666666,0.24285714285714285,0.7333333333333333,0.2571428571428571
credit_g,1,3,303,rf:default,0.5,0.3333333333333333,0.05714285714285714,0.26666666666666666,0.08571428571428572
credit_g,1,3,303,rf:oof_macro_f1,0.4016865079365079,0.5,0.1,0.4,0.15714285714285714
credit_g,1,3,303,rf:oof_balanced_accuracy,0.34042748917748916,0.6666666666666666,0.18571428571428572,0.5666666666666667,0.2
credit_g,1,3,303,balanced_rf:default,0.5,0.5,0.21428571428571427,0.6,0.18571428571428572
credit_g,1,3,303,balanced_rf:oof_macro_f1,0.5820833333333334,0.43333333333333335,0.12857142857142856,0.4,0.11428571428571428
credit_g,1,3,303,balanced_rf:oof_balanced_accuracy,0.4785897435897436,0.5333333333333333,0.22857142857142856,0.6333333333333333,0.2
credit_g,1,3,404,unweighted_lr:default,0.5,0.3333333333333333,0.07142857142857142,0.3333333333333333,0.12857142857142856
credit_g,1,3,404,unweighted_lr:oof_macro_f1,0.43918594297701496,0.4666666666666667,0.07142857142857142,0.4,0.12857142857142856
credit_g,1,3,404,unweighted_lr:oof_balanced_accuracy,0.2812012792072462,0.6333333333333333,0.2,0.7,0.22857142857142856
credit_g,1,3,404,weighted_lr:default,0.5,0.6333333333333333,0.2,0.6666666666666666,0.21428571428571427
credit_g,1,3,404,weighted_lr:oof_macro_f1,0.610357324505282,0.5333333333333333,0.1,0.4666666666666667,0.15714285714285714
credit_g,1,3,404,weighted_lr:oof_balanced_accuracy,0.44491092916659497,0.6666666666666666,0.24285714285714285,0.7333333333333333,0.2571428571428571
credit_g,1,3,404,rf:default,0.5,0.36666666666666664,0.02857142857142857,0.23333333333333334,0.07142857142857142
credit_g,1,3,404,rf:oof_macro_f1,0.3696428571428571,0.5,0.17142857142857143,0.5,0.18571428571428572
credit_g,1,3,404,rf:oof_balanced_accuracy,0.35739097911892026,0.5666666666666667,0.2,0.5,0.24285714285714285
credit_g,1,3,404,balanced_rf:default,0.5,0.6,0.15714285714285714,0.6,0.21428571428571427
credit_g,1,3,404,balanced_rf:oof_macro_f1,0.5977579365079365,0.36666666666666664,0.07142857142857142,0.26666666666666666,0.14285714285714285
credit_g,1,3,404,balanced_rf:oof_balanced_accuracy,0.4441071428571428,0.7,0.2857142857142857,0.8,0.24285714285714285
credit_g,1,3,505,unweighted_lr:default,0.5,0.3333333333333333,0.07142857142857142,0.3333333333333333,0.12857142857142856
credit_g,1,3,505,unweighted_lr:oof_macro_f1,0.43918594297701496,0.4666666666666667,0.07142857142857142,0.4,0.12857142857142856
credit_g,1,3,505,unweighted_lr:oof_balanced_accuracy,0.2812012792072462,0.6333333333333333,0.2,0.7,0.22857142857142856
credit_g,1,3,505,weighted_lr:default,0.5,0.6333333333333333,0.2,0.6666666666666666,0.21428571428571427
credit_g,1,3,505,weighted_lr:oof_macro_f1,0.610357324505282,0.5333333333333333,0.1,0.4666666666666667,0.15714285714285714
credit_g,1,3,505,weighted_lr:oof_balanced_accuracy,0.44491092916659497,0.6666666666666666,0.24285714285714285,0.7333333333333333,0.2571428571428571
credit_g,1,3,505,rf:default,0.5,0.3,0.04285714285714286,0.23333333333333334,0.05714285714285714
credit_g,1,3,505,rf:oof_macro_f1,0.4070941558441558,0.5,0.14285714285714285,0.4,0.15714285714285714
credit_g,1,3,505,rf:oof_balanced_accuracy,0.3639583333333333,0.5333333333333333,0.2,0.4666666666666667,0.22857142857142856
credit_g,1,3,505,balanced_rf:default,0.5,0.6333333333333333,0.17142857142857143,0.5666666666666667,0.24285714285714285
credit_g,1,3,505,balanced_rf:oof_macro_f1,0.5230952380952381,0.6333333333333333,0.17142857142857143,0.4666666666666667,0.21428571428571427
credit_g,1,3,505,balanced_rf:oof_balanced_accuracy,0.5230952380952381,0.6333333333333333,0.17142857142857143,0.4666666666666667,0.21428571428571427
credit_g,1,4,101,unweighted_lr:default,0.5,0.5,0.22857142857142856,0.43333333333333335,0.14285714285714285
credit_g,1,4,101,unweighted_lr:oof_macro_f1,0.3943656705315005,0.6333333333333333,0.2714285714285714,0.5333333333333333,0.22857142857142856
credit_g,1,4,101,unweighted_lr:oof_balanced_accuracy,0.3943656705315005,0.6333333333333333,0.2714285714285714,0.5333333333333333,0.22857142857142856
credit_g,1,4,101,weighted_lr:default,0.5,0.6333333333333333,0.34285714285714286,0.6,0.38571428571428573
credit_g,1,4,101,weighted_lr:oof_macro_f1,0.6167124452728813,0.6,0.2714285714285714,0.5,0.18571428571428572
credit_g,1,4,101,weighted_lr:oof_balanced_accuracy,0.4151227333584026,0.7,0.4142857142857143,0.7666666666666667,0.4714285714285714
credit_g,1,4,101,rf:default,0.5,0.3333333333333333,0.1,0.4,0.1
credit_g,1,4,101,rf:oof_macro_f1,0.4675892857142857,0.43333333333333335,0.14285714285714285,0.43333333333333335,0.11428571428571428
credit_g,1,4,101,rf:oof_balanced_accuracy,0.38191666666666674,0.5666666666666667,0.2571428571428571,0.4666666666666667,0.22857142857142856
credit_g,1,4,101,balanced_rf:default,0.5,0.7,0.32857142857142857,0.6333333333333333,0.2571428571428571
credit_g,1,4,101,balanced_rf:oof_macro_f1,0.5072222222222221,0.7,0.32857142857142857,0.6,0.22857142857142856
credit_g,1,4,101,balanced_rf:oof_balanced_accuracy,0.42680555555555555,0.7666666666666667,0.44285714285714284,0.8333333333333334,0.4142857142857143
credit_g,1,4,202,unweighted_lr:default,0.5,0.5,0.22857142857142856,0.43333333333333335,0.14285714285714285
credit_g,1,4,202,unweighted_lr:oof_macro_f1,0.3943656705315005,0.6333333333333333,0.2714285714285714,0.5333333333333333,0.22857142857142856
credit_g,1,4,202,unweighted_lr:oof_balanced_accuracy,0.3943656705315005,0.6333333333333333,0.2714285714285714,0.5333333333333333,0.22857142857142856
credit_g,1,4,202,weighted_lr:default,0.5,0.6333333333333333,0.34285714285714286,0.6,0.38571428571428573
credit_g,1,4,202,weighted_lr:oof_macro_f1,0.6167124452728813,0.6,0.2714285714285714,0.5,0.18571428571428572
credit_g,1,4,202,weighted_lr:oof_balanced_accuracy,0.4151227333584026,0.7,0.4142857142857143,0.7666666666666667,0.4714285714285714
credit_g,1,4,202,rf:default,0.5,0.4,0.11428571428571428,0.36666666666666664,0.05714285714285714
credit_g,1,4,202,rf:oof_macro_f1,0.394890350877193,0.5333333333333333,0.2571428571428571,0.6333333333333333,0.22857142857142856
credit_g,1,4,202,rf:oof_balanced_accuracy,0.32215277777777773,0.6,0.37142857142857144,0.8333333333333334,0.34285714285714286
credit_g,1,4,202,balanced_rf:default,0.5,0.6333333333333333,0.2714285714285714,0.6666666666666666,0.37142857142857144
credit_g,1,4,202,balanced_rf:oof_macro_f1,0.5619318181818181,0.5666666666666667,0.22857142857142856,0.5333333333333333,0.22857142857142856
credit_g,1,4,202,balanced_rf:oof_balanced_accuracy,0.463371212121212,0.6666666666666666,0.3,0.7333333333333333,0.4
credit_g,1,4,303,unweighted_lr:default,0.5,0.5,0.22857142857142856,0.43333333333333335,0.14285714285714285
credit_g,1,4,303,unweighted_lr:oof_macro_f1,0.3943656705315005,0.6333333333333333,0.2714285714285714,0.5333333333333333,0.22857142857142856
credit_g,1,4,303,unweighted_lr:oof_balanced_accuracy,0.3943656705315005,0.6333333333333333,0.2714285714285714,0.5333333333333333,0.22857142857142856
credit_g,1,4,303,weighted_lr:default,0.5,0.6333333333333333,0.34285714285714286,0.6,0.38571428571428573
credit_g,1,4,303,weighted_lr:oof_macro_f1,0.6167124452728813,0.6,0.2714285714285714,0.5,0.18571428571428572
credit_g,1,4,303,weighted_lr:oof_balanced_accuracy,0.4151227333584026,0.7,0.4142857142857143,0.7666666666666667,0.4714285714285714
credit_g,1,4,303,rf:default,0.5,0.43333333333333335,0.11428571428571428,0.4666666666666667,0.08571428571428572
credit_g,1,4,303,rf:oof_macro_f1,0.34875,0.7,0.3142857142857143,0.7333333333333333,0.3
credit_g,1,4,303,rf:oof_balanced_accuracy,0.34875,0.7,0.3142857142857143,0.7333333333333333,0.3
credit_g,1,4,303,balanced_rf:default,0.5,0.6666666666666666,0.2857142857142857,0.7,0.2714285714285714
credit_g,1,4,303,balanced_rf:oof_macro_f1,0.4979166666666666,0.6666666666666666,0.2857142857142857,0.7,0.2857142857142857
credit_g,1,4,303,balanced_rf:oof_balanced_accuracy,0.46599206349206346,0.7,0.34285714285714286,0.7333333333333333,0.34285714285714286
credit_g,1,4,404,unweighted_lr:default,0.5,0.5,0.22857142857142856,0.43333333333333335,0.14285714285714285
credit_g,1,4,404,unweighted_lr:oof_macro_f1,0.3943656705315005,0.6333333333333333,0.2714285714285714,0.5333333333333333,0.22857142857142856
credit_g,1,4,404,unweighted_lr:oof_balanced_accuracy,0.3943656705315005,0.6333333333333333,0.2714285714285714,0.5333333333333333,0.22857142857142856
credit_g,1,4,404,weighted_lr:default,0.5,0.6333333333333333,0.34285714285714286,0.6,0.38571428571428573
credit_g,1,4,404,weighted_lr:oof_macro_f1,0.6167124452728813,0.6,0.2714285714285714,0.5,0.18571428571428572
credit_g,1,4,404,weighted_lr:oof_balanced_accuracy,0.4151227333584026,0.7,0.4142857142857143,0.7666666666666667,0.4714285714285714
credit_g,1,4,404,rf:default,0.5,0.43333333333333335,0.15714285714285714,0.4,0.11428571428571428
credit_g,1,4,404,rf:oof_macro_f1,0.46875,0.5,0.18571428571428572,0.5666666666666667,0.17142857142857143
credit_g,1,4,404,rf:oof_balanced_accuracy,0.2947132034632035,0.7333333333333333,0.42857142857142855,0.8333333333333334,0.42857142857142855
credit_g,1,4,404,balanced_rf:default,0.5,0.6333333333333333,0.3,0.6666666666666666,0.24285714285714285
credit_g,1,4,404,balanced_rf:oof_macro_f1,0.5248958333333333,0.6333333333333333,0.24285714285714285,0.5333333333333333,0.21428571428571427
credit_g,1,4,404,balanced_rf:oof_balanced_accuracy,0.49083333333333334,0.6333333333333333,0.3142857142857143,0.6666666666666666,0.2857142857142857
credit_g,1,4,505,unweighted_lr:default,0.5,0.5,0.22857142857142856,0.43333333333333335,0.14285714285714285
credit_g,1,4,505,unweighted_lr:oof_macro_f1,0.3943656705315005,0.6333333333333333,0.2714285714285714,0.5333333333333333,0.22857142857142856
credit_g,1,4,505,unweighted_lr:oof_balanced_accuracy,0.3943656705315005,0.6333333333333333,0.2714285714285714,0.5333333333333333,0.22857142857142856
credit_g,1,4,505,weighted_lr:default,0.5,0.6333333333333333,0.34285714285714286,0.6,0.38571428571428573
credit_g,1,4,505,weighted_lr:oof_macro_f1,0.6167124452728813,0.6,0.2714285714285714,0.5,0.18571428571428572
credit_g,1,4,505,weighted_lr:oof_balanced_accuracy,0.4151227333584026,0.7,0.4142857142857143,0.7666666666666667,0.4714285714285714
credit_g,1,4,505,rf:default,0.5,0.36666666666666664,0.12857142857142856,0.43333333333333335,0.08571428571428572
credit_g,1,4,505,rf:oof_macro_f1,0.3655128205128205,0.6333333333333333,0.2571428571428571,0.6333333333333333,0.32857142857142857
credit_g,1,4,505,rf:oof_balanced_accuracy,0.3047727272727273,0.7333333333333333,0.37142857142857144,0.7333333333333333,0.42857142857142855
credit_g,1,4,505,balanced_rf:default,0.5,0.6,0.3142857142857143,0.6666666666666666,0.2571428571428571
credit_g,1,4,505,balanced_rf:oof_macro_f1,0.557438725490196,0.5,0.24285714285714285,0.5666666666666667,0.12857142857142856
credit_g,1,4,505,balanced_rf:oof_balanced_accuracy,0.4354166666666666,0.7,0.4142857142857143,0.7666666666666667,0.38571428571428573
credit_g,2,0,101,unweighted_lr:default,0.5,0.36666666666666664,0.15714285714285714,0.43333333333333335,0.07142857142857142
credit_g,2,0,101,unweighted_lr:oof_macro_f1,0.3702616020038627,0.5,0.2714285714285714,0.6,0.17142857142857143
credit_g,2,0,101,unweighted_lr:oof_balanced_accuracy,0.3138306235324647,0.6666666666666666,0.3142857142857143,0.6333333333333333,0.2
credit_g,2,0,101,weighted_lr:default,0.5,0.7333333333333333,0.3142857142857143,0.7,0.22857142857142856
credit_g,2,0,101,weighted_lr:oof_macro_f1,0.6069616760702027,0.43333333333333335,0.22857142857142856,0.5333333333333333,0.15714285714285714
credit_g,2,0,101,weighted_lr:oof_balanced_accuracy,0.495594134656965,0.7333333333333333,0.3142857142857143,0.7,0.22857142857142856
credit_g,2,0,101,rf:default,0.5,0.26666666666666666,0.1,0.4666666666666667,0.02857142857142857
credit_g,2,0,101,rf:oof_macro_f1,0.3878311965811966,0.5333333333333333,0.22857142857142856,0.5333333333333333,0.18571428571428572
credit_g,2,0,101,rf:oof_balanced_accuracy,0.2922916666666666,0.7,0.32857142857142857,0.7333333333333333,0.32857142857142857
credit_g,2,0,101,balanced_rf:default,0.5,0.6,0.2857142857142857,0.6666666666666666,0.15714285714285714
credit_g,2,0,101,balanced_rf:oof_macro_f1,0.526875,0.5,0.22857142857142856,0.6333333333333333,0.12857142857142856
credit_g,2,0,101,balanced_rf:oof_balanced_accuracy,0.45909722222222227,0.7,0.34285714285714286,0.7666666666666667,0.22857142857142856
credit_g,2,0,202,unweighted_lr:default,0.5,0.36666666666666664,0.15714285714285714,0.43333333333333335,0.07142857142857142
credit_g,2,0,202,unweighted_lr:oof_macro_f1,0.3702616020038627,0.5,0.2714285714285714,0.6,0.17142857142857143
credit_g,2,0,202,unweighted_lr:oof_balanced_accuracy,0.3138306235324647,0.6666666666666666,0.3142857142857143,0.6333333333333333,0.2
credit_g,2,0,202,weighted_lr:default,0.5,0.7333333333333333,0.3142857142857143,0.7,0.22857142857142856
credit_g,2,0,202,weighted_lr:oof_macro_f1,0.6069616760702027,0.43333333333333335,0.22857142857142856,0.5333333333333333,0.15714285714285714
credit_g,2,0,202,weighted_lr:oof_balanced_accuracy,0.495594134656965,0.7333333333333333,0.3142857142857143,0.7,0.22857142857142856
credit_g,2,0,202,rf:default,0.5,0.43333333333333335,0.15714285714285714,0.36666666666666664,0.07142857142857142
credit_g,2,0,202,rf:oof_macro_f1,0.3891269841269841,0.5333333333333333,0.24285714285714285,0.6,0.14285714285714285
credit_g,2,0,202,rf:oof_balanced_accuracy,0.28757440476190477,0.6666666666666666,0.38571428571428573,0.8666666666666667,0.32857142857142857
credit_g,2,0,202,balanced_rf:default,0.5,0.7,0.3142857142857143,0.7333333333333333,0.18571428571428572
credit_g,2,0,202,balanced_rf:oof_macro_f1,0.5275961538461538,0.6333333333333333,0.2714285714285714,0.6,0.15714285714285714
credit_g,2,0,202,balanced_rf:oof_balanced_accuracy,0.37755681818181813,0.7666666666666667,0.4142857142857143,0.8666666666666667,0.44285714285714284
credit_g,2,0,303,unweighted_lr:default,0.5,0.36666666666666664,0.15714285714285714,0.43333333333333335,0.07142857142857142
credit_g,2,0,303,unweighted_lr:oof_macro_f1,0.3702616020038627,0.5,0.2714285714285714,0.6,0.17142857142857143
credit_g,2,0,303,unweighted_lr:oof_balanced_accuracy,0.3138306235324647,0.6666666666666666,0.3142857142857143,0.6333333333333333,0.2
credit_g,2,0,303,weighted_lr:default,0.5,0.7333333333333333,0.3142857142857143,0.7,0.22857142857142856
credit_g,2,0,303,weighted_lr:oof_macro_f1,0.6069616760702027,0.43333333333333335,0.22857142857142856,0.5333333333333333,0.15714285714285714
credit_g,2,0,303,weighted_lr:oof_balanced_accuracy,0.495594134656965,0.7333333333333333,0.3142857142857143,0.7,0.22857142857142856
credit_g,2,0,303,rf:default,0.5,0.26666666666666666,0.08571428571428572,0.36666666666666664,0.05714285714285714
credit_g,2,0,303,rf:oof_macro_f1,0.37623188405797103,0.5333333333333333,0.2,0.5666666666666667,0.17142857142857143
credit_g,2,0,303,rf:oof_balanced_accuracy,0.37623188405797103,0.5333333333333333,0.2,0.5666666666666667,0.17142857142857143
credit_g,2,0,303,balanced_rf:default,0.5,0.6333333333333333,0.2857142857142857,0.8,0.15714285714285714
credit_g,2,0,303,balanced_rf:oof_macro_f1,0.5002083333333334,0.6333333333333333,0.2857142857142857,0.8,0.15714285714285714
credit_g,2,0,303,balanced_rf:oof_balanced_accuracy,0.4247916666666667,0.6333333333333333,0.42857142857142855,0.9333333333333333,0.32857142857142857
credit_g,2,0,404,unweighted_lr:default,0.5,0.36666666666666664,0.15714285714285714,0.43333333333333335,0.07142857142857142
credit_g,2,0,404,unweighted_lr:oof_macro_f1,0.3702616020038627,0.5,0.2714285714285714,0.6,0.17142857142857143
credit_g,2,0,404,unweighted_lr:oof_balanced_accuracy,0.3138306235324647,0.6666666666666666,0.3142857142857143,0.6333333333333333,0.2
credit_g,2,0,404,weighted_lr:default,0.5,0.7333333333333333,0.3142857142857143,0.7,0.22857142857142856
credit_g,2,0,404,weighted_lr:oof_macro_f1,0.6069616760702027,0.43333333333333335,0.22857142857142856,0.5333333333333333,0.15714285714285714
credit_g,2,0,404,weighted_lr:oof_balanced_accuracy,0.495594134656965,0.7333333333333333,0.3142857142857143,0.7,0.22857142857142856
credit_g,2,0,404,rf:default,0.5,0.3,0.14285714285714285,0.3333333333333333,0.05714285714285714
credit_g,2,0,404,rf:oof_macro_f1,0.37463203463203465,0.6,0.22857142857142856,0.6333333333333333,0.2
credit_g,2,0,404,rf:oof_balanced_accuracy,0.34892361111111114,0.6,0.2714285714285714,0.6333333333333333,0.24285714285714285
credit_g,2,0,404,balanced_rf:default,0.5,0.5666666666666667,0.24285714285714285,0.7,0.22857142857142856
credit_g,2,0,404,balanced_rf:oof_macro_f1,0.5003869047619047,0.5666666666666667,0.24285714285714285,0.7,0.22857142857142856
credit_g,2,0,404,balanced_rf:oof_balanced_accuracy,0.5003869047619047,0.5666666666666667,0.24285714285714285,0.7,0.22857142857142856
credit_g,2,0,505,unweighted_lr:default,0.5,0.36666666666666664,0.15714285714285714,0.43333333333333335,0.07142857142857142
credit_g,2,0,505,unweighted_lr:oof_macro_f1,0.3702616020038627,0.5,0.2714285714285714,0.6,0.17142857142857143
credit_g,2,0,505,unweighted_lr:oof_balanced_accuracy,0.3138306235324647,0.6666666666666666,0.3142857142857143,0.6333333333333333,0.2
credit_g,2,0,505,weighted_lr:default,0.5,0.7333333333333333,0.3142857142857143,0.7,0.22857142857142856
credit_g,2,0,505,weighted_lr:oof_macro_f1,0.6069616760702027,0.43333333333333335,0.22857142857142856,0.5333333333333333,0.15714285714285714
credit_g,2,0,505,weighted_lr:oof_balanced_accuracy,0.495594134656965,0.7333333333333333,0.3142857142857143,0.7,0.22857142857142856
credit_g,2,0,505,rf:default,0.5,0.23333333333333334,0.07142857142857142,0.3333333333333333,0.04285714285714286
credit_g,2,0,505,rf:oof_macro_f1,0.40472222222222215,0.4666666666666667,0.22857142857142856,0.5333333333333333,0.1
credit_g,2,0,505,rf:oof_balanced_accuracy,0.2808333333333333,0.7333333333333333,0.35714285714285715,0.8333333333333334,0.3
credit_g,2,0,505,balanced_rf:default,0.5,0.5666666666666667,0.2571428571428571,0.7333333333333333,0.22857142857142856
credit_g,2,0,505,balanced_rf:oof_macro_f1,0.5511408730158729,0.43333333333333335,0.2,0.5666666666666667,0.11428571428571428
credit_g,2,0,505,balanced_rf:oof_balanced_accuracy,0.4440476190476191,0.7,0.32857142857142857,0.7666666666666667,0.3
credit_g,2,1,101,unweighted_lr:default,0.5,0.43333333333333335,0.14285714285714285,0.5,0.18571428571428572
credit_g,2,1,101,unweighted_lr:oof_macro_f1,0.2962246896341142,0.6666666666666666,0.2571428571428571,0.6333333333333333,0.2714285714285714
credit_g,2,1,101,unweighted_lr:oof_balanced_accuracy,0.2962246896341142,0.6666666666666666,0.2571428571428571,0.6333333333333333,0.2714285714285714
credit_g,2,1,101,weighted_lr:default,0.5,0.6,0.2571428571428571,0.6,0.2571428571428571
credit_g,2,1,101,weighted_lr:oof_macro_f1,0.604634244195507,0.43333333333333335,0.18571428571428572,0.5333333333333333,0.22857142857142856
credit_g,2,1,101,weighted_lr:oof_balanced_accuracy,0.4465939910821002,0.7,0.2714285714285714,0.6,0.3142857142857143
credit_g,2,1,101,rf:default,0.5,0.26666666666666666,0.014285714285714285,0.4,0.11428571428571428
credit_g,2,1,101,rf:oof_macro_f1,0.38232142857142853,0.4666666666666667,0.14285714285714285,0.5666666666666667,0.21428571428571427
credit_g,2,1,101,rf:oof_balanced_accuracy,0.2731944444444444,0.7333333333333333,0.32857142857142857,0.7666666666666667,0.42857142857142855
credit_g,2,1,101,balanced_rf:default,0.5,0.5666666666666667,0.17142857142857143,0.6666666666666666,0.2714285714285714
credit_g,2,1,101,balanced_rf:oof_macro_f1,0.5708333333333333,0.43333333333333335,0.11428571428571428,0.6,0.17142857142857143
credit_g,2,1,101,balanced_rf:oof_balanced_accuracy,0.4838690476190476,0.6333333333333333,0.21428571428571427,0.6666666666666666,0.3
credit_g,2,1,202,unweighted_lr:default,0.5,0.43333333333333335,0.14285714285714285,0.5,0.18571428571428572
credit_g,2,1,202,unweighted_lr:oof_macro_f1,0.2962246896341142,0.6666666666666666,0.2571428571428571,0.6333333333333333,0.2714285714285714
credit_g,2,1,202,unweighted_lr:oof_balanced_accuracy,0.2962246896341142,0.6666666666666666,0.2571428571428571,0.6333333333333333,0.2714285714285714
credit_g,2,1,202,weighted_lr:default,0.5,0.6,0.2571428571428571,0.6,0.2571428571428571
credit_g,2,1,202,weighted_lr:oof_macro_f1,0.604634244195507,0.43333333333333335,0.18571428571428572,0.5333333333333333,0.22857142857142856
credit_g,2,1,202,weighted_lr:oof_balanced_accuracy,0.4465939910821002,0.7,0.2714285714285714,0.6,0.3142857142857143
credit_g,2,1,202,rf:default,0.5,0.3,0.04285714285714286,0.3,0.12857142857142856
credit_g,2,1,202,rf:oof_macro_f1,0.3989131701631702,0.4666666666666667,0.14285714285714285,0.5333333333333333,0.21428571428571427
credit_g,2,1,202,rf:oof_balanced_accuracy,0.30062818309141837,0.7333333333333333,0.2714285714285714,0.6333333333333333,0.34285714285714286
credit_g,2,1,202,balanced_rf:default,0.5,0.6333333333333333,0.22857142857142856,0.6333333333333333,0.2714285714285714
credit_g,2,1,202,balanced_rf:oof_macro_f1,0.5020833333333334,0.6333333333333333,0.22857142857142856,0.6333333333333333,0.2714285714285714
credit_g,2,1,202,balanced_rf:oof_balanced_accuracy,0.4708333333333333,0.7,0.2714285714285714,0.6666666666666666,0.3
credit_g,2,1,303,unweighted_lr:default,0.5,0.43333333333333335,0.14285714285714285,0.5,0.18571428571428572
credit_g,2,1,303,unweighted_lr:oof_macro_f1,0.2962246896341142,0.6666666666666666,0.2571428571428571,0.6333333333333333,0.2714285714285714
credit_g,2,1,303,unweighted_lr:oof_balanced_accuracy,0.2962246896341142,0.6666666666666666,0.2571428571428571,0.6333333333333333,0.2714285714285714
credit_g,2,1,303,weighted_lr:default,0.5,0.6,0.2571428571428571,0.6,0.2571428571428571
credit_g,2,1,303,weighted_lr:oof_macro_f1,0.604634244195507,0.43333333333333335,0.18571428571428572,0.5333333333333333,0.22857142857142856
credit_g,2,1,303,weighted_lr:oof_balanced_accuracy,0.4465939910821002,0.7,0.2714285714285714,0.6,0.3142857142857143
credit_g,2,1,303,rf:default,0.5,0.26666666666666666,0.04285714285714286,0.3333333333333333,0.07142857142857142
credit_g,2,1,303,rf:oof_macro_f1,0.35565476190476186,0.5333333333333333,0.18571428571428572,0.7333333333333333,0.24285714285714285
credit_g,2,1,303,rf:oof_balanced_accuracy,0.29,0.7,0.2857142857142857,0.7666666666666667,0.3
credit_g,2,1,303,balanced_rf:default,0.5,0.6,0.2,0.5333333333333333,0.24285714285714285
credit_g,2,1,303,balanced_rf:oof_macro_f1,0.49625,0.6,0.2,0.5333333333333333,0.24285714285714285
credit_g,2,1,303,balanced_rf:oof_balanced_accuracy,0.46291666666666664,0.6,0.2571428571428571,0.6333333333333333,0.3142857142857143
credit_g,2,1,404,unweighted_lr:default,0.5,0.43333333333333335,0.14285714285714285,0.5,0.18571428571428572
credit_g,2,1,404,unweighted_lr:oof_macro_f1,0.2962246896341142,0.6666666666666666,0.2571428571428571,0.6333333333333333,0.2714285714285714
credit_g,2,1,404,unweighted_lr:oof_balanced_accuracy,0.2962246896341142,0.6666666666666666,0.2571428571428571,0.6333333333333333,0.2714285714285714
credit_g,2,1,404,weighted_lr:default,0.5,0.6,0.2571428571428571,0.6,0.2571428571428571
credit_g,2,1,404,weighted_lr:oof_macro_f1,0.604634244195507,0.43333333333333335,0.18571428571428572,0.5333333333333333,0.22857142857142856
credit_g,2,1,404,weighted_lr:oof_balanced_accuracy,0.4465939910821002,0.7,0.2714285714285714,0.6,0.3142857142857143
credit_g,2,1,404,rf:default,0.5,0.3333333333333333,0.07142857142857142,0.4,0.12857142857142856
credit_g,2,1,404,rf:oof_macro_f1,0.3708333333333333,0.4666666666666667,0.18571428571428572,0.5666666666666667,0.2
credit_g,2,1,404,rf:oof_balanced_accuracy,0.2738461538461538,0.8,0.34285714285714286,0.7666666666666667,0.4
credit_g,2,1,404,balanced_rf:default,0.5,0.5666666666666667,0.18571428571428572,0.6333333333333333,0.24285714285714285
credit_g,2,1,404,balanced_rf:oof_macro_f1,0.5245833333333334,0.5333333333333333,0.17142857142857143,0.5333333333333333,0.22857142857142856
credit_g,2,1,404,balanced_rf:oof_balanced_accuracy,0.5245833333333334,0.5333333333333333,0.17142857142857143,0.5333333333333333,0.22857142857142856
credit_g,2,1,505,unweighted_lr:default,0.5,0.43333333333333335,0.14285714285714285,0.5,0.18571428571428572
credit_g,2,1,505,unweighted_lr:oof_macro_f1,0.2962246896341142,0.6666666666666666,0.2571428571428571,0.6333333333333333,0.2714285714285714
credit_g,2,1,505,unweighted_lr:oof_balanced_accuracy,0.2962246896341142,0.6666666666666666,0.2571428571428571,0.6333333333333333,0.2714285714285714
credit_g,2,1,505,weighted_lr:default,0.5,0.6,0.2571428571428571,0.6,0.2571428571428571
credit_g,2,1,505,weighted_lr:oof_macro_f1,0.604634244195507,0.43333333333333335,0.18571428571428572,0.5333333333333333,0.22857142857142856
credit_g,2,1,505,weighted_lr:oof_balanced_accuracy,0.4465939910821002,0.7,0.2714285714285714,0.6,0.3142857142857143
credit_g,2,1,505,rf:default,0.5,0.26666666666666666,0.04285714285714286,0.26666666666666666,0.08571428571428572
credit_g,2,1,505,rf:oof_macro_f1,0.36029761904761903,0.6,0.17142857142857143,0.6666666666666666,0.21428571428571427
credit_g,2,1,505,rf:oof_balanced_accuracy,0.3180357142857143,0.6333333333333333,0.2571428571428571,0.7333333333333333,0.2714285714285714
credit_g,2,1,505,balanced_rf:default,0.5,0.6,0.24285714285714285,0.6333333333333333,0.2857142857142857
credit_g,2,1,505,balanced_rf:oof_macro_f1,0.5308333333333333,0.5333333333333333,0.22857142857142856,0.6,0.22857142857142856
credit_g,2,1,505,balanced_rf:oof_balanced_accuracy,0.45590277777777777,0.6666666666666666,0.2571428571428571,0.7,0.4
credit_g,2,2,101,unweighted_lr:default,0.5,0.5333333333333333,0.18571428571428572,0.6666666666666666,0.14285714285714285
credit_g,2,2,101,unweighted_lr:oof_macro_f1,0.3712553715353748,0.6666666666666666,0.22857142857142856,0.7666666666666667,0.18571428571428572
credit_g,2,2,101,unweighted_lr:oof_balanced_accuracy,0.3121893868306084,0.7333333333333333,0.2857142857142857,0.8666666666666667,0.21428571428571427
credit_g,2,2,101,weighted_lr:default,0.5,0.7333333333333333,0.2857142857142857,0.8666666666666667,0.22857142857142856
credit_g,2,2,101,weighted_lr:oof_macro_f1,0.5424520874691585,0.6666666666666666,0.2571428571428571,0.8,0.2
credit_g,2,2,101,weighted_lr:oof_balanced_accuracy,0.5424520874691585,0.6666666666666666,0.2571428571428571,0.8,0.2
credit_g,2,2,101,rf:default,0.5,0.4666666666666667,0.05714285714285714,0.5,0.08571428571428572
credit_g,2,2,101,rf:oof_macro_f1,0.40130952380952384,0.6666666666666666,0.24285714285714285,0.7333333333333333,0.17142857142857143
credit_g,2,2,101,rf:oof_balanced_accuracy,0.3383333333333333,0.7333333333333333,0.32857142857142857,0.9,0.2714285714285714
credit_g,2,2,101,balanced_rf:default,0.5,0.6666666666666666,0.2571428571428571,0.7666666666666667,0.24285714285714285
credit_g,2,2,101,balanced_rf:oof_macro_f1,0.5371031746031745,0.6333333333333333,0.18571428571428572,0.7,0.2
credit_g,2,2,101,balanced_rf:oof_balanced_accuracy,0.4620238095238095,0.7,0.3142857142857143,0.8333333333333334,0.2571428571428571
credit_g,2,2,202,unweighted_lr:default,0.5,0.5333333333333333,0.18571428571428572,0.6666666666666666,0.14285714285714285
credit_g,2,2,202,unweighted_lr:oof_macro_f1,0.3712553715353748,0.6666666666666666,0.22857142857142856,0.7666666666666667,0.18571428571428572
credit_g,2,2,202,unweighted_lr:oof_balanced_accuracy,0.3121893868306084,0.7333333333333333,0.2857142857142857,0.8666666666666667,0.21428571428571427
credit_g,2,2,202,weighted_lr:default,0.5,0.7333333333333333,0.2857142857142857,0.8666666666666667,0.22857142857142856
credit_g,2,2,202,weighted_lr:oof_macro_f1,0.5424520874691585,0.6666666666666666,0.2571428571428571,0.8,0.2
credit_g,2,2,202,weighted_lr:oof_balanced_accuracy,0.5424520874691585,0.6666666666666666,0.2571428571428571,0.8,0.2
credit_g,2,2,202,rf:default,0.5,0.36666666666666664,0.08571428571428572,0.6666666666666666,0.04285714285714286
credit_g,2,2,202,rf:oof_macro_f1,0.4392207792207792,0.5666666666666667,0.12857142857142856,0.8,0.12857142857142856
credit_g,2,2,202,rf:oof_balanced_accuracy,0.35886093073593067,0.6666666666666666,0.24285714285714285,0.8666666666666667,0.21428571428571427
credit_g,2,2,202,balanced_rf:default,0.5,0.7,0.3,0.8,0.24285714285714285
credit_g,2,2,202,balanced_rf:oof_macro_f1,0.5098484848484848,0.7,0.2714285714285714,0.8,0.21428571428571427
credit_g,2,2,202,balanced_rf:oof_balanced_accuracy,0.4772619047619047,0.7,0.35714285714285715,0.8,0.2714285714285714
credit_g,2,2,303,unweighted_lr:default,0.5,0.5333333333333333,0.18571428571428572,0.6666666666666666,0.14285714285714285
credit_g,2,2,303,unweighted_lr:oof_macro_f1,0.3712553715353748,0.6666666666666666,0.22857142857142856,0.7666666666666667,0.18571428571428572
credit_g,2,2,303,unweighted_lr:oof_balanced_accuracy,0.3121893868306084,0.7333333333333333,0.2857142857142857,0.8666666666666667,0.21428571428571427
credit_g,2,2,303,weighted_lr:default,0.5,0.7333333333333333,0.2857142857142857,0.8666666666666667,0.22857142857142856
credit_g,2,2,303,weighted_lr:oof_macro_f1,0.5424520874691585,0.6666666666666666,0.2571428571428571,0.8,0.2
credit_g,2,2,303,weighted_lr:oof_balanced_accuracy,0.5424520874691585,0.6666666666666666,0.2571428571428571,0.8,0.2
credit_g,2,2,303,rf:default,0.5,0.23333333333333334,0.05714285714285714,0.6,0.1
credit_g,2,2,303,rf:oof_macro_f1,0.3725289987789988,0.6,0.21428571428571427,0.8,0.17142857142857143
credit_g,2,2,303,rf:oof_balanced_accuracy,0.3725289987789988,0.6,0.21428571428571427,0.8,0.17142857142857143
credit_g,2,2,303,balanced_rf:default,0.5,0.6333333333333333,0.24285714285714285,0.7666666666666667,0.18571428571428572
credit_g,2,2,303,balanced_rf:oof_macro_f1,0.5326388888888889,0.6,0.18571428571428572,0.7333333333333333,0.18571428571428572
credit_g,2,2,303,balanced_rf:oof_balanced_accuracy,0.5145833333333334,0.6,0.2,0.7333333333333333,0.18571428571428572
credit_g,2,2,404,unweighted_lr:default,0.5,0.5333333333333333,0.18571428571428572,0.6666666666666666,0.14285714285714285
credit_g,2,2,404,unweighted_lr:oof_macro_f1,0.3712553715353748,0.6666666666666666,0.22857142857142856,0.7666666666666667,0.18571428571428572
credit_g,2,2,404,unweighted_lr:oof_balanced_accuracy,0.3121893868306084,0.7333333333333333,0.2857142857142857,0.8666666666666667,0.21428571428571427
credit_g,2,2,404,weighted_lr:default,0.5,0.7333333333333333,0.2857142857142857,0.8666666666666667,0.22857142857142856
credit_g,2,2,404,weighted_lr:oof_macro_f1,0.5424520874691585,0.6666666666666666,0.2571428571428571,0.8,0.2
credit_g,2,2,404,weighted_lr:oof_balanced_accuracy,0.5424520874691585,0.6666666666666666,0.2571428571428571,0.8,0.2
credit_g,2,2,404,rf:default,0.5,0.3333333333333333,0.05714285714285714,0.5,0.07142857142857142
credit_g,2,2,404,rf:oof_macro_f1,0.3828661616161616,0.6,0.2,0.8,0.2
credit_g,2,2,404,rf:oof_balanced_accuracy,0.33246031746031746,0.7,0.34285714285714286,0.8333333333333334,0.3
credit_g,2,2,404,balanced_rf:default,0.5,0.6333333333333333,0.3,0.7666666666666667,0.22857142857142856
credit_g,2,2,404,balanced_rf:oof_macro_f1,0.5230555555555556,0.5666666666666667,0.24285714285714285,0.7,0.2
credit_g,2,2,404,balanced_rf:oof_balanced_accuracy,0.4472321428571428,0.8,0.37142857142857144,0.8333333333333334,0.3
credit_g,2,2,505,unweighted_lr:default,0.5,0.5333333333333333,0.18571428571428572,0.6666666666666666,0.14285714285714285
credit_g,2,2,505,unweighted_lr:oof_macro_f1,0.3712553715353748,0.6666666666666666,0.22857142857142856,0.7666666666666667,0.18571428571428572
credit_g,2,2,505,unweighted_lr:oof_balanced_accuracy,0.3121893868306084,0.7333333333333333,0.2857142857142857,0.8666666666666667,0.21428571428571427
credit_g,2,2,505,weighted_lr:default,0.5,0.7333333333333333,0.2857142857142857,0.8666666666666667,0.22857142857142856
credit_g,2,2,505,weighted_lr:oof_macro_f1,0.5424520874691585,0.6666666666666666,0.2571428571428571,0.8,0.2
credit_g,2,2,505,weighted_lr:oof_balanced_accuracy,0.5424520874691585,0.6666666666666666,0.2571428571428571,0.8,0.2
credit_g,2,2,505,rf:default,0.5,0.3333333333333333,0.08571428571428572,0.5,0.1
credit_g,2,2,505,rf:oof_macro_f1,0.33708333333333335,0.7,0.4,0.9,0.2571428571428571
credit_g,2,2,505,rf:oof_balanced_accuracy,0.33708333333333335,0.7,0.4,0.9,0.2571428571428571
credit_g,2,2,505,balanced_rf:default,0.5,0.7,0.2857142857142857,0.8333333333333334,0.2571428571428571
credit_g,2,2,505,balanced_rf:oof_macro_f1,0.5775595238095238,0.4666666666666667,0.11428571428571428,0.7666666666666667,0.14285714285714285
credit_g,2,2,505,balanced_rf:oof_balanced_accuracy,0.4385714285714286,0.8,0.4,0.9,0.2857142857142857
credit_g,2,3,101,unweighted_lr:default,0.5,0.6,0.14285714285714285,0.4666666666666667,0.18571428571428572
credit_g,2,3,101,unweighted_lr:oof_macro_f1,0.3616507579792608,0.6333333333333333,0.2,0.6,0.2571428571428571
credit_g,2,3,101,unweighted_lr:oof_balanced_accuracy,0.3203192835007249,0.6333333333333333,0.2571428571428571,0.6666666666666666,0.35714285714285715
credit_g,2,3,101,weighted_lr:default,0.5,0.7,0.2714285714285714,0.7,0.38571428571428573
credit_g,2,3,101,weighted_lr:oof_macro_f1,0.5579179213315725,0.6333333333333333,0.2,0.6333333333333333,0.3
credit_g,2,3,101,weighted_lr:oof_balanced_accuracy,0.4530696233527377,0.8,0.32857142857142857,0.7,0.42857142857142855
credit_g,2,3,101,rf:default,0.5,0.4666666666666667,0.11428571428571428,0.3333333333333333,0.1
credit_g,2,3,101,rf:oof_macro_f1,0.38309294871794874,0.5333333333333333,0.22857142857142856,0.6,0.2571428571428571
credit_g,2,3,101,rf:oof_balanced_accuracy,0.37179112554112553,0.6333333333333333,0.22857142857142856,0.6,0.3
credit_g,2,3,101,balanced_rf:default,0.5,0.6666666666666666,0.2571428571428571,0.5666666666666667,0.3142857142857143
credit_g,2,3,101,balanced_rf:oof_macro_f1,0.4594444444444445,0.7333333333333333,0.3142857142857143,0.8,0.35714285714285715
credit_g,2,3,101,balanced_rf:oof_balanced_accuracy,0.4594444444444445,0.7333333333333333,0.3142857142857143,0.8,0.35714285714285715
credit_g,2,3,202,unweighted_lr:default,0.5,0.6,0.14285714285714285,0.4666666666666667,0.18571428571428572
credit_g,2,3,202,unweighted_lr:oof_macro_f1,0.3616507579792608,0.6333333333333333,0.2,0.6,0.2571428571428571
credit_g,2,3,202,unweighted_lr:oof_balanced_accuracy,0.3203192835007249,0.6333333333333333,0.2571428571428571,0.6666666666666666,0.35714285714285715
credit_g,2,3,202,weighted_lr:default,0.5,0.7,0.2714285714285714,0.7,0.38571428571428573
credit_g,2,3,202,weighted_lr:oof_macro_f1,0.5579179213315725,0.6333333333333333,0.2,0.6333333333333333,0.3
credit_g,2,3,202,weighted_lr:oof_balanced_accuracy,0.4530696233527377,0.8,0.32857142857142857,0.7,0.42857142857142855
credit_g,2,3,202,rf:default,0.5,0.4666666666666667,0.08571428571428572,0.4,0.11428571428571428
credit_g,2,3,202,rf:oof_macro_f1,0.4323015873015873,0.5333333333333333,0.14285714285714285,0.5,0.17142857142857143
credit_g,2,3,202,rf:oof_balanced_accuracy,0.27907867494824024,0.7333333333333333,0.44285714285714284,0.7,0.5285714285714286
credit_g,2,3,202,balanced_rf:default,0.5,0.7,0.32857142857142857,0.6,0.2857142857142857
credit_g,2,3,202,balanced_rf:oof_macro_f1,0.5892857142857143,0.6,0.12857142857142856,0.36666666666666664,0.14285714285714285
credit_g,2,3,202,balanced_rf:oof_balanced_accuracy,0.4469887955182072,0.8,0.38571428571428573,0.7,0.38571428571428573
credit_g,2,3,303,unweighted_lr:default,0.5,0.6,0.14285714285714285,0.4666666666666667,0.18571428571428572
credit_g,2,3,303,unweighted_lr:oof_macro_f1,0.3616507579792608,0.6333333333333333,0.2,0.6,0.2571428571428571
credit_g,2,3,303,unweighted_lr:oof_balanced_accuracy,0.3203192835007249,0.6333333333333333,0.2571428571428571,0.6666666666666666,0.35714285714285715
credit_g,2,3,303,weighted_lr:default,0.5,0.7,0.2714285714285714,0.7,0.38571428571428573
credit_g,2,3,303,weighted_lr:oof_macro_f1,0.5579179213315725,0.6333333333333333,0.2,0.6333333333333333,0.3
credit_g,2,3,303,weighted_lr:oof_balanced_accuracy,0.4530696233527377,0.8,0.32857142857142857,0.7,0.42857142857142855
credit_g,2,3,303,rf:default,0.5,0.5,0.08571428571428572,0.4,0.1
credit_g,2,3,303,rf:oof_macro_f1,0.40717261904761903,0.6333333333333333,0.24285714285714285,0.4666666666666667,0.2571428571428571
credit_g,2,3,303,rf:oof_balanced_accuracy,0.33,0.7,0.34285714285714286,0.6333333333333333,0.4142857142857143
credit_g,2,3,303,balanced_rf:default,0.5,0.6333333333333333,0.22857142857142856,0.6333333333333333,0.34285714285714286
credit_g,2,3,303,balanced_rf:oof_macro_f1,0.5727777777777777,0.5,0.11428571428571428,0.5,0.22857142857142856
credit_g,2,3,303,balanced_rf:oof_balanced_accuracy,0.49375,0.7,0.24285714285714285,0.6333333333333333,0.35714285714285715
credit_g,2,3,404,unweighted_lr:default,0.5,0.6,0.14285714285714285,0.4666666666666667,0.18571428571428572
credit_g,2,3,404,unweighted_lr:oof_macro_f1,0.3616507579792608,0.6333333333333333,0.2,0.6,0.2571428571428571
credit_g,2,3,404,unweighted_lr:oof_balanced_accuracy,0.3203192835007249,0.6333333333333333,0.2571428571428571,0.6666666666666666,0.35714285714285715
credit_g,2,3,404,weighted_lr:default,0.5,0.7,0.2714285714285714,0.7,0.38571428571428573
credit_g,2,3,404,weighted_lr:oof_macro_f1,0.5579179213315725,0.6333333333333333,0.2,0.6333333333333333,0.3
credit_g,2,3,404,weighted_lr:oof_balanced_accuracy,0.4530696233527377,0.8,0.32857142857142857,0.7,0.42857142857142855
credit_g,2,3,404,rf:default,0.5,0.4666666666666667,0.08571428571428572,0.3,0.07142857142857142
credit_g,2,3,404,rf:oof_macro_f1,0.3425,0.7,0.22857142857142856,0.6333333333333333,0.35714285714285715
credit_g,2,3,404,rf:oof_balanced_accuracy,0.3425,0.7,0.22857142857142856,0.6333333333333333,0.35714285714285715
credit_g,2,3,404,balanced_rf:default,0.5,0.6333333333333333,0.24285714285714285,0.6,0.32857142857142857
credit_g,2,3,404,balanced_rf:oof_macro_f1,0.503125,0.6333333333333333,0.24285714285714285,0.6,0.32857142857142857
credit_g,2,3,404,balanced_rf:oof_balanced_accuracy,0.4639583333333334,0.7666666666666667,0.2857142857142857,0.7333333333333333,0.4
credit_g,2,3,505,unweighted_lr:default,0.5,0.6,0.14285714285714285,0.4666666666666667,0.18571428571428572
credit_g,2,3,505,unweighted_lr:oof_macro_f1,0.3616507579792608,0.6333333333333333,0.2,0.6,0.2571428571428571
credit_g,2,3,505,unweighted_lr:oof_balanced_accuracy,0.3203192835007249,0.6333333333333333,0.2571428571428571,0.6666666666666666,0.35714285714285715
credit_g,2,3,505,weighted_lr:default,0.5,0.7,0.2714285714285714,0.7,0.38571428571428573
credit_g,2,3,505,weighted_lr:oof_macro_f1,0.5579179213315725,0.6333333333333333,0.2,0.6333333333333333,0.3
credit_g,2,3,505,weighted_lr:oof_balanced_accuracy,0.4530696233527377,0.8,0.32857142857142857,0.7,0.42857142857142855
credit_g,2,3,505,rf:default,0.5,0.6,0.08571428571428572,0.36666666666666664,0.11428571428571428
credit_g,2,3,505,rf:oof_macro_f1,0.35803571428571423,0.7,0.2571428571428571,0.5333333333333333,0.32857142857142857
credit_g,2,3,505,rf:oof_balanced_accuracy,0.32847222222222217,0.7,0.32857142857142857,0.5666666666666667,0.38571428571428573
credit_g,2,3,505,balanced_rf:default,0.5,0.6666666666666666,0.2571428571428571,0.6666666666666666,0.32857142857142857
credit_g,2,3,505,balanced_rf:oof_macro_f1,0.5191964285714286,0.6666666666666666,0.24285714285714285,0.6666666666666666,0.3142857142857143
credit_g,2,3,505,balanced_rf:oof_balanced_accuracy,0.5191964285714286,0.6666666666666666,0.24285714285714285,0.6666666666666666,0.3142857142857143
credit_g,2,4,101,unweighted_lr:default,0.5,0.5,0.07142857142857142,0.5333333333333333,0.14285714285714285
credit_g,2,4,101,unweighted_lr:oof_macro_f1,0.40398512997044983,0.6666666666666666,0.12857142857142856,0.6,0.18571428571428572
credit_g,2,4,101,unweighted_lr:oof_balanced_accuracy,0.3372155553019,0.7,0.21428571428571427,0.7333333333333333,0.21428571428571427
credit_g,2,4,101,weighted_lr:default,0.5,0.7333333333333333,0.22857142857142856,0.8,0.24285714285714285
credit_g,2,4,101,weighted_lr:oof_macro_f1,0.6189448440363732,0.6666666666666666,0.14285714285714285,0.6,0.17142857142857143
credit_g,2,4,101,weighted_lr:oof_balanced_accuracy,0.516427334098273,0.7,0.22857142857142856,0.7666666666666667,0.22857142857142856
credit_g,2,4,101,rf:default,0.5,0.4,0.04285714285714286,0.4,0.08571428571428572
credit_g,2,4,101,rf:oof_macro_f1,0.4070833333333333,0.5666666666666667,0.15714285714285714,0.6666666666666666,0.14285714285714285
credit_g,2,4,101,rf:oof_balanced_accuracy,0.24397512210012212,0.8666666666666667,0.4714285714285714,0.9333333333333333,0.45714285714285713
credit_g,2,4,101,balanced_rf:default,0.5,0.6333333333333333,0.21428571428571427,0.6666666666666666,0.21428571428571427
credit_g,2,4,101,balanced_rf:oof_macro_f1,0.5291666666666666,0.5666666666666667,0.17142857142857143,0.6666666666666666,0.18571428571428572
credit_g,2,4,101,balanced_rf:oof_balanced_accuracy,0.4015849673202615,0.9,0.2857142857142857,0.9,0.34285714285714286
credit_g,2,4,202,unweighted_lr:default,0.5,0.5,0.07142857142857142,0.5333333333333333,0.14285714285714285
credit_g,2,4,202,unweighted_lr:oof_macro_f1,0.40398512997044983,0.6666666666666666,0.12857142857142856,0.6,0.18571428571428572
credit_g,2,4,202,unweighted_lr:oof_balanced_accuracy,0.3372155553019,0.7,0.21428571428571427,0.7333333333333333,0.21428571428571427
credit_g,2,4,202,weighted_lr:default,0.5,0.7333333333333333,0.22857142857142856,0.8,0.24285714285714285
credit_g,2,4,202,weighted_lr:oof_macro_f1,0.6189448440363732,0.6666666666666666,0.14285714285714285,0.6,0.17142857142857143
credit_g,2,4,202,weighted_lr:oof_balanced_accuracy,0.516427334098273,0.7,0.22857142857142856,0.7666666666666667,0.22857142857142856
credit_g,2,4,202,rf:default,0.5,0.43333333333333335,0.05714285714285714,0.4666666666666667,0.07142857142857142
credit_g,2,4,202,rf:oof_macro_f1,0.34914772727272736,0.6333333333333333,0.2,0.7333333333333333,0.2
credit_g,2,4,202,rf:oof_balanced_accuracy,0.26125000000000004,0.8666666666666667,0.34285714285714286,0.9,0.4
credit_g,2,4,202,balanced_rf:default,0.5,0.6666666666666666,0.18571428571428572,0.7666666666666667,0.2857142857142857
credit_g,2,4,202,balanced_rf:oof_macro_f1,0.5295833333333334,0.6666666666666666,0.14285714285714285,0.7333333333333333,0.2
credit_g,2,4,202,balanced_rf:oof_balanced_accuracy,0.4652777777777778,0.7333333333333333,0.21428571428571427,0.8333333333333334,0.3142857142857143
credit_g,2,4,303,unweighted_lr:default,0.5,0.5,0.07142857142857142,0.5333333333333333,0.14285714285714285
credit_g,2,4,303,unweighted_lr:oof_macro_f1,0.40398512997044983,0.6666666666666666,0.12857142857142856,0.6,0.18571428571428572
credit_g,2,4,303,unweighted_lr:oof_balanced_accuracy,0.3372155553019,0.7,0.21428571428571427,0.7333333333333333,0.21428571428571427
credit_g,2,4,303,weighted_lr:default,0.5,0.7333333333333333,0.22857142857142856,0.8,0.24285714285714285
credit_g,2,4,303,weighted_lr:oof_macro_f1,0.6189448440363732,0.6666666666666666,0.14285714285714285,0.6,0.17142857142857143
credit_g,2,4,303,weighted_lr:oof_balanced_accuracy,0.516427334098273,0.7,0.22857142857142856,0.7666666666666667,0.22857142857142856
credit_g,2,4,303,rf:default,0.5,0.4,0.02857142857142857,0.4666666666666667,0.12857142857142856
credit_g,2,4,303,rf:oof_macro_f1,0.37811688311688313,0.7,0.17142857142857143,0.7666666666666667,0.22857142857142856
credit_g,2,4,303,rf:oof_balanced_accuracy,0.29398809523809527,0.8333333333333334,0.3142857142857143,0.8666666666666667,0.34285714285714286
credit_g,2,4,303,balanced_rf:default,0.5,0.7,0.15714285714285714,0.7,0.24285714285714285
credit_g,2,4,303,balanced_rf:oof_macro_f1,0.4866666666666667,0.7333333333333333,0.15714285714285714,0.7666666666666667,0.2571428571428571
credit_g,2,4,303,balanced_rf:oof_balanced_accuracy,0.44333333333333325,0.8333333333333334,0.2857142857142857,0.8,0.3142857142857143
credit_g,2,4,404,unweighted_lr:default,0.5,0.5,0.07142857142857142,0.5333333333333333,0.14285714285714285
credit_g,2,4,404,unweighted_lr:oof_macro_f1,0.40398512997044983,0.6666666666666666,0.12857142857142856,0.6,0.18571428571428572
credit_g,2,4,404,unweighted_lr:oof_balanced_accuracy,0.3372155553019,0.7,0.21428571428571427,0.7333333333333333,0.21428571428571427
credit_g,2,4,404,weighted_lr:default,0.5,0.7333333333333333,0.22857142857142856,0.8,0.24285714285714285
credit_g,2,4,404,weighted_lr:oof_macro_f1,0.6189448440363732,0.6666666666666666,0.14285714285714285,0.6,0.17142857142857143
credit_g,2,4,404,weighted_lr:oof_balanced_accuracy,0.516427334098273,0.7,0.22857142857142856,0.7666666666666667,0.22857142857142856
credit_g,2,4,404,rf:default,0.5,0.4666666666666667,0.07142857142857142,0.3333333333333333,0.07142857142857142
credit_g,2,4,404,rf:oof_macro_f1,0.38513888888888886,0.7,0.2,0.7333333333333333,0.15714285714285714
credit_g,2,4,404,rf:oof_balanced_accuracy,0.35403138528138534,0.7333333333333333,0.21428571428571427,0.7666666666666667,0.21428571428571427
credit_g,2,4,404,balanced_rf:default,0.5,0.7,0.18571428571428572,0.7333333333333333,0.2
credit_g,2,4,404,balanced_rf:oof_macro_f1,0.4604166666666667,0.7666666666666667,0.2571428571428571,0.7666666666666667,0.2857142857142857
credit_g,2,4,404,balanced_rf:oof_balanced_accuracy,0.43880952380952387,0.8,0.2857142857142857,0.8333333333333334,0.32857142857142857
credit_g,2,4,505,unweighted_lr:default,0.5,0.5,0.07142857142857142,0.5333333333333333,0.14285714285714285
credit_g,2,4,505,unweighted_lr:oof_macro_f1,0.40398512997044983,0.6666666666666666,0.12857142857142856,0.6,0.18571428571428572
credit_g,2,4,505,unweighted_lr:oof_balanced_accuracy,0.3372155553019,0.7,0.21428571428571427,0.7333333333333333,0.21428571428571427
credit_g,2,4,505,weighted_lr:default,0.5,0.7333333333333333,0.22857142857142856,0.8,0.24285714285714285
credit_g,2,4,505,weighted_lr:oof_macro_f1,0.6189448440363732,0.6666666666666666,0.14285714285714285,0.6,0.17142857142857143
credit_g,2,4,505,weighted_lr:oof_balanced_accuracy,0.516427334098273,0.7,0.22857142857142856,0.7666666666666667,0.22857142857142856
credit_g,2,4,505,rf:default,0.5,0.36666666666666664,0.08571428571428572,0.36666666666666664,0.08571428571428572
credit_g,2,4,505,rf:oof_macro_f1,0.33159111721611717,0.6666666666666666,0.17142857142857143,0.7333333333333333,0.24285714285714285
credit_g,2,4,505,rf:oof_balanced_accuracy,0.3045454545454546,0.7333333333333333,0.21428571428571427,0.8,0.2714285714285714
credit_g,2,4,505,balanced_rf:default,0.5,0.7666666666666667,0.18571428571428572,0.7,0.21428571428571427
credit_g,2,4,505,balanced_rf:oof_macro_f1,0.5136904761904761,0.6666666666666666,0.18571428571428572,0.7,0.21428571428571427
credit_g,2,4,505,balanced_rf:oof_balanced_accuracy,0.4670292207792208,0.8,0.2,0.7666666666666667,0.24285714285714285
jm1,0,0,101,unweighted_lr:default,0.5,0.1380952380952381,0.02050113895216401,0.13744075829383887,0.018223234624145785
jm1,0,0,101,unweighted_lr:oof_macro_f1,0.23959143464932825,0.4857142857142857,0.16856492027334852,0.46919431279620855,0.14236902050113895
jm1,0,0,101,unweighted_lr:oof_balanced_accuracy,0.18938913414912434,0.6666666666666666,0.3200455580865604,0.6208530805687204,0.30182232346241455
jm1,0,0,101,weighted_lr:default,0.5,0.6238095238095238,0.2870159453302961,0.5734597156398105,0.2619589977220957
jm1,0,0,101,weighted_lr:oof_macro_f1,0.5684340892778532,0.4857142857142857,0.1662870159453303,0.47393364928909953,0.14236902050113895
jm1,0,0,101,weighted_lr:oof_balanced_accuracy,0.486409607025057,0.6666666666666666,0.3132118451025057,0.6208530805687204,0.29954441913439633
jm1,0,0,101,rf:default,0.5,0.22380952380952382,0.03986332574031891,0.1990521327014218,0.03530751708428246
jm1,0,0,101,rf:oof_macro_f1,0.31875,0.4380952380952381,0.1469248291571754,0.5402843601895735,0.15148063781321183
jm1,0,0,101,rf:oof_balanced_accuracy,0.21083333333333334,0.680952380952381,0.32574031890660593,0.7014218009478673,0.3120728929384966
jm1,0,0,101,balanced_rf:default,0.5,0.5952380952380952,0.24715261958997722,0.6445497630331753,0.22323462414578588
jm1,0,0,101,balanced_rf:oof_macro_f1,0.5875000000000001,0.43333333333333335,0.14123006833712984,0.4881516587677725,0.12414578587699317
jm1,0,0,101,balanced_rf:oof_balanced_accuracy,0.4437499999999999,0.6952380952380952,0.32574031890660593,0.7203791469194313,0.2984054669703872
jm1,0,0,202,unweighted_lr:default,0.5,0.1380952380952381,0.02050113895216401,0.13744075829383887,0.018223234624145785
jm1,0,0,202,unweighted_lr:oof_macro_f1,0.23959143464932825,0.4857142857142857,0.16856492027334852,0.46919431279620855,0.14236902050113895
jm1,0,0,202,unweighted_lr:oof_balanced_accuracy,0.18938913414912434,0.6666666666666666,0.3200455580865604,0.6208530805687204,0.30182232346241455
jm1,0,0,202,weighted_lr:default,0.5,0.6238095238095238,0.2870159453302961,0.5734597156398105,0.2619589977220957
jm1,0,0,202,weighted_lr:oof_macro_f1,0.5684340892778532,0.4857142857142857,0.1662870159453303,0.47393364928909953,0.14236902050113895
jm1,0,0,202,weighted_lr:oof_balanced_accuracy,0.486409607025057,0.6666666666666666,0.3132118451025057,0.6208530805687204,0.29954441913439633
jm1,0,0,202,rf:default,0.5,0.22857142857142856,0.03644646924829157,0.22748815165876776,0.03189066059225513
jm1,0,0,202,rf:oof_macro_f1,0.34107283271825983,0.4142857142857143,0.1275626423690205,0.46919431279620855,0.10933940774487472
jm1,0,0,202,rf:oof_balanced_accuracy,0.18041666666666664,0.719047619047619,0.3792710706150342,0.7582938388625592,0.357630979498861
jm1,0,0,202,balanced_rf:default,0.5,0.5904761904761905,0.24031890660592256,0.6540284360189573,0.23120728929384965
jm1,0,0,202,balanced_rf:oof_macro_f1,0.5916666666666667,0.44285714285714284,0.1492027334851936,0.4549763033175355,0.1275626423690205
jm1,0,0,202,balanced_rf:oof_balanced_accuracy,0.4520833333333333,0.6571428571428571,0.3041002277904328,0.6966824644549763,0.3052391799544419
jm1,0,0,303,unweighted_lr:default,0.5,0.1380952380952381,0.02050113895216401,0.13744075829383887,0.018223234624145785
jm1,0,0,303,unweighted_lr:oof_macro_f1,0.23959143464932825,0.4857142857142857,0.16856492027334852,0.46919431279620855,0.14236902050113895
jm1,0,0,303,unweighted_lr:oof_balanced_accuracy,0.18938913414912434,0.6666666666666666,0.3200455580865604,0.6208530805687204,0.30182232346241455
jm1,0,0,303,weighted_lr:default,0.5,0.6238095238095238,0.2870159453302961,0.5734597156398105,0.2619589977220957
jm1,0,0,303,weighted_lr:oof_macro_f1,0.5684340892778532,0.4857142857142857,0.1662870159453303,0.47393364928909953,0.14236902050113895
jm1,0,0,303,weighted_lr:oof_balanced_accuracy,0.486409607025057,0.6666666666666666,0.3132118451025057,0.6208530805687204,0.29954441913439633
jm1,0,0,303,rf:default,0.5,0.19047619047619047,0.03644646924829157,0.26066350710900477,0.03986332574031891
jm1,0,0,303,rf:oof_macro_f1,0.30267857142857146,0.4666666666666667,0.17312072892938496,0.5497630331753555,0.16287015945330297
jm1,0,0,303,rf:oof_balanced_accuracy,0.20125,0.7047619047619048,0.3553530751708428,0.7393364928909952,0.3200455580865604
jm1,0,0,303,balanced_rf:default,0.5,0.6047619047619047,0.23917995444191345,0.6255924170616114,0.23917995444191345
jm1,0,0,303,balanced_rf:oof_macro_f1,0.5520833333333333,0.5047619047619047,0.1765375854214123,0.5497630331753555,0.1674259681093394
jm1,0,0,303,balanced_rf:oof_balanced_accuracy,0.4291666666666667,0.7142857142857143,0.3530751708428246,0.7251184834123223,0.32574031890660593
jm1,0,0,404,unweighted_lr:default,0.5,0.1380952380952381,0.02050113895216401,0.13744075829383887,0.018223234624145785
jm1,0,0,404,unweighted_lr:oof_macro_f1,0.23959143464932825,0.4857142857142857,0.16856492027334852,0.46919431279620855,0.14236902050113895
jm1,0,0,404,unweighted_lr:oof_balanced_accuracy,0.18938913414912434,0.6666666666666666,0.3200455580865604,0.6208530805687204,0.30182232346241455
jm1,0,0,404,weighted_lr:default,0.5,0.6238095238095238,0.2870159453302961,0.5734597156398105,0.2619589977220957
jm1,0,0,404,weighted_lr:oof_macro_f1,0.5684340892778532,0.4857142857142857,0.1662870159453303,0.47393364928909953,0.14236902050113895
jm1,0,0,404,weighted_lr:oof_balanced_accuracy,0.486409607025057,0.6666666666666666,0.3132118451025057,0.6208530805687204,0.29954441913439633
jm1,0,0,404,rf:default,0.5,0.23333333333333334,0.03416856492027335,0.23696682464454977,0.04328018223234624
jm1,0,0,404,rf:oof_macro_f1,0.3020833333333333,0.46190476190476193,0.1674259681093394,0.5402843601895735,0.16287015945330297
jm1,0,0,404,rf:oof_balanced_accuracy,0.2302678571428572,0.6285714285714286,0.2835990888382688,0.6540284360189573,0.2824601366742597
jm1,0,0,404,balanced_rf:default,0.5,0.5666666666666667,0.23917995444191345,0.6540284360189573,0.21867881548974943
jm1,0,0,404,balanced_rf:oof_macro_f1,0.5684684684684684,0.4523809523809524,0.1469248291571754,0.5355450236966824,0.15261958997722094
jm1,0,0,404,balanced_rf:oof_balanced_accuracy,0.4458333333333332,0.6714285714285714,0.32687927107061504,0.7061611374407583,0.2949886104783599
jm1,0,0,505,unweighted_lr:default,0.5,0.1380952380952381,0.02050113895216401,0.13744075829383887,0.018223234624145785
jm1,0,0,505,unweighted_lr:oof_macro_f1,0.23959143464932825,0.4857142857142857,0.16856492027334852,0.46919431279620855,0.14236902050113895
jm1,0,0,505,unweighted_lr:oof_balanced_accuracy,0.18938913414912434,0.6666666666666666,0.3200455580865604,0.6208530805687204,0.30182232346241455
jm1,0,0,505,weighted_lr:default,0.5,0.6238095238095238,0.2870159453302961,0.5734597156398105,0.2619589977220957
jm1,0,0,505,weighted_lr:oof_macro_f1,0.5684340892778532,0.4857142857142857,0.1662870159453303,0.47393364928909953,0.14236902050113895
jm1,0,0,505,weighted_lr:oof_balanced_accuracy,0.486409607025057,0.6666666666666666,0.3132118451025057,0.6208530805687204,0.29954441913439633
jm1,0,0,505,rf:default,0.5,0.2,0.04328018223234624,0.23222748815165878,0.03416856492027335
jm1,0,0,505,rf:oof_macro_f1,0.31963209160165007,0.46190476190476193,0.1492027334851936,0.5639810426540285,0.1480637813211845
jm1,0,0,505,rf:oof_balanced_accuracy,0.1818029796327458,0.7476190476190476,0.38610478359908884,0.7962085308056872,0.37471526195899774
jm1,0,0,505,balanced_rf:default,0.5,0.580952380952381,0.2517084282460137,0.6350710900473934,0.21981776765375854
jm1,0,0,505,balanced_rf:oof_macro_f1,0.5708333333333333,0.47619047619047616,0.1548974943052392,0.5260663507109005,0.1492027334851936
jm1,0,0,505,balanced_rf:oof_balanced_accuracy,0.4645109395109396,0.6476190476190476,0.30068337129840544,0.6824644549763034,0.26993166287015946
jm1,0,1,101,unweighted_lr:default,0.5,0.10952380952380952,0.018223234624145785,0.13744075829383887,0.023917995444191344
jm1,0,1,101,unweighted_lr:oof_macro_f1,0.2522313849154103,0.4523809523809524,0.11047835990888383,0.44075829383886256,0.1492027334851936
jm1,0,1,101,unweighted_lr:oof_balanced_accuracy,0.19110449191480858,0.680952380952381,0.2824601366742597,0.6113744075829384,0.30296127562642367
jm1,0,1,101,weighted_lr:default,0.5,0.6285714285714286,0.25626423690205014,0.5734597156398105,0.2767653758542141
jm1,0,1,101,weighted_lr:oof_macro_f1,0.5689339123412411,0.4714285714285714,0.13097949886104784,0.46919431279620855,0.17198177676537585
jm1,0,1,101,weighted_lr:oof_balanced_accuracy,0.49250974809147446,0.6666666666666666,0.26879271070615035,0.5876777251184834,0.29271070615034167
jm1,0,1,101,rf:default,0.5,0.24285714285714285,0.03644646924829157,0.24170616113744076,0.04214123006833713
jm1,0,1,101,rf:oof_macro_f1,0.3333333333333333,0.43333333333333335,0.11845102505694761,0.46445497630331756,0.14350797266514806
jm1,0,1,101,rf:oof_balanced_accuracy,0.1983333333333333,0.6904761904761905,0.31548974943052394,0.7251184834123223,0.36560364464692485
jm1,0,1,101,balanced_rf:default,0.5,0.5571428571428572,0.21184510250569477,0.5924170616113744,0.2437357630979499
jm1,0,1,101,balanced_rf:oof_macro_f1,0.5991666666666667,0.40476190476190477,0.11617312072892938,0.44549763033175355,0.13097949886104784
jm1,0,1,101,balanced_rf:oof_balanced_accuracy,0.4208333333333333,0.719047619047619,0.31662870159453305,0.6966824644549763,0.34965831435079725
jm1,0,1,202,unweighted_lr:default,0.5,0.10952380952380952,0.018223234624145785,0.13744075829383887,0.023917995444191344
jm1,0,1,202,unweighted_lr:oof_macro_f1,0.2522313849154103,0.4523809523809524,0.11047835990888383,0.44075829383886256,0.1492027334851936
jm1,0,1,202,unweighted_lr:oof_balanced_accuracy,0.19110449191480858,0.680952380952381,0.2824601366742597,0.6113744075829384,0.30296127562642367
jm1,0,1,202,weighted_lr:default,0.5,0.6285714285714286,0.25626423690205014,0.5734597156398105,0.2767653758542141
jm1,0,1,202,weighted_lr:oof_macro_f1,0.5689339123412411,0.4714285714285714,0.13097949886104784,0.46919431279620855,0.17198177676537585
jm1,0,1,202,weighted_lr:oof_balanced_accuracy,0.49250974809147446,0.6666666666666666,0.26879271070615035,0.5876777251184834,0.29271070615034167
jm1,0,1,202,rf:default,0.5,0.24285714285714285,0.03644646924829157,0.26066350710900477,0.04328018223234624
jm1,0,1,202,rf:oof_macro_f1,0.32499999999999996,0.4714285714285714,0.13325740318906606,0.4881516587677725,0.1571753986332574
jm1,0,1,202,rf:oof_balanced_accuracy,0.22000000000000003,0.6476190476190476,0.2767653758542141,0.6872037914691943,0.31662870159453305
jm1,0,1,202,balanced_rf:default,0.5,0.5952380952380952,0.2255125284738041,0.5924170616113744,0.24715261958997722
jm1,0,1,202,balanced_rf:oof_macro_f1,0.6039801404478252,0.41904761904761906,0.10933940774487472,0.43601895734597157,0.14350797266514806
jm1,0,1,202,balanced_rf:oof_balanced_accuracy,0.4074999999999999,0.7095238095238096,0.35876993166287013,0.7203791469194313,0.3838268792710706
jm1,0,1,303,unweighted_lr:default,0.5,0.10952380952380952,0.018223234624145785,0.13744075829383887,0.023917995444191344
jm1,0,1,303,unweighted_lr:oof_macro_f1,0.2522313849154103,0.4523809523809524,0.11047835990888383,0.44075829383886256,0.1492027334851936
jm1,0,1,303,unweighted_lr:oof_balanced_accuracy,0.19110449191480858,0.680952380952381,0.2824601366742597,0.6113744075829384,0.30296127562642367
jm1,0,1,303,weighted_lr:default,0.5,0.6285714285714286,0.25626423690205014,0.5734597156398105,0.2767653758542141
jm1,0,1,303,weighted_lr:oof_macro_f1,0.5689339123412411,0.4714285714285714,0.13097949886104784,0.46919431279620855,0.17198177676537585
jm1,0,1,303,weighted_lr:oof_balanced_accuracy,0.49250974809147446,0.6666666666666666,0.26879271070615035,0.5876777251184834,0.29271070615034167
jm1,0,1,303,rf:default,0.5,0.24761904761904763,0.03302961275626424,0.26540284360189575,0.03530751708428246
jm1,0,1,303,rf:oof_macro_f1,0.3418559894969594,0.4523809523809524,0.11161731207289294,0.4834123222748815,0.1492027334851936
jm1,0,1,303,rf:oof_balanced_accuracy,0.19875,0.6857142857142857,0.31890660592255127,0.6872037914691943,0.3530751708428246
jm1,0,1,303,balanced_rf:default,0.5,0.5857142857142857,0.2072892938496583,0.6208530805687204,0.23690205011389523
jm1,0,1,303,balanced_rf:oof_macro_f1,0.5611205848541859,0.47619047619047616,0.13439635535307518,0.5071090047393365,0.16173120728929385
jm1,0,1,303,balanced_rf:oof_balanced_accuracy,0.44404761904761914,0.6523809523809524,0.285876993166287,0.6919431279620853,0.3234624145785877
jm1,0,1,404,unweighted_lr:default,0.5,0.10952380952380952,0.018223234624145785,0.13744075829383887,0.023917995444191344
jm1,0,1,404,unweighted_lr:oof_macro_f1,0.2522313849154103,0.4523809523809524,0.11047835990888383,0.44075829383886256,0.1492027334851936
jm1,0,1,404,unweighted_lr:oof_balanced_accuracy,0.19110449191480858,0.680952380952381,0.2824601366742597,0.6113744075829384,0.30296127562642367
jm1,0,1,404,weighted_lr:default,0.5,0.6285714285714286,0.25626423690205014,0.5734597156398105,0.2767653758542141
jm1,0,1,404,weighted_lr:oof_macro_f1,0.5689339123412411,0.4714285714285714,0.13097949886104784,0.46919431279620855,0.17198177676537585
jm1,0,1,404,weighted_lr:oof_balanced_accuracy,0.49250974809147446,0.6666666666666666,0.26879271070615035,0.5876777251184834,0.29271070615034167
jm1,0,1,404,rf:default,0.5,0.24285714285714285,0.03530751708428246,0.22748815165876776,0.03758542141230068
jm1,0,1,404,rf:oof_macro_f1,0.3170833333333334,0.4523809523809524,0.13211845102505695,0.4928909952606635,0.16400911161731208
jm1,0,1,404,rf:oof_balanced_accuracy,0.18404761904761904,0.7333333333333333,0.35079726651480636,0.7109004739336493,0.37813211845102507
jm1,0,1,404,balanced_rf:default,0.5,0.5761904761904761,0.21070615034168566,0.6350710900473934,0.2505694760820046
jm1,0,1,404,balanced_rf:oof_macro_f1,0.5770833333333333,0.46190476190476193,0.14123006833712984,0.5308056872037915,0.16059225512528474
jm1,0,1,404,balanced_rf:oof_balanced_accuracy,0.4375,0.6619047619047619,0.29271070615034167,0.6966824644549763,0.3553530751708428
jm1,0,1,505,unweighted_lr:default,0.5,0.10952380952380952,0.018223234624145785,0.13744075829383887,0.023917995444191344
jm1,0,1,505,unweighted_lr:oof_macro_f1,0.2522313849154103,0.4523809523809524,0.11047835990888383,0.44075829383886256,0.1492027334851936
jm1,0,1,505,unweighted_lr:oof_balanced_accuracy,0.19110449191480858,0.680952380952381,0.2824601366742597,0.6113744075829384,0.30296127562642367
jm1,0,1,505,weighted_lr:default,0.5,0.6285714285714286,0.25626423690205014,0.5734597156398105,0.2767653758542141
jm1,0,1,505,weighted_lr:oof_macro_f1,0.5689339123412411,0.4714285714285714,0.13097949886104784,0.46919431279620855,0.17198177676537585
jm1,0,1,505,weighted_lr:oof_balanced_accuracy,0.49250974809147446,0.6666666666666666,0.26879271070615035,0.5876777251184834,0.29271070615034167
jm1,0,1,505,rf:default,0.5,0.23333333333333334,0.03302961275626424,0.27488151658767773,0.04555808656036447
jm1,0,1,505,rf:oof_macro_f1,0.3154166666666666,0.4714285714285714,0.13325740318906606,0.5118483412322274,0.17539863325740318
jm1,0,1,505,rf:oof_balanced_accuracy,0.24285714285714283,0.6,0.2437357630979499,0.6445497630331753,0.26765375854214124
jm1,0,1,505,balanced_rf:default,0.5,0.6047619047619047,0.20956719817767655,0.6350710900473934,0.23917995444191345
jm1,0,1,505,balanced_rf:oof_macro_f1,0.5916666666666667,0.4,0.12414578587699317,0.4786729857819905,0.13553530751708429
jm1,0,1,505,balanced_rf:oof_balanced_accuracy,0.4366666666666667,0.7095238095238096,0.296127562642369,0.7014218009478673,0.3325740318906606
jm1,0,2,101,unweighted_lr:default,0.5,0.11904761904761904,0.018223234624145785,0.08056872037914692,0.011389521640091117
jm1,0,2,101,unweighted_lr:oof_macro_f1,0.2555928862622655,0.4,0.1492027334851936,0.3696682464454976,0.13097949886104784
jm1,0,2,101,unweighted_lr:oof_balanced_accuracy,0.19073116624860872,0.6285714285714286,0.2870159453302961,0.5876777251184834,0.2528473804100228
jm1,0,2,101,weighted_lr:default,0.5,0.5952380952380952,0.2619589977220957,0.5545023696682464,0.23234624145785876
jm1,0,2,101,weighted_lr:oof_macro_f1,0.5829827231276178,0.41904761904761906,0.15375854214123008,0.3696682464454976,0.13553530751708429
jm1,0,2,101,weighted_lr:oof_balanced_accuracy,0.47588156498182577,0.6476190476190476,0.30751708428246016,0.6066350710900474,0.275626423690205
jm1,0,2,101,rf:default,0.5,0.22857142857142856,0.03986332574031891,0.22748815165876776,0.03644646924829157
jm1,0,2,101,rf:oof_macro_f1,0.32208333333333333,0.4380952380952381,0.15261958997722094,0.4265402843601896,0.14578587699316628
jm1,0,2,101,rf:oof_balanced_accuracy,0.21708333333333335,0.638095238095238,0.2972665148063781,0.5781990521327014,0.285876993166287
jm1,0,2,101,balanced_rf:default,0.5,0.5666666666666667,0.244874715261959,0.5450236966824644,0.20842824601366744
jm1,0,2,101,balanced_rf:oof_macro_f1,0.5697871525005536,0.4666666666666667,0.1492027334851936,0.4549763033175355,0.13439635535307518
jm1,0,2,101,balanced_rf:oof_balanced_accuracy,0.4450719494515415,0.638095238095238,0.3211845102505695,0.6161137440758294,0.2847380410022779
jm1,0,2,202,unweighted_lr:default,0.5,0.11904761904761904,0.018223234624145785,0.08056872037914692,0.011389521640091117
jm1,0,2,202,unweighted_lr:oof_macro_f1,0.2555928862622655,0.4,0.1492027334851936,0.3696682464454976,0.13097949886104784
jm1,0,2,202,unweighted_lr:oof_balanced_accuracy,0.19073116624860872,0.6285714285714286,0.2870159453302961,0.5876777251184834,0.2528473804100228
jm1,0,2,202,weighted_lr:default,0.5,0.5952380952380952,0.2619589977220957,0.5545023696682464,0.23234624145785876
jm1,0,2,202,weighted_lr:oof_macro_f1,0.5829827231276178,0.41904761904761906,0.15375854214123008,0.3696682464454976,0.13553530751708429
jm1,0,2,202,weighted_lr:oof_balanced_accuracy,0.47588156498182577,0.6476190476190476,0.30751708428246016,0.6066350710900474,0.275626423690205
jm1,0,2,202,rf:default,0.5,0.23333333333333334,0.0489749430523918,0.23222748815165878,0.03758542141230068
jm1,0,2,202,rf:oof_macro_f1,0.32311575423531946,0.45714285714285713,0.14236902050113895,0.44075829383886256,0.12186788154897495
jm1,0,2,202,rf:oof_balanced_accuracy,0.244047619047619,0.5761904761904761,0.23804100227790434,0.5545023696682464,0.2152619589977221
jm1,0,2,202,balanced_rf:default,0.5,0.5619047619047619,0.2266514806378132,0.5450236966824644,0.21070615034168566
jm1,0,2,202,balanced_rf:oof_macro_f1,0.5708333333333333,0.45714285714285713,0.15148063781321183,0.4218009478672986,0.14464692482915717
jm1,0,2,202,balanced_rf:oof_balanced_accuracy,0.4708333333333333,0.5904761904761905,0.2642369020501139,0.5876777251184834,0.24715261958997722
jm1,0,2,303,unweighted_lr:default,0.5,0.11904761904761904,0.018223234624145785,0.08056872037914692,0.011389521640091117
jm1,0,2,303,unweighted_lr:oof_macro_f1,0.2555928862622655,0.4,0.1492027334851936,0.3696682464454976,0.13097949886104784
jm1,0,2,303,unweighted_lr:oof_balanced_accuracy,0.19073116624860872,0.6285714285714286,0.2870159453302961,0.5876777251184834,0.2528473804100228
jm1,0,2,303,weighted_lr:default,0.5,0.5952380952380952,0.2619589977220957,0.5545023696682464,0.23234624145785876
jm1,0,2,303,weighted_lr:oof_macro_f1,0.5829827231276178,0.41904761904761906,0.15375854214123008,0.3696682464454976,0.13553530751708429
jm1,0,2,303,weighted_lr:oof_balanced_accuracy,0.47588156498182577,0.6476190476190476,0.30751708428246016,0.6066350710900474,0.275626423690205
jm1,0,2,303,rf:default,0.5,0.26666666666666666,0.05011389521640091,0.2132701421800948,0.03758542141230068
jm1,0,2,303,rf:oof_macro_f1,0.2968323293172691,0.5095238095238095,0.1776765375854214,0.4834123222748815,0.16173120728929385
jm1,0,2,303,rf:oof_balanced_accuracy,0.2270833333333333,0.5714285714285714,0.27790432801822323,0.5734597156398105,0.24259681093394078
jm1,0,2,303,balanced_rf:default,0.5,0.5428571428571428,0.23006833712984054,0.5687203791469194,0.22095671981776766
jm1,0,2,303,balanced_rf:oof_macro_f1,0.5729166666666666,0.4523809523809524,0.15034168564920272,0.43601895734597157,0.1366742596810934
jm1,0,2,303,balanced_rf:oof_balanced_accuracy,0.4166666666666667,0.680952380952381,0.3359908883826879,0.6729857819905213,0.3143507972665148
jm1,0,2,404,unweighted_lr:default,0.5,0.11904761904761904,0.018223234624145785,0.08056872037914692,0.011389521640091117
jm1,0,2,404,unweighted_lr:oof_macro_f1,0.2555928862622655,0.4,0.1492027334851936,0.3696682464454976,0.13097949886104784
jm1,0,2,404,unweighted_lr:oof_balanced_accuracy,0.19073116624860872,0.6285714285714286,0.2870159453302961,0.5876777251184834,0.2528473804100228
jm1,0,2,404,weighted_lr:default,0.5,0.5952380952380952,0.2619589977220957,0.5545023696682464,0.23234624145785876
jm1,0,2,404,weighted_lr:oof_macro_f1,0.5829827231276178,0.41904761904761906,0.15375854214123008,0.3696682464454976,0.13553530751708429
jm1,0,2,404,weighted_lr:oof_balanced_accuracy,0.47588156498182577,0.6476190476190476,0.30751708428246016,0.6066350710900474,0.275626423690205
jm1,0,2,404,rf:default,0.5,0.24761904761904763,0.04328018223234624,0.22274881516587677,0.03416856492027335
jm1,0,2,404,rf:oof_macro_f1,0.3107738095238095,0.4714285714285714,0.16059225512528474,0.4597156398104265,0.14009111617312073
jm1,0,2,404,rf:oof_balanced_accuracy,0.24124999999999996,0.6,0.2460136674259681,0.5687203791469194,0.24145785876993167
jm1,0,2,404,balanced_rf:default,0.5,0.5666666666666667,0.23348519362186787,0.5355450236966824,0.20159453302961275
jm1,0,2,404,balanced_rf:oof_macro_f1,0.5666932752781808,0.47619047619047616,0.16173120728929385,0.44549763033175355,0.11845102505694761
jm1,0,2,404,balanced_rf:oof_balanced_accuracy,0.41533098019939985,0.6761904761904762,0.33712984054669703,0.6824644549763034,0.31776765375854216
jm1,0,2,505,unweighted_lr:default,0.5,0.11904761904761904,0.018223234624145785,0.08056872037914692,0.011389521640091117
jm1,0,2,505,unweighted_lr:oof_macro_f1,0.2555928862622655,0.4,0.1492027334851936,0.3696682464454976,0.13097949886104784
jm1,0,2,505,unweighted_lr:oof_balanced_accuracy,0.19073116624860872,0.6285714285714286,0.2870159453302961,0.5876777251184834,0.2528473804100228
jm1,0,2,505,weighted_lr:default,0.5,0.5952380952380952,0.2619589977220957,0.5545023696682464,0.23234624145785876
jm1,0,2,505,weighted_lr:oof_macro_f1,0.5829827231276178,0.41904761904761906,0.15375854214123008,0.3696682464454976,0.13553530751708429
jm1,0,2,505,weighted_lr:oof_balanced_accuracy,0.47588156498182577,0.6476190476190476,0.30751708428246016,0.6066350710900474,0.275626423690205
jm1,0,2,505,rf:default,0.5,0.22857142857142856,0.05125284738041002,0.2037914691943128,0.04214123006833713
jm1,0,2,505,rf:oof_macro_f1,0.32535714285714284,0.44285714285714284,0.14236902050113895,0.4312796208530806,0.13895216400911162
jm1,0,2,505,rf:oof_balanced_accuracy,0.2098882934040424,0.6428571428571429,0.30068337129840544,0.6113744075829384,0.285876993166287
jm1,0,2,505,balanced_rf:default,0.5,0.5523809523809524,0.22779043280182232,0.5260663507109005,0.2164009111617312
jm1,0,2,505,balanced_rf:oof_macro_f1,0.5545833333333334,0.45714285714285713,0.17312072892938496,0.4597156398104265,0.1492027334851936
jm1,0,2,505,balanced_rf:oof_balanced_accuracy,0.4434379875707225,0.6523809523809524,0.30296127562642367,0.6398104265402843,0.28132118451025057
jm1,0,3,101,unweighted_lr:default,0.5,0.08095238095238096,0.02164009111617312,0.13270142180094788,0.02164009111617312
jm1,0,3,101,unweighted_lr:oof_macro_f1,0.26016993054615195,0.3142857142857143,0.11731207289293849,0.3886255924170616,0.1275626423690205
jm1,0,3,101,unweighted_lr:oof_balanced_accuracy,0.19158148620212384,0.5904761904761905,0.28815489749430523,0.5592417061611374,0.30182232346241455
jm1,0,3,101,weighted_lr:default,0.5,0.5714285714285714,0.26879271070615035,0.5402843601895735,0.2733485193621868
jm1,0,3,101,weighted_lr:oof_macro_f1,0.5987717219529259,0.3142857142857143,0.11503416856492027,0.3886255924170616,0.13097949886104784
jm1,0,3,101,weighted_lr:oof_balanced_accuracy,0.49435106137912616,0.5761904761904761,0.2767653758542141,0.5497630331753555,0.2847380410022779
jm1,0,3,101,rf:default,0.5,0.19047619047619047,0.04555808656036447,0.20853080568720378,0.0387243735763098
jm1,0,3,101,rf:oof_macro_f1,0.3541666666666667,0.41904761904761906,0.12300683371298406,0.3981042654028436,0.1252847380410023
jm1,0,3,101,rf:oof_balanced_accuracy,0.21208333333333332,0.6523809523809524,0.3314350797266515,0.6398104265402843,0.31890660592255127
jm1,0,3,101,balanced_rf:default,0.5,0.5904761904761905,0.24829157175398633,0.5545023696682464,0.24829157175398633
jm1,0,3,101,balanced_rf:oof_macro_f1,0.5625,0.4857142857142857,0.17312072892938496,0.46445497630331756,0.18109339407744876
jm1,0,3,101,balanced_rf:oof_balanced_accuracy,0.4375,0.7,0.3234624145785877,0.6492890995260664,0.3337129840546697
jm1,0,3,202,unweighted_lr:default,0.5,0.08095238095238096,0.02164009111617312,0.13270142180094788,0.02164009111617312
jm1,0,3,202,unweighted_lr:oof_macro_f1,0.26016993054615195,0.3142857142857143,0.11731207289293849,0.3886255924170616,0.1275626423690205
jm1,0,3,202,unweighted_lr:oof_balanced_accuracy,0.19158148620212384,0.5904761904761905,0.28815489749430523,0.5592417061611374,0.30182232346241455
jm1,0,3,202,weighted_lr:default,0.5,0.5714285714285714,0.26879271070615035,0.5402843601895735,0.2733485193621868
jm1,0,3,202,weighted_lr:oof_macro_f1,0.5987717219529259,0.3142857142857143,0.11503416856492027,0.3886255924170616,0.13097949886104784
jm1,0,3,202,weighted_lr:oof_balanced_accuracy,0.49435106137912616,0.5761904761904761,0.2767653758542141,0.5497630331753555,0.2847380410022779
jm1,0,3,202,rf:default,0.5,0.2,0.04100227790432802,0.22274881516587677,0.04214123006833713
jm1,0,3,202,rf:oof_macro_f1,0.3273214285714286,0.44285714285714284,0.1469248291571754,0.44549763033175355,0.15375854214123008
jm1,0,3,202,rf:oof_balanced_accuracy,0.23499999999999996,0.5904761904761905,0.27904328018223234,0.6208530805687204,0.29157175398633256
jm1,0,3,202,balanced_rf:default,0.5,0.5333333333333333,0.23462414578587698,0.5687203791469194,0.24145785876993167
jm1,0,3,202,balanced_rf:oof_macro_f1,0.6166666666666667,0.34285714285714286,0.11617312072892938,0.38388625592417064,0.12072892938496584
jm1,0,3,202,balanced_rf:oof_balanced_accuracy,0.43229166666666663,0.6619047619047619,0.3348519362186788,0.6587677725118484,0.3337129840546697
jm1,0,3,303,unweighted_lr:default,0.5,0.08095238095238096,0.02164009111617312,0.13270142180094788,0.02164009111617312
jm1,0,3,303,unweighted_lr:oof_macro_f1,0.26016993054615195,0.3142857142857143,0.11731207289293849,0.3886255924170616,0.1275626423690205
jm1,0,3,303,unweighted_lr:oof_balanced_accuracy,0.19158148620212384,0.5904761904761905,0.28815489749430523,0.5592417061611374,0.30182232346241455
jm1,0,3,303,weighted_lr:default,0.5,0.5714285714285714,0.26879271070615035,0.5402843601895735,0.2733485193621868
jm1,0,3,303,weighted_lr:oof_macro_f1,0.5987717219529259,0.3142857142857143,0.11503416856492027,0.3886255924170616,0.13097949886104784
jm1,0,3,303,weighted_lr:oof_balanced_accuracy,0.49435106137912616,0.5761904761904761,0.2767653758542141,0.5497630331753555,0.2847380410022779
jm1,0,3,303,rf:default,0.5,0.16666666666666666,0.04441913439635535,0.20853080568720378,0.04214123006833713
jm1,0,3,303,rf:oof_macro_f1,0.3375,0.4380952380952381,0.14464692482915717,0.43601895734597157,0.14236902050113895
jm1,0,3,303,rf:oof_balanced_accuracy,0.1748015873015873,0.7285714285714285,0.3940774487471526,0.7156398104265402,0.39863325740318906
jm1,0,3,303,balanced_rf:default,0.5,0.5571428571428572,0.25854214123006836,0.5450236966824644,0.2357630979498861
jm1,0,3,303,balanced_rf:oof_macro_f1,0.5711549764890281,0.3952380952380952,0.1571753986332574,0.44075829383886256,0.1571753986332574
jm1,0,3,303,balanced_rf:oof_balanced_accuracy,0.4020833333333333,0.7,0.36674259681093396,0.6682464454976303,0.3804100227790433
jm1,0,3,404,unweighted_lr:default,0.5,0.08095238095238096,0.02164009111617312,0.13270142180094788,0.02164009111617312
jm1,0,3,404,unweighted_lr:oof_macro_f1,0.26016993054615195,0.3142857142857143,0.11731207289293849,0.3886255924170616,0.1275626423690205
jm1,0,3,404,unweighted_lr:oof_balanced_accuracy,0.19158148620212384,0.5904761904761905,0.28815489749430523,0.5592417061611374,0.30182232346241455
jm1,0,3,404,weighted_lr:default,0.5,0.5714285714285714,0.26879271070615035,0.5402843601895735,0.2733485193621868
jm1,0,3,404,weighted_lr:oof_macro_f1,0.5987717219529259,0.3142857142857143,0.11503416856492027,0.3886255924170616,0.13097949886104784
jm1,0,3,404,weighted_lr:oof_balanced_accuracy,0.49435106137912616,0.5761904761904761,0.2767653758542141,0.5497630331753555,0.2847380410022779
jm1,0,3,404,rf:default,0.5,0.18095238095238095,0.04441913439635535,0.1943127962085308,0.04214123006833713
jm1,0,3,404,rf:oof_macro_f1,0.32218339368657056,0.4523809523809524,0.16400911161731208,0.4597156398104265,0.15945330296127563
jm1,0,3,404,rf:oof_balanced_accuracy,0.2182142857142857,0.638095238095238,0.2984054669703872,0.6350710900473934,0.30296127562642367
jm1,0,3,404,balanced_rf:default,0.5,0.5190476190476191,0.23462414578587698,0.5497630331753555,0.21867881548974943
jm1,0,3,404,balanced_rf:oof_macro_f1,0.561607142857143,0.4666666666666667,0.1674259681093394,0.4786729857819905,0.1674259681093394
jm1,0,3,404,balanced_rf:oof_balanced_accuracy,0.3922619047619048,0.7238095238095238,0.37699316628701596,0.7440758293838863,0.3917995444191344
jm1,0,3,505,unweighted_lr:default,0.5,0.08095238095238096,0.02164009111617312,0.13270142180094788,0.02164009111617312
jm1,0,3,505,unweighted_lr:oof_macro_f1,0.26016993054615195,0.3142857142857143,0.11731207289293849,0.3886255924170616,0.1275626423690205
jm1,0,3,505,unweighted_lr:oof_balanced_accuracy,0.19158148620212384,0.5904761904761905,0.28815489749430523,0.5592417061611374,0.30182232346241455
jm1,0,3,505,weighted_lr:default,0.5,0.5714285714285714,0.26879271070615035,0.5402843601895735,0.2733485193621868
jm1,0,3,505,weighted_lr:oof_macro_f1,0.5987717219529259,0.3142857142857143,0.11503416856492027,0.3886255924170616,0.13097949886104784
jm1,0,3,505,weighted_lr:oof_balanced_accuracy,0.49435106137912616,0.5761904761904761,0.2767653758542141,0.5497630331753555,0.2847380410022779
jm1,0,3,505,rf:default,0.5,0.18095238095238095,0.03986332574031891,0.2037914691943128,0.03644646924829157
jm1,0,3,505,rf:oof_macro_f1,0.30601190476190476,0.4142857142857143,0.16856492027334852,0.4786729857819905,0.17198177676537585
jm1,0,3,505,rf:oof_balanced_accuracy,0.1834371492704826,0.7428571428571429,0.36332574031890663,0.6777251184834123,0.3690205011389522
jm1,0,3,505,balanced_rf:default,0.5,0.5761904761904761,0.2539863325740319,0.5592417061611374,0.24031890660592256
jm1,0,3,505,balanced_rf:oof_macro_f1,0.575,0.44761904761904764,0.17312072892938496,0.44549763033175355,0.16970387243735763
jm1,0,3,505,balanced_rf:oof_balanced_accuracy,0.4312500000000001,0.6857142857142857,0.3337129840546697,0.6635071090047393,0.3564920273348519
jm1,0,4,101,unweighted_lr:default,0.5,0.07582938388625593,0.02280501710376283,0.0947867298578199,0.023917995444191344
jm1,0,4,101,unweighted_lr:oof_macro_f1,0.2472389748316693,0.38388625592417064,0.11858608893956671,0.36492890995260663,0.13097949886104784
jm1,0,4,101,unweighted_lr:oof_balanced_accuracy,0.184180848722434,0.6540284360189573,0.29304446978335236,0.5971563981042654,0.2972665148063781
jm1,0,4,101,weighted_lr:default,0.5,0.5876777251184834,0.24857468643101482,0.5592417061611374,0.24145785876993167
jm1,0,4,101,weighted_lr:oof_macro_f1,0.5572148214040272,0.4218009478672986,0.14937286202964653,0.4218009478672986,0.15261958997722094
jm1,0,4,101,weighted_lr:oof_balanced_accuracy,0.4947333483013331,0.6066350710900474,0.2554161915621437,0.5639810426540285,0.255125284738041
jm1,0,4,101,rf:default,0.5,0.18009478672985782,0.026225769669327253,0.1990521327014218,0.029612756264236904
jm1,0,4,101,rf:oof_macro_f1,0.33333333333333337,0.4549763033175355,0.1322690992018244,0.44075829383886256,0.12072892938496584
jm1,0,4,101,rf:oof_balanced_accuracy,0.18541666666666665,0.7488151658767772,0.346636259977195,0.7014218009478673,0.3416856492027335
jm1,0,4,101,balanced_rf:default,0.5,0.6161137440758294,0.2006841505131129,0.5687203791469194,0.20387243735763097
jm1,0,4,101,balanced_rf:oof_macro_f1,0.6041666666666667,0.4028436018957346,0.09007981755986318,0.4265402843601896,0.10250569476082004
jm1,0,4,101,balanced_rf:oof_balanced_accuracy,0.4091391594516594,0.7677725118483413,0.3329532497149373,0.7677725118483413,0.33940774487471526
jm1,0,4,202,unweighted_lr:default,0.5,0.07582938388625593,0.02280501710376283,0.0947867298578199,0.023917995444191344
jm1,0,4,202,unweighted_lr:oof_macro_f1,0.2472389748316693,0.38388625592417064,0.11858608893956671,0.36492890995260663,0.13097949886104784
jm1,0,4,202,unweighted_lr:oof_balanced_accuracy,0.184180848722434,0.6540284360189573,0.29304446978335236,0.5971563981042654,0.2972665148063781
jm1,0,4,202,weighted_lr:default,0.5,0.5876777251184834,0.24857468643101482,0.5592417061611374,0.24145785876993167
jm1,0,4,202,weighted_lr:oof_macro_f1,0.5572148214040272,0.4218009478672986,0.14937286202964653,0.4218009478672986,0.15261958997722094
jm1,0,4,202,weighted_lr:oof_balanced_accuracy,0.4947333483013331,0.6066350710900474,0.2554161915621437,0.5639810426540285,0.255125284738041
jm1,0,4,202,rf:default,0.5,0.18009478672985782,0.027366020524515394,0.22274881516587677,0.03416856492027335
jm1,0,4,202,rf:oof_macro_f1,0.31249999999999994,0.4976303317535545,0.12086659064994298,0.47393364928909953,0.1275626423690205
jm1,0,4,202,rf:oof_balanced_accuracy,0.1975,0.7014218009478673,0.30672748004561,0.7156398104265402,0.3120728929384966
jm1,0,4,202,balanced_rf:default,0.5,0.6018957345971564,0.19954389965792474,0.5450236966824644,0.20501138952164008
jm1,0,4,202,balanced_rf:oof_macro_f1,0.5444043988684351,0.5071090047393365,0.14367160775370583,0.4786729857819905,0.16059225512528474
jm1,0,4,202,balanced_rf:oof_balanced_accuracy,0.42540555075298386,0.7298578199052133,0.3055872291904219,0.6492890995260664,0.3052391799544419
jm1,0,4,303,unweighted_lr:default,0.5,0.07582938388625593,0.02280501710376283,0.0947867298578199,0.023917995444191344
jm1,0,4,303,unweighted_lr:oof_macro_f1,0.2472389748316693,0.38388625592417064,0.11858608893956671,0.36492890995260663,0.13097949886104784
jm1,0,4,303,unweighted_lr:oof_balanced_accuracy,0.184180848722434,0.6540284360189573,0.29304446978335236,0.5971563981042654,0.2972665148063781
jm1,0,4,303,weighted_lr:default,0.5,0.5876777251184834,0.24857468643101482,0.5592417061611374,0.24145785876993167
jm1,0,4,303,weighted_lr:oof_macro_f1,0.5572148214040272,0.4218009478672986,0.14937286202964653,0.4218009478672986,0.15261958997722094
jm1,0,4,303,weighted_lr:oof_balanced_accuracy,0.4947333483013331,0.6066350710900474,0.2554161915621437,0.5639810426540285,0.255125284738041
jm1,0,4,303,rf:default,0.5,0.17061611374407584,0.02508551881413911,0.21800947867298578,0.02847380410022779
jm1,0,4,303,rf:oof_macro_f1,0.3195833333333334,0.4881516587677725,0.11516533637400228,0.4834123222748815,0.14464692482915717
jm1,0,4,303,rf:oof_balanced_accuracy,0.24916666666666668,0.6255924170616114,0.2120866590649943,0.5971563981042654,0.23690205011389523
jm1,0,4,303,balanced_rf:default,0.5,0.6066350710900474,0.21664766248574688,0.5687203791469194,0.20842824601366744
jm1,0,4,303,balanced_rf:oof_macro_f1,0.5937500000000001,0.41706161137440756,0.10604332953249715,0.3981042654028436,0.11503416856492027
jm1,0,4,303,balanced_rf:oof_balanced_accuracy,0.38458333333333333,0.7725118483412322,0.3831242873432155,0.7345971563981043,0.3701594533029613
jm1,0,4,404,unweighted_lr:default,0.5,0.07582938388625593,0.02280501710376283,0.0947867298578199,0.023917995444191344
jm1,0,4,404,unweighted_lr:oof_macro_f1,0.2472389748316693,0.38388625592417064,0.11858608893956671,0.36492890995260663,0.13097949886104784
jm1,0,4,404,unweighted_lr:oof_balanced_accuracy,0.184180848722434,0.6540284360189573,0.29304446978335236,0.5971563981042654,0.2972665148063781
jm1,0,4,404,weighted_lr:default,0.5,0.5876777251184834,0.24857468643101482,0.5592417061611374,0.24145785876993167
jm1,0,4,404,weighted_lr:oof_macro_f1,0.5572148214040272,0.4218009478672986,0.14937286202964653,0.4218009478672986,0.15261958997722094
jm1,0,4,404,weighted_lr:oof_balanced_accuracy,0.4947333483013331,0.6066350710900474,0.2554161915621437,0.5639810426540285,0.255125284738041
jm1,0,4,404,rf:default,0.5,0.1943127962085308,0.020524515393386546,0.2132701421800948,0.03644646924829157
jm1,0,4,404,rf:oof_macro_f1,0.3125,0.4928909952606635,0.1265678449258837,0.46919431279620855,0.14123006833712984
jm1,0,4,404,rf:oof_balanced_accuracy,0.216875,0.6919431279620853,0.2748004561003421,0.6540284360189573,0.275626423690205
jm1,0,4,404,balanced_rf:default,0.5,0.6208530805687204,0.18700114025085518,0.5734597156398105,0.1970387243735763
jm1,0,4,404,balanced_rf:oof_macro_f1,0.6021722411592084,0.4312796208530806,0.09578107183580388,0.3981042654028436,0.09453302961275627
jm1,0,4,404,balanced_rf:oof_balanced_accuracy,0.4541666666666666,0.6919431279620853,0.26567844925883694,0.6682464454976303,0.25626423690205014
jm1,0,4,505,unweighted_lr:default,0.5,0.07582938388625593,0.02280501710376283,0.0947867298578199,0.023917995444191344
jm1,0,4,505,unweighted_lr:oof_macro_f1,0.2472389748316693,0.38388625592417064,0.11858608893956671,0.36492890995260663,0.13097949886104784
jm1,0,4,505,unweighted_lr:oof_balanced_accuracy,0.184180848722434,0.6540284360189573,0.29304446978335236,0.5971563981042654,0.2972665148063781
jm1,0,4,505,weighted_lr:default,0.5,0.5876777251184834,0.24857468643101482,0.5592417061611374,0.24145785876993167
jm1,0,4,505,weighted_lr:oof_macro_f1,0.5572148214040272,0.4218009478672986,0.14937286202964653,0.4218009478672986,0.15261958997722094
jm1,0,4,505,weighted_lr:oof_balanced_accuracy,0.4947333483013331,0.6066350710900474,0.2554161915621437,0.5639810426540285,0.255125284738041
jm1,0,4,505,rf:default,0.5,0.17535545023696683,0.026225769669327253,0.18009478672985782,0.029612756264236904
jm1,0,4,505,rf:oof_macro_f1,0.36178571428571427,0.36492890995260663,0.08209806157354618,0.4075829383886256,0.09339407744874716
jm1,0,4,505,rf:oof_balanced_accuracy,0.20791666666666667,0.7109004739336493,0.30216647662485746,0.6824644549763034,0.3086560364464693
jm1,0,4,505,balanced_rf:default,0.5,0.6113744075829384,0.18700114025085518,0.5734597156398105,0.18792710706150342
jm1,0,4,505,balanced_rf:oof_macro_f1,0.6083333333333332,0.43601895734597157,0.08893956670467502,0.4028436018957346,0.10250569476082004
jm1,0,4,505,balanced_rf:oof_balanced_accuracy,0.4666737288135593,0.6777251184834123,0.24401368301026224,0.6303317535545023,0.224373576309795
jm1,1,0,101,unweighted_lr:default,0.5,0.10476190476190476,0.02050113895216401,0.13744075829383887,0.011389521640091117
jm1,1,0,101,unweighted_lr:oof_macro_f1,0.23787710631960648,0.4142857142857143,0.1571753986332574,0.47393364928909953,0.1264236902050114
jm1,1,0,101,unweighted_lr:oof_balanced_accuracy,0.19183337152332713,0.5904761904761905,0.296127562642369,0.6729857819905213,0.29157175398633256
jm1,1,0,101,weighted_lr:default,0.5,0.5857142857142857,0.2733485193621868,0.6492890995260664,0.2630979498861048
jm1,1,0,101,weighted_lr:oof_macro_f1,0.5688797442620105,0.4095238095238095,0.1548974943052392,0.46919431279620855,0.1252847380410023
jm1,1,0,101,weighted_lr:oof_balanced_accuracy,0.49918445792617305,0.5857142857142857,0.2744874715261959,0.6587677725118484,0.2630979498861048
jm1,1,0,101,rf:default,0.5,0.20952380952380953,0.023917995444191344,0.20853080568720378,0.02847380410022779
jm1,1,0,101,rf:oof_macro_f1,0.3291666666666666,0.48095238095238096,0.12984054669703873,0.4786729857819905,0.1252847380410023
jm1,1,0,101,rf:oof_balanced_accuracy,0.2038095238095238,0.7142857142857143,0.32687927107061504,0.6919431279620853,0.31548974943052394
jm1,1,0,101,balanced_rf:default,0.5,0.6190476190476191,0.24259681093394078,0.5971563981042654,0.21867881548974943
jm1,1,0,101,balanced_rf:oof_macro_f1,0.580305042180042,0.4666666666666667,0.1366742596810934,0.44549763033175355,0.1252847380410023
jm1,1,0,101,balanced_rf:oof_balanced_accuracy,0.42833333333333334,0.7142857142857143,0.35079726651480636,0.7203791469194313,0.32801822323462415
jm1,1,0,202,unweighted_lr:default,0.5,0.10476190476190476,0.02050113895216401,0.13744075829383887,0.011389521640091117
jm1,1,0,202,unweighted_lr:oof_macro_f1,0.23787710631960648,0.4142857142857143,0.1571753986332574,0.47393364928909953,0.1264236902050114
jm1,1,0,202,unweighted_lr:oof_balanced_accuracy,0.19183337152332713,0.5904761904761905,0.296127562642369,0.6729857819905213,0.29157175398633256
jm1,1,0,202,weighted_lr:default,0.5,0.5857142857142857,0.2733485193621868,0.6492890995260664,0.2630979498861048
jm1,1,0,202,weighted_lr:oof_macro_f1,0.5688797442620105,0.4095238095238095,0.1548974943052392,0.46919431279620855,0.1252847380410023
jm1,1,0,202,weighted_lr:oof_balanced_accuracy,0.49918445792617305,0.5857142857142857,0.2744874715261959,0.6587677725118484,0.2630979498861048
jm1,1,0,202,rf:default,0.5,0.19047619047619047,0.029612756264236904,0.22274881516587677,0.02847380410022779
jm1,1,0,202,rf:oof_macro_f1,0.36666666666666664,0.37142857142857144,0.10933940774487472,0.4312796208530806,0.11275626423690205
jm1,1,0,202,rf:oof_balanced_accuracy,0.17458333333333334,0.7714285714285715,0.41116173120728927,0.7251184834123223,0.3906605922551253
jm1,1,0,202,balanced_rf:default,0.5,0.5857142857142857,0.23462414578587698,0.5781990521327014,0.21981776765375854
jm1,1,0,202,balanced_rf:oof_macro_f1,0.5966666666666666,0.42857142857142855,0.12072892938496584,0.4597156398104265,0.11047835990888383
jm1,1,0,202,balanced_rf:oof_balanced_accuracy,0.4479166666666667,0.6857142857142857,0.3109339407744875,0.6445497630331753,0.29157175398633256
jm1,1,0,303,unweighted_lr:default,0.5,0.10476190476190476,0.02050113895216401,0.13744075829383887,0.011389521640091117
jm1,1,0,303,unweighted_lr:oof_macro_f1,0.23787710631960648,0.4142857142857143,0.1571753986332574,0.47393364928909953,0.1264236902050114
jm1,1,0,303,unweighted_lr:oof_balanced_accuracy,0.19183337152332713,0.5904761904761905,0.296127562642369,0.6729857819905213,0.29157175398633256
jm1,1,0,303,weighted_lr:default,0.5,0.5857142857142857,0.2733485193621868,0.6492890995260664,0.2630979498861048
jm1,1,0,303,weighted_lr:oof_macro_f1,0.5688797442620105,0.4095238095238095,0.1548974943052392,0.46919431279620855,0.1252847380410023
jm1,1,0,303,weighted_lr:oof_balanced_accuracy,0.49918445792617305,0.5857142857142857,0.2744874715261959,0.6587677725118484,0.2630979498861048
jm1,1,0,303,rf:default,0.5,0.20476190476190476,0.03644646924829157,0.22274881516587677,0.02847380410022779
jm1,1,0,303,rf:oof_macro_f1,0.3265337934941882,0.4714285714285714,0.14236902050113895,0.4881516587677725,0.13553530751708429
jm1,1,0,303,rf:oof_balanced_accuracy,0.22333333333333333,0.6714285714285714,0.2938496583143508,0.6824644549763034,0.28929384965831434
jm1,1,0,303,balanced_rf:default,0.5,0.6238095238095238,0.22892938496583143,0.6113744075829384,0.23006833712984054
jm1,1,0,303,balanced_rf:oof_macro_f1,0.6233333333333333,0.38095238095238093,0.09567198177676538,0.3744075829383886,0.09111617312072894
jm1,1,0,303,balanced_rf:oof_balanced_accuracy,0.44791666666666663,0.6857142857142857,0.3097949886104784,0.6919431279620853,0.29954441913439633
jm1,1,0,404,unweighted_lr:default,0.5,0.10476190476190476,0.02050113895216401,0.13744075829383887,0.011389521640091117
jm1,1,0,404,unweighted_lr:oof_macro_f1,0.23787710631960648,0.4142857142857143,0.1571753986332574,0.47393364928909953,0.1264236902050114
jm1,1,0,404,unweighted_lr:oof_balanced_accuracy,0.19183337152332713,0.5904761904761905,0.296127562642369,0.6729857819905213,0.29157175398633256
jm1,1,0,404,weighted_lr:default,0.5,0.5857142857142857,0.2733485193621868,0.6492890995260664,0.2630979498861048
jm1,1,0,404,weighted_lr:oof_macro_f1,0.5688797442620105,0.4095238095238095,0.1548974943052392,0.46919431279620855,0.1252847380410023
jm1,1,0,404,weighted_lr:oof_balanced_accuracy,0.49918445792617305,0.5857142857142857,0.2744874715261959,0.6587677725118484,0.2630979498861048
jm1,1,0,404,rf:default,0.5,0.2,0.02847380410022779,0.22748815165876776,0.03530751708428246
jm1,1,0,404,rf:oof_macro_f1,0.3320833333333333,0.4380952380952381,0.14009111617312073,0.4786729857819905,0.1275626423690205
jm1,1,0,404,rf:oof_balanced_accuracy,0.2004166666666667,0.7,0.3348519362186788,0.6635071090047393,0.31776765375854216
jm1,1,0,404,balanced_rf:default,0.5,0.5904761904761905,0.23348519362186787,0.5781990521327014,0.22209567198177677
jm1,1,0,404,balanced_rf:oof_macro_f1,0.5782404325547615,0.49047619047619045,0.12984054669703873,0.4549763033175355,0.11731207289293849
jm1,1,0,404,balanced_rf:oof_balanced_accuracy,0.4479166666666667,0.6523809523809524,0.31890660592255127,0.6445497630331753,0.30182232346241455
jm1,1,0,505,unweighted_lr:default,0.5,0.10476190476190476,0.02050113895216401,0.13744075829383887,0.011389521640091117
jm1,1,0,505,unweighted_lr:oof_macro_f1,0.23787710631960648,0.4142857142857143,0.1571753986332574,0.47393364928909953,0.1264236902050114
jm1,1,0,505,unweighted_lr:oof_balanced_accuracy,0.19183337152332713,0.5904761904761905,0.296127562642369,0.6729857819905213,0.29157175398633256
jm1,1,0,505,weighted_lr:default,0.5,0.5857142857142857,0.2733485193621868,0.6492890995260664,0.2630979498861048
jm1,1,0,505,weighted_lr:oof_macro_f1,0.5688797442620105,0.4095238095238095,0.1548974943052392,0.46919431279620855,0.1252847380410023
jm1,1,0,505,weighted_lr:oof_balanced_accuracy,0.49918445792617305,0.5857142857142857,0.2744874715261959,0.6587677725118484,0.2630979498861048
jm1,1,0,505,rf:default,0.5,0.23333333333333334,0.03416856492027335,0.23696682464454977,0.03416856492027335
jm1,1,0,505,rf:oof_macro_f1,0.30791666666666667,0.5095238095238095,0.1662870159453303,0.5260663507109005,0.1674259681093394
jm1,1,0,505,rf:oof_balanced_accuracy,0.20833333333333331,0.7,0.3348519362186788,0.6824644549763034,0.31776765375854216
jm1,1,0,505,balanced_rf:default,0.5,0.6190476190476191,0.23120728929384965,0.5639810426540285,0.21753986332574032
jm1,1,0,505,balanced_rf:oof_macro_f1,0.6124999999999999,0.41904761904761906,0.10136674259681093,0.41232227488151657,0.09908883826879271
jm1,1,0,505,balanced_rf:oof_balanced_accuracy,0.42638888888888893,0.7142857142857143,0.3690205011389522,0.6492890995260664,0.34851936218678814
jm1,1,1,101,unweighted_lr:default,0.5,0.10476190476190476,0.02050113895216401,0.10426540284360189,0.022779043280182234
jm1,1,1,101,unweighted_lr:oof_macro_f1,0.23891667493777913,0.4,0.16514806378132119,0.3933649289099526,0.15148063781321183
jm1,1,1,101,unweighted_lr:oof_balanced_accuracy,0.19542847659204352,0.5285714285714286,0.2744874715261959,0.5402843601895735,0.25854214123006836
jm1,1,1,101,weighted_lr:default,0.5,0.5285714285714286,0.265375854214123,0.5355450236966824,0.24715261958997722
jm1,1,1,101,weighted_lr:oof_macro_f1,0.5756213317426934,0.38571428571428573,0.1480637813211845,0.3933649289099526,0.14236902050113895
jm1,1,1,101,weighted_lr:oof_balanced_accuracy,0.48142457028482727,0.5857142857142857,0.29954441913439633,0.5734597156398105,0.285876993166287
jm1,1,1,101,rf:default,0.5,0.18571428571428572,0.04441913439635535,0.21800947867298578,0.05353075170842825
jm1,1,1,101,rf:oof_macro_f1,0.33749999999999997,0.38095238095238093,0.1252847380410023,0.3981042654028436,0.1378132118451025
jm1,1,1,101,rf:oof_balanced_accuracy,0.19041666666666668,0.7142857142857143,0.3462414578587699,0.6398104265402843,0.34054669703872437
jm1,1,1,101,balanced_rf:default,0.5,0.5428571428571428,0.2460136674259681,0.5450236966824644,0.24031890660592256
jm1,1,1,101,balanced_rf:oof_macro_f1,0.58875,0.3761904761904762,0.13439635535307518,0.4218009478672986,0.13211845102505695
jm1,1,1,101,balanced_rf:oof_balanced_accuracy,0.4104166666666667,0.680952380952381,0.3712984054669704,0.6682464454976303,0.36104783599088835
jm1,1,1,202,unweighted_lr:default,0.5,0.10476190476190476,0.02050113895216401,0.10426540284360189,0.022779043280182234
jm1,1,1,202,unweighted_lr:oof_macro_f1,0.23891667493777913,0.4,0.16514806378132119,0.3933649289099526,0.15148063781321183
jm1,1,1,202,unweighted_lr:oof_balanced_accuracy,0.19542847659204352,0.5285714285714286,0.2744874715261959,0.5402843601895735,0.25854214123006836
jm1,1,1,202,weighted_lr:default,0.5,0.5285714285714286,0.265375854214123,0.5355450236966824,0.24715261958997722
jm1,1,1,202,weighted_lr:oof_macro_f1,0.5756213317426934,0.38571428571428573,0.1480637813211845,0.3933649289099526,0.14236902050113895
jm1,1,1,202,weighted_lr:oof_balanced_accuracy,0.48142457028482727,0.5857142857142857,0.29954441913439633,0.5734597156398105,0.285876993166287
jm1,1,1,202,rf:default,0.5,0.20476190476190476,0.04555808656036447,0.23222748815165878,0.0489749430523918
jm1,1,1,202,rf:oof_macro_f1,0.3680357142857143,0.3476190476190476,0.11503416856492027,0.36492890995260663,0.1082004555808656
jm1,1,1,202,rf:oof_balanced_accuracy,0.20749999999999996,0.6666666666666666,0.3246013667425968,0.6208530805687204,0.32801822323462415
jm1,1,1,202,balanced_rf:default,0.5,0.5666666666666667,0.23690205011389523,0.5639810426540285,0.23462414578587698
jm1,1,1,202,balanced_rf:oof_macro_f1,0.5833333333333334,0.4095238095238095,0.14578587699316628,0.4075829383886256,0.14236902050113895
jm1,1,1,202,balanced_rf:oof_balanced_accuracy,0.466527321656632,0.6333333333333333,0.28132118451025057,0.6018957345971564,0.27790432801822323
jm1,1,1,303,unweighted_lr:default,0.5,0.10476190476190476,0.02050113895216401,0.10426540284360189,0.022779043280182234
jm1,1,1,303,unweighted_lr:oof_macro_f1,0.23891667493777913,0.4,0.16514806378132119,0.3933649289099526,0.15148063781321183
jm1,1,1,303,unweighted_lr:oof_balanced_accuracy,0.19542847659204352,0.5285714285714286,0.2744874715261959,0.5402843601895735,0.25854214123006836
jm1,1,1,303,weighted_lr:default,0.5,0.5285714285714286,0.265375854214123,0.5355450236966824,0.24715261958997722
jm1,1,1,303,weighted_lr:oof_macro_f1,0.5756213317426934,0.38571428571428573,0.1480637813211845,0.3933649289099526,0.14236902050113895
jm1,1,1,303,weighted_lr:oof_balanced_accuracy,0.48142457028482727,0.5857142857142857,0.29954441913439633,0.5734597156398105,0.285876993166287
jm1,1,1,303,rf:default,0.5,0.2,0.04555808656036447,0.24170616113744076,0.0489749430523918
jm1,1,1,303,rf:oof_macro_f1,0.3495687767691785,0.37142857142857144,0.1275626423690205,0.4075829383886256,0.1252847380410023
jm1,1,1,303,rf:oof_balanced_accuracy,0.22708333333333336,0.5761904761904761,0.27904328018223234,0.6161137440758294,0.296127562642369
jm1,1,1,303,balanced_rf:default,0.5,0.5761904761904761,0.24259681093394078,0.5308056872037915,0.23917995444191345
jm1,1,1,303,balanced_rf:oof_macro_f1,0.5759615384615384,0.4523809523809524,0.1548974943052392,0.4218009478672986,0.1480637813211845
jm1,1,1,303,balanced_rf:oof_balanced_accuracy,0.37916666666666665,0.7142857142857143,0.42255125284738043,0.7251184834123223,0.41116173120728927
jm1,1,1,404,unweighted_lr:default,0.5,0.10476190476190476,0.02050113895216401,0.10426540284360189,0.022779043280182234
jm1,1,1,404,unweighted_lr:oof_macro_f1,0.23891667493777913,0.4,0.16514806378132119,0.3933649289099526,0.15148063781321183
jm1,1,1,404,unweighted_lr:oof_balanced_accuracy,0.19542847659204352,0.5285714285714286,0.2744874715261959,0.5402843601895735,0.25854214123006836
jm1,1,1,404,weighted_lr:default,0.5,0.5285714285714286,0.265375854214123,0.5355450236966824,0.24715261958997722
jm1,1,1,404,weighted_lr:oof_macro_f1,0.5756213317426934,0.38571428571428573,0.1480637813211845,0.3933649289099526,0.14236902050113895
jm1,1,1,404,weighted_lr:oof_balanced_accuracy,0.48142457028482727,0.5857142857142857,0.29954441913439633,0.5734597156398105,0.285876993166287
jm1,1,1,404,rf:default,0.5,0.18571428571428572,0.04328018223234624,0.2132701421800948,0.04555808656036447
jm1,1,1,404,rf:oof_macro_f1,0.35041666666666665,0.3904761904761905,0.1082004555808656,0.3981042654028436,0.12984054669703873
jm1,1,1,404,rf:oof_balanced_accuracy,0.19375,0.6666666666666666,0.34851936218678814,0.6824644549763034,0.3439635535307517
jm1,1,1,404,balanced_rf:default,0.5,0.5571428571428572,0.2152619589977221,0.5402843601895735,0.2357630979498861
jm1,1,1,404,balanced_rf:oof_macro_f1,0.5570089761783243,0.4523809523809524,0.15945330296127563,0.45023696682464454,0.15945330296127563
jm1,1,1,404,balanced_rf:oof_balanced_accuracy,0.4441666666666667,0.6428571428571429,0.29954441913439633,0.6208530805687204,0.30751708428246016
jm1,1,1,505,unweighted_lr:default,0.5,0.10476190476190476,0.02050113895216401,0.10426540284360189,0.022779043280182234
jm1,1,1,505,unweighted_lr:oof_macro_f1,0.23891667493777913,0.4,0.16514806378132119,0.3933649289099526,0.15148063781321183
jm1,1,1,505,unweighted_lr:oof_balanced_accuracy,0.19542847659204352,0.5285714285714286,0.2744874715261959,0.5402843601895735,0.25854214123006836
jm1,1,1,505,weighted_lr:default,0.5,0.5285714285714286,0.265375854214123,0.5355450236966824,0.24715261958997722
jm1,1,1,505,weighted_lr:oof_macro_f1,0.5756213317426934,0.38571428571428573,0.1480637813211845,0.3933649289099526,0.14236902050113895
jm1,1,1,505,weighted_lr:oof_balanced_accuracy,0.48142457028482727,0.5857142857142857,0.29954441913439633,0.5734597156398105,0.285876993166287
jm1,1,1,505,rf:default,0.5,0.16666666666666666,0.04214123006833713,0.24170616113744076,0.04441913439635535
jm1,1,1,505,rf:oof_macro_f1,0.36250000000000004,0.3761904761904762,0.11845102505694761,0.36492890995260663,0.1252847380410023
jm1,1,1,505,rf:oof_balanced_accuracy,0.2029166666666667,0.6666666666666666,0.33712984054669703,0.6540284360189573,0.34738041002277903
jm1,1,1,505,balanced_rf:default,0.5,0.5142857142857142,0.22323462414578588,0.5402843601895735,0.22779043280182232
jm1,1,1,505,balanced_rf:oof_macro_f1,0.6000000000000001,0.3619047619047619,0.12870159453302962,0.3933649289099526,0.12870159453302962
jm1,1,1,505,balanced_rf:oof_balanced_accuracy,0.42580946852425183,0.680952380952381,0.3428246013667426,0.6587677725118484,0.3325740318906606
jm1,1,2,101,unweighted_lr:default,0.5,0.06666666666666667,0.018223234624145785,0.12796208530805686,0.02050113895216401
jm1,1,2,101,unweighted_lr:oof_macro_f1,0.23063822275743143,0.4523809523809524,0.17312072892938496,0.4786729857819905,0.1662870159453303
jm1,1,2,101,unweighted_lr:oof_balanced_accuracy,0.18510774870536661,0.6142857142857143,0.3097949886104784,0.6255924170616114,0.28815489749430523
jm1,1,2,101,weighted_lr:default,0.5,0.5619047619047619,0.25968109339407747,0.5687203791469194,0.23690205011389523
jm1,1,2,101,weighted_lr:oof_macro_f1,0.5985832434155627,0.38571428571428573,0.1252847380410023,0.38388625592417064,0.11389521640091116
jm1,1,2,101,weighted_lr:oof_balanced_accuracy,0.4657105697954044,0.6285714285714286,0.3428246013667426,0.6540284360189573,0.31890660592255127
jm1,1,2,101,rf:default,0.5,0.19047619047619047,0.03416856492027335,0.2132701421800948,0.03644646924829157
jm1,1,2,101,rf:oof_macro_f1,0.32458333333333333,0.4238095238095238,0.14578587699316628,0.4549763033175355,0.13325740318906606
jm1,1,2,101,rf:oof_balanced_accuracy,0.2535714285714286,0.5666666666666667,0.23690205011389523,0.5450236966824644,0.2357630979498861
jm1,1,2,101,balanced_rf:default,0.5,0.5523809523809524,0.23348519362186787,0.5497630331753555,0.20159453302961275
jm1,1,2,101,balanced_rf:oof_macro_f1,0.5645833333333334,0.4666666666666667,0.16173120728929385,0.4834123222748815,0.13895216400911162
jm1,1,2,101,balanced_rf:oof_balanced_accuracy,0.4533333333333333,0.6285714285714286,0.2938496583143508,0.6066350710900474,0.26651480637813213
jm1,1,2,202,unweighted_lr:default,0.5,0.06666666666666667,0.018223234624145785,0.12796208530805686,0.02050113895216401
jm1,1,2,202,unweighted_lr:oof_macro_f1,0.23063822275743143,0.4523809523809524,0.17312072892938496,0.4786729857819905,0.1662870159453303
jm1,1,2,202,unweighted_lr:oof_balanced_accuracy,0.18510774870536661,0.6142857142857143,0.3097949886104784,0.6255924170616114,0.28815489749430523
jm1,1,2,202,weighted_lr:default,0.5,0.5619047619047619,0.25968109339407747,0.5687203791469194,0.23690205011389523
jm1,1,2,202,weighted_lr:oof_macro_f1,0.5985832434155627,0.38571428571428573,0.1252847380410023,0.38388625592417064,0.11389521640091116
jm1,1,2,202,weighted_lr:oof_balanced_accuracy,0.4657105697954044,0.6285714285714286,0.3428246013667426,0.6540284360189573,0.31890660592255127
jm1,1,2,202,rf:default,0.5,0.20952380952380953,0.0387243735763098,0.23222748815165878,0.03644646924829157
jm1,1,2,202,rf:oof_macro_f1,0.34958333333333336,0.4,0.12414578587699317,0.44075829383886256,0.11845102505694761
jm1,1,2,202,rf:oof_balanced_accuracy,0.17673804306991997,0.6904761904761905,0.37585421412300685,0.7298578199052133,0.3530751708428246
jm1,1,2,202,balanced_rf:default,0.5,0.5904761904761905,0.23690205011389523,0.5592417061611374,0.22323462414578588
jm1,1,2,202,balanced_rf:oof_macro_f1,0.5874999999999999,0.40476190476190477,0.13553530751708429,0.4075829383886256,0.12072892938496584
jm1,1,2,202,balanced_rf:oof_balanced_accuracy,0.4333333333333333,0.6904761904761905,0.3132118451025057,0.6540284360189573,0.30068337129840544
jm1,1,2,303,unweighted_lr:default,0.5,0.06666666666666667,0.018223234624145785,0.12796208530805686,0.02050113895216401
jm1,1,2,303,unweighted_lr:oof_macro_f1,0.23063822275743143,0.4523809523809524,0.17312072892938496,0.4786729857819905,0.1662870159453303
jm1,1,2,303,unweighted_lr:oof_balanced_accuracy,0.18510774870536661,0.6142857142857143,0.3097949886104784,0.6255924170616114,0.28815489749430523
jm1,1,2,303,weighted_lr:default,0.5,0.5619047619047619,0.25968109339407747,0.5687203791469194,0.23690205011389523
jm1,1,2,303,weighted_lr:oof_macro_f1,0.5985832434155627,0.38571428571428573,0.1252847380410023,0.38388625592417064,0.11389521640091116
jm1,1,2,303,weighted_lr:oof_balanced_accuracy,0.4657105697954044,0.6285714285714286,0.3428246013667426,0.6540284360189573,0.31890660592255127
jm1,1,2,303,rf:default,0.5,0.20952380952380953,0.04214123006833713,0.21800947867298578,0.03758542141230068
jm1,1,2,303,rf:oof_macro_f1,0.315,0.45714285714285713,0.15831435079726652,0.47393364928909953,0.1492027334851936
jm1,1,2,303,rf:oof_balanced_accuracy,0.21416666666666667,0.6523809523809524,0.29157175398633256,0.6113744075829384,0.29043280182232345
jm1,1,2,303,balanced_rf:default,0.5,0.5666666666666667,0.24031890660592256,0.5734597156398105,0.22323462414578588
jm1,1,2,303,balanced_rf:oof_macro_f1,0.5916666666666666,0.4142857142857143,0.14350797266514806,0.4218009478672986,0.1275626423690205
jm1,1,2,303,balanced_rf:oof_balanced_accuracy,0.44833333333333336,0.6428571428571429,0.30296127562642367,0.6492890995260664,0.2824601366742597
jm1,1,2,404,unweighted_lr:default,0.5,0.06666666666666667,0.018223234624145785,0.12796208530805686,0.02050113895216401
jm1,1,2,404,unweighted_lr:oof_macro_f1,0.23063822275743143,0.4523809523809524,0.17312072892938496,0.4786729857819905,0.1662870159453303
jm1,1,2,404,unweighted_lr:oof_balanced_accuracy,0.18510774870536661,0.6142857142857143,0.3097949886104784,0.6255924170616114,0.28815489749430523
jm1,1,2,404,weighted_lr:default,0.5,0.5619047619047619,0.25968109339407747,0.5687203791469194,0.23690205011389523
jm1,1,2,404,weighted_lr:oof_macro_f1,0.5985832434155627,0.38571428571428573,0.1252847380410023,0.38388625592417064,0.11389521640091116
jm1,1,2,404,weighted_lr:oof_balanced_accuracy,0.4657105697954044,0.6285714285714286,0.3428246013667426,0.6540284360189573,0.31890660592255127
jm1,1,2,404,rf:default,0.5,0.2,0.03644646924829157,0.2132701421800948,0.03986332574031891
jm1,1,2,404,rf:oof_macro_f1,0.31937099424176607,0.47619047619047616,0.1548974943052392,0.4549763033175355,0.14009111617312073
jm1,1,2,404,rf:oof_balanced_accuracy,0.2255117396792178,0.6047619047619047,0.27790432801822323,0.6255924170616114,0.275626423690205
jm1,1,2,404,balanced_rf:default,0.5,0.5428571428571428,0.23462414578587698,0.5545023696682464,0.21753986332574032
jm1,1,2,404,balanced_rf:oof_macro_f1,0.5541666666666667,0.4666666666666667,0.17084282460136674,0.5071090047393365,0.16173120728929385
jm1,1,2,404,balanced_rf:oof_balanced_accuracy,0.452297619047619,0.6571428571428571,0.30068337129840544,0.6398104265402843,0.26879271070615035
jm1,1,2,505,unweighted_lr:default,0.5,0.06666666666666667,0.018223234624145785,0.12796208530805686,0.02050113895216401
jm1,1,2,505,unweighted_lr:oof_macro_f1,0.23063822275743143,0.4523809523809524,0.17312072892938496,0.4786729857819905,0.1662870159453303
jm1,1,2,505,unweighted_lr:oof_balanced_accuracy,0.18510774870536661,0.6142857142857143,0.3097949886104784,0.6255924170616114,0.28815489749430523
jm1,1,2,505,weighted_lr:default,0.5,0.5619047619047619,0.25968109339407747,0.5687203791469194,0.23690205011389523
jm1,1,2,505,weighted_lr:oof_macro_f1,0.5985832434155627,0.38571428571428573,0.1252847380410023,0.38388625592417064,0.11389521640091116
jm1,1,2,505,weighted_lr:oof_balanced_accuracy,0.4657105697954044,0.6285714285714286,0.3428246013667426,0.6540284360189573,0.31890660592255127
jm1,1,2,505,rf:default,0.5,0.21904761904761905,0.03986332574031891,0.24644549763033174,0.029612756264236904
jm1,1,2,505,rf:oof_macro_f1,0.3333333333333333,0.4238095238095238,0.12984054669703873,0.43601895734597157,0.13211845102505695
jm1,1,2,505,rf:oof_balanced_accuracy,0.19791666666666669,0.6619047619047619,0.32574031890660593,0.6587677725118484,0.3200455580865604
jm1,1,2,505,balanced_rf:default,0.5,0.5714285714285714,0.24031890660592256,0.5545023696682464,0.214123006833713
jm1,1,2,505,balanced_rf:oof_macro_f1,0.6021094933964655,0.4142857142857143,0.12870159453302962,0.3981042654028436,0.11047835990888383
jm1,1,2,505,balanced_rf:oof_balanced_accuracy,0.41166666666666674,0.6857142857142857,0.3530751708428246,0.6824644549763034,0.3428246013667426
jm1,1,3,101,unweighted_lr:default,0.5,0.1523809523809524,0.02164009111617312,0.0947867298578199,0.0193621867881549
jm1,1,3,101,unweighted_lr:oof_macro_f1,0.272254652332453,0.40476190476190477,0.10250569476082004,0.33649289099526064,0.1082004555808656
jm1,1,3,101,unweighted_lr:oof_balanced_accuracy,0.18572509956687197,0.6476190476190476,0.29271070615034167,0.6492890995260664,0.3097949886104784
jm1,1,3,101,weighted_lr:default,0.5,0.6333333333333333,0.2460136674259681,0.5876777251184834,0.2437357630979499
jm1,1,3,101,weighted_lr:oof_macro_f1,0.5818446419493635,0.4523809523809524,0.12984054669703873,0.3886255924170616,0.12870159453302962
jm1,1,3,101,weighted_lr:oof_balanced_accuracy,0.5019345183993422,0.6285714285714286,0.24259681093394078,0.5876777251184834,0.24259681093394078
jm1,1,3,101,rf:default,0.5,0.28095238095238095,0.03758542141230068,0.1990521327014218,0.02733485193621868
jm1,1,3,101,rf:oof_macro_f1,0.3269047619047619,0.5333333333333333,0.11958997722095673,0.4928909952606635,0.12870159453302962
jm1,1,3,101,rf:oof_balanced_accuracy,0.22916666666666669,0.7142857142857143,0.2539863325740319,0.6587677725118484,0.2608200455580866
jm1,1,3,101,balanced_rf:default,0.5,0.6190476190476191,0.20387243735763097,0.6113744075829384,0.21184510250569477
jm1,1,3,101,balanced_rf:oof_macro_f1,0.62,0.47619047619047616,0.10250569476082004,0.3696682464454976,0.09453302961275627
jm1,1,3,101,balanced_rf:oof_balanced_accuracy,0.4303179351486753,0.7285714285714285,0.2938496583143508,0.7345971563981043,0.2972665148063781
jm1,1,3,202,unweighted_lr:default,0.5,0.1523809523809524,0.02164009111617312,0.0947867298578199,0.0193621867881549
jm1,1,3,202,unweighted_lr:oof_macro_f1,0.272254652332453,0.40476190476190477,0.10250569476082004,0.33649289099526064,0.1082004555808656
jm1,1,3,202,unweighted_lr:oof_balanced_accuracy,0.18572509956687197,0.6476190476190476,0.29271070615034167,0.6492890995260664,0.3097949886104784
jm1,1,3,202,weighted_lr:default,0.5,0.6333333333333333,0.2460136674259681,0.5876777251184834,0.2437357630979499
jm1,1,3,202,weighted_lr:oof_macro_f1,0.5818446419493635,0.4523809523809524,0.12984054669703873,0.3886255924170616,0.12870159453302962
jm1,1,3,202,weighted_lr:oof_balanced_accuracy,0.5019345183993422,0.6285714285714286,0.24259681093394078,0.5876777251184834,0.24259681093394078
jm1,1,3,202,rf:default,0.5,0.319047619047619,0.03644646924829157,0.1990521327014218,0.02847380410022779
jm1,1,3,202,rf:oof_macro_f1,0.3183333333333333,0.5380952380952381,0.14464692482915717,0.4881516587677725,0.14123006833712984
jm1,1,3,202,rf:oof_balanced_accuracy,0.1768452380952381,0.7761904761904762,0.3564920273348519,0.7488151658767772,0.37699316628701596
jm1,1,3,202,balanced_rf:default,0.5,0.638095238095238,0.20387243735763097,0.5971563981042654,0.21184510250569477
jm1,1,3,202,balanced_rf:oof_macro_f1,0.5625000000000001,0.5714285714285714,0.13895216400911162,0.46445497630331756,0.13895216400911162
jm1,1,3,202,balanced_rf:oof_balanced_accuracy,0.4416666666666666,0.7047619047619048,0.28018223234624146,0.7014218009478673,0.29271070615034167
jm1,1,3,303,unweighted_lr:default,0.5,0.1523809523809524,0.02164009111617312,0.0947867298578199,0.0193621867881549
jm1,1,3,303,unweighted_lr:oof_macro_f1,0.272254652332453,0.40476190476190477,0.10250569476082004,0.33649289099526064,0.1082004555808656
jm1,1,3,303,unweighted_lr:oof_balanced_accuracy,0.18572509956687197,0.6476190476190476,0.29271070615034167,0.6492890995260664,0.3097949886104784
jm1,1,3,303,weighted_lr:default,0.5,0.6333333333333333,0.2460136674259681,0.5876777251184834,0.2437357630979499
jm1,1,3,303,weighted_lr:oof_macro_f1,0.5818446419493635,0.4523809523809524,0.12984054669703873,0.3886255924170616,0.12870159453302962
jm1,1,3,303,weighted_lr:oof_balanced_accuracy,0.5019345183993422,0.6285714285714286,0.24259681093394078,0.5876777251184834,0.24259681093394078
jm1,1,3,303,rf:default,0.5,0.2857142857142857,0.03986332574031891,0.1943127962085308,0.02619589977220957
jm1,1,3,303,rf:oof_macro_f1,0.3079166666666666,0.5285714285714286,0.15148063781321183,0.4928909952606635,0.14236902050113895
jm1,1,3,303,rf:oof_balanced_accuracy,0.2125,0.7095238095238096,0.2984054669703872,0.6966824644549763,0.29271070615034167
jm1,1,3,303,balanced_rf:default,0.5,0.638095238095238,0.2152619589977221,0.5876777251184834,0.224373576309795
jm1,1,3,303,balanced_rf:oof_macro_f1,0.5916666666666667,0.5,0.12072892938496584,0.46445497630331756,0.12072892938496584
jm1,1,3,303,balanced_rf:oof_balanced_accuracy,0.41666666666666663,0.7523809523809524,0.3359908883826879,0.7251184834123223,0.3325740318906606
jm1,1,3,404,unweighted_lr:default,0.5,0.1523809523809524,0.02164009111617312,0.0947867298578199,0.0193621867881549
jm1,1,3,404,unweighted_lr:oof_macro_f1,0.272254652332453,0.40476190476190477,0.10250569476082004,0.33649289099526064,0.1082004555808656
jm1,1,3,404,unweighted_lr:oof_balanced_accuracy,0.18572509956687197,0.6476190476190476,0.29271070615034167,0.6492890995260664,0.3097949886104784
jm1,1,3,404,weighted_lr:default,0.5,0.6333333333333333,0.2460136674259681,0.5876777251184834,0.2437357630979499
jm1,1,3,404,weighted_lr:oof_macro_f1,0.5818446419493635,0.4523809523809524,0.12984054669703873,0.3886255924170616,0.12870159453302962
jm1,1,3,404,weighted_lr:oof_balanced_accuracy,0.5019345183993422,0.6285714285714286,0.24259681093394078,0.5876777251184834,0.24259681093394078
jm1,1,3,404,rf:default,0.5,0.3238095238095238,0.04214123006833713,0.21800947867298578,0.03189066059225513
jm1,1,3,404,rf:oof_macro_f1,0.32260260982426303,0.5380952380952381,0.12984054669703873,0.4786729857819905,0.14123006833712984
jm1,1,3,404,rf:oof_balanced_accuracy,0.20375000000000001,0.7238095238095238,0.31776765375854216,0.6777251184834123,0.3132118451025057
jm1,1,3,404,balanced_rf:default,0.5,0.638095238095238,0.2164009111617312,0.5876777251184834,0.22095671981776766
jm1,1,3,404,balanced_rf:oof_macro_f1,0.6145766476674012,0.48095238095238096,0.09908883826879271,0.4075829383886256,0.10478359908883828
jm1,1,3,404,balanced_rf:oof_balanced_accuracy,0.4666666666666666,0.6904761904761905,0.2722095671981777,0.6445497630331753,0.26651480637813213
jm1,1,3,505,unweighted_lr:default,0.5,0.1523809523809524,0.02164009111617312,0.0947867298578199,0.0193621867881549
jm1,1,3,505,unweighted_lr:oof_macro_f1,0.272254652332453,0.40476190476190477,0.10250569476082004,0.33649289099526064,0.1082004555808656
jm1,1,3,505,unweighted_lr:oof_balanced_accuracy,0.18572509956687197,0.6476190476190476,0.29271070615034167,0.6492890995260664,0.3097949886104784
jm1,1,3,505,weighted_lr:default,0.5,0.6333333333333333,0.2460136674259681,0.5876777251184834,0.2437357630979499
jm1,1,3,505,weighted_lr:oof_macro_f1,0.5818446419493635,0.4523809523809524,0.12984054669703873,0.3886255924170616,0.12870159453302962
jm1,1,3,505,weighted_lr:oof_balanced_accuracy,0.5019345183993422,0.6285714285714286,0.24259681093394078,0.5876777251184834,0.24259681093394078
jm1,1,3,505,rf:default,0.5,0.3142857142857143,0.03986332574031891,0.20853080568720378,0.03416856492027335
jm1,1,3,505,rf:oof_macro_f1,0.315625,0.5380952380952381,0.14236902050113895,0.4976303317535545,0.1378132118451025
jm1,1,3,505,rf:oof_balanced_accuracy,0.23892857142857138,0.6714285714285714,0.2517084282460137,0.5971563981042654,0.2505694760820046
jm1,1,3,505,balanced_rf:default,0.5,0.680952380952381,0.19931662870159453,0.6398104265402843,0.214123006833713
jm1,1,3,505,balanced_rf:oof_macro_f1,0.5958333333333333,0.5380952380952381,0.11161731207289294,0.4265402843601896,0.12414578587699317
jm1,1,3,505,balanced_rf:oof_balanced_accuracy,0.4041666666666666,0.7571428571428571,0.36332574031890663,0.7677725118483413,0.35876993166287013
jm1,1,4,101,unweighted_lr:default,0.5,0.11374407582938388,0.019384264538198404,0.0947867298578199,0.017084282460136675
jm1,1,4,101,unweighted_lr:oof_macro_f1,0.23362852771878836,0.5071090047393365,0.15621436716077536,0.45023696682464454,0.1947608200455581
jm1,1,4,101,unweighted_lr:oof_balanced_accuracy,0.1924942971422587,0.6445497630331753,0.27936145952109465,0.5876777251184834,0.31890660592255127
jm1,1,4,101,weighted_lr:default,0.5,0.6255924170616114,0.26225769669327254,0.5876777251184834,0.30068337129840544
jm1,1,4,101,weighted_lr:oof_macro_f1,0.5612369031268791,0.5071090047393365,0.15279361459521096,0.44075829383886256,0.19134396355353075
jm1,1,4,101,weighted_lr:oof_balanced_accuracy,0.5041993482660528,0.6208530805687204,0.2542759407069555,0.5829383886255924,0.29271070615034167
jm1,1,4,101,rf:default,0.5,0.17061611374407584,0.03534777651083238,0.1990521327014218,0.05011389521640091
jm1,1,4,101,rf:oof_macro_f1,0.3141179387153964,0.46919431279620855,0.1345496009122007,0.46445497630331756,0.16856492027334852
jm1,1,4,101,rf:oof_balanced_accuracy,0.24074384357472595,0.6255924170616114,0.23033067274800456,0.5924170616113744,0.2744874715261959
jm1,1,4,101,balanced_rf:default,0.5,0.5639810426540285,0.20980615735461802,0.5497630331753555,0.23006833712984054
jm1,1,4,101,balanced_rf:oof_macro_f1,0.5898045987060675,0.4075829383886256,0.12200684150513112,0.4075829383886256,0.14009111617312073
jm1,1,4,101,balanced_rf:oof_balanced_accuracy,0.40249999999999997,0.7677725118483413,0.34891676168757124,0.7014218009478673,0.37585421412300685
jm1,1,4,202,unweighted_lr:default,0.5,0.11374407582938388,0.019384264538198404,0.0947867298578199,0.017084282460136675
jm1,1,4,202,unweighted_lr:oof_macro_f1,0.23362852771878836,0.5071090047393365,0.15621436716077536,0.45023696682464454,0.1947608200455581
jm1,1,4,202,unweighted_lr:oof_balanced_accuracy,0.1924942971422587,0.6445497630331753,0.27936145952109465,0.5876777251184834,0.31890660592255127
jm1,1,4,202,weighted_lr:default,0.5,0.6255924170616114,0.26225769669327254,0.5876777251184834,0.30068337129840544
jm1,1,4,202,weighted_lr:oof_macro_f1,0.5612369031268791,0.5071090047393365,0.15279361459521096,0.44075829383886256,0.19134396355353075
jm1,1,4,202,weighted_lr:oof_balanced_accuracy,0.5041993482660528,0.6208530805687204,0.2542759407069555,0.5829383886255924,0.29271070615034167
jm1,1,4,202,rf:default,0.5,0.1848341232227488,0.03420752565564424,0.1990521327014218,0.04555808656036447
jm1,1,4,202,rf:oof_macro_f1,0.3458333333333333,0.4218009478672986,0.11858608893956671,0.44075829383886256,0.13895216400911162
jm1,1,4,202,rf:oof_balanced_accuracy,0.22702514821581468,0.6729857819905213,0.2725199543899658,0.6161137440758294,0.296127562642369
jm1,1,4,202,balanced_rf:default,0.5,0.6066350710900474,0.20524515393386544,0.5876777251184834,0.24259681093394078
jm1,1,4,202,balanced_rf:oof_macro_f1,0.5874999999999999,0.45023696682464454,0.12200684150513112,0.41706161137440756,0.15945330296127563
jm1,1,4,202,balanced_rf:oof_balanced_accuracy,0.4895833333333333,0.6492890995260664,0.22576966932725198,0.6066350710900474,0.25740318906605925
jm1,1,4,303,unweighted_lr:default,0.5,0.11374407582938388,0.019384264538198404,0.0947867298578199,0.017084282460136675
jm1,1,4,303,unweighted_lr:oof_macro_f1,0.23362852771878836,0.5071090047393365,0.15621436716077536,0.45023696682464454,0.1947608200455581
jm1,1,4,303,unweighted_lr:oof_balanced_accuracy,0.1924942971422587,0.6445497630331753,0.27936145952109465,0.5876777251184834,0.31890660592255127
jm1,1,4,303,weighted_lr:default,0.5,0.6255924170616114,0.26225769669327254,0.5876777251184834,0.30068337129840544
jm1,1,4,303,weighted_lr:oof_macro_f1,0.5612369031268791,0.5071090047393365,0.15279361459521096,0.44075829383886256,0.19134396355353075
jm1,1,4,303,weighted_lr:oof_balanced_accuracy,0.5041993482660528,0.6208530805687204,0.2542759407069555,0.5829383886255924,0.29271070615034167
jm1,1,4,303,rf:default,0.5,0.17535545023696683,0.036488027366020526,0.1990521327014218,0.04328018223234624
jm1,1,4,303,rf:oof_macro_f1,0.33625,0.4834123222748815,0.11060433295324971,0.4075829383886256,0.14464692482915717
jm1,1,4,303,rf:oof_balanced_accuracy,0.23916666666666667,0.6398104265402843,0.24401368301026224,0.5829383886255924,0.25854214123006836
jm1,1,4,303,balanced_rf:default,0.5,0.5971563981042654,0.21892816419612315,0.5308056872037915,0.24943052391799544
jm1,1,4,303,balanced_rf:oof_macro_f1,0.5587476213292611,0.5023696682464455,0.1516533637400228,0.43601895734597157,0.17995444191343962
jm1,1,4,303,balanced_rf:oof_balanced_accuracy,0.3833333333333333,0.8151658767772512,0.40592930444697833,0.7251184834123223,0.4316628701594533
jm1,1,4,404,unweighted_lr:default,0.5,0.11374407582938388,0.019384264538198404,0.0947867298578199,0.017084282460136675
jm1,1,4,404,unweighted_lr:oof_macro_f1,0.23362852771878836,0.5071090047393365,0.15621436716077536,0.45023696682464454,0.1947608200455581
jm1,1,4,404,unweighted_lr:oof_balanced_accuracy,0.1924942971422587,0.6445497630331753,0.27936145952109465,0.5876777251184834,0.31890660592255127
jm1,1,4,404,weighted_lr:default,0.5,0.6255924170616114,0.26225769669327254,0.5876777251184834,0.30068337129840544
jm1,1,4,404,weighted_lr:oof_macro_f1,0.5612369031268791,0.5071090047393365,0.15279361459521096,0.44075829383886256,0.19134396355353075
jm1,1,4,404,weighted_lr:oof_balanced_accuracy,0.5041993482660528,0.6208530805687204,0.2542759407069555,0.5829383886255924,0.29271070615034167
jm1,1,4,404,rf:default,0.5,0.1895734597156398,0.043329532497149374,0.1990521327014218,0.04783599088838269
jm1,1,4,404,rf:oof_macro_f1,0.3283333333333333,0.4597156398104265,0.1345496009122007,0.4028436018957346,0.15148063781321183
jm1,1,4,404,rf:oof_balanced_accuracy,0.18083333333333335,0.7819905213270142,0.3614595210946408,0.7251184834123223,0.3804100227790433
jm1,1,4,404,balanced_rf:default,0.5,0.6303317535545023,0.2063854047890536,0.5497630331753555,0.224373576309795
jm1,1,4,404,balanced_rf:oof_macro_f1,0.6124999999999999,0.3981042654028436,0.09920182440136831,0.3459715639810427,0.13211845102505695
jm1,1,4,404,balanced_rf:oof_balanced_accuracy,0.43,0.7203791469194313,0.30672748004561,0.6492890995260664,0.3314350797266515
jm1,1,4,505,unweighted_lr:default,0.5,0.11374407582938388,0.019384264538198404,0.0947867298578199,0.017084282460136675
jm1,1,4,505,unweighted_lr:oof_macro_f1,0.23362852771878836,0.5071090047393365,0.15621436716077536,0.45023696682464454,0.1947608200455581
jm1,1,4,505,unweighted_lr:oof_balanced_accuracy,0.1924942971422587,0.6445497630331753,0.27936145952109465,0.5876777251184834,0.31890660592255127
jm1,1,4,505,weighted_lr:default,0.5,0.6255924170616114,0.26225769669327254,0.5876777251184834,0.30068337129840544
jm1,1,4,505,weighted_lr:oof_macro_f1,0.5612369031268791,0.5071090047393365,0.15279361459521096,0.44075829383886256,0.19134396355353075
jm1,1,4,505,weighted_lr:oof_balanced_accuracy,0.5041993482660528,0.6208530805687204,0.2542759407069555,0.5829383886255924,0.29271070615034167
jm1,1,4,505,rf:default,0.5,0.14691943127962084,0.04446978335233751,0.22748815165876776,0.04669703872437358
jm1,1,4,505,rf:oof_macro_f1,0.3470833333333333,0.41232227488151657,0.09920182440136831,0.4028436018957346,0.12984054669703873
jm1,1,4,505,rf:oof_balanced_accuracy,0.23436624649859944,0.6540284360189573,0.2394526795895097,0.6018957345971564,0.29157175398633256
jm1,1,4,505,balanced_rf:default,0.5,0.6208530805687204,0.2120866590649943,0.5639810426540285,0.24943052391799544
jm1,1,4,505,balanced_rf:oof_macro_f1,0.5916666666666667,0.44075829383886256,0.11858608893956671,0.44549763033175355,0.1492027334851936
jm1,1,4,505,balanced_rf:oof_balanced_accuracy,0.42874999999999996,0.7535545023696683,0.30786773090079816,0.6777251184834123,0.3542141230068337
jm1,2,0,101,unweighted_lr:default,0.5,0.12380952380952381,0.018223234624145785,0.08530805687203792,0.023917995444191344
jm1,2,0,101,unweighted_lr:oof_macro_f1,0.26301176788917074,0.36666666666666664,0.11503416856492027,0.3696682464454976,0.11275626423690205
jm1,2,0,101,unweighted_lr:oof_balanced_accuracy,0.18485701079501507,0.5952380952380952,0.3246013667425968,0.6587677725118484,0.3120728929384966
jm1,2,0,101,weighted_lr:default,0.5,0.5380952380952381,0.25626423690205014,0.6303317535545023,0.265375854214123
jm1,2,0,101,weighted_lr:oof_macro_f1,0.5625645323499981,0.43333333333333335,0.1480637813211845,0.46919431279620855,0.15945330296127563
jm1,2,0,101,weighted_lr:oof_balanced_accuracy,0.47544911532517004,0.5904761904761905,0.31890660592255127,0.6492890995260664,0.30751708428246016
jm1,2,0,101,rf:default,0.5,0.24761904761904763,0.025056947608200455,0.1990521327014218,0.05239179954441914
jm1,2,0,101,rf:oof_macro_f1,0.3370833333333333,0.4523809523809524,0.11047835990888383,0.41232227488151657,0.13439635535307518
jm1,2,0,101,rf:oof_balanced_accuracy,0.2114583333333333,0.6761904761904762,0.30296127562642367,0.6777251184834123,0.29157175398633256
jm1,2,0,101,balanced_rf:default,0.5,0.5666666666666667,0.20842824601366744,0.5971563981042654,0.22323462414578588
jm1,2,0,101,balanced_rf:oof_macro_f1,0.5928686988524114,0.4380952380952381,0.11731207289293849,0.45023696682464454,0.13553530751708429
jm1,2,0,101,balanced_rf:oof_balanced_accuracy,0.4833333333333334,0.580952380952381,0.23006833712984054,0.6255924170616114,0.24031890660592256
jm1,2,0,202,unweighted_lr:default,0.5,0.12380952380952381,0.018223234624145785,0.08530805687203792,0.023917995444191344
jm1,2,0,202,unweighted_lr:oof_macro_f1,0.26301176788917074,0.36666666666666664,0.11503416856492027,0.3696682464454976,0.11275626423690205
jm1,2,0,202,unweighted_lr:oof_balanced_accuracy,0.18485701079501507,0.5952380952380952,0.3246013667425968,0.6587677725118484,0.3120728929384966
jm1,2,0,202,weighted_lr:default,0.5,0.5380952380952381,0.25626423690205014,0.6303317535545023,0.265375854214123
jm1,2,0,202,weighted_lr:oof_macro_f1,0.5625645323499981,0.43333333333333335,0.1480637813211845,0.46919431279620855,0.15945330296127563
jm1,2,0,202,weighted_lr:oof_balanced_accuracy,0.47544911532517004,0.5904761904761905,0.31890660592255127,0.6492890995260664,0.30751708428246016
jm1,2,0,202,rf:default,0.5,0.2571428571428571,0.03644646924829157,0.2037914691943128,0.04555808656036447
jm1,2,0,202,rf:oof_macro_f1,0.32726190476190486,0.47619047619047616,0.14578587699316628,0.45023696682464454,0.1275626423690205
jm1,2,0,202,rf:oof_balanced_accuracy,0.19958333333333333,0.7,0.3211845102505695,0.7203791469194313,0.3211845102505695
jm1,2,0,202,balanced_rf:default,0.5,0.5952380952380952,0.20956719817767655,0.5781990521327014,0.22779043280182232
jm1,2,0,202,balanced_rf:oof_macro_f1,0.5991666666666667,0.44285714285714284,0.11503416856492027,0.4218009478672986,0.12870159453302962
jm1,2,0,202,balanced_rf:oof_balanced_accuracy,0.38953211444651925,0.7523809523809524,0.3906605922551253,0.7345971563981043,0.36446469248291574
jm1,2,0,303,unweighted_lr:default,0.5,0.12380952380952381,0.018223234624145785,0.08530805687203792,0.023917995444191344
jm1,2,0,303,unweighted_lr:oof_macro_f1,0.26301176788917074,0.36666666666666664,0.11503416856492027,0.3696682464454976,0.11275626423690205
jm1,2,0,303,unweighted_lr:oof_balanced_accuracy,0.18485701079501507,0.5952380952380952,0.3246013667425968,0.6587677725118484,0.3120728929384966
jm1,2,0,303,weighted_lr:default,0.5,0.5380952380952381,0.25626423690205014,0.6303317535545023,0.265375854214123
jm1,2,0,303,weighted_lr:oof_macro_f1,0.5625645323499981,0.43333333333333335,0.1480637813211845,0.46919431279620855,0.15945330296127563
jm1,2,0,303,weighted_lr:oof_balanced_accuracy,0.47544911532517004,0.5904761904761905,0.31890660592255127,0.6492890995260664,0.30751708428246016
jm1,2,0,303,rf:default,0.5,0.23809523809523808,0.03189066059225513,0.1990521327014218,0.04555808656036447
jm1,2,0,303,rf:oof_macro_f1,0.3266666666666666,0.44761904761904764,0.13553530751708429,0.44549763033175355,0.13895216400911162
jm1,2,0,303,rf:oof_balanced_accuracy,0.20791666666666667,0.6857142857142857,0.2949886104783599,0.6729857819905213,0.29157175398633256
jm1,2,0,303,balanced_rf:default,0.5,0.5952380952380952,0.2152619589977221,0.6066350710900474,0.22095671981776766
jm1,2,0,303,balanced_rf:oof_macro_f1,0.5621092132505178,0.5285714285714286,0.14350797266514806,0.4976303317535545,0.15034168564920272
jm1,2,0,303,balanced_rf:oof_balanced_accuracy,0.4677083333333334,0.6190476190476191,0.27107061503416857,0.6682464454976303,0.25968109339407747
jm1,2,0,404,unweighted_lr:default,0.5,0.12380952380952381,0.018223234624145785,0.08530805687203792,0.023917995444191344
jm1,2,0,404,unweighted_lr:oof_macro_f1,0.26301176788917074,0.36666666666666664,0.11503416856492027,0.3696682464454976,0.11275626423690205
jm1,2,0,404,unweighted_lr:oof_balanced_accuracy,0.18485701079501507,0.5952380952380952,0.3246013667425968,0.6587677725118484,0.3120728929384966
jm1,2,0,404,weighted_lr:default,0.5,0.5380952380952381,0.25626423690205014,0.6303317535545023,0.265375854214123
jm1,2,0,404,weighted_lr:oof_macro_f1,0.5625645323499981,0.43333333333333335,0.1480637813211845,0.46919431279620855,0.15945330296127563
jm1,2,0,404,weighted_lr:oof_balanced_accuracy,0.47544911532517004,0.5904761904761905,0.31890660592255127,0.6492890995260664,0.30751708428246016
jm1,2,0,404,rf:default,0.5,0.24285714285714285,0.03302961275626424,0.2037914691943128,0.05011389521640091
jm1,2,0,404,rf:oof_macro_f1,0.3108333333333334,0.48095238095238096,0.14236902050113895,0.5023696682464455,0.1662870159453303
jm1,2,0,404,rf:oof_balanced_accuracy,0.22208333333333335,0.6428571428571429,0.27904328018223234,0.6587677725118484,0.27107061503416857
jm1,2,0,404,balanced_rf:default,0.5,0.5857142857142857,0.21070615034168566,0.6066350710900474,0.21753986332574032
jm1,2,0,404,balanced_rf:oof_macro_f1,0.5700344940853829,0.47619047619047616,0.12870159453302962,0.4786729857819905,0.15375854214123008
jm1,2,0,404,balanced_rf:oof_balanced_accuracy,0.44993168023256896,0.6952380952380952,0.28815489749430523,0.6635071090047393,0.2835990888382688
jm1,2,0,505,unweighted_lr:default,0.5,0.12380952380952381,0.018223234624145785,0.08530805687203792,0.023917995444191344
jm1,2,0,505,unweighted_lr:oof_macro_f1,0.26301176788917074,0.36666666666666664,0.11503416856492027,0.3696682464454976,0.11275626423690205
jm1,2,0,505,unweighted_lr:oof_balanced_accuracy,0.18485701079501507,0.5952380952380952,0.3246013667425968,0.6587677725118484,0.3120728929384966
jm1,2,0,505,weighted_lr:default,0.5,0.5380952380952381,0.25626423690205014,0.6303317535545023,0.265375854214123
jm1,2,0,505,weighted_lr:oof_macro_f1,0.5625645323499981,0.43333333333333335,0.1480637813211845,0.46919431279620855,0.15945330296127563
jm1,2,0,505,weighted_lr:oof_balanced_accuracy,0.47544911532517004,0.5904761904761905,0.31890660592255127,0.6492890995260664,0.30751708428246016
jm1,2,0,505,rf:default,0.5,0.2571428571428571,0.030751708428246014,0.2037914691943128,0.04441913439635535
jm1,2,0,505,rf:oof_macro_f1,0.32291666666666663,0.4857142857142857,0.1378132118451025,0.4834123222748815,0.15831435079726652
jm1,2,0,505,rf:oof_balanced_accuracy,0.21916666666666665,0.6333333333333333,0.285876993166287,0.6682464454976303,0.2938496583143508
jm1,2,0,505,balanced_rf:default,0.5,0.6,0.21753986332574032,0.5734597156398105,0.23348519362186787
jm1,2,0,505,balanced_rf:oof_macro_f1,0.5666666666666668,0.5047619047619047,0.14464692482915717,0.47393364928909953,0.15375854214123008
jm1,2,0,505,balanced_rf:oof_balanced_accuracy,0.44875,0.6714285714285714,0.2938496583143508,0.6540284360189573,0.30068337129840544
jm1,2,1,101,unweighted_lr:default,0.5,0.14285714285714285,0.02619589977220957,0.13270142180094788,0.02164009111617312
jm1,2,1,101,unweighted_lr:oof_macro_f1,0.2332592179674375,0.4857142857142857,0.15831435079726652,0.44075829383886256,0.18109339407744876
jm1,2,1,101,unweighted_lr:oof_balanced_accuracy,0.1900573495365995,0.6190476190476191,0.26651480637813213,0.5829383886255924,0.30182232346241455
jm1,2,1,101,weighted_lr:default,0.5,0.5761904761904761,0.2357630979498861,0.5592417061611374,0.27107061503416857
jm1,2,1,101,weighted_lr:oof_macro_f1,0.5595025495132885,0.4857142857142857,0.15375854214123008,0.44075829383886256,0.17425968109339407
jm1,2,1,101,weighted_lr:oof_balanced_accuracy,0.48267265260460507,0.6285714285714286,0.2733485193621868,0.5971563981042654,0.3052391799544419
jm1,2,1,101,rf:default,0.5,0.20952380952380953,0.03758542141230068,0.24644549763033174,0.05011389521640091
jm1,2,1,101,rf:oof_macro_f1,0.3461309523809524,0.4380952380952381,0.10478359908883828,0.45023696682464454,0.1275626423690205
jm1,2,1,101,rf:oof_balanced_accuracy,0.23785714285714285,0.6333333333333333,0.23348519362186787,0.6208530805687204,0.2847380410022779
jm1,2,1,101,balanced_rf:default,0.5,0.6047619047619047,0.20956719817767655,0.5971563981042654,0.23804100227790434
jm1,2,1,101,balanced_rf:oof_macro_f1,0.5638888888888889,0.5,0.1492027334851936,0.4928909952606635,0.1674259681093394
jm1,2,1,101,balanced_rf:oof_balanced_accuracy,0.4416666666666667,0.680952380952381,0.2870159453302961,0.6729857819905213,0.32574031890660593
jm1,2,1,202,unweighted_lr:default,0.5,0.14285714285714285,0.02619589977220957,0.13270142180094788,0.02164009111617312
jm1,2,1,202,unweighted_lr:oof_macro_f1,0.2332592179674375,0.4857142857142857,0.15831435079726652,0.44075829383886256,0.18109339407744876
jm1,2,1,202,unweighted_lr:oof_balanced_accuracy,0.1900573495365995,0.6190476190476191,0.26651480637813213,0.5829383886255924,0.30182232346241455
jm1,2,1,202,weighted_lr:default,0.5,0.5761904761904761,0.2357630979498861,0.5592417061611374,0.27107061503416857
jm1,2,1,202,weighted_lr:oof_macro_f1,0.5595025495132885,0.4857142857142857,0.15375854214123008,0.44075829383886256,0.17425968109339407
jm1,2,1,202,weighted_lr:oof_balanced_accuracy,0.48267265260460507,0.6285714285714286,0.2733485193621868,0.5971563981042654,0.3052391799544419
jm1,2,1,202,rf:default,0.5,0.23333333333333334,0.03644646924829157,0.2132701421800948,0.04555808656036447
jm1,2,1,202,rf:oof_macro_f1,0.3545037820366768,0.38571428571428573,0.09567198177676538,0.4265402843601896,0.14009111617312073
jm1,2,1,202,rf:oof_balanced_accuracy,0.21242892701656854,0.680952380952381,0.28018223234624146,0.6919431279620853,0.3246013667425968
jm1,2,1,202,balanced_rf:default,0.5,0.6142857142857143,0.20159453302961275,0.5924170616113744,0.22779043280182232
jm1,2,1,202,balanced_rf:oof_macro_f1,0.5620833333333334,0.5190476190476191,0.14350797266514806,0.5071090047393365,0.16970387243735763
jm1,2,1,202,balanced_rf:oof_balanced_accuracy,0.45666666666666667,0.6571428571428571,0.25626423690205014,0.6777251184834123,0.2938496583143508
jm1,2,1,303,unweighted_lr:default,0.5,0.14285714285714285,0.02619589977220957,0.13270142180094788,0.02164009111617312
jm1,2,1,303,unweighted_lr:oof_macro_f1,0.2332592179674375,0.4857142857142857,0.15831435079726652,0.44075829383886256,0.18109339407744876
jm1,2,1,303,unweighted_lr:oof_balanced_accuracy,0.1900573495365995,0.6190476190476191,0.26651480637813213,0.5829383886255924,0.30182232346241455
jm1,2,1,303,weighted_lr:default,0.5,0.5761904761904761,0.2357630979498861,0.5592417061611374,0.27107061503416857
jm1,2,1,303,weighted_lr:oof_macro_f1,0.5595025495132885,0.4857142857142857,0.15375854214123008,0.44075829383886256,0.17425968109339407
jm1,2,1,303,weighted_lr:oof_balanced_accuracy,0.48267265260460507,0.6285714285714286,0.2733485193621868,0.5971563981042654,0.3052391799544419
jm1,2,1,303,rf:default,0.5,0.22380952380952382,0.03644646924829157,0.2559241706161137,0.04555808656036447
jm1,2,1,303,rf:oof_macro_f1,0.32573717948717945,0.4857142857142857,0.12984054669703873,0.4786729857819905,0.15034168564920272
jm1,2,1,303,rf:oof_balanced_accuracy,0.21020833333333327,0.680952380952381,0.29157175398633256,0.6682464454976303,0.31776765375854216
jm1,2,1,303,balanced_rf:default,0.5,0.5952380952380952,0.2072892938496583,0.5876777251184834,0.23804100227790434
jm1,2,1,303,balanced_rf:oof_macro_f1,0.5699113754399628,0.4666666666666667,0.13553530751708429,0.47393364928909953,0.15831435079726652
jm1,2,1,303,balanced_rf:oof_balanced_accuracy,0.4458333333333333,0.680952380952381,0.27790432801822323,0.6919431279620853,0.30637813211845105
jm1,2,1,404,unweighted_lr:default,0.5,0.14285714285714285,0.02619589977220957,0.13270142180094788,0.02164009111617312
jm1,2,1,404,unweighted_lr:oof_macro_f1,0.2332592179674375,0.4857142857142857,0.15831435079726652,0.44075829383886256,0.18109339407744876
jm1,2,1,404,unweighted_lr:oof_balanced_accuracy,0.1900573495365995,0.6190476190476191,0.26651480637813213,0.5829383886255924,0.30182232346241455
jm1,2,1,404,weighted_lr:default,0.5,0.5761904761904761,0.2357630979498861,0.5592417061611374,0.27107061503416857
jm1,2,1,404,weighted_lr:oof_macro_f1,0.5595025495132885,0.4857142857142857,0.15375854214123008,0.44075829383886256,0.17425968109339407
jm1,2,1,404,weighted_lr:oof_balanced_accuracy,0.48267265260460507,0.6285714285714286,0.2733485193621868,0.5971563981042654,0.3052391799544419
jm1,2,1,404,rf:default,0.5,0.24285714285714285,0.03644646924829157,0.2132701421800948,0.04783599088838269
jm1,2,1,404,rf:oof_macro_f1,0.33749999999999997,0.45714285714285713,0.11503416856492027,0.43601895734597157,0.1378132118451025
jm1,2,1,404,rf:oof_balanced_accuracy,0.19245713452289478,0.719047619047619,0.31662870159453305,0.7156398104265402,0.3701594533029613
jm1,2,1,404,balanced_rf:default,0.5,0.6,0.20956719817767655,0.6113744075829384,0.244874715261959
jm1,2,1,404,balanced_rf:oof_macro_f1,0.5916666666666667,0.4714285714285714,0.12414578587699317,0.4549763033175355,0.1469248291571754
jm1,2,1,404,balanced_rf:oof_balanced_accuracy,0.4366666666666667,0.6952380952380952,0.2972665148063781,0.7156398104265402,0.33029612756264237
jm1,2,1,505,unweighted_lr:default,0.5,0.14285714285714285,0.02619589977220957,0.13270142180094788,0.02164009111617312
jm1,2,1,505,unweighted_lr:oof_macro_f1,0.2332592179674375,0.4857142857142857,0.15831435079726652,0.44075829383886256,0.18109339407744876
jm1,2,1,505,unweighted_lr:oof_balanced_accuracy,0.1900573495365995,0.6190476190476191,0.26651480637813213,0.5829383886255924,0.30182232346241455
jm1,2,1,505,weighted_lr:default,0.5,0.5761904761904761,0.2357630979498861,0.5592417061611374,0.27107061503416857
jm1,2,1,505,weighted_lr:oof_macro_f1,0.5595025495132885,0.4857142857142857,0.15375854214123008,0.44075829383886256,0.17425968109339407
jm1,2,1,505,weighted_lr:oof_balanced_accuracy,0.48267265260460507,0.6285714285714286,0.2733485193621868,0.5971563981042654,0.3052391799544419
jm1,2,1,505,rf:default,0.5,0.22857142857142856,0.0387243735763098,0.24644549763033174,0.04214123006833713
jm1,2,1,505,rf:oof_macro_f1,0.35520833333333335,0.4142857142857143,0.10136674259681093,0.4312796208530806,0.12984054669703873
jm1,2,1,505,rf:oof_balanced_accuracy,0.2229166666666667,0.6857142857142857,0.2528473804100228,0.6872037914691943,0.3097949886104784
jm1,2,1,505,balanced_rf:default,0.5,0.580952380952381,0.20956719817767655,0.5971563981042654,0.24259681093394078
jm1,2,1,505,balanced_rf:oof_macro_f1,0.5469848111658456,0.5190476190476191,0.15261958997722094,0.5402843601895735,0.1856492027334852
jm1,2,1,505,balanced_rf:oof_balanced_accuracy,0.42499999999999993,0.7047619047619048,0.30068337129840544,0.7298578199052133,0.357630979498861
jm1,2,2,101,unweighted_lr:default,0.5,0.09047619047619047,0.012528473804100227,0.11848341232227488,0.02050113895216401
jm1,2,2,101,unweighted_lr:oof_macro_f1,0.2394490472227164,0.42857142857142855,0.15375854214123008,0.44549763033175355,0.15831435079726652
jm1,2,2,101,unweighted_lr:oof_balanced_accuracy,0.1902536897112328,0.6142857142857143,0.29157175398633256,0.5876777251184834,0.30637813211845105
jm1,2,2,101,weighted_lr:default,0.5,0.5714285714285714,0.2630979498861048,0.5545023696682464,0.275626423690205
jm1,2,2,101,weighted_lr:oof_macro_f1,0.5737194408048306,0.4142857142857143,0.1469248291571754,0.4218009478672986,0.1560364464692483
jm1,2,2,101,weighted_lr:oof_balanced_accuracy,0.4931609051813836,0.5857142857142857,0.2744874715261959,0.5734597156398105,0.29043280182232345
jm1,2,2,101,rf:default,0.5,0.22380952380952382,0.03644646924829157,0.17061611374407584,0.03530751708428246
jm1,2,2,101,rf:oof_macro_f1,0.33583236531713645,0.46190476190476193,0.13553530751708429,0.3933649289099526,0.1264236902050114
jm1,2,2,101,rf:oof_balanced_accuracy,0.18611111111111112,0.6904761904761905,0.35193621867881547,0.6919431279620853,0.3690205011389522
jm1,2,2,101,balanced_rf:default,0.5,0.5476190476190477,0.22779043280182232,0.5308056872037915,0.22323462414578588
jm1,2,2,101,balanced_rf:oof_macro_f1,0.6,0.4,0.12984054669703873,0.38388625592417064,0.10933940774487472
jm1,2,2,101,balanced_rf:oof_balanced_accuracy,0.4264583333333333,0.6428571428571429,0.33029612756264237,0.6635071090047393,0.3325740318906606
jm1,2,2,202,unweighted_lr:default,0.5,0.09047619047619047,0.012528473804100227,0.11848341232227488,0.02050113895216401
jm1,2,2,202,unweighted_lr:oof_macro_f1,0.2394490472227164,0.42857142857142855,0.15375854214123008,0.44549763033175355,0.15831435079726652
jm1,2,2,202,unweighted_lr:oof_balanced_accuracy,0.1902536897112328,0.6142857142857143,0.29157175398633256,0.5876777251184834,0.30637813211845105
jm1,2,2,202,weighted_lr:default,0.5,0.5714285714285714,0.2630979498861048,0.5545023696682464,0.275626423690205
jm1,2,2,202,weighted_lr:oof_macro_f1,0.5737194408048306,0.4142857142857143,0.1469248291571754,0.4218009478672986,0.1560364464692483
jm1,2,2,202,weighted_lr:oof_balanced_accuracy,0.4931609051813836,0.5857142857142857,0.2744874715261959,0.5734597156398105,0.29043280182232345
jm1,2,2,202,rf:default,0.5,0.20476190476190476,0.04100227790432802,0.1848341232227488,0.03189066059225513
jm1,2,2,202,rf:oof_macro_f1,0.3369642857142857,0.40476190476190477,0.12870159453302962,0.4028436018957346,0.12300683371298406
jm1,2,2,202,rf:oof_balanced_accuracy,0.15776901445330252,0.7285714285714285,0.41116173120728927,0.7440758293838863,0.43735763097949887
jm1,2,2,202,balanced_rf:default,0.5,0.5476190476190477,0.23120728929384965,0.5592417061611374,0.23804100227790434
jm1,2,2,202,balanced_rf:oof_macro_f1,0.5925,0.41904761904761906,0.12984054669703873,0.4265402843601896,0.12870159453302962
jm1,2,2,202,balanced_rf:oof_balanced_accuracy,0.4075000000000001,0.7095238095238096,0.3690205011389522,0.7014218009478673,0.35990888382687924
jm1,2,2,303,unweighted_lr:default,0.5,0.09047619047619047,0.012528473804100227,0.11848341232227488,0.02050113895216401
jm1,2,2,303,unweighted_lr:oof_macro_f1,0.2394490472227164,0.42857142857142855,0.15375854214123008,0.44549763033175355,0.15831435079726652
jm1,2,2,303,unweighted_lr:oof_balanced_accuracy,0.1902536897112328,0.6142857142857143,0.29157175398633256,0.5876777251184834,0.30637813211845105
jm1,2,2,303,weighted_lr:default,0.5,0.5714285714285714,0.2630979498861048,0.5545023696682464,0.275626423690205
jm1,2,2,303,weighted_lr:oof_macro_f1,0.5737194408048306,0.4142857142857143,0.1469248291571754,0.4218009478672986,0.1560364464692483
jm1,2,2,303,weighted_lr:oof_balanced_accuracy,0.4931609051813836,0.5857142857142857,0.2744874715261959,0.5734597156398105,0.29043280182232345
jm1,2,2,303,rf:default,0.5,0.22380952380952382,0.029612756264236904,0.2132701421800948,0.02733485193621868
jm1,2,2,303,rf:oof_macro_f1,0.3179166666666667,0.43333333333333335,0.15148063781321183,0.44075829383886256,0.15375854214123008
jm1,2,2,303,rf:oof_balanced_accuracy,0.19486344537815126,0.6952380952380952,0.34738041002277903,0.6872037914691943,0.3553530751708428
jm1,2,2,303,balanced_rf:default,0.5,0.5761904761904761,0.23006833712984054,0.5355450236966824,0.22095671981776766
jm1,2,2,303,balanced_rf:oof_macro_f1,0.5812499999999999,0.4238095238095238,0.1378132118451025,0.3933649289099526,0.12072892938496584
jm1,2,2,303,balanced_rf:oof_balanced_accuracy,0.44708333333333333,0.6571428571428571,0.3052391799544419,0.6350710900473934,0.2984054669703872
jm1,2,2,404,unweighted_lr:default,0.5,0.09047619047619047,0.012528473804100227,0.11848341232227488,0.02050113895216401
jm1,2,2,404,unweighted_lr:oof_macro_f1,0.2394490472227164,0.42857142857142855,0.15375854214123008,0.44549763033175355,0.15831435079726652
jm1,2,2,404,unweighted_lr:oof_balanced_accuracy,0.1902536897112328,0.6142857142857143,0.29157175398633256,0.5876777251184834,0.30637813211845105
jm1,2,2,404,weighted_lr:default,0.5,0.5714285714285714,0.2630979498861048,0.5545023696682464,0.275626423690205
jm1,2,2,404,weighted_lr:oof_macro_f1,0.5737194408048306,0.4142857142857143,0.1469248291571754,0.4218009478672986,0.1560364464692483
jm1,2,2,404,weighted_lr:oof_balanced_accuracy,0.4931609051813836,0.5857142857142857,0.2744874715261959,0.5734597156398105,0.29043280182232345
jm1,2,2,404,rf:default,0.5,0.1619047619047619,0.03530751708428246,0.1895734597156398,0.0387243735763098
jm1,2,2,404,rf:oof_macro_f1,0.34101190476190474,0.4523809523809524,0.14009111617312073,0.36492890995260663,0.1252847380410023
jm1,2,2,404,rf:oof_balanced_accuracy,0.1855952380952381,0.6619047619047619,0.3621867881548975,0.6635071090047393,0.36104783599088835
jm1,2,2,404,balanced_rf:default,0.5,0.5952380952380952,0.23690205011389523,0.5545023696682464,0.214123006833713
jm1,2,2,404,balanced_rf:oof_macro_f1,0.5791666666666667,0.44761904761904764,0.14350797266514806,0.41232227488151657,0.12984054669703873
jm1,2,2,404,balanced_rf:oof_balanced_accuracy,0.4416666666666666,0.6857142857142857,0.31548974943052394,0.6445497630331753,0.3143507972665148
jm1,2,2,505,unweighted_lr:default,0.5,0.09047619047619047,0.012528473804100227,0.11848341232227488,0.02050113895216401
jm1,2,2,505,unweighted_lr:oof_macro_f1,0.2394490472227164,0.42857142857142855,0.15375854214123008,0.44549763033175355,0.15831435079726652
jm1,2,2,505,unweighted_lr:oof_balanced_accuracy,0.1902536897112328,0.6142857142857143,0.29157175398633256,0.5876777251184834,0.30637813211845105
jm1,2,2,505,weighted_lr:default,0.5,0.5714285714285714,0.2630979498861048,0.5545023696682464,0.275626423690205
jm1,2,2,505,weighted_lr:oof_macro_f1,0.5737194408048306,0.4142857142857143,0.1469248291571754,0.4218009478672986,0.1560364464692483
jm1,2,2,505,weighted_lr:oof_balanced_accuracy,0.4931609051813836,0.5857142857142857,0.2744874715261959,0.5734597156398105,0.29043280182232345
jm1,2,2,505,rf:default,0.5,0.21428571428571427,0.03416856492027335,0.1943127962085308,0.03189066059225513
jm1,2,2,505,rf:oof_macro_f1,0.3400409448844872,0.4142857142857143,0.12984054669703873,0.41706161137440756,0.11958997722095673
jm1,2,2,505,rf:oof_balanced_accuracy,0.21166666666666667,0.6095238095238096,0.3120728929384966,0.6492890995260664,0.3325740318906606
jm1,2,2,505,balanced_rf:default,0.5,0.5476190476190477,0.23234624145785876,0.5639810426540285,0.2266514806378132
jm1,2,2,505,balanced_rf:oof_macro_f1,0.5708333333333334,0.41904761904761906,0.15375854214123008,0.4218009478672986,0.13553530751708429
jm1,2,2,505,balanced_rf:oof_balanced_accuracy,0.4583333333333333,0.6523809523809524,0.3041002277904328,0.6208530805687204,0.2847380410022779
jm1,2,3,101,unweighted_lr:default,0.5,0.08095238095238096,0.018223234624145785,0.11374407582938388,0.017084282460136675
jm1,2,3,101,unweighted_lr:oof_macro_f1,0.23389960915470404,0.4142857142857143,0.17539863325740318,0.46445497630331756,0.1492027334851936
jm1,2,3,101,unweighted_lr:oof_balanced_accuracy,0.1828918419997795,0.6190476190476191,0.3439635535307517,0.6635071090047393,0.30751708428246016
jm1,2,3,101,weighted_lr:default,0.5,0.5571428571428572,0.2722095671981777,0.6208530805687204,0.24715261958997722
jm1,2,3,101,weighted_lr:oof_macro_f1,0.5675184021622299,0.3952380952380952,0.1674259681093394,0.4312796208530806,0.13439635535307518
jm1,2,3,101,weighted_lr:oof_balanced_accuracy,0.5065009608805048,0.5333333333333333,0.2539863325740319,0.6066350710900474,0.23120728929384965
jm1,2,3,101,rf:default,0.5,0.24761904761904763,0.03986332574031891,0.25118483412322273,0.03530751708428246
jm1,2,3,101,rf:oof_macro_f1,0.3341492572166298,0.4142857142857143,0.14350797266514806,0.4786729857819905,0.11958997722095673
jm1,2,3,101,rf:oof_balanced_accuracy,0.234375,0.5666666666666667,0.265375854214123,0.6777251184834123,0.23690205011389523
jm1,2,3,101,balanced_rf:default,0.5,0.5238095238095238,0.24031890660592256,0.6540284360189573,0.22095671981776766
jm1,2,3,101,balanced_rf:oof_macro_f1,0.5833333333333334,0.40476190476190477,0.14123006833712984,0.5023696682464455,0.12186788154897495
jm1,2,3,101,balanced_rf:oof_balanced_accuracy,0.4104166666666666,0.6476190476190476,0.357630979498861,0.7725118483412322,0.35079726651480636
jm1,2,3,202,unweighted_lr:default,0.5,0.08095238095238096,0.018223234624145785,0.11374407582938388,0.017084282460136675
jm1,2,3,202,unweighted_lr:oof_macro_f1,0.23389960915470404,0.4142857142857143,0.17539863325740318,0.46445497630331756,0.1492027334851936
jm1,2,3,202,unweighted_lr:oof_balanced_accuracy,0.1828918419997795,0.6190476190476191,0.3439635535307517,0.6635071090047393,0.30751708428246016
jm1,2,3,202,weighted_lr:default,0.5,0.5571428571428572,0.2722095671981777,0.6208530805687204,0.24715261958997722
jm1,2,3,202,weighted_lr:oof_macro_f1,0.5675184021622299,0.3952380952380952,0.1674259681093394,0.4312796208530806,0.13439635535307518
jm1,2,3,202,weighted_lr:oof_balanced_accuracy,0.5065009608805048,0.5333333333333333,0.2539863325740319,0.6066350710900474,0.23120728929384965
jm1,2,3,202,rf:default,0.5,0.22857142857142856,0.0387243735763098,0.26540284360189575,0.03302961275626424
jm1,2,3,202,rf:oof_macro_f1,0.34570325276019853,0.38571428571428573,0.12186788154897495,0.5023696682464455,0.10592255125284739
jm1,2,3,202,rf:oof_balanced_accuracy,0.21166666666666667,0.6190476190476191,0.2984054669703872,0.7203791469194313,0.2835990888382688
jm1,2,3,202,balanced_rf:default,0.5,0.5333333333333333,0.2266514806378132,0.6445497630331753,0.2255125284738041
jm1,2,3,202,balanced_rf:oof_macro_f1,0.6,0.4142857142857143,0.11845102505694761,0.45023696682464454,0.11845102505694761
jm1,2,3,202,balanced_rf:oof_balanced_accuracy,0.45833333333333337,0.5904761904761905,0.27904328018223234,0.6872037914691943,0.2767653758542141
jm1,2,3,303,unweighted_lr:default,0.5,0.08095238095238096,0.018223234624145785,0.11374407582938388,0.017084282460136675
jm1,2,3,303,unweighted_lr:oof_macro_f1,0.23389960915470404,0.4142857142857143,0.17539863325740318,0.46445497630331756,0.1492027334851936
jm1,2,3,303,unweighted_lr:oof_balanced_accuracy,0.1828918419997795,0.6190476190476191,0.3439635535307517,0.6635071090047393,0.30751708428246016
jm1,2,3,303,weighted_lr:default,0.5,0.5571428571428572,0.2722095671981777,0.6208530805687204,0.24715261958997722
jm1,2,3,303,weighted_lr:oof_macro_f1,0.5675184021622299,0.3952380952380952,0.1674259681093394,0.4312796208530806,0.13439635535307518
jm1,2,3,303,weighted_lr:oof_balanced_accuracy,0.5065009608805048,0.5333333333333333,0.2539863325740319,0.6066350710900474,0.23120728929384965
jm1,2,3,303,rf:default,0.5,0.21904761904761905,0.03986332574031891,0.26066350710900477,0.03416856492027335
jm1,2,3,303,rf:oof_macro_f1,0.342756732582314,0.3952380952380952,0.12186788154897495,0.4976303317535545,0.11617312072892938
jm1,2,3,303,rf:oof_balanced_accuracy,0.2677083333333333,0.5190476190476191,0.21981776765375854,0.6540284360189573,0.18223234624145787
jm1,2,3,303,balanced_rf:default,0.5,0.5142857142857142,0.2255125284738041,0.6303317535545023,0.20842824601366744
jm1,2,3,303,balanced_rf:oof_macro_f1,0.6,0.38095238095238093,0.12414578587699317,0.5023696682464455,0.11731207289293849
jm1,2,3,303,balanced_rf:oof_balanced_accuracy,0.4374999999999999,0.6190476190476191,0.31776765375854216,0.7061611374407583,0.30182232346241455
jm1,2,3,404,unweighted_lr:default,0.5,0.08095238095238096,0.018223234624145785,0.11374407582938388,0.017084282460136675
jm1,2,3,404,unweighted_lr:oof_macro_f1,0.23389960915470404,0.4142857142857143,0.17539863325740318,0.46445497630331756,0.1492027334851936
jm1,2,3,404,unweighted_lr:oof_balanced_accuracy,0.1828918419997795,0.6190476190476191,0.3439635535307517,0.6635071090047393,0.30751708428246016
jm1,2,3,404,weighted_lr:default,0.5,0.5571428571428572,0.2722095671981777,0.6208530805687204,0.24715261958997722
jm1,2,3,404,weighted_lr:oof_macro_f1,0.5675184021622299,0.3952380952380952,0.1674259681093394,0.4312796208530806,0.13439635535307518
jm1,2,3,404,weighted_lr:oof_balanced_accuracy,0.5065009608805048,0.5333333333333333,0.2539863325740319,0.6066350710900474,0.23120728929384965
jm1,2,3,404,rf:default,0.5,0.23809523809523808,0.04441913439635535,0.23222748815165878,0.02733485193621868
jm1,2,3,404,rf:oof_macro_f1,0.34500000000000003,0.3952380952380952,0.11958997722095673,0.4786729857819905,0.11731207289293849
jm1,2,3,404,rf:oof_balanced_accuracy,0.26208333333333333,0.49047619047619045,0.21753986332574032,0.6255924170616114,0.1947608200455581
jm1,2,3,404,balanced_rf:default,0.5,0.5571428571428572,0.2266514806378132,0.6255924170616114,0.22323462414578588
jm1,2,3,404,balanced_rf:oof_macro_f1,0.5791666666666668,0.4238095238095238,0.13895216400911162,0.4928909952606635,0.13097949886104784
jm1,2,3,404,balanced_rf:oof_balanced_accuracy,0.4845833333333333,0.5714285714285714,0.24829157175398633,0.6398104265402843,0.24259681093394078
jm1,2,3,505,unweighted_lr:default,0.5,0.08095238095238096,0.018223234624145785,0.11374407582938388,0.017084282460136675
jm1,2,3,505,unweighted_lr:oof_macro_f1,0.23389960915470404,0.4142857142857143,0.17539863325740318,0.46445497630331756,0.1492027334851936
jm1,2,3,505,unweighted_lr:oof_balanced_accuracy,0.1828918419997795,0.6190476190476191,0.3439635535307517,0.6635071090047393,0.30751708428246016
jm1,2,3,505,weighted_lr:default,0.5,0.5571428571428572,0.2722095671981777,0.6208530805687204,0.24715261958997722
jm1,2,3,505,weighted_lr:oof_macro_f1,0.5675184021622299,0.3952380952380952,0.1674259681093394,0.4312796208530806,0.13439635535307518
jm1,2,3,505,weighted_lr:oof_balanced_accuracy,0.5065009608805048,0.5333333333333333,0.2539863325740319,0.6066350710900474,0.23120728929384965
jm1,2,3,505,rf:default,0.5,0.23809523809523808,0.03986332574031891,0.24170616113744076,0.03758542141230068
jm1,2,3,505,rf:oof_macro_f1,0.3595833333333333,0.3380952380952381,0.12186788154897495,0.46919431279620855,0.11275626423690205
jm1,2,3,505,rf:oof_balanced_accuracy,0.2305357142857143,0.5952380952380952,0.2744874715261959,0.7251184834123223,0.25968109339407747
jm1,2,3,505,balanced_rf:default,0.5,0.5095238095238095,0.23120728929384965,0.6492890995260664,0.2072892938496583
jm1,2,3,505,balanced_rf:oof_macro_f1,0.5917668124800055,0.3952380952380952,0.1378132118451025,0.46919431279620855,0.11845102505694761
jm1,2,3,505,balanced_rf:oof_balanced_accuracy,0.4448650833954336,0.6285714285714286,0.30637813211845105,0.7156398104265402,0.285876993166287
jm1,2,4,101,unweighted_lr:default,0.5,0.0995260663507109,0.01596351197263398,0.12322274881516587,0.018223234624145785
jm1,2,4,101,unweighted_lr:oof_macro_f1,0.2245526661731581,0.44075829383886256,0.16875712656784492,0.5402843601895735,0.1845102505694761
jm1,2,4,101,unweighted_lr:oof_balanced_accuracy,0.19285672340397572,0.5829383886255924,0.26225769669327254,0.6587677725118484,0.2767653758542141
jm1,2,4,101,weighted_lr:default,0.5,0.5687203791469194,0.24743443557582667,0.6303317535545023,0.2642369020501139
jm1,2,4,101,weighted_lr:oof_macro_f1,0.554076956116288,0.43601895734597157,0.16077537058152794,0.5308056872037915,0.16970387243735763
jm1,2,4,101,weighted_lr:oof_balanced_accuracy,0.4719547847912667,0.6161137440758294,0.3124287343215507,0.6966824644549763,0.3143507972665148
jm1,2,4,101,rf:default,0.5,0.20853080568720378,0.036488027366020526,0.25118483412322273,0.029612756264236904
jm1,2,4,101,rf:oof_macro_f1,0.3039880952380952,0.5023696682464455,0.1630558722919042,0.5545023696682464,0.16287015945330297
jm1,2,4,101,rf:oof_balanced_accuracy,0.2104166666666667,0.6729857819905213,0.3010262257696693,0.7251184834123223,0.3120728929384966
jm1,2,4,101,balanced_rf:default,0.5,0.5734597156398105,0.20980615735461802,0.6350710900473934,0.22323462414578588
jm1,2,4,101,balanced_rf:oof_macro_f1,0.5632234467928147,0.4786729857819905,0.13683010262257697,0.5497630331753555,0.14236902050113895
jm1,2,4,101,balanced_rf:oof_balanced_accuracy,0.4354166666666666,0.6966824644549763,0.28278221208665905,0.7014218009478673,0.3097949886104784
jm1,2,4,202,unweighted_lr:default,0.5,0.0995260663507109,0.01596351197263398,0.12322274881516587,0.018223234624145785
jm1,2,4,202,unweighted_lr:oof_macro_f1,0.2245526661731581,0.44075829383886256,0.16875712656784492,0.5402843601895735,0.1845102505694761
jm1,2,4,202,unweighted_lr:oof_balanced_accuracy,0.19285672340397572,0.5829383886255924,0.26225769669327254,0.6587677725118484,0.2767653758542141
jm1,2,4,202,weighted_lr:default,0.5,0.5687203791469194,0.24743443557582667,0.6303317535545023,0.2642369020501139
jm1,2,4,202,weighted_lr:oof_macro_f1,0.554076956116288,0.43601895734597157,0.16077537058152794,0.5308056872037915,0.16970387243735763
jm1,2,4,202,weighted_lr:oof_balanced_accuracy,0.4719547847912667,0.6161137440758294,0.3124287343215507,0.6966824644549763,0.3143507972665148
jm1,2,4,202,rf:default,0.5,0.2132701421800948,0.03420752565564424,0.21800947867298578,0.02733485193621868
jm1,2,4,202,rf:oof_macro_f1,0.35458333333333336,0.3933649289099526,0.11174458380843785,0.46445497630331756,0.10364464692482915
jm1,2,4,202,rf:oof_balanced_accuracy,0.21379359325252403,0.6492890995260664,0.2919042189281642,0.7203791469194313,0.3041002277904328
jm1,2,4,202,balanced_rf:default,0.5,0.5971563981042654,0.22234891676168758,0.6492890995260664,0.21981776765375854
jm1,2,4,202,balanced_rf:oof_macro_f1,0.60625,0.4265402843601896,0.11858608893956671,0.4549763033175355,0.11958997722095673
jm1,2,4,202,balanced_rf:oof_balanced_accuracy,0.4458333333333334,0.6919431279620853,0.2896237172177879,0.7251184834123223,0.28929384965831434
jm1,2,4,303,unweighted_lr:default,0.5,0.0995260663507109,0.01596351197263398,0.12322274881516587,0.018223234624145785
jm1,2,4,303,unweighted_lr:oof_macro_f1,0.2245526661731581,0.44075829383886256,0.16875712656784492,0.5402843601895735,0.1845102505694761
jm1,2,4,303,unweighted_lr:oof_balanced_accuracy,0.19285672340397572,0.5829383886255924,0.26225769669327254,0.6587677725118484,0.2767653758542141
jm1,2,4,303,weighted_lr:default,0.5,0.5687203791469194,0.24743443557582667,0.6303317535545023,0.2642369020501139
jm1,2,4,303,weighted_lr:oof_macro_f1,0.554076956116288,0.43601895734597157,0.16077537058152794,0.5308056872037915,0.16970387243735763
jm1,2,4,303,weighted_lr:oof_balanced_accuracy,0.4719547847912667,0.6161137440758294,0.3124287343215507,0.6966824644549763,0.3143507972665148
jm1,2,4,303,rf:default,0.5,0.1990521327014218,0.04218928164196123,0.2132701421800948,0.029612756264236904
jm1,2,4,303,rf:oof_macro_f1,0.30791666666666667,0.4834123222748815,0.15051311288483465,0.5639810426540285,0.15375854214123008
jm1,2,4,303,rf:oof_balanced_accuracy,0.21458333333333335,0.6635071090047393,0.28506271379703535,0.7061611374407583,0.3097949886104784
jm1,2,4,303,balanced_rf:default,0.5,0.5829383886255924,0.22234891676168758,0.6398104265402843,0.21070615034168566
jm1,2,4,303,balanced_rf:oof_macro_f1,0.5875,0.4549763033175355,0.13112884834663627,0.5023696682464455,0.11845102505694761
jm1,2,4,303,balanced_rf:oof_balanced_accuracy,0.4520833333333334,0.6872037914691943,0.28848346636259975,0.7014218009478673,0.28815489749430523
jm1,2,4,404,unweighted_lr:default,0.5,0.0995260663507109,0.01596351197263398,0.12322274881516587,0.018223234624145785
jm1,2,4,404,unweighted_lr:oof_macro_f1,0.2245526661731581,0.44075829383886256,0.16875712656784492,0.5402843601895735,0.1845102505694761
jm1,2,4,404,unweighted_lr:oof_balanced_accuracy,0.19285672340397572,0.5829383886255924,0.26225769669327254,0.6587677725118484,0.2767653758542141
jm1,2,4,404,weighted_lr:default,0.5,0.5687203791469194,0.24743443557582667,0.6303317535545023,0.2642369020501139
jm1,2,4,404,weighted_lr:oof_macro_f1,0.554076956116288,0.43601895734597157,0.16077537058152794,0.5308056872037915,0.16970387243735763
jm1,2,4,404,weighted_lr:oof_balanced_accuracy,0.4719547847912667,0.6161137440758294,0.3124287343215507,0.6966824644549763,0.3143507972665148
jm1,2,4,404,rf:default,0.5,0.21800947867298578,0.039908779931584946,0.22748815165876776,0.03530751708428246
jm1,2,4,404,rf:oof_macro_f1,0.35916666666666675,0.4028436018957346,0.11174458380843785,0.45023696682464454,0.11161731207289294
jm1,2,4,404,rf:oof_balanced_accuracy,0.22827561327561333,0.6303317535545023,0.25655644241733183,0.6682464454976303,0.2722095671981777
jm1,2,4,404,balanced_rf:default,0.5,0.6066350710900474,0.2234891676168757,0.6161137440758294,0.23348519362186787
jm1,2,4,404,balanced_rf:oof_macro_f1,0.5958333333333333,0.43601895734597157,0.12770809578107184,0.5023696682464455,0.12300683371298406
jm1,2,4,404,balanced_rf:oof_balanced_accuracy,0.4416666666666667,0.6966824644549763,0.29418472063854045,0.7109004739336493,0.31890660592255127
jm1,2,4,505,unweighted_lr:default,0.5,0.0995260663507109,0.01596351197263398,0.12322274881516587,0.018223234624145785
jm1,2,4,505,unweighted_lr:oof_macro_f1,0.2245526661731581,0.44075829383886256,0.16875712656784492,0.5402843601895735,0.1845102505694761
jm1,2,4,505,unweighted_lr:oof_balanced_accuracy,0.19285672340397572,0.5829383886255924,0.26225769669327254,0.6587677725118484,0.2767653758542141
jm1,2,4,505,weighted_lr:default,0.5,0.5687203791469194,0.24743443557582667,0.6303317535545023,0.2642369020501139
jm1,2,4,505,weighted_lr:oof_macro_f1,0.554076956116288,0.43601895734597157,0.16077537058152794,0.5308056872037915,0.16970387243735763
jm1,2,4,505,weighted_lr:oof_balanced_accuracy,0.4719547847912667,0.6161137440758294,0.3124287343215507,0.6966824644549763,0.3143507972665148
jm1,2,4,505,rf:default,0.5,0.2132701421800948,0.03534777651083238,0.22748815165876776,0.025056947608200455
jm1,2,4,505,rf:oof_macro_f1,0.3315476190476191,0.5023696682464455,0.12770809578107184,0.5402843601895735,0.1366742596810934
jm1,2,4,505,rf:oof_balanced_accuracy,0.25625204063123525,0.5971563981042654,0.21094640820980615,0.6682464454976303,0.23917995444191345
jm1,2,4,505,balanced_rf:default,0.5,0.5876777251184834,0.22006841505131128,0.6255924170616114,0.23348519362186787
jm1,2,4,505,balanced_rf:oof_macro_f1,0.5895833333333333,0.44549763033175355,0.12770809578107184,0.4928909952606635,0.11958997722095673
jm1,2,4,505,balanced_rf:oof_balanced_accuracy,0.4166666666666667,0.7156398104265402,0.3409350057012543,0.7440758293838863,0.36104783599088835
kc1,0,0,101,unweighted_lr:default,0.5,0.15625,0.0056179775280898875,0.21212121212121213,0.0223463687150838
kc1,0,0,101,unweighted_lr:oof_macro_f1,0.2909218622785202,0.40625,0.07865168539325842,0.36363636363636365,0.12290502793296089
kc1,0,0,101,unweighted_lr:oof_balanced_accuracy,0.09946632499956881,0.8125,0.4157303370786517,0.7878787878787878,0.46368715083798884
kc1,0,0,101,weighted_lr:default,0.5,0.6875,0.24719101123595505,0.6363636363636364,0.35195530726256985
kc1,0,0,101,weighted_lr:oof_macro_f1,0.690877504296863,0.40625,0.09550561797752809,0.36363636363636365,0.12849162011173185
kc1,0,0,101,weighted_lr:oof_balanced_accuracy,0.369260687088277,0.84375,0.398876404494382,0.7878787878787878,0.4748603351955307
kc1,0,0,101,rf:default,0.5,0.375,0.033707865168539325,0.24242424242424243,0.0223463687150838
kc1,0,0,101,rf:oof_macro_f1,0.31410714285714286,0.53125,0.10674157303370786,0.5454545454545454,0.1452513966480447
kc1,0,0,101,rf:oof_balanced_accuracy,0.11916666666666667,0.84375,0.2696629213483146,0.8181818181818182,0.37988826815642457
kc1,0,0,101,balanced_rf:default,0.5,0.71875,0.19101123595505617,0.696969696969697,0.2681564245810056
kc1,0,0,101,balanced_rf:oof_macro_f1,0.6229166666666667,0.5,0.10112359550561797,0.45454545454545453,0.15083798882681565
kc1,0,0,101,balanced_rf:oof_balanced_accuracy,0.3381349206349206,0.8125,0.38202247191011235,0.8181818181818182,0.4748603351955307
kc1,0,0,202,unweighted_lr:default,0.5,0.15625,0.0056179775280898875,0.21212121212121213,0.0223463687150838
kc1,0,0,202,unweighted_lr:oof_macro_f1,0.2909218622785202,0.40625,0.07865168539325842,0.36363636363636365,0.12290502793296089
kc1,0,0,202,unweighted_lr:oof_balanced_accuracy,0.09946632499956881,0.8125,0.4157303370786517,0.7878787878787878,0.46368715083798884
kc1,0,0,202,weighted_lr:default,0.5,0.6875,0.24719101123595505,0.6363636363636364,0.35195530726256985
kc1,0,0,202,weighted_lr:oof_macro_f1,0.690877504296863,0.40625,0.09550561797752809,0.36363636363636365,0.12849162011173185
kc1,0,0,202,weighted_lr:oof_balanced_accuracy,0.369260687088277,0.84375,0.398876404494382,0.7878787878787878,0.4748603351955307
kc1,0,0,202,rf:default,0.5,0.28125,0.016853932584269662,0.3333333333333333,0.0223463687150838
kc1,0,0,202,rf:oof_macro_f1,0.28845238095238096,0.5625,0.15168539325842698,0.6363636363636364,0.17318435754189945
kc1,0,0,202,rf:oof_balanced_accuracy,0.1,0.8125,0.34831460674157305,0.8484848484848485,0.37988826815642457
kc1,0,0,202,balanced_rf:default,0.5,0.71875,0.20786516853932585,0.6060606060606061,0.29608938547486036
kc1,0,0,202,balanced_rf:oof_macro_f1,0.6533333333333333,0.5,0.0898876404494382,0.5151515151515151,0.11731843575418995
kc1,0,0,202,balanced_rf:oof_balanced_accuracy,0.5108333333333333,0.71875,0.19101123595505617,0.6060606060606061,0.26256983240223464
kc1,0,0,303,unweighted_lr:default,0.5,0.15625,0.0056179775280898875,0.21212121212121213,0.0223463687150838
kc1,0,0,303,unweighted_lr:oof_macro_f1,0.2909218622785202,0.40625,0.07865168539325842,0.36363636363636365,0.12290502793296089
kc1,0,0,303,unweighted_lr:oof_balanced_accuracy,0.09946632499956881,0.8125,0.4157303370786517,0.7878787878787878,0.46368715083798884
kc1,0,0,303,weighted_lr:default,0.5,0.6875,0.24719101123595505,0.6363636363636364,0.35195530726256985
kc1,0,0,303,weighted_lr:oof_macro_f1,0.690877504296863,0.40625,0.09550561797752809,0.36363636363636365,0.12849162011173185
kc1,0,0,303,weighted_lr:oof_balanced_accuracy,0.369260687088277,0.84375,0.398876404494382,0.7878787878787878,0.4748603351955307
kc1,0,0,303,rf:default,0.5,0.3125,0.033707865168539325,0.2727272727272727,0.0335195530726257
kc1,0,0,303,rf:oof_macro_f1,0.311875,0.5625,0.12359550561797752,0.5757575757575758,0.12290502793296089
kc1,0,0,303,rf:oof_balanced_accuracy,0.17083333333333334,0.71875,0.21910112359550563,0.7272727272727273,0.2737430167597765
kc1,0,0,303,balanced_rf:default,0.5,0.71875,0.1797752808988764,0.5454545454545454,0.2681564245810056
kc1,0,0,303,balanced_rf:oof_macro_f1,0.6958333333333334,0.375,0.07303370786516854,0.42424242424242425,0.09497206703910614
kc1,0,0,303,balanced_rf:oof_balanced_accuracy,0.3436111111111111,0.875,0.33146067415730335,0.7878787878787878,0.4581005586592179
kc1,0,0,404,unweighted_lr:default,0.5,0.15625,0.0056179775280898875,0.21212121212121213,0.0223463687150838
kc1,0,0,404,unweighted_lr:oof_macro_f1,0.2909218622785202,0.40625,0.07865168539325842,0.36363636363636365,0.12290502793296089
kc1,0,0,404,unweighted_lr:oof_balanced_accuracy,0.09946632499956881,0.8125,0.4157303370786517,0.7878787878787878,0.46368715083798884
kc1,0,0,404,weighted_lr:default,0.5,0.6875,0.24719101123595505,0.6363636363636364,0.35195530726256985
kc1,0,0,404,weighted_lr:oof_macro_f1,0.690877504296863,0.40625,0.09550561797752809,0.36363636363636365,0.12849162011173185
kc1,0,0,404,weighted_lr:oof_balanced_accuracy,0.369260687088277,0.84375,0.398876404494382,0.7878787878787878,0.4748603351955307
kc1,0,0,404,rf:default,0.5,0.28125,0.02247191011235955,0.2727272727272727,0.05027932960893855
kc1,0,0,404,rf:oof_macro_f1,0.38083333333333336,0.40625,0.06179775280898876,0.42424242424242425,0.1005586592178771
kc1,0,0,404,rf:oof_balanced_accuracy,0.08083333333333333,0.875,0.37640449438202245,0.8484848484848485,0.43575418994413406
kc1,0,0,404,balanced_rf:default,0.5,0.65625,0.20224719101123595,0.6363636363636364,0.2569832402234637
kc1,0,0,404,balanced_rf:oof_macro_f1,0.6270833333333334,0.40625,0.12359550561797752,0.5454545454545454,0.1340782122905028
kc1,0,0,404,balanced_rf:oof_balanced_accuracy,0.3463095238095239,0.8125,0.33146067415730335,0.8181818181818182,0.4301675977653631
kc1,0,0,505,unweighted_lr:default,0.5,0.15625,0.0056179775280898875,0.21212121212121213,0.0223463687150838
kc1,0,0,505,unweighted_lr:oof_macro_f1,0.2909218622785202,0.40625,0.07865168539325842,0.36363636363636365,0.12290502793296089
kc1,0,0,505,unweighted_lr:oof_balanced_accuracy,0.09946632499956881,0.8125,0.4157303370786517,0.7878787878787878,0.46368715083798884
kc1,0,0,505,weighted_lr:default,0.5,0.6875,0.24719101123595505,0.6363636363636364,0.35195530726256985
kc1,0,0,505,weighted_lr:oof_macro_f1,0.690877504296863,0.40625,0.09550561797752809,0.36363636363636365,0.12849162011173185
kc1,0,0,505,weighted_lr:oof_balanced_accuracy,0.369260687088277,0.84375,0.398876404494382,0.7878787878787878,0.4748603351955307
kc1,0,0,505,rf:default,0.5,0.28125,0.028089887640449437,0.30303030303030304,0.05027932960893855
kc1,0,0,505,rf:oof_macro_f1,0.36249999999999993,0.46875,0.07303370786516854,0.5151515151515151,0.1005586592178771
kc1,0,0,505,rf:oof_balanced_accuracy,0.12625,0.75,0.2752808988764045,0.7878787878787878,0.3463687150837989
kc1,0,0,505,balanced_rf:default,0.5,0.71875,0.2247191011235955,0.6666666666666666,0.2569832402234637
kc1,0,0,505,balanced_rf:oof_macro_f1,0.6749999999999999,0.5,0.09550561797752809,0.45454545454545453,0.09497206703910614
kc1,0,0,505,balanced_rf:oof_balanced_accuracy,0.47000000000000003,0.75,0.24719101123595505,0.6666666666666666,0.30726256983240224
kc1,0,1,101,unweighted_lr:default,0.5,0.375,0.033707865168539325,0.24242424242424243,0.03910614525139665
kc1,0,1,101,unweighted_lr:oof_macro_f1,0.24896125081338985,0.6875,0.10674157303370786,0.6060606060606061,0.1787709497206704
kc1,0,1,101,unweighted_lr:oof_balanced_accuracy,0.09110665352669442,0.84375,0.3595505617977528,0.9696969696969697,0.5027932960893855
kc1,0,1,101,weighted_lr:default,0.5,0.71875,0.20224719101123595,0.7575757575757576,0.3240223463687151
kc1,0,1,101,weighted_lr:oof_macro_f1,0.6699512456744569,0.625,0.10112359550561797,0.5757575757575758,0.15083798882681565
kc1,0,1,101,weighted_lr:oof_balanced_accuracy,0.3287381723781744,0.84375,0.37640449438202245,0.9393939393939394,0.5139664804469274
kc1,0,1,101,rf:default,0.5,0.46875,0.028089887640449437,0.30303030303030304,0.03910614525139665
kc1,0,1,101,rf:oof_macro_f1,0.3059523809523809,0.65625,0.08426966292134831,0.6666666666666666,0.13966480446927373
kc1,0,1,101,rf:oof_balanced_accuracy,0.1745238095238095,0.78125,0.21348314606741572,0.7878787878787878,0.2737430167597765
kc1,0,1,101,balanced_rf:default,0.5,0.8125,0.20786516853932585,0.8181818181818182,0.27932960893854747
kc1,0,1,101,balanced_rf:oof_macro_f1,0.6458333333333334,0.65625,0.07303370786516854,0.48484848484848486,0.13966480446927373
kc1,0,1,101,balanced_rf:oof_balanced_accuracy,0.3375,0.84375,0.3539325842696629,0.9393939393939394,0.4022346368715084
kc1,0,1,202,unweighted_lr:default,0.5,0.375,0.033707865168539325,0.24242424242424243,0.03910614525139665
kc1,0,1,202,unweighted_lr:oof_macro_f1,0.24896125081338985,0.6875,0.10674157303370786,0.6060606060606061,0.1787709497206704
kc1,0,1,202,unweighted_lr:oof_balanced_accuracy,0.09110665352669442,0.84375,0.3595505617977528,0.9696969696969697,0.5027932960893855
kc1,0,1,202,weighted_lr:default,0.5,0.71875,0.20224719101123595,0.7575757575757576,0.3240223463687151
kc1,0,1,202,weighted_lr:oof_macro_f1,0.6699512456744569,0.625,0.10112359550561797,0.5757575757575758,0.15083798882681565
kc1,0,1,202,weighted_lr:oof_balanced_accuracy,0.3287381723781744,0.84375,0.37640449438202245,0.9393939393939394,0.5139664804469274
kc1,0,1,202,rf:default,0.5,0.40625,0.0449438202247191,0.24242424242424243,0.027932960893854747
kc1,0,1,202,rf:oof_macro_f1,0.36916666666666664,0.5625,0.06741573033707865,0.45454545454545453,0.1005586592178771
kc1,0,1,202,rf:oof_balanced_accuracy,0.16083333333333333,0.78125,0.23595505617977527,0.8181818181818182,0.27932960893854747
kc1,0,1,202,balanced_rf:default,0.5,0.78125,0.16853932584269662,0.696969696969697,0.2122905027932961
kc1,0,1,202,balanced_rf:oof_macro_f1,0.6312499999999999,0.6875,0.07865168539325842,0.6060606060606061,0.1340782122905028
kc1,0,1,202,balanced_rf:oof_balanced_accuracy,0.3729166666666667,0.8125,0.2696629213483146,0.8484848484848485,0.3743016759776536
kc1,0,1,303,unweighted_lr:default,0.5,0.375,0.033707865168539325,0.24242424242424243,0.03910614525139665
kc1,0,1,303,unweighted_lr:oof_macro_f1,0.24896125081338985,0.6875,0.10674157303370786,0.6060606060606061,0.1787709497206704
kc1,0,1,303,unweighted_lr:oof_balanced_accuracy,0.09110665352669442,0.84375,0.3595505617977528,0.9696969696969697,0.5027932960893855
kc1,0,1,303,weighted_lr:default,0.5,0.71875,0.20224719101123595,0.7575757575757576,0.3240223463687151
kc1,0,1,303,weighted_lr:oof_macro_f1,0.6699512456744569,0.625,0.10112359550561797,0.5757575757575758,0.15083798882681565
kc1,0,1,303,weighted_lr:oof_balanced_accuracy,0.3287381723781744,0.84375,0.37640449438202245,0.9393939393939394,0.5139664804469274
kc1,0,1,303,rf:default,0.5,0.4375,0.028089887640449437,0.24242424242424243,0.05027932960893855
kc1,0,1,303,rf:oof_macro_f1,0.31124999999999997,0.6875,0.07303370786516854,0.696969696969697,0.15083798882681565
kc1,0,1,303,rf:oof_balanced_accuracy,0.10291666666666666,0.84375,0.2808988764044944,0.8787878787878788,0.3575418994413408
kc1,0,1,303,balanced_rf:default,0.5,0.75,0.15168539325842698,0.696969696969697,0.21787709497206703
kc1,0,1,303,balanced_rf:oof_macro_f1,0.5666666666666667,0.75,0.11235955056179775,0.5757575757575758,0.1787709497206704
kc1,0,1,303,balanced_rf:oof_balanced_accuracy,0.3541666666666667,0.84375,0.33707865168539325,0.9090909090909091,0.39664804469273746
kc1,0,1,404,unweighted_lr:default,0.5,0.375,0.033707865168539325,0.24242424242424243,0.03910614525139665
kc1,0,1,404,unweighted_lr:oof_macro_f1,0.24896125081338985,0.6875,0.10674157303370786,0.6060606060606061,0.1787709497206704
kc1,0,1,404,unweighted_lr:oof_balanced_accuracy,0.09110665352669442,0.84375,0.3595505617977528,0.9696969696969697,0.5027932960893855
kc1,0,1,404,weighted_lr:default,0.5,0.71875,0.20224719101123595,0.7575757575757576,0.3240223463687151
kc1,0,1,404,weighted_lr:oof_macro_f1,0.6699512456744569,0.625,0.10112359550561797,0.5757575757575758,0.15083798882681565
kc1,0,1,404,weighted_lr:oof_balanced_accuracy,0.3287381723781744,0.84375,0.37640449438202245,0.9393939393939394,0.5139664804469274
kc1,0,1,404,rf:default,0.5,0.375,0.033707865168539325,0.2727272727272727,0.055865921787709494
kc1,0,1,404,rf:oof_macro_f1,0.30416666666666664,0.65625,0.10112359550561797,0.6666666666666666,0.13966480446927373
kc1,0,1,404,rf:oof_balanced_accuracy,0.09749999999999999,0.84375,0.30337078651685395,0.8787878787878788,0.3854748603351955
kc1,0,1,404,balanced_rf:default,0.5,0.78125,0.1853932584269663,0.8181818181818182,0.22905027932960895
kc1,0,1,404,balanced_rf:oof_macro_f1,0.7208333333333334,0.5625,0.0449438202247191,0.45454545454545453,0.07262569832402235
kc1,0,1,404,balanced_rf:oof_balanced_accuracy,0.35700396825396824,0.84375,0.30337078651685395,0.8787878787878788,0.39664804469273746
kc1,0,1,505,unweighted_lr:default,0.5,0.375,0.033707865168539325,0.24242424242424243,0.03910614525139665
kc1,0,1,505,unweighted_lr:oof_macro_f1,0.24896125081338985,0.6875,0.10674157303370786,0.6060606060606061,0.1787709497206704
kc1,0,1,505,unweighted_lr:oof_balanced_accuracy,0.09110665352669442,0.84375,0.3595505617977528,0.9696969696969697,0.5027932960893855
kc1,0,1,505,weighted_lr:default,0.5,0.71875,0.20224719101123595,0.7575757575757576,0.3240223463687151
kc1,0,1,505,weighted_lr:oof_macro_f1,0.6699512456744569,0.625,0.10112359550561797,0.5757575757575758,0.15083798882681565
kc1,0,1,505,weighted_lr:oof_balanced_accuracy,0.3287381723781744,0.84375,0.37640449438202245,0.9393939393939394,0.5139664804469274
kc1,0,1,505,rf:default,0.5,0.46875,0.028089887640449437,0.36363636363636365,0.027932960893854747
kc1,0,1,505,rf:oof_macro_f1,0.2816666666666666,0.78125,0.12921348314606743,0.7272727272727273,0.17318435754189945
kc1,0,1,505,rf:oof_balanced_accuracy,0.13214285714285715,0.8125,0.25280898876404495,0.7878787878787878,0.3407821229050279
kc1,0,1,505,balanced_rf:default,0.5,0.8125,0.15168539325842698,0.7575757575757576,0.21787709497206703
kc1,0,1,505,balanced_rf:oof_macro_f1,0.5858333333333333,0.71875,0.11235955056179775,0.6060606060606061,0.17318435754189945
kc1,0,1,505,balanced_rf:oof_balanced_accuracy,0.4041666666666666,0.8125,0.25280898876404495,0.8484848484848485,0.329608938547486
kc1,0,2,101,unweighted_lr:default,0.5,0.21875,0.028089887640449437,0.21212121212121213,0.0335195530726257
kc1,0,2,101,unweighted_lr:oof_macro_f1,0.2620416519083557,0.46875,0.14606741573033707,0.48484848484848486,0.12849162011173185
kc1,0,2,101,unweighted_lr:oof_balanced_accuracy,0.16447778421001896,0.625,0.24157303370786518,0.7575757575757576,0.25139664804469275
kc1,0,2,101,weighted_lr:default,0.5,0.65625,0.2696629213483146,0.7575757575757576,0.26256983240223464
kc1,0,2,101,weighted_lr:oof_macro_f1,0.6778759582356001,0.46875,0.1404494382022472,0.48484848484848486,0.12290502793296089
kc1,0,2,101,weighted_lr:oof_balanced_accuracy,0.5820898372277081,0.5625,0.21348314606741572,0.6666666666666666,0.20670391061452514
kc1,0,2,101,rf:default,0.5,0.3125,0.06741573033707865,0.21212121212121213,0.055865921787709494
kc1,0,2,101,rf:oof_macro_f1,0.3695833333333333,0.53125,0.0898876404494382,0.5151515151515151,0.1005586592178771
kc1,0,2,101,rf:oof_balanced_accuracy,0.20125,0.6875,0.24719101123595505,0.7878787878787878,0.2346368715083799
kc1,0,2,101,balanced_rf:default,0.5,0.59375,0.19101123595505617,0.696969696969697,0.1787709497206704
kc1,0,2,101,balanced_rf:oof_macro_f1,0.6791666666666667,0.4375,0.06741573033707865,0.48484848484848486,0.0782122905027933
kc1,0,2,101,balanced_rf:oof_balanced_accuracy,0.33958333333333335,0.90625,0.3539325842696629,0.8787878787878788,0.3575418994413408
kc1,0,2,202,unweighted_lr:default,0.5,0.21875,0.028089887640449437,0.21212121212121213,0.0335195530726257
kc1,0,2,202,unweighted_lr:oof_macro_f1,0.2620416519083557,0.46875,0.14606741573033707,0.48484848484848486,0.12849162011173185
kc1,0,2,202,unweighted_lr:oof_balanced_accuracy,0.16447778421001896,0.625,0.24157303370786518,0.7575757575757576,0.25139664804469275
kc1,0,2,202,weighted_lr:default,0.5,0.65625,0.2696629213483146,0.7575757575757576,0.26256983240223464
kc1,0,2,202,weighted_lr:oof_macro_f1,0.6778759582356001,0.46875,0.1404494382022472,0.48484848484848486,0.12290502793296089
kc1,0,2,202,weighted_lr:oof_balanced_accuracy,0.5820898372277081,0.5625,0.21348314606741572,0.6666666666666666,0.20670391061452514
kc1,0,2,202,rf:default,0.5,0.3125,0.0449438202247191,0.21212121212121213,0.0446927374301676
kc1,0,2,202,rf:oof_macro_f1,0.33601190476190473,0.53125,0.08426966292134831,0.5757575757575758,0.12290502793296089
kc1,0,2,202,rf:oof_balanced_accuracy,0.11666666666666665,0.84375,0.3595505617977528,0.8787878787878788,0.3128491620111732
kc1,0,2,202,balanced_rf:default,0.5,0.6875,0.19101123595505617,0.696969696969697,0.20670391061452514
kc1,0,2,202,balanced_rf:oof_macro_f1,0.65625,0.40625,0.10112359550561797,0.5151515151515151,0.1005586592178771
kc1,0,2,202,balanced_rf:oof_balanced_accuracy,0.51875,0.59375,0.19101123595505617,0.6363636363636364,0.18435754189944134
kc1,0,2,303,unweighted_lr:default,0.5,0.21875,0.028089887640449437,0.21212121212121213,0.0335195530726257
kc1,0,2,303,unweighted_lr:oof_macro_f1,0.2620416519083557,0.46875,0.14606741573033707,0.48484848484848486,0.12849162011173185
kc1,0,2,303,unweighted_lr:oof_balanced_accuracy,0.16447778421001896,0.625,0.24157303370786518,0.7575757575757576,0.25139664804469275
kc1,0,2,303,weighted_lr:default,0.5,0.65625,0.2696629213483146,0.7575757575757576,0.26256983240223464
kc1,0,2,303,weighted_lr:oof_macro_f1,0.6778759582356001,0.46875,0.1404494382022472,0.48484848484848486,0.12290502793296089
kc1,0,2,303,weighted_lr:oof_balanced_accuracy,0.5820898372277081,0.5625,0.21348314606741572,0.6666666666666666,0.20670391061452514
kc1,0,2,303,rf:default,0.5,0.40625,0.05056179775280899,0.15151515151515152,0.0446927374301676
kc1,0,2,303,rf:oof_macro_f1,0.368452380952381,0.53125,0.08426966292134831,0.5151515151515151,0.0893854748603352
kc1,0,2,303,rf:oof_balanced_accuracy,0.10747696319879418,0.84375,0.3707865168539326,0.8484848484848485,0.30726256983240224
kc1,0,2,303,balanced_rf:default,0.5,0.625,0.17415730337078653,0.7272727272727273,0.20670391061452514
kc1,0,2,303,balanced_rf:oof_macro_f1,0.6208333333333333,0.5,0.11235955056179775,0.45454545454545453,0.1340782122905028
kc1,0,2,303,balanced_rf:oof_balanced_accuracy,0.4291666666666667,0.6875,0.25842696629213485,0.8181818181818182,0.26256983240223464
kc1,0,2,404,unweighted_lr:default,0.5,0.21875,0.028089887640449437,0.21212121212121213,0.0335195530726257
kc1,0,2,404,unweighted_lr:oof_macro_f1,0.2620416519083557,0.46875,0.14606741573033707,0.48484848484848486,0.12849162011173185
kc1,0,2,404,unweighted_lr:oof_balanced_accuracy,0.16447778421001896,0.625,0.24157303370786518,0.7575757575757576,0.25139664804469275
kc1,0,2,404,weighted_lr:default,0.5,0.65625,0.2696629213483146,0.7575757575757576,0.26256983240223464
kc1,0,2,404,weighted_lr:oof_macro_f1,0.6778759582356001,0.46875,0.1404494382022472,0.48484848484848486,0.12290502793296089
kc1,0,2,404,weighted_lr:oof_balanced_accuracy,0.5820898372277081,0.5625,0.21348314606741572,0.6666666666666666,0.20670391061452514
kc1,0,2,404,rf:default,0.5,0.25,0.05056179775280899,0.30303030303030304,0.03910614525139665
kc1,0,2,404,rf:oof_macro_f1,0.37916666666666665,0.46875,0.07865168539325842,0.48484848484848486,0.07262569832402235
kc1,0,2,404,rf:oof_balanced_accuracy,0.1408333333333333,0.6875,0.33146067415730335,0.8181818181818182,0.2737430167597765
kc1,0,2,404,balanced_rf:default,0.5,0.65625,0.17415730337078653,0.7575757575757576,0.2011173184357542
kc1,0,2,404,balanced_rf:oof_macro_f1,0.6458333333333333,0.53125,0.09550561797752809,0.48484848484848486,0.1005586592178771
kc1,0,2,404,balanced_rf:oof_balanced_accuracy,0.4645833333333334,0.71875,0.2303370786516854,0.7575757575757576,0.25139664804469275
kc1,0,2,505,unweighted_lr:default,0.5,0.21875,0.028089887640449437,0.21212121212121213,0.0335195530726257
kc1,0,2,505,unweighted_lr:oof_macro_f1,0.2620416519083557,0.46875,0.14606741573033707,0.48484848484848486,0.12849162011173185
kc1,0,2,505,unweighted_lr:oof_balanced_accuracy,0.16447778421001896,0.625,0.24157303370786518,0.7575757575757576,0.25139664804469275
kc1,0,2,505,weighted_lr:default,0.5,0.65625,0.2696629213483146,0.7575757575757576,0.26256983240223464
kc1,0,2,505,weighted_lr:oof_macro_f1,0.6778759582356001,0.46875,0.1404494382022472,0.48484848484848486,0.12290502793296089
kc1,0,2,505,weighted_lr:oof_balanced_accuracy,0.5820898372277081,0.5625,0.21348314606741572,0.6666666666666666,0.20670391061452514
kc1,0,2,505,rf:default,0.5,0.34375,0.0449438202247191,0.3333333333333333,0.05027932960893855
kc1,0,2,505,rf:oof_macro_f1,0.35952380952380947,0.53125,0.08426966292134831,0.5757575757575758,0.09497206703910614
kc1,0,2,505,rf:oof_balanced_accuracy,0.15583333333333335,0.84375,0.3089887640449438,0.8181818181818182,0.2681564245810056
kc1,0,2,505,balanced_rf:default,0.5,0.5625,0.1853932584269663,0.696969696969697,0.20670391061452514
kc1,0,2,505,balanced_rf:oof_macro_f1,0.5933333333333333,0.53125,0.12359550561797752,0.5151515151515151,0.1564245810055866
kc1,0,2,505,balanced_rf:oof_balanced_accuracy,0.4208333333333333,0.78125,0.2640449438202247,0.8484848484848485,0.27932960893854747
kc1,0,3,101,unweighted_lr:default,0.5,0.09090909090909091,0.016853932584269662,0.21212121212121213,0.011235955056179775
kc1,0,3,101,unweighted_lr:oof_macro_f1,0.259915084745401,0.36363636363636365,0.11797752808988764,0.5757575757575758,0.10674157303370786
kc1,0,3,101,unweighted_lr:oof_balanced_accuracy,0.15457906220219853,0.5757575757575758,0.24157303370786518,0.696969696969697,0.30337078651685395
kc1,0,3,101,weighted_lr:default,0.5,0.5757575757575758,0.25842696629213485,0.696969696969697,0.30337078651685395
kc1,0,3,101,weighted_lr:oof_macro_f1,0.6656157216133434,0.36363636363636365,0.12359550561797752,0.5454545454545454,0.11235955056179775
kc1,0,3,101,weighted_lr:oof_balanced_accuracy,0.49399440922345916,0.5757575757575758,0.2640449438202247,0.7272727272727273,0.30337078651685395
kc1,0,3,101,rf:default,0.5,0.12121212121212122,0.028089887640449437,0.21212121212121213,0.02247191011235955
kc1,0,3,101,rf:oof_macro_f1,0.3354166666666667,0.3939393939393939,0.07865168539325842,0.3939393939393939,0.08426966292134831
kc1,0,3,101,rf:oof_balanced_accuracy,0.11374999999999999,0.8181818181818182,0.3595505617977528,0.7878787878787878,0.3539325842696629
kc1,0,3,101,balanced_rf:default,0.5,0.5757575757575758,0.1853932584269663,0.6666666666666666,0.19101123595505617
kc1,0,3,101,balanced_rf:oof_macro_f1,0.6854166666666666,0.30303030303030304,0.06741573033707865,0.30303030303030304,0.056179775280898875
kc1,0,3,101,balanced_rf:oof_balanced_accuracy,0.3833333333333333,0.8181818181818182,0.33707865168539325,0.7575757575757576,0.37640449438202245
kc1,0,3,202,unweighted_lr:default,0.5,0.09090909090909091,0.016853932584269662,0.21212121212121213,0.011235955056179775
kc1,0,3,202,unweighted_lr:oof_macro_f1,0.259915084745401,0.36363636363636365,0.11797752808988764,0.5757575757575758,0.10674157303370786
kc1,0,3,202,unweighted_lr:oof_balanced_accuracy,0.15457906220219853,0.5757575757575758,0.24157303370786518,0.696969696969697,0.30337078651685395
kc1,0,3,202,weighted_lr:default,0.5,0.5757575757575758,0.25842696629213485,0.696969696969697,0.30337078651685395
kc1,0,3,202,weighted_lr:oof_macro_f1,0.6656157216133434,0.36363636363636365,0.12359550561797752,0.5454545454545454,0.11235955056179775
kc1,0,3,202,weighted_lr:oof_balanced_accuracy,0.49399440922345916,0.5757575757575758,0.2640449438202247,0.7272727272727273,0.30337078651685395
kc1,0,3,202,rf:default,0.5,0.18181818181818182,0.02247191011235955,0.24242424242424243,0.033707865168539325
kc1,0,3,202,rf:oof_macro_f1,0.39666666666666667,0.30303030303030304,0.056179775280898875,0.3939393939393939,0.056179775280898875
kc1,0,3,202,rf:oof_balanced_accuracy,0.15392857142857144,0.6666666666666666,0.28651685393258425,0.696969696969697,0.2752808988764045
kc1,0,3,202,balanced_rf:default,0.5,0.5757575757575758,0.2247191011235955,0.5757575757575758,0.19101123595505617
kc1,0,3,202,balanced_rf:oof_macro_f1,0.6625000000000001,0.36363636363636365,0.09550561797752809,0.36363636363636365,0.06741573033707865
kc1,0,3,202,balanced_rf:oof_balanced_accuracy,0.4416666666666666,0.696969696969697,0.2808988764044944,0.6363636363636364,0.25280898876404495
kc1,0,3,303,unweighted_lr:default,0.5,0.09090909090909091,0.016853932584269662,0.21212121212121213,0.011235955056179775
kc1,0,3,303,unweighted_lr:oof_macro_f1,0.259915084745401,0.36363636363636365,0.11797752808988764,0.5757575757575758,0.10674157303370786
kc1,0,3,303,unweighted_lr:oof_balanced_accuracy,0.15457906220219853,0.5757575757575758,0.24157303370786518,0.696969696969697,0.30337078651685395
kc1,0,3,303,weighted_lr:default,0.5,0.5757575757575758,0.25842696629213485,0.696969696969697,0.30337078651685395
kc1,0,3,303,weighted_lr:oof_macro_f1,0.6656157216133434,0.36363636363636365,0.12359550561797752,0.5454545454545454,0.11235955056179775
kc1,0,3,303,weighted_lr:oof_balanced_accuracy,0.49399440922345916,0.5757575757575758,0.2640449438202247,0.7272727272727273,0.30337078651685395
kc1,0,3,303,rf:default,0.5,0.21212121212121213,0.02247191011235955,0.18181818181818182,0.02247191011235955
kc1,0,3,303,rf:oof_macro_f1,0.4066666666666666,0.3333333333333333,0.05056179775280899,0.2727272727272727,0.0449438202247191
kc1,0,3,303,rf:oof_balanced_accuracy,0.15416666666666667,0.696969696969697,0.3146067415730337,0.6060606060606061,0.24157303370786518
kc1,0,3,303,balanced_rf:default,0.5,0.5757575757575758,0.2247191011235955,0.6060606060606061,0.21348314606741572
kc1,0,3,303,balanced_rf:oof_macro_f1,0.6583333333333333,0.3333333333333333,0.10112359550561797,0.36363636363636365,0.07865168539325842
kc1,0,3,303,balanced_rf:oof_balanced_accuracy,0.3825,0.7272727272727273,0.3707865168539326,0.7878787878787878,0.34831460674157305
kc1,0,3,404,unweighted_lr:default,0.5,0.09090909090909091,0.016853932584269662,0.21212121212121213,0.011235955056179775
kc1,0,3,404,unweighted_lr:oof_macro_f1,0.259915084745401,0.36363636363636365,0.11797752808988764,0.5757575757575758,0.10674157303370786
kc1,0,3,404,unweighted_lr:oof_balanced_accuracy,0.15457906220219853,0.5757575757575758,0.24157303370786518,0.696969696969697,0.30337078651685395
kc1,0,3,404,weighted_lr:default,0.5,0.5757575757575758,0.25842696629213485,0.696969696969697,0.30337078651685395
kc1,0,3,404,weighted_lr:oof_macro_f1,0.6656157216133434,0.36363636363636365,0.12359550561797752,0.5454545454545454,0.11235955056179775
kc1,0,3,404,weighted_lr:oof_balanced_accuracy,0.49399440922345916,0.5757575757575758,0.2640449438202247,0.7272727272727273,0.30337078651685395
kc1,0,3,404,rf:default,0.5,0.15151515151515152,0.033707865168539325,0.18181818181818182,0.033707865168539325
kc1,0,3,404,rf:oof_macro_f1,0.3938392857142857,0.36363636363636365,0.06741573033707865,0.3333333333333333,0.05056179775280899
kc1,0,3,404,rf:oof_balanced_accuracy,0.20892857142857144,0.6060606060606061,0.19662921348314608,0.5757575757575758,0.20224719101123595
kc1,0,3,404,balanced_rf:default,0.5,0.5151515151515151,0.23595505617977527,0.6363636363636364,0.2247191011235955
kc1,0,3,404,balanced_rf:oof_macro_f1,0.6125,0.3939393939393939,0.1348314606741573,0.42424242424242425,0.10112359550561797
kc1,0,3,404,balanced_rf:oof_balanced_accuracy,0.425,0.6363636363636364,0.30337078651685395,0.7272727272727273,0.29775280898876405
kc1,0,3,505,unweighted_lr:default,0.5,0.09090909090909091,0.016853932584269662,0.21212121212121213,0.011235955056179775
kc1,0,3,505,unweighted_lr:oof_macro_f1,0.259915084745401,0.36363636363636365,0.11797752808988764,0.5757575757575758,0.10674157303370786
kc1,0,3,505,unweighted_lr:oof_balanced_accuracy,0.15457906220219853,0.5757575757575758,0.24157303370786518,0.696969696969697,0.30337078651685395
kc1,0,3,505,weighted_lr:default,0.5,0.5757575757575758,0.25842696629213485,0.696969696969697,0.30337078651685395
kc1,0,3,505,weighted_lr:oof_macro_f1,0.6656157216133434,0.36363636363636365,0.12359550561797752,0.5454545454545454,0.11235955056179775
kc1,0,3,505,weighted_lr:oof_balanced_accuracy,0.49399440922345916,0.5757575757575758,0.2640449438202247,0.7272727272727273,0.30337078651685395
kc1,0,3,505,rf:default,0.5,0.12121212121212122,0.02247191011235955,0.2727272727272727,0.033707865168539325
kc1,0,3,505,rf:oof_macro_f1,0.4145833333333334,0.18181818181818182,0.056179775280898875,0.3333333333333333,0.056179775280898875
kc1,0,3,505,rf:oof_balanced_accuracy,0.13125000000000003,0.7878787878787878,0.3202247191011236,0.696969696969697,0.3258426966292135
kc1,0,3,505,balanced_rf:default,0.5,0.5151515151515151,0.23595505617977527,0.696969696969697,0.23595505617977527
kc1,0,3,505,balanced_rf:oof_macro_f1,0.6825,0.2727272727272727,0.06741573033707865,0.30303030303030304,0.06741573033707865
kc1,0,3,505,balanced_rf:oof_balanced_accuracy,0.50375,0.5151515151515151,0.23595505617977527,0.696969696969697,0.23595505617977527
kc1,0,4,101,unweighted_lr:default,0.5,0.28125,0.02247191011235955,0.15151515151515152,0.028089887640449437
kc1,0,4,101,unweighted_lr:oof_macro_f1,0.24907265414476365,0.46875,0.12359550561797752,0.5151515151515151,0.10674157303370786
kc1,0,4,101,unweighted_lr:oof_balanced_accuracy,0.145613176972487,0.71875,0.2303370786516854,0.7575757575757576,0.24157303370786518
kc1,0,4,101,weighted_lr:default,0.5,0.71875,0.21910112359550563,0.7575757575757576,0.2247191011235955
kc1,0,4,101,weighted_lr:oof_macro_f1,0.6562216983508097,0.46875,0.11797752808988764,0.48484848484848486,0.10674157303370786
kc1,0,4,101,weighted_lr:oof_balanced_accuracy,0.344096841747533,0.8125,0.38764044943820225,0.8484848484848485,0.42134831460674155
kc1,0,4,101,rf:default,0.5,0.21875,0.02247191011235955,0.24242424242424243,0.028089887640449437
kc1,0,4,101,rf:oof_macro_f1,0.34125000000000005,0.5,0.0898876404494382,0.36363636363636365,0.0898876404494382
kc1,0,4,101,rf:oof_balanced_accuracy,0.14147727272727273,0.625,0.2696629213483146,0.6363636363636364,0.29775280898876405
kc1,0,4,101,balanced_rf:default,0.5,0.53125,0.2247191011235955,0.48484848484848486,0.14606741573033707
kc1,0,4,101,balanced_rf:oof_macro_f1,0.6675,0.375,0.10674157303370786,0.36363636363636365,0.06179775280898876
kc1,0,4,101,balanced_rf:oof_balanced_accuracy,0.4041666666666666,0.6875,0.2752808988764045,0.7878787878787878,0.25842696629213485
kc1,0,4,202,unweighted_lr:default,0.5,0.28125,0.02247191011235955,0.15151515151515152,0.028089887640449437
kc1,0,4,202,unweighted_lr:oof_macro_f1,0.24907265414476365,0.46875,0.12359550561797752,0.5151515151515151,0.10674157303370786
kc1,0,4,202,unweighted_lr:oof_balanced_accuracy,0.145613176972487,0.71875,0.2303370786516854,0.7575757575757576,0.24157303370786518
kc1,0,4,202,weighted_lr:default,0.5,0.71875,0.21910112359550563,0.7575757575757576,0.2247191011235955
kc1,0,4,202,weighted_lr:oof_macro_f1,0.6562216983508097,0.46875,0.11797752808988764,0.48484848484848486,0.10674157303370786
kc1,0,4,202,weighted_lr:oof_balanced_accuracy,0.344096841747533,0.8125,0.38764044943820225,0.8484848484848485,0.42134831460674155
kc1,0,4,202,rf:default,0.5,0.3125,0.028089887640449437,0.24242424242424243,0.011235955056179775
kc1,0,4,202,rf:oof_macro_f1,0.3583333333333333,0.5,0.06179775280898876,0.36363636363636365,0.06179775280898876
kc1,0,4,202,rf:oof_balanced_accuracy,0.13666666666666666,0.6875,0.29775280898876405,0.6666666666666666,0.30337078651685395
kc1,0,4,202,balanced_rf:default,0.5,0.53125,0.2247191011235955,0.5757575757575758,0.19101123595505617
kc1,0,4,202,balanced_rf:oof_macro_f1,0.6,0.4375,0.1348314606741573,0.42424242424242425,0.14606741573033707
kc1,0,4,202,balanced_rf:oof_balanced_accuracy,0.35208333333333336,0.6875,0.3258426966292135,0.7575757575757576,0.3089887640449438
kc1,0,4,303,unweighted_lr:default,0.5,0.28125,0.02247191011235955,0.15151515151515152,0.028089887640449437
kc1,0,4,303,unweighted_lr:oof_macro_f1,0.24907265414476365,0.46875,0.12359550561797752,0.5151515151515151,0.10674157303370786
kc1,0,4,303,unweighted_lr:oof_balanced_accuracy,0.145613176972487,0.71875,0.2303370786516854,0.7575757575757576,0.24157303370786518
kc1,0,4,303,weighted_lr:default,0.5,0.71875,0.21910112359550563,0.7575757575757576,0.2247191011235955
kc1,0,4,303,weighted_lr:oof_macro_f1,0.6562216983508097,0.46875,0.11797752808988764,0.48484848484848486,0.10674157303370786
kc1,0,4,303,weighted_lr:oof_balanced_accuracy,0.344096841747533,0.8125,0.38764044943820225,0.8484848484848485,0.42134831460674155
kc1,0,4,303,rf:default,0.5,0.28125,0.016853932584269662,0.21212121212121213,0.033707865168539325
kc1,0,4,303,rf:oof_macro_f1,0.29500000000000004,0.5,0.1404494382022472,0.42424242424242425,0.10112359550561797
kc1,0,4,303,rf:oof_balanced_accuracy,0.13958333333333334,0.625,0.2640449438202247,0.6363636363636364,0.29775280898876405
kc1,0,4,303,balanced_rf:default,0.5,0.5,0.2247191011235955,0.5151515151515151,0.1797752808988764
kc1,0,4,303,balanced_rf:oof_macro_f1,0.6770833333333334,0.34375,0.06179775280898876,0.3333333333333333,0.07303370786516854
kc1,0,4,303,balanced_rf:oof_balanced_accuracy,0.4541666666666667,0.59375,0.2303370786516854,0.6060606060606061,0.23595505617977527
kc1,0,4,404,unweighted_lr:default,0.5,0.28125,0.02247191011235955,0.15151515151515152,0.028089887640449437
kc1,0,4,404,unweighted_lr:oof_macro_f1,0.24907265414476365,0.46875,0.12359550561797752,0.5151515151515151,0.10674157303370786
kc1,0,4,404,unweighted_lr:oof_balanced_accuracy,0.145613176972487,0.71875,0.2303370786516854,0.7575757575757576,0.24157303370786518
kc1,0,4,404,weighted_lr:default,0.5,0.71875,0.21910112359550563,0.7575757575757576,0.2247191011235955
kc1,0,4,404,weighted_lr:oof_macro_f1,0.6562216983508097,0.46875,0.11797752808988764,0.48484848484848486,0.10674157303370786
kc1,0,4,404,weighted_lr:oof_balanced_accuracy,0.344096841747533,0.8125,0.38764044943820225,0.8484848484848485,0.42134831460674155
kc1,0,4,404,rf:default,0.5,0.28125,0.02247191011235955,0.18181818181818182,0.02247191011235955
kc1,0,4,404,rf:oof_macro_f1,0.3570833333333333,0.40625,0.06741573033707865,0.3939393939393939,0.06741573033707865
kc1,0,4,404,rf:oof_balanced_accuracy,0.14250000000000002,0.65625,0.29213483146067415,0.6363636363636364,0.25842696629213485
kc1,0,4,404,balanced_rf:default,0.5,0.53125,0.21348314606741572,0.5454545454545454,0.1853932584269663
kc1,0,4,404,balanced_rf:oof_macro_f1,0.6458333333333333,0.375,0.11797752808988764,0.42424242424242425,0.07865168539325842
kc1,0,4,404,balanced_rf:oof_balanced_accuracy,0.37505952380952384,0.59375,0.3258426966292135,0.6666666666666666,0.2808988764044944
kc1,0,4,505,unweighted_lr:default,0.5,0.28125,0.02247191011235955,0.15151515151515152,0.028089887640449437
kc1,0,4,505,unweighted_lr:oof_macro_f1,0.24907265414476365,0.46875,0.12359550561797752,0.5151515151515151,0.10674157303370786
kc1,0,4,505,unweighted_lr:oof_balanced_accuracy,0.145613176972487,0.71875,0.2303370786516854,0.7575757575757576,0.24157303370786518
kc1,0,4,505,weighted_lr:default,0.5,0.71875,0.21910112359550563,0.7575757575757576,0.2247191011235955
kc1,0,4,505,weighted_lr:oof_macro_f1,0.6562216983508097,0.46875,0.11797752808988764,0.48484848484848486,0.10674157303370786
kc1,0,4,505,weighted_lr:oof_balanced_accuracy,0.344096841747533,0.8125,0.38764044943820225,0.8484848484848485,0.42134831460674155
kc1,0,4,505,rf:default,0.5,0.28125,0.033707865168539325,0.24242424242424243,0.03932584269662921
kc1,0,4,505,rf:oof_macro_f1,0.30416666666666664,0.5,0.11235955056179775,0.48484848484848486,0.10674157303370786
kc1,0,4,505,rf:oof_balanced_accuracy,0.1461111111111111,0.625,0.2640449438202247,0.696969696969697,0.2696629213483146
kc1,0,4,505,balanced_rf:default,0.5,0.5625,0.21348314606741572,0.6060606060606061,0.19101123595505617
kc1,0,4,505,balanced_rf:oof_macro_f1,0.6375,0.40625,0.12359550561797752,0.45454545454545453,0.07865168539325842
kc1,0,4,505,balanced_rf:oof_balanced_accuracy,0.3298611111111111,0.6875,0.34269662921348315,0.696969696969697,0.3539325842696629
kc1,1,0,101,unweighted_lr:default,0.5,0.28125,0.016853932584269662,0.09090909090909091,0.0446927374301676
kc1,1,0,101,unweighted_lr:oof_macro_f1,0.31171024833393307,0.4375,0.05056179775280899,0.3939393939393939,0.1005586592178771
kc1,1,0,101,unweighted_lr:oof_balanced_accuracy,0.1428469933560271,0.78125,0.21348314606741572,0.7272727272727273,0.3128491620111732
kc1,1,0,101,weighted_lr:default,0.5,0.78125,0.20224719101123595,0.7272727272727273,0.3016759776536313
kc1,1,0,101,weighted_lr:oof_macro_f1,0.685918670263139,0.46875,0.06741573033707865,0.3939393939393939,0.12290502793296089
kc1,1,0,101,weighted_lr:oof_balanced_accuracy,0.47813764899934486,0.78125,0.21910112359550563,0.7272727272727273,0.31843575418994413
kc1,1,0,101,rf:default,0.5,0.25,0.028089887640449437,0.2727272727272727,0.061452513966480445
kc1,1,0,101,rf:oof_macro_f1,0.39125,0.34375,0.056179775280898875,0.42424242424242425,0.09497206703910614
kc1,1,0,101,rf:oof_balanced_accuracy,0.10654761904761904,0.875,0.25842696629213485,0.8787878787878788,0.3743016759776536
kc1,1,0,101,balanced_rf:default,0.5,0.625,0.15168539325842698,0.6666666666666666,0.25139664804469275
kc1,1,0,101,balanced_rf:oof_macro_f1,0.64375,0.4375,0.07303370786516854,0.42424242424242425,0.12290502793296089
kc1,1,0,101,balanced_rf:oof_balanced_accuracy,0.4934523809523809,0.65625,0.16292134831460675,0.6666666666666666,0.25139664804469275
kc1,1,0,202,unweighted_lr:default,0.5,0.28125,0.016853932584269662,0.09090909090909091,0.0446927374301676
kc1,1,0,202,unweighted_lr:oof_macro_f1,0.31171024833393307,0.4375,0.05056179775280899,0.3939393939393939,0.1005586592178771
kc1,1,0,202,unweighted_lr:oof_balanced_accuracy,0.1428469933560271,0.78125,0.21348314606741572,0.7272727272727273,0.3128491620111732
kc1,1,0,202,weighted_lr:default,0.5,0.78125,0.20224719101123595,0.7272727272727273,0.3016759776536313
kc1,1,0,202,weighted_lr:oof_macro_f1,0.685918670263139,0.46875,0.06741573033707865,0.3939393939393939,0.12290502793296089
kc1,1,0,202,weighted_lr:oof_balanced_accuracy,0.47813764899934486,0.78125,0.21910112359550563,0.7272727272727273,0.31843575418994413
kc1,1,0,202,rf:default,0.5,0.25,0.02247191011235955,0.36363636363636365,0.0446927374301676
kc1,1,0,202,rf:oof_macro_f1,0.35791666666666666,0.375,0.06179775280898876,0.5454545454545454,0.11173184357541899
kc1,1,0,202,rf:oof_balanced_accuracy,0.09375,0.8125,0.2752808988764045,0.9090909090909091,0.40782122905027934
kc1,1,0,202,balanced_rf:default,0.5,0.625,0.16853932584269662,0.7272727272727273,0.22346368715083798
kc1,1,0,202,balanced_rf:oof_macro_f1,0.6854166666666668,0.34375,0.06179775280898876,0.48484848484848486,0.1005586592178771
kc1,1,0,202,balanced_rf:oof_balanced_accuracy,0.4370833333333334,0.71875,0.20224719101123595,0.7878787878787878,0.3240223463687151
kc1,1,0,303,unweighted_lr:default,0.5,0.28125,0.016853932584269662,0.09090909090909091,0.0446927374301676
kc1,1,0,303,unweighted_lr:oof_macro_f1,0.31171024833393307,0.4375,0.05056179775280899,0.3939393939393939,0.1005586592178771
kc1,1,0,303,unweighted_lr:oof_balanced_accuracy,0.1428469933560271,0.78125,0.21348314606741572,0.7272727272727273,0.3128491620111732
kc1,1,0,303,weighted_lr:default,0.5,0.78125,0.20224719101123595,0.7272727272727273,0.3016759776536313
kc1,1,0,303,weighted_lr:oof_macro_f1,0.685918670263139,0.46875,0.06741573033707865,0.3939393939393939,0.12290502793296089
kc1,1,0,303,weighted_lr:oof_balanced_accuracy,0.47813764899934486,0.78125,0.21910112359550563,0.7272727272727273,0.31843575418994413
kc1,1,0,303,rf:default,0.5,0.25,0.033707865168539325,0.2727272727272727,0.061452513966480445
kc1,1,0,303,rf:oof_macro_f1,0.3124404761904762,0.5625,0.10112359550561797,0.5757575757575758,0.1340782122905028
kc1,1,0,303,rf:oof_balanced_accuracy,0.21756944444444443,0.75,0.16853932584269662,0.696969696969697,0.2011173184357542
kc1,1,0,303,balanced_rf:default,0.5,0.625,0.1404494382022472,0.7272727272727273,0.2346368715083799
kc1,1,0,303,balanced_rf:oof_macro_f1,0.6749999999999999,0.34375,0.0449438202247191,0.45454545454545453,0.1005586592178771
kc1,1,0,303,balanced_rf:oof_balanced_accuracy,0.39791666666666664,0.71875,0.2303370786516854,0.8181818181818182,0.3463687150837989
kc1,1,0,404,unweighted_lr:default,0.5,0.28125,0.016853932584269662,0.09090909090909091,0.0446927374301676
kc1,1,0,404,unweighted_lr:oof_macro_f1,0.31171024833393307,0.4375,0.05056179775280899,0.3939393939393939,0.1005586592178771
kc1,1,0,404,unweighted_lr:oof_balanced_accuracy,0.1428469933560271,0.78125,0.21348314606741572,0.7272727272727273,0.3128491620111732
kc1,1,0,404,weighted_lr:default,0.5,0.78125,0.20224719101123595,0.7272727272727273,0.3016759776536313
kc1,1,0,404,weighted_lr:oof_macro_f1,0.685918670263139,0.46875,0.06741573033707865,0.3939393939393939,0.12290502793296089
kc1,1,0,404,weighted_lr:oof_balanced_accuracy,0.47813764899934486,0.78125,0.21910112359550563,0.7272727272727273,0.31843575418994413
kc1,1,0,404,rf:default,0.5,0.21875,0.0449438202247191,0.2727272727272727,0.055865921787709494
kc1,1,0,404,rf:oof_macro_f1,0.38083333333333336,0.34375,0.056179775280898875,0.48484848484848486,0.09497206703910614
kc1,1,0,404,rf:oof_balanced_accuracy,0.21083333333333334,0.6875,0.1348314606741573,0.7878787878787878,0.24022346368715083
kc1,1,0,404,balanced_rf:default,0.5,0.65625,0.16292134831460675,0.7575757575757576,0.24581005586592178
kc1,1,0,404,balanced_rf:oof_macro_f1,0.6500000000000001,0.40625,0.06179775280898876,0.5454545454545454,0.10614525139664804
kc1,1,0,404,balanced_rf:oof_balanced_accuracy,0.3704166666666667,0.90625,0.2752808988764045,0.8787878787878788,0.3854748603351955
kc1,1,0,505,unweighted_lr:default,0.5,0.28125,0.016853932584269662,0.09090909090909091,0.0446927374301676
kc1,1,0,505,unweighted_lr:oof_macro_f1,0.31171024833393307,0.4375,0.05056179775280899,0.3939393939393939,0.1005586592178771
kc1,1,0,505,unweighted_lr:oof_balanced_accuracy,0.1428469933560271,0.78125,0.21348314606741572,0.7272727272727273,0.3128491620111732
kc1,1,0,505,weighted_lr:default,0.5,0.78125,0.20224719101123595,0.7272727272727273,0.3016759776536313
kc1,1,0,505,weighted_lr:oof_macro_f1,0.685918670263139,0.46875,0.06741573033707865,0.3939393939393939,0.12290502793296089
kc1,1,0,505,weighted_lr:oof_balanced_accuracy,0.47813764899934486,0.78125,0.21910112359550563,0.7272727272727273,0.31843575418994413
kc1,1,0,505,rf:default,0.5,0.21875,0.033707865168539325,0.30303030303030304,0.055865921787709494
kc1,1,0,505,rf:oof_macro_f1,0.35875,0.4375,0.05056179775280899,0.45454545454545453,0.12849162011173185
kc1,1,0,505,rf:oof_balanced_accuracy,0.16875,0.6875,0.19101123595505617,0.7878787878787878,0.3016759776536313
kc1,1,0,505,balanced_rf:default,0.5,0.625,0.1348314606741573,0.7575757575757576,0.22346368715083798
kc1,1,0,505,balanced_rf:oof_macro_f1,0.6416666666666667,0.40625,0.09550561797752809,0.5454545454545454,0.11731843575418995
kc1,1,0,505,balanced_rf:oof_balanced_accuracy,0.41666666666666663,0.6875,0.20786516853932585,0.7878787878787878,0.3240223463687151
kc1,1,1,101,unweighted_lr:default,0.5,0.28125,0.0449438202247191,0.3333333333333333,0.00558659217877095
kc1,1,1,101,unweighted_lr:oof_macro_f1,0.25084059958978444,0.5,0.16292134831460675,0.5757575757575758,0.11173184357541899
kc1,1,1,101,unweighted_lr:oof_balanced_accuracy,0.09143040586672717,0.75,0.4550561797752809,0.9090909090909091,0.4301675977653631
kc1,1,1,101,weighted_lr:default,0.5,0.59375,0.25842696629213485,0.7575757575757576,0.26256983240223464
kc1,1,1,101,weighted_lr:oof_macro_f1,0.6756948970818131,0.46875,0.14606741573033707,0.5757575757575758,0.1005586592178771
kc1,1,1,101,weighted_lr:oof_balanced_accuracy,0.37167788591360185,0.71875,0.398876404494382,0.9090909090909091,0.4022346368715084
kc1,1,1,101,rf:default,0.5,0.28125,0.02247191011235955,0.24242424242424243,0.0111731843575419
kc1,1,1,101,rf:oof_macro_f1,0.2477777777777778,0.5,0.15730337078651685,0.6060606060606061,0.12849162011173185
kc1,1,1,101,rf:oof_balanced_accuracy,0.17291666666666666,0.6875,0.20786516853932585,0.7575757575757576,0.19553072625698323
kc1,1,1,101,balanced_rf:default,0.5,0.5625,0.19662921348314608,0.6666666666666666,0.19553072625698323
kc1,1,1,101,balanced_rf:oof_macro_f1,0.64375,0.4375,0.09550561797752809,0.5454545454545454,0.12290502793296089
kc1,1,1,101,balanced_rf:oof_balanced_accuracy,0.3983333333333333,0.65625,0.25280898876404495,0.696969696969697,0.2849162011173184
kc1,1,1,202,unweighted_lr:default,0.5,0.28125,0.0449438202247191,0.3333333333333333,0.00558659217877095
kc1,1,1,202,unweighted_lr:oof_macro_f1,0.25084059958978444,0.5,0.16292134831460675,0.5757575757575758,0.11173184357541899
kc1,1,1,202,unweighted_lr:oof_balanced_accuracy,0.09143040586672717,0.75,0.4550561797752809,0.9090909090909091,0.4301675977653631
kc1,1,1,202,weighted_lr:default,0.5,0.59375,0.25842696629213485,0.7575757575757576,0.26256983240223464
kc1,1,1,202,weighted_lr:oof_macro_f1,0.6756948970818131,0.46875,0.14606741573033707,0.5757575757575758,0.1005586592178771
kc1,1,1,202,weighted_lr:oof_balanced_accuracy,0.37167788591360185,0.71875,0.398876404494382,0.9090909090909091,0.4022346368715084
kc1,1,1,202,rf:default,0.5,0.28125,0.016853932584269662,0.2727272727272727,0.01675977653631285
kc1,1,1,202,rf:oof_macro_f1,0.3695833333333333,0.40625,0.08426966292134831,0.5151515151515151,0.07262569832402235
kc1,1,1,202,rf:oof_balanced_accuracy,0.1277777777777778,0.75,0.2640449438202247,0.7878787878787878,0.27932960893854747
kc1,1,1,202,balanced_rf:default,0.5,0.5,0.19101123595505617,0.6666666666666666,0.20670391061452514
kc1,1,1,202,balanced_rf:oof_macro_f1,0.65,0.4375,0.06179775280898876,0.5151515151515151,0.0782122905027933
kc1,1,1,202,balanced_rf:oof_balanced_accuracy,0.3999999999999999,0.75,0.2808988764044944,0.8181818181818182,0.30726256983240224
kc1,1,1,303,unweighted_lr:default,0.5,0.28125,0.0449438202247191,0.3333333333333333,0.00558659217877095
kc1,1,1,303,unweighted_lr:oof_macro_f1,0.25084059958978444,0.5,0.16292134831460675,0.5757575757575758,0.11173184357541899
kc1,1,1,303,unweighted_lr:oof_balanced_accuracy,0.09143040586672717,0.75,0.4550561797752809,0.9090909090909091,0.4301675977653631
kc1,1,1,303,weighted_lr:default,0.5,0.59375,0.25842696629213485,0.7575757575757576,0.26256983240223464
kc1,1,1,303,weighted_lr:oof_macro_f1,0.6756948970818131,0.46875,0.14606741573033707,0.5757575757575758,0.1005586592178771
kc1,1,1,303,weighted_lr:oof_balanced_accuracy,0.37167788591360185,0.71875,0.398876404494382,0.9090909090909091,0.4022346368715084
kc1,1,1,303,rf:default,0.5,0.3125,0.02247191011235955,0.2727272727272727,0.0223463687150838
kc1,1,1,303,rf:oof_macro_f1,0.3420833333333333,0.375,0.09550561797752809,0.5454545454545454,0.09497206703910614
kc1,1,1,303,rf:oof_balanced_accuracy,0.12797619047619047,0.75,0.28651685393258425,0.8484848484848485,0.2905027932960894
kc1,1,1,303,balanced_rf:default,0.5,0.53125,0.20786516853932585,0.696969696969697,0.21787709497206703
kc1,1,1,303,balanced_rf:oof_macro_f1,0.5791666666666665,0.46875,0.15168539325842698,0.6363636363636364,0.1564245810055866
kc1,1,1,303,balanced_rf:oof_balanced_accuracy,0.42499999999999993,0.59375,0.25842696629213485,0.7878787878787878,0.2681564245810056
kc1,1,1,404,unweighted_lr:default,0.5,0.28125,0.0449438202247191,0.3333333333333333,0.00558659217877095
kc1,1,1,404,unweighted_lr:oof_macro_f1,0.25084059958978444,0.5,0.16292134831460675,0.5757575757575758,0.11173184357541899
kc1,1,1,404,unweighted_lr:oof_balanced_accuracy,0.09143040586672717,0.75,0.4550561797752809,0.9090909090909091,0.4301675977653631
kc1,1,1,404,weighted_lr:default,0.5,0.59375,0.25842696629213485,0.7575757575757576,0.26256983240223464
kc1,1,1,404,weighted_lr:oof_macro_f1,0.6756948970818131,0.46875,0.14606741573033707,0.5757575757575758,0.1005586592178771
kc1,1,1,404,weighted_lr:oof_balanced_accuracy,0.37167788591360185,0.71875,0.398876404494382,0.9090909090909091,0.4022346368715084
kc1,1,1,404,rf:default,0.5,0.3125,0.011235955056179775,0.3333333333333333,0.0223463687150838
kc1,1,1,404,rf:oof_macro_f1,0.3254166666666667,0.375,0.0898876404494382,0.48484848484848486,0.0782122905027933
kc1,1,1,404,rf:oof_balanced_accuracy,0.13488095238095238,0.71875,0.28651685393258425,0.8181818181818182,0.2569832402234637
kc1,1,1,404,balanced_rf:default,0.5,0.53125,0.21348314606741572,0.6363636363636364,0.1787709497206704
kc1,1,1,404,balanced_rf:oof_macro_f1,0.6333333333333333,0.4375,0.10674157303370786,0.5151515151515151,0.0893854748603352
kc1,1,1,404,balanced_rf:oof_balanced_accuracy,0.39375,0.59375,0.24157303370786518,0.7575757575757576,0.27932960893854747
kc1,1,1,505,unweighted_lr:default,0.5,0.28125,0.0449438202247191,0.3333333333333333,0.00558659217877095
kc1,1,1,505,unweighted_lr:oof_macro_f1,0.25084059958978444,0.5,0.16292134831460675,0.5757575757575758,0.11173184357541899
kc1,1,1,505,unweighted_lr:oof_balanced_accuracy,0.09143040586672717,0.75,0.4550561797752809,0.9090909090909091,0.4301675977653631
kc1,1,1,505,weighted_lr:default,0.5,0.59375,0.25842696629213485,0.7575757575757576,0.26256983240223464
kc1,1,1,505,weighted_lr:oof_macro_f1,0.6756948970818131,0.46875,0.14606741573033707,0.5757575757575758,0.1005586592178771
kc1,1,1,505,weighted_lr:oof_balanced_accuracy,0.37167788591360185,0.71875,0.398876404494382,0.9090909090909091,0.4022346368715084
kc1,1,1,505,rf:default,0.5,0.21875,0.011235955056179775,0.21212121212121213,0.0111731843575419
kc1,1,1,505,rf:oof_macro_f1,0.2979166666666667,0.40625,0.11797752808988764,0.5454545454545454,0.1005586592178771
kc1,1,1,505,rf:oof_balanced_accuracy,0.12083333333333332,0.75,0.29213483146067415,0.9090909090909091,0.3128491620111732
kc1,1,1,505,balanced_rf:default,0.5,0.5625,0.20224719101123595,0.7272727272727273,0.16759776536312848
kc1,1,1,505,balanced_rf:oof_macro_f1,0.6666666666666667,0.40625,0.056179775280898875,0.42424242424242425,0.07262569832402235
kc1,1,1,505,balanced_rf:oof_balanced_accuracy,0.41916666666666663,0.6875,0.2752808988764045,0.7575757575757576,0.25139664804469275
kc1,1,2,101,unweighted_lr:default,0.5,0.21875,0.028089887640449437,0.18181818181818182,0.00558659217877095
kc1,1,2,101,unweighted_lr:oof_macro_f1,0.28691391460211696,0.40625,0.11235955056179775,0.42424242424242425,0.0893854748603352
kc1,1,2,101,unweighted_lr:oof_balanced_accuracy,0.09857567461467807,0.875,0.4550561797752809,0.8484848484848485,0.39106145251396646
kc1,1,2,101,weighted_lr:default,0.5,0.71875,0.33146067415730335,0.7878787878787878,0.2681564245810056
kc1,1,2,101,weighted_lr:oof_macro_f1,0.6888256545821173,0.40625,0.12921348314606743,0.3939393939393939,0.0893854748603352
kc1,1,2,101,weighted_lr:oof_balanced_accuracy,0.37927627406402414,0.875,0.4438202247191011,0.8484848484848485,0.3743016759776536
kc1,1,2,101,rf:default,0.5,0.28125,0.033707865168539325,0.15151515151515152,0.0223463687150838
kc1,1,2,101,rf:oof_macro_f1,0.3533333333333334,0.5,0.07865168539325842,0.42424242424242425,0.11173184357541899
kc1,1,2,101,rf:oof_balanced_accuracy,0.16333333333333333,0.78125,0.30337078651685395,0.696969696969697,0.2849162011173184
kc1,1,2,101,balanced_rf:default,0.5,0.6875,0.21910112359550563,0.6666666666666666,0.22905027932960895
kc1,1,2,101,balanced_rf:oof_macro_f1,0.60625,0.625,0.11797752808988764,0.48484848484848486,0.1452513966480447
kc1,1,2,101,balanced_rf:oof_balanced_accuracy,0.4125,0.75,0.37640449438202245,0.7878787878787878,0.3240223463687151
kc1,1,2,202,unweighted_lr:default,0.5,0.21875,0.028089887640449437,0.18181818181818182,0.00558659217877095
kc1,1,2,202,unweighted_lr:oof_macro_f1,0.28691391460211696,0.40625,0.11235955056179775,0.42424242424242425,0.0893854748603352
kc1,1,2,202,unweighted_lr:oof_balanced_accuracy,0.09857567461467807,0.875,0.4550561797752809,0.8484848484848485,0.39106145251396646
kc1,1,2,202,weighted_lr:default,0.5,0.71875,0.33146067415730335,0.7878787878787878,0.2681564245810056
kc1,1,2,202,weighted_lr:oof_macro_f1,0.6888256545821173,0.40625,0.12921348314606743,0.3939393939393939,0.0893854748603352
kc1,1,2,202,weighted_lr:oof_balanced_accuracy,0.37927627406402414,0.875,0.4438202247191011,0.8484848484848485,0.3743016759776536
kc1,1,2,202,rf:default,0.5,0.21875,0.02247191011235955,0.24242424242424243,0.0335195530726257
kc1,1,2,202,rf:oof_macro_f1,0.3025122549019608,0.59375,0.11235955056179775,0.48484848484848486,0.1340782122905028
kc1,1,2,202,rf:oof_balanced_accuracy,0.15857142857142859,0.78125,0.3202247191011236,0.7272727272727273,0.30726256983240224
kc1,1,2,202,balanced_rf:default,0.5,0.71875,0.25280898876404495,0.6666666666666666,0.24581005586592178
kc1,1,2,202,balanced_rf:oof_macro_f1,0.6958333333333333,0.4375,0.05056179775280899,0.3939393939393939,0.061452513966480445
kc1,1,2,202,balanced_rf:oof_balanced_accuracy,0.4708333333333333,0.75,0.2808988764044944,0.7272727272727273,0.2737430167597765
kc1,1,2,303,unweighted_lr:default,0.5,0.21875,0.028089887640449437,0.18181818181818182,0.00558659217877095
kc1,1,2,303,unweighted_lr:oof_macro_f1,0.28691391460211696,0.40625,0.11235955056179775,0.42424242424242425,0.0893854748603352
kc1,1,2,303,unweighted_lr:oof_balanced_accuracy,0.09857567461467807,0.875,0.4550561797752809,0.8484848484848485,0.39106145251396646
kc1,1,2,303,weighted_lr:default,0.5,0.71875,0.33146067415730335,0.7878787878787878,0.2681564245810056
kc1,1,2,303,weighted_lr:oof_macro_f1,0.6888256545821173,0.40625,0.12921348314606743,0.3939393939393939,0.0893854748603352
kc1,1,2,303,weighted_lr:oof_balanced_accuracy,0.37927627406402414,0.875,0.4438202247191011,0.8484848484848485,0.3743016759776536
kc1,1,2,303,rf:default,0.5,0.25,0.02247191011235955,0.15151515151515152,0.0223463687150838
kc1,1,2,303,rf:oof_macro_f1,0.28874999999999995,0.59375,0.11235955056179775,0.5757575757575758,0.13966480446927373
kc1,1,2,303,rf:oof_balanced_accuracy,0.14708333333333332,0.78125,0.3146067415730337,0.7575757575757576,0.3463687150837989
kc1,1,2,303,balanced_rf:default,0.5,0.65625,0.20786516853932585,0.6363636363636364,0.24022346368715083
kc1,1,2,303,balanced_rf:oof_macro_f1,0.60625,0.53125,0.11797752808988764,0.48484848484848486,0.1452513966480447
kc1,1,2,303,balanced_rf:oof_balanced_accuracy,0.3875,0.84375,0.3707865168539326,0.8181818181818182,0.3854748603351955
kc1,1,2,404,unweighted_lr:default,0.5,0.21875,0.028089887640449437,0.18181818181818182,0.00558659217877095
kc1,1,2,404,unweighted_lr:oof_macro_f1,0.28691391460211696,0.40625,0.11235955056179775,0.42424242424242425,0.0893854748603352
kc1,1,2,404,unweighted_lr:oof_balanced_accuracy,0.09857567461467807,0.875,0.4550561797752809,0.8484848484848485,0.39106145251396646
kc1,1,2,404,weighted_lr:default,0.5,0.71875,0.33146067415730335,0.7878787878787878,0.2681564245810056
kc1,1,2,404,weighted_lr:oof_macro_f1,0.6888256545821173,0.40625,0.12921348314606743,0.3939393939393939,0.0893854748603352
kc1,1,2,404,weighted_lr:oof_balanced_accuracy,0.37927627406402414,0.875,0.4438202247191011,0.8484848484848485,0.3743016759776536
kc1,1,2,404,rf:default,0.5,0.3125,0.033707865168539325,0.18181818181818182,0.0335195530726257
kc1,1,2,404,rf:oof_macro_f1,0.35291666666666666,0.53125,0.08426966292134831,0.48484848484848486,0.11173184357541899
kc1,1,2,404,rf:oof_balanced_accuracy,0.15458333333333335,0.78125,0.30337078651685395,0.7575757575757576,0.3128491620111732
kc1,1,2,404,balanced_rf:default,0.5,0.71875,0.19101123595505617,0.6666666666666666,0.2346368715083799
kc1,1,2,404,balanced_rf:oof_macro_f1,0.5922619047619048,0.59375,0.14606741573033707,0.48484848484848486,0.1564245810055866
kc1,1,2,404,balanced_rf:oof_balanced_accuracy,0.4291666666666666,0.8125,0.30337078651685395,0.7878787878787878,0.30726256983240224
kc1,1,2,505,unweighted_lr:default,0.5,0.21875,0.028089887640449437,0.18181818181818182,0.00558659217877095
kc1,1,2,505,unweighted_lr:oof_macro_f1,0.28691391460211696,0.40625,0.11235955056179775,0.42424242424242425,0.0893854748603352
kc1,1,2,505,unweighted_lr:oof_balanced_accuracy,0.09857567461467807,0.875,0.4550561797752809,0.8484848484848485,0.39106145251396646
kc1,1,2,505,weighted_lr:default,0.5,0.71875,0.33146067415730335,0.7878787878787878,0.2681564245810056
kc1,1,2,505,weighted_lr:oof_macro_f1,0.6888256545821173,0.40625,0.12921348314606743,0.3939393939393939,0.0893854748603352
kc1,1,2,505,weighted_lr:oof_balanced_accuracy,0.37927627406402414,0.875,0.4438202247191011,0.8484848484848485,0.3743016759776536
kc1,1,2,505,rf:default,0.5,0.28125,0.016853932584269662,0.21212121212121213,0.0223463687150838
kc1,1,2,505,rf:oof_macro_f1,0.2625,0.71875,0.1797752808988764,0.6060606060606061,0.1787709497206704
kc1,1,2,505,rf:oof_balanced_accuracy,0.1309294871794872,0.8125,0.34831460674157305,0.7575757575757576,0.35195530726256985
kc1,1,2,505,balanced_rf:default,0.5,0.71875,0.2247191011235955,0.696969696969697,0.2346368715083799
kc1,1,2,505,balanced_rf:oof_macro_f1,0.6354166666666667,0.5625,0.08426966292134831,0.45454545454545453,0.12290502793296089
kc1,1,2,505,balanced_rf:oof_balanced_accuracy,0.39166666666666666,0.8125,0.33707865168539325,0.8181818181818182,0.3575418994413408
kc1,1,3,101,unweighted_lr:default,0.5,0.2727272727272727,0.033707865168539325,0.15151515151515152,0.02247191011235955
kc1,1,3,101,unweighted_lr:oof_macro_f1,0.22659691518918373,0.5151515151515151,0.15168539325842698,0.5454545454545454,0.17415730337078653
kc1,1,3,101,unweighted_lr:oof_balanced_accuracy,0.1502223327155892,0.7272727272727273,0.25280898876404495,0.6666666666666666,0.25280898876404495
kc1,1,3,101,weighted_lr:default,0.5,0.7272727272727273,0.25280898876404495,0.6666666666666666,0.25842696629213485
kc1,1,3,101,weighted_lr:oof_macro_f1,0.6610703331695037,0.5151515151515151,0.12359550561797752,0.5151515151515151,0.16292134831460675
kc1,1,3,101,weighted_lr:oof_balanced_accuracy,0.4443440437726653,0.7575757575757576,0.3146067415730337,0.7272727272727273,0.3202247191011236
kc1,1,3,101,rf:default,0.5,0.36363636363636365,0.033707865168539325,0.30303030303030304,0.0449438202247191
kc1,1,3,101,rf:oof_macro_f1,0.29041666666666666,0.6363636363636364,0.12921348314606743,0.5757575757575758,0.1797752808988764
kc1,1,3,101,rf:oof_balanced_accuracy,0.12083333333333335,0.8181818181818182,0.2808988764044944,0.7272727272727273,0.38764044943820225
kc1,1,3,101,balanced_rf:default,0.5,0.696969696969697,0.1797752808988764,0.6363636363636364,0.2808988764044944
kc1,1,3,101,balanced_rf:oof_macro_f1,0.6125,0.5454545454545454,0.10674157303370786,0.5151515151515151,0.1404494382022472
kc1,1,3,101,balanced_rf:oof_balanced_accuracy,0.375,0.7878787878787878,0.3089887640449438,0.8181818181818182,0.4044943820224719
kc1,1,3,202,unweighted_lr:default,0.5,0.2727272727272727,0.033707865168539325,0.15151515151515152,0.02247191011235955
kc1,1,3,202,unweighted_lr:oof_macro_f1,0.22659691518918373,0.5151515151515151,0.15168539325842698,0.5454545454545454,0.17415730337078653
kc1,1,3,202,unweighted_lr:oof_balanced_accuracy,0.1502223327155892,0.7272727272727273,0.25280898876404495,0.6666666666666666,0.25280898876404495
kc1,1,3,202,weighted_lr:default,0.5,0.7272727272727273,0.25280898876404495,0.6666666666666666,0.25842696629213485
kc1,1,3,202,weighted_lr:oof_macro_f1,0.6610703331695037,0.5151515151515151,0.12359550561797752,0.5151515151515151,0.16292134831460675
kc1,1,3,202,weighted_lr:oof_balanced_accuracy,0.4443440437726653,0.7575757575757576,0.3146067415730337,0.7272727272727273,0.3202247191011236
kc1,1,3,202,rf:default,0.5,0.3939393939393939,0.033707865168539325,0.36363636363636365,0.05056179775280899
kc1,1,3,202,rf:oof_macro_f1,0.2679166666666667,0.6666666666666666,0.1404494382022472,0.5757575757575758,0.20786516853932585
kc1,1,3,202,rf:oof_balanced_accuracy,0.11041666666666665,0.8181818181818182,0.3146067415730337,0.7575757575757576,0.398876404494382
kc1,1,3,202,balanced_rf:default,0.5,0.7272727272727273,0.21910112359550563,0.6666666666666666,0.24157303370786518
kc1,1,3,202,balanced_rf:oof_macro_f1,0.65,0.5151515151515151,0.10112359550561797,0.48484848484848486,0.11797752808988764
kc1,1,3,202,balanced_rf:oof_balanced_accuracy,0.4375,0.7575757575757576,0.25280898876404495,0.696969696969697,0.33146067415730335
kc1,1,3,303,unweighted_lr:default,0.5,0.2727272727272727,0.033707865168539325,0.15151515151515152,0.02247191011235955
kc1,1,3,303,unweighted_lr:oof_macro_f1,0.22659691518918373,0.5151515151515151,0.15168539325842698,0.5454545454545454,0.17415730337078653
kc1,1,3,303,unweighted_lr:oof_balanced_accuracy,0.1502223327155892,0.7272727272727273,0.25280898876404495,0.6666666666666666,0.25280898876404495
kc1,1,3,303,weighted_lr:default,0.5,0.7272727272727273,0.25280898876404495,0.6666666666666666,0.25842696629213485
kc1,1,3,303,weighted_lr:oof_macro_f1,0.6610703331695037,0.5151515151515151,0.12359550561797752,0.5151515151515151,0.16292134831460675
kc1,1,3,303,weighted_lr:oof_balanced_accuracy,0.4443440437726653,0.7575757575757576,0.3146067415730337,0.7272727272727273,0.3202247191011236
kc1,1,3,303,rf:default,0.5,0.3939393939393939,0.033707865168539325,0.3333333333333333,0.056179775280898875
kc1,1,3,303,rf:oof_macro_f1,0.3416666666666667,0.6060606060606061,0.10112359550561797,0.5151515151515151,0.12359550561797752
kc1,1,3,303,rf:oof_balanced_accuracy,0.15208333333333332,0.7878787878787878,0.2247191011235955,0.696969696969697,0.34831460674157305
kc1,1,3,303,balanced_rf:default,0.5,0.696969696969697,0.20224719101123595,0.696969696969697,0.2752808988764045
kc1,1,3,303,balanced_rf:oof_macro_f1,0.6458333333333333,0.5757575757575758,0.09550561797752809,0.45454545454545453,0.12359550561797752
kc1,1,3,303,balanced_rf:oof_balanced_accuracy,0.4125,0.7575757575757576,0.2640449438202247,0.7878787878787878,0.3707865168539326
kc1,1,3,404,unweighted_lr:default,0.5,0.2727272727272727,0.033707865168539325,0.15151515151515152,0.02247191011235955
kc1,1,3,404,unweighted_lr:oof_macro_f1,0.22659691518918373,0.5151515151515151,0.15168539325842698,0.5454545454545454,0.17415730337078653
kc1,1,3,404,unweighted_lr:oof_balanced_accuracy,0.1502223327155892,0.7272727272727273,0.25280898876404495,0.6666666666666666,0.25280898876404495
kc1,1,3,404,weighted_lr:default,0.5,0.7272727272727273,0.25280898876404495,0.6666666666666666,0.25842696629213485
kc1,1,3,404,weighted_lr:oof_macro_f1,0.6610703331695037,0.5151515151515151,0.12359550561797752,0.5151515151515151,0.16292134831460675
kc1,1,3,404,weighted_lr:oof_balanced_accuracy,0.4443440437726653,0.7575757575757576,0.3146067415730337,0.7272727272727273,0.3202247191011236
kc1,1,3,404,rf:default,0.5,0.36363636363636365,0.03932584269662921,0.30303030303030304,0.03932584269662921
kc1,1,3,404,rf:oof_macro_f1,0.25809523809523804,0.696969696969697,0.12921348314606743,0.6060606060606061,0.20224719101123595
kc1,1,3,404,rf:oof_balanced_accuracy,0.19708333333333333,0.7272727272727273,0.21348314606741572,0.6666666666666666,0.29213483146067415
kc1,1,3,404,balanced_rf:default,0.5,0.696969696969697,0.20224719101123595,0.6666666666666666,0.25842696629213485
kc1,1,3,404,balanced_rf:oof_macro_f1,0.5583333333333333,0.6363636363636364,0.14606741573033707,0.6060606060606061,0.19101123595505617
kc1,1,3,404,balanced_rf:oof_balanced_accuracy,0.46708333333333335,0.7575757575757576,0.24157303370786518,0.6666666666666666,0.3146067415730337
kc1,1,3,505,unweighted_lr:default,0.5,0.2727272727272727,0.033707865168539325,0.15151515151515152,0.02247191011235955
kc1,1,3,505,unweighted_lr:oof_macro_f1,0.22659691518918373,0.5151515151515151,0.15168539325842698,0.5454545454545454,0.17415730337078653
kc1,1,3,505,unweighted_lr:oof_balanced_accuracy,0.1502223327155892,0.7272727272727273,0.25280898876404495,0.6666666666666666,0.25280898876404495
kc1,1,3,505,weighted_lr:default,0.5,0.7272727272727273,0.25280898876404495,0.6666666666666666,0.25842696629213485
kc1,1,3,505,weighted_lr:oof_macro_f1,0.6610703331695037,0.5151515151515151,0.12359550561797752,0.5151515151515151,0.16292134831460675
kc1,1,3,505,weighted_lr:oof_balanced_accuracy,0.4443440437726653,0.7575757575757576,0.3146067415730337,0.7272727272727273,0.3202247191011236
kc1,1,3,505,rf:default,0.5,0.36363636363636365,0.033707865168539325,0.3333333333333333,0.056179775280898875
kc1,1,3,505,rf:oof_macro_f1,0.32916666666666666,0.6666666666666666,0.11235955056179775,0.5757575757575758,0.15168539325842698
kc1,1,3,505,rf:oof_balanced_accuracy,0.12791666666666665,0.7575757575757576,0.25842696629213485,0.7575757575757576,0.37640449438202245
kc1,1,3,505,balanced_rf:default,0.5,0.696969696969697,0.21348314606741572,0.6666666666666666,0.25842696629213485
kc1,1,3,505,balanced_rf:oof_macro_f1,0.6458333333333333,0.6060606060606061,0.10674157303370786,0.5454545454545454,0.12921348314606743
kc1,1,3,505,balanced_rf:oof_balanced_accuracy,0.4166666666666665,0.7575757575757576,0.2752808988764045,0.696969696969697,0.34831460674157305
kc1,1,4,101,unweighted_lr:default,0.5,0.1875,0.033707865168539325,0.09090909090909091,0.0056179775280898875
kc1,1,4,101,unweighted_lr:oof_macro_f1,0.2621591243171645,0.46875,0.11797752808988764,0.48484848484848486,0.16292134831460675
kc1,1,4,101,unweighted_lr:oof_balanced_accuracy,0.08496791320096368,0.78125,0.43820224719101125,0.8787878787878788,0.4157303370786517
kc1,1,4,101,weighted_lr:default,0.5,0.71875,0.25842696629213485,0.696969696969697,0.30337078651685395
kc1,1,4,101,weighted_lr:oof_macro_f1,0.6558927121358014,0.46875,0.12921348314606743,0.42424242424242425,0.15730337078651685
kc1,1,4,101,weighted_lr:oof_balanced_accuracy,0.3759516747844107,0.78125,0.38764044943820225,0.8484848484848485,0.38202247191011235
kc1,1,4,101,rf:default,0.5,0.21875,0.02247191011235955,0.3333333333333333,0.05056179775280899
kc1,1,4,101,rf:oof_macro_f1,0.37,0.375,0.07303370786516854,0.5454545454545454,0.11235955056179775
kc1,1,4,101,rf:oof_balanced_accuracy,0.16244047619047616,0.6875,0.20786516853932585,0.7272727272727273,0.30337078651685395
kc1,1,4,101,balanced_rf:default,0.5,0.4375,0.17415730337078653,0.7272727272727273,0.25280898876404495
kc1,1,4,101,balanced_rf:oof_macro_f1,0.64625,0.3125,0.10674157303370786,0.5151515151515151,0.12359550561797752
kc1,1,4,101,balanced_rf:oof_balanced_accuracy,0.42625,0.59375,0.2303370786516854,0.7575757575757576,0.33707865168539325
kc1,1,4,202,unweighted_lr:default,0.5,0.1875,0.033707865168539325,0.09090909090909091,0.0056179775280898875
kc1,1,4,202,unweighted_lr:oof_macro_f1,0.2621591243171645,0.46875,0.11797752808988764,0.48484848484848486,0.16292134831460675
kc1,1,4,202,unweighted_lr:oof_balanced_accuracy,0.08496791320096368,0.78125,0.43820224719101125,0.8787878787878788,0.4157303370786517
kc1,1,4,202,weighted_lr:default,0.5,0.71875,0.25842696629213485,0.696969696969697,0.30337078651685395
kc1,1,4,202,weighted_lr:oof_macro_f1,0.6558927121358014,0.46875,0.12921348314606743,0.42424242424242425,0.15730337078651685
kc1,1,4,202,weighted_lr:oof_balanced_accuracy,0.3759516747844107,0.78125,0.38764044943820225,0.8484848484848485,0.38202247191011235
kc1,1,4,202,rf:default,0.5,0.21875,0.033707865168539325,0.3333333333333333,0.03932584269662921
kc1,1,4,202,rf:oof_macro_f1,0.31833333333333336,0.40625,0.10674157303370786,0.5757575757575758,0.16292134831460675
kc1,1,4,202,rf:oof_balanced_accuracy,0.1568452380952381,0.65625,0.23595505617977527,0.7575757575757576,0.3146067415730337
kc1,1,4,202,balanced_rf:default,0.5,0.53125,0.1853932584269663,0.696969696969697,0.2247191011235955
kc1,1,4,202,balanced_rf:oof_macro_f1,0.5666666666666667,0.46875,0.17415730337078653,0.6363636363636364,0.1797752808988764
kc1,1,4,202,balanced_rf:oof_balanced_accuracy,0.5032738095238095,0.53125,0.1853932584269663,0.696969696969697,0.2247191011235955
kc1,1,4,303,unweighted_lr:default,0.5,0.1875,0.033707865168539325,0.09090909090909091,0.0056179775280898875
kc1,1,4,303,unweighted_lr:oof_macro_f1,0.2621591243171645,0.46875,0.11797752808988764,0.48484848484848486,0.16292134831460675
kc1,1,4,303,unweighted_lr:oof_balanced_accuracy,0.08496791320096368,0.78125,0.43820224719101125,0.8787878787878788,0.4157303370786517
kc1,1,4,303,weighted_lr:default,0.5,0.71875,0.25842696629213485,0.696969696969697,0.30337078651685395
kc1,1,4,303,weighted_lr:oof_macro_f1,0.6558927121358014,0.46875,0.12921348314606743,0.42424242424242425,0.15730337078651685
kc1,1,4,303,weighted_lr:oof_balanced_accuracy,0.3759516747844107,0.78125,0.38764044943820225,0.8484848484848485,0.38202247191011235
kc1,1,4,303,rf:default,0.5,0.21875,0.033707865168539325,0.36363636363636365,0.033707865168539325
kc1,1,4,303,rf:oof_macro_f1,0.3583333333333333,0.375,0.0898876404494382,0.5151515151515151,0.12921348314606743
kc1,1,4,303,rf:oof_balanced_accuracy,0.15041666666666667,0.625,0.25280898876404495,0.7575757575757576,0.3258426966292135
kc1,1,4,303,balanced_rf:default,0.5,0.59375,0.19101123595505617,0.6666666666666666,0.2752808988764045
kc1,1,4,303,balanced_rf:oof_macro_f1,0.5991666666666667,0.46875,0.12359550561797752,0.6060606060606061,0.19101123595505617
kc1,1,4,303,balanced_rf:oof_balanced_accuracy,0.4291666666666667,0.625,0.24157303370786518,0.7575757575757576,0.33146067415730335
kc1,1,4,404,unweighted_lr:default,0.5,0.1875,0.033707865168539325,0.09090909090909091,0.0056179775280898875
kc1,1,4,404,unweighted_lr:oof_macro_f1,0.2621591243171645,0.46875,0.11797752808988764,0.48484848484848486,0.16292134831460675
kc1,1,4,404,unweighted_lr:oof_balanced_accuracy,0.08496791320096368,0.78125,0.43820224719101125,0.8787878787878788,0.4157303370786517
kc1,1,4,404,weighted_lr:default,0.5,0.71875,0.25842696629213485,0.696969696969697,0.30337078651685395
kc1,1,4,404,weighted_lr:oof_macro_f1,0.6558927121358014,0.46875,0.12921348314606743,0.42424242424242425,0.15730337078651685
kc1,1,4,404,weighted_lr:oof_balanced_accuracy,0.3759516747844107,0.78125,0.38764044943820225,0.8484848484848485,0.38202247191011235
kc1,1,4,404,rf:default,0.5,0.25,0.03932584269662921,0.42424242424242425,0.0449438202247191
kc1,1,4,404,rf:oof_macro_f1,0.3929166666666667,0.3125,0.056179775280898875,0.5454545454545454,0.11235955056179775
kc1,1,4,404,rf:oof_balanced_accuracy,0.16924999999999998,0.65625,0.20786516853932585,0.7272727272727273,0.3089887640449438
kc1,1,4,404,balanced_rf:default,0.5,0.5625,0.19662921348314608,0.696969696969697,0.28651685393258425
kc1,1,4,404,balanced_rf:oof_macro_f1,0.5916666666666666,0.5,0.12921348314606743,0.6060606060606061,0.20224719101123595
kc1,1,4,404,balanced_rf:oof_balanced_accuracy,0.48047619047619045,0.59375,0.21348314606741572,0.696969696969697,0.29213483146067415
kc1,1,4,505,unweighted_lr:default,0.5,0.1875,0.033707865168539325,0.09090909090909091,0.0056179775280898875
kc1,1,4,505,unweighted_lr:oof_macro_f1,0.2621591243171645,0.46875,0.11797752808988764,0.48484848484848486,0.16292134831460675
kc1,1,4,505,unweighted_lr:oof_balanced_accuracy,0.08496791320096368,0.78125,0.43820224719101125,0.8787878787878788,0.4157303370786517
kc1,1,4,505,weighted_lr:default,0.5,0.71875,0.25842696629213485,0.696969696969697,0.30337078651685395
kc1,1,4,505,weighted_lr:oof_macro_f1,0.6558927121358014,0.46875,0.12921348314606743,0.42424242424242425,0.15730337078651685
kc1,1,4,505,weighted_lr:oof_balanced_accuracy,0.3759516747844107,0.78125,0.38764044943820225,0.8484848484848485,0.38202247191011235
kc1,1,4,505,rf:default,0.5,0.25,0.03932584269662921,0.36363636363636365,0.033707865168539325
kc1,1,4,505,rf:oof_macro_f1,0.3258333333333333,0.40625,0.09550561797752809,0.6363636363636364,0.14606741573033707
kc1,1,4,505,rf:oof_balanced_accuracy,0.16670343137254903,0.6875,0.21910112359550563,0.7575757575757576,0.29775280898876405
kc1,1,4,505,balanced_rf:default,0.5,0.46875,0.20786516853932585,0.7272727272727273,0.24157303370786518
kc1,1,4,505,balanced_rf:oof_macro_f1,0.6166666666666666,0.4375,0.11235955056179775,0.48484848484848486,0.16853932584269662
kc1,1,4,505,balanced_rf:oof_balanced_accuracy,0.425,0.5625,0.23595505617977527,0.7272727272727273,0.3202247191011236
kc1,2,0,101,unweighted_lr:default,0.5,0.125,0.02247191011235955,0.21212121212121213,0.0223463687150838
kc1,2,0,101,unweighted_lr:oof_macro_f1,0.2788437123320091,0.46875,0.07303370786516854,0.45454545454545453,0.12849162011173185
kc1,2,0,101,unweighted_lr:oof_balanced_accuracy,0.11838830421546535,0.65625,0.38202247191011235,0.7878787878787878,0.3854748603351955
kc1,2,0,101,weighted_lr:default,0.5,0.65625,0.28651685393258425,0.6666666666666666,0.3128491620111732
kc1,2,0,101,weighted_lr:oof_macro_f1,0.6372564215163173,0.53125,0.1348314606741573,0.5454545454545454,0.18435754189944134
kc1,2,0,101,weighted_lr:oof_balanced_accuracy,0.3760301864954068,0.75,0.43820224719101125,0.8484848484848485,0.43575418994413406
kc1,2,0,101,rf:default,0.5,0.5,0.028089887640449437,0.24242424242424243,0.0670391061452514
kc1,2,0,101,rf:oof_macro_f1,0.31492063492063493,0.59375,0.11797752808988764,0.5454545454545454,0.1340782122905028
kc1,2,0,101,rf:oof_balanced_accuracy,0.14833333333333332,0.65625,0.29775280898876405,0.8484848484848485,0.3575418994413408
kc1,2,0,101,balanced_rf:default,0.5,0.625,0.21348314606741572,0.7272727272727273,0.2569832402234637
kc1,2,0,101,balanced_rf:oof_macro_f1,0.5333333333333334,0.625,0.19662921348314608,0.6666666666666666,0.22346368715083798
kc1,2,0,101,balanced_rf:oof_balanced_accuracy,0.3791666666666667,0.65625,0.3651685393258427,0.7575757575757576,0.37988826815642457
kc1,2,0,202,unweighted_lr:default,0.5,0.125,0.02247191011235955,0.21212121212121213,0.0223463687150838
kc1,2,0,202,unweighted_lr:oof_macro_f1,0.2788437123320091,0.46875,0.07303370786516854,0.45454545454545453,0.12849162011173185
kc1,2,0,202,unweighted_lr:oof_balanced_accuracy,0.11838830421546535,0.65625,0.38202247191011235,0.7878787878787878,0.3854748603351955
kc1,2,0,202,weighted_lr:default,0.5,0.65625,0.28651685393258425,0.6666666666666666,0.3128491620111732
kc1,2,0,202,weighted_lr:oof_macro_f1,0.6372564215163173,0.53125,0.1348314606741573,0.5454545454545454,0.18435754189944134
kc1,2,0,202,weighted_lr:oof_balanced_accuracy,0.3760301864954068,0.75,0.43820224719101125,0.8484848484848485,0.43575418994413406
kc1,2,0,202,rf:default,0.5,0.5,0.033707865168539325,0.24242424242424243,0.0670391061452514
kc1,2,0,202,rf:oof_macro_f1,0.268125,0.59375,0.15730337078651685,0.5757575757575758,0.20670391061452514
kc1,2,0,202,rf:oof_balanced_accuracy,0.1025,0.71875,0.4101123595505618,0.8787878787878788,0.45251396648044695
kc1,2,0,202,balanced_rf:default,0.5,0.65625,0.24157303370786518,0.6666666666666666,0.2681564245810056
kc1,2,0,202,balanced_rf:oof_macro_f1,0.595,0.65625,0.15168539325842698,0.5757575757575758,0.18435754189944134
kc1,2,0,202,balanced_rf:oof_balanced_accuracy,0.375,0.6875,0.37640449438202245,0.7878787878787878,0.3743016759776536
kc1,2,0,303,unweighted_lr:default,0.5,0.125,0.02247191011235955,0.21212121212121213,0.0223463687150838
kc1,2,0,303,unweighted_lr:oof_macro_f1,0.2788437123320091,0.46875,0.07303370786516854,0.45454545454545453,0.12849162011173185
kc1,2,0,303,unweighted_lr:oof_balanced_accuracy,0.11838830421546535,0.65625,0.38202247191011235,0.7878787878787878,0.3854748603351955
kc1,2,0,303,weighted_lr:default,0.5,0.65625,0.28651685393258425,0.6666666666666666,0.3128491620111732
kc1,2,0,303,weighted_lr:oof_macro_f1,0.6372564215163173,0.53125,0.1348314606741573,0.5454545454545454,0.18435754189944134
kc1,2,0,303,weighted_lr:oof_balanced_accuracy,0.3760301864954068,0.75,0.43820224719101125,0.8484848484848485,0.43575418994413406
kc1,2,0,303,rf:default,0.5,0.40625,0.03932584269662921,0.30303030303030304,0.0670391061452514
kc1,2,0,303,rf:oof_macro_f1,0.28875,0.5625,0.1348314606741573,0.5454545454545454,0.1564245810055866
kc1,2,0,303,rf:oof_balanced_accuracy,0.13690476190476192,0.71875,0.33707865168539325,0.8484848484848485,0.3854748603351955
kc1,2,0,303,balanced_rf:default,0.5,0.65625,0.2640449438202247,0.7272727272727273,0.29608938547486036
kc1,2,0,303,balanced_rf:oof_macro_f1,0.6,0.625,0.1404494382022472,0.5454545454545454,0.1787709497206704
kc1,2,0,303,balanced_rf:oof_balanced_accuracy,0.3458333333333333,0.6875,0.42134831460674155,0.8181818181818182,0.46368715083798884
kc1,2,0,404,unweighted_lr:default,0.5,0.125,0.02247191011235955,0.21212121212121213,0.0223463687150838
kc1,2,0,404,unweighted_lr:oof_macro_f1,0.2788437123320091,0.46875,0.07303370786516854,0.45454545454545453,0.12849162011173185
kc1,2,0,404,unweighted_lr:oof_balanced_accuracy,0.11838830421546535,0.65625,0.38202247191011235,0.7878787878787878,0.3854748603351955
kc1,2,0,404,weighted_lr:default,0.5,0.65625,0.28651685393258425,0.6666666666666666,0.3128491620111732
kc1,2,0,404,weighted_lr:oof_macro_f1,0.6372564215163173,0.53125,0.1348314606741573,0.5454545454545454,0.18435754189944134
kc1,2,0,404,weighted_lr:oof_balanced_accuracy,0.3760301864954068,0.75,0.43820224719101125,0.8484848484848485,0.43575418994413406
kc1,2,0,404,rf:default,0.5,0.4375,0.03932584269662921,0.30303030303030304,0.07262569832402235
kc1,2,0,404,rf:oof_macro_f1,0.32053571428571426,0.59375,0.12921348314606743,0.42424242424242425,0.16759776536312848
kc1,2,0,404,rf:oof_balanced_accuracy,0.10833333333333332,0.71875,0.4101123595505618,0.8484848484848485,0.4134078212290503
kc1,2,0,404,balanced_rf:default,0.5,0.6875,0.2303370786516854,0.7272727272727273,0.2849162011173184
kc1,2,0,404,balanced_rf:oof_macro_f1,0.6395833333333334,0.5625,0.11797752808988764,0.45454545454545453,0.1452513966480447
kc1,2,0,404,balanced_rf:oof_balanced_accuracy,0.30083333333333334,0.71875,0.47191011235955055,0.9393939393939394,0.4692737430167598
kc1,2,0,505,unweighted_lr:default,0.5,0.125,0.02247191011235955,0.21212121212121213,0.0223463687150838
kc1,2,0,505,unweighted_lr:oof_macro_f1,0.2788437123320091,0.46875,0.07303370786516854,0.45454545454545453,0.12849162011173185
kc1,2,0,505,unweighted_lr:oof_balanced_accuracy,0.11838830421546535,0.65625,0.38202247191011235,0.7878787878787878,0.3854748603351955
kc1,2,0,505,weighted_lr:default,0.5,0.65625,0.28651685393258425,0.6666666666666666,0.3128491620111732
kc1,2,0,505,weighted_lr:oof_macro_f1,0.6372564215163173,0.53125,0.1348314606741573,0.5454545454545454,0.18435754189944134
kc1,2,0,505,weighted_lr:oof_balanced_accuracy,0.3760301864954068,0.75,0.43820224719101125,0.8484848484848485,0.43575418994413406
kc1,2,0,505,rf:default,0.5,0.46875,0.0449438202247191,0.30303030303030304,0.0670391061452514
kc1,2,0,505,rf:oof_macro_f1,0.32166666666666666,0.59375,0.1348314606741573,0.5757575757575758,0.16201117318435754
kc1,2,0,505,rf:oof_balanced_accuracy,0.103125,0.71875,0.398876404494382,0.8484848484848485,0.441340782122905
kc1,2,0,505,balanced_rf:default,0.5,0.6875,0.2808988764044944,0.6666666666666666,0.3128491620111732
kc1,2,0,505,balanced_rf:oof_macro_f1,0.5833333333333334,0.625,0.16853932584269662,0.5757575757575758,0.17318435754189945
kc1,2,0,505,balanced_rf:oof_balanced_accuracy,0.47916666666666663,0.6875,0.29213483146067415,0.696969696969697,0.31843575418994413
kc1,2,1,101,unweighted_lr:default,0.5,0.28125,0.0,0.12121212121212122,0.0335195530726257
kc1,2,1,101,unweighted_lr:oof_macro_f1,0.23319388904096994,0.65625,0.1404494382022472,0.5151515151515151,0.12849162011173185
kc1,2,1,101,unweighted_lr:oof_balanced_accuracy,0.13157205185756304,0.8125,0.25842696629213485,0.696969696969697,0.24581005586592178
kc1,2,1,101,weighted_lr:default,0.5,0.78125,0.23595505617977527,0.6363636363636364,0.22905027932960895
kc1,2,1,101,weighted_lr:oof_macro_f1,0.6276112550593593,0.625,0.12359550561797752,0.48484848484848486,0.12290502793296089
kc1,2,1,101,weighted_lr:oof_balanced_accuracy,0.4731396446492099,0.78125,0.24719101123595505,0.696969696969697,0.2346368715083799
kc1,2,1,101,rf:default,0.5,0.40625,0.016853932584269662,0.21212121212121213,0.03910614525139665
kc1,2,1,101,rf:oof_macro_f1,0.4175000000000001,0.4375,0.05056179775280899,0.3333333333333333,0.05027932960893855
kc1,2,1,101,rf:oof_balanced_accuracy,0.11666666666666665,0.90625,0.29213483146067415,0.7878787878787878,0.3016759776536313
kc1,2,1,101,balanced_rf:default,0.5,0.71875,0.1797752808988764,0.7272727272727273,0.18435754189944134
kc1,2,1,101,balanced_rf:oof_macro_f1,0.6125,0.53125,0.09550561797752809,0.6060606060606061,0.11731843575418995
kc1,2,1,101,balanced_rf:oof_balanced_accuracy,0.5333333333333333,0.59375,0.15730337078651685,0.6666666666666666,0.16759776536312848
kc1,2,1,202,unweighted_lr:default,0.5,0.28125,0.0,0.12121212121212122,0.0335195530726257
kc1,2,1,202,unweighted_lr:oof_macro_f1,0.23319388904096994,0.65625,0.1404494382022472,0.5151515151515151,0.12849162011173185
kc1,2,1,202,unweighted_lr:oof_balanced_accuracy,0.13157205185756304,0.8125,0.25842696629213485,0.696969696969697,0.24581005586592178
kc1,2,1,202,weighted_lr:default,0.5,0.78125,0.23595505617977527,0.6363636363636364,0.22905027932960895
kc1,2,1,202,weighted_lr:oof_macro_f1,0.6276112550593593,0.625,0.12359550561797752,0.48484848484848486,0.12290502793296089
kc1,2,1,202,weighted_lr:oof_balanced_accuracy,0.4731396446492099,0.78125,0.24719101123595505,0.696969696969697,0.2346368715083799
kc1,2,1,202,rf:default,0.5,0.40625,0.0449438202247191,0.24242424242424243,0.03910614525139665
kc1,2,1,202,rf:oof_macro_f1,0.3816666666666667,0.46875,0.07303370786516854,0.42424242424242425,0.055865921787709494
kc1,2,1,202,rf:oof_balanced_accuracy,0.10708333333333334,0.90625,0.29775280898876405,0.7575757575757576,0.30726256983240224
kc1,2,1,202,balanced_rf:default,0.5,0.6875,0.16853932584269662,0.6363636363636364,0.19553072625698323
kc1,2,1,202,balanced_rf:oof_macro_f1,0.59375,0.59375,0.09550561797752809,0.5151515151515151,0.1452513966480447
kc1,2,1,202,balanced_rf:oof_balanced_accuracy,0.4291666666666666,0.75,0.2247191011235955,0.7878787878787878,0.22905027932960895
kc1,2,1,303,unweighted_lr:default,0.5,0.28125,0.0,0.12121212121212122,0.0335195530726257
kc1,2,1,303,unweighted_lr:oof_macro_f1,0.23319388904096994,0.65625,0.1404494382022472,0.5151515151515151,0.12849162011173185
kc1,2,1,303,unweighted_lr:oof_balanced_accuracy,0.13157205185756304,0.8125,0.25842696629213485,0.696969696969697,0.24581005586592178
kc1,2,1,303,weighted_lr:default,0.5,0.78125,0.23595505617977527,0.6363636363636364,0.22905027932960895
kc1,2,1,303,weighted_lr:oof_macro_f1,0.6276112550593593,0.625,0.12359550561797752,0.48484848484848486,0.12290502793296089
kc1,2,1,303,weighted_lr:oof_balanced_accuracy,0.4731396446492099,0.78125,0.24719101123595505,0.696969696969697,0.2346368715083799
kc1,2,1,303,rf:default,0.5,0.375,0.028089887640449437,0.18181818181818182,0.0446927374301676
kc1,2,1,303,rf:oof_macro_f1,0.32708333333333334,0.46875,0.08426966292134831,0.3939393939393939,0.1005586592178771
kc1,2,1,303,rf:oof_balanced_accuracy,0.12928571428571428,0.875,0.3146067415730337,0.7878787878787878,0.26256983240223464
kc1,2,1,303,balanced_rf:default,0.5,0.71875,0.17415730337078653,0.696969696969697,0.18994413407821228
kc1,2,1,303,balanced_rf:oof_macro_f1,0.6395833333333334,0.46875,0.0898876404494382,0.42424242424242425,0.0893854748603352
kc1,2,1,303,balanced_rf:oof_balanced_accuracy,0.4041666666666667,0.8125,0.2752808988764045,0.7878787878787878,0.25139664804469275
kc1,2,1,404,unweighted_lr:default,0.5,0.28125,0.0,0.12121212121212122,0.0335195530726257
kc1,2,1,404,unweighted_lr:oof_macro_f1,0.23319388904096994,0.65625,0.1404494382022472,0.5151515151515151,0.12849162011173185
kc1,2,1,404,unweighted_lr:oof_balanced_accuracy,0.13157205185756304,0.8125,0.25842696629213485,0.696969696969697,0.24581005586592178
kc1,2,1,404,weighted_lr:default,0.5,0.78125,0.23595505617977527,0.6363636363636364,0.22905027932960895
kc1,2,1,404,weighted_lr:oof_macro_f1,0.6276112550593593,0.625,0.12359550561797752,0.48484848484848486,0.12290502793296089
kc1,2,1,404,weighted_lr:oof_balanced_accuracy,0.4731396446492099,0.78125,0.24719101123595505,0.696969696969697,0.2346368715083799
kc1,2,1,404,rf:default,0.5,0.3125,0.033707865168539325,0.24242424242424243,0.03910614525139665
kc1,2,1,404,rf:oof_macro_f1,0.41636904761904764,0.40625,0.056179775280898875,0.3333333333333333,0.0446927374301676
kc1,2,1,404,rf:oof_balanced_accuracy,0.10982142857142856,0.90625,0.30337078651685395,0.7878787878787878,0.31843575418994413
kc1,2,1,404,balanced_rf:default,0.5,0.75,0.1853932584269663,0.6060606060606061,0.16201117318435754
kc1,2,1,404,balanced_rf:oof_macro_f1,0.6666666666666667,0.5,0.08426966292134831,0.3939393939393939,0.07262569832402235
kc1,2,1,404,balanced_rf:oof_balanced_accuracy,0.37499999999999994,0.84375,0.3089887640449438,0.8181818181818182,0.2681564245810056
kc1,2,1,505,unweighted_lr:default,0.5,0.28125,0.0,0.12121212121212122,0.0335195530726257
kc1,2,1,505,unweighted_lr:oof_macro_f1,0.23319388904096994,0.65625,0.1404494382022472,0.5151515151515151,0.12849162011173185
kc1,2,1,505,unweighted_lr:oof_balanced_accuracy,0.13157205185756304,0.8125,0.25842696629213485,0.696969696969697,0.24581005586592178
kc1,2,1,505,weighted_lr:default,0.5,0.78125,0.23595505617977527,0.6363636363636364,0.22905027932960895
kc1,2,1,505,weighted_lr:oof_macro_f1,0.6276112550593593,0.625,0.12359550561797752,0.48484848484848486,0.12290502793296089
kc1,2,1,505,weighted_lr:oof_balanced_accuracy,0.4731396446492099,0.78125,0.24719101123595505,0.696969696969697,0.2346368715083799
kc1,2,1,505,rf:default,0.5,0.34375,0.02247191011235955,0.2727272727272727,0.0335195530726257
kc1,2,1,505,rf:oof_macro_f1,0.31250000000000006,0.53125,0.10112359550561797,0.42424242424242425,0.1005586592178771
kc1,2,1,505,rf:oof_balanced_accuracy,0.11041666666666665,0.90625,0.29775280898876405,0.7878787878787878,0.3463687150837989
kc1,2,1,505,balanced_rf:default,0.5,0.78125,0.1853932584269663,0.6363636363636364,0.19553072625698323
kc1,2,1,505,balanced_rf:oof_macro_f1,0.7208333333333332,0.46875,0.056179775280898875,0.3939393939393939,0.0670391061452514
kc1,2,1,505,balanced_rf:oof_balanced_accuracy,0.3583333333333333,0.875,0.3089887640449438,0.8181818181818182,0.31843575418994413
kc1,2,2,101,unweighted_lr:default,0.5,0.03125,0.02247191011235955,0.2727272727272727,0.0335195530726257
kc1,2,2,101,unweighted_lr:oof_macro_f1,0.24183173797342386,0.53125,0.15730337078651685,0.6060606060606061,0.13966480446927373
kc1,2,2,101,unweighted_lr:oof_balanced_accuracy,0.1549355822808554,0.71875,0.25842696629213485,0.696969696969697,0.29608938547486036
kc1,2,2,101,weighted_lr:default,0.5,0.6875,0.25842696629213485,0.696969696969697,0.2905027932960894
kc1,2,2,101,weighted_lr:oof_macro_f1,0.7524515514213652,0.25,0.06179775280898876,0.3939393939393939,0.0670391061452514
kc1,2,2,101,weighted_lr:oof_balanced_accuracy,0.36282361832104804,0.9375,0.37640449438202245,0.8484848484848485,0.4134078212290503
kc1,2,2,101,rf:default,0.5,0.1875,0.028089887640449437,0.21212121212121213,0.055865921787709494
kc1,2,2,101,rf:oof_macro_f1,0.39706349206349206,0.3125,0.08426966292134831,0.30303030303030304,0.09497206703910614
kc1,2,2,101,rf:oof_balanced_accuracy,0.20541666666666666,0.78125,0.20786516853932585,0.6363636363636364,0.22905027932960895
kc1,2,2,101,balanced_rf:default,0.5,0.625,0.19101123595505617,0.6363636363636364,0.24581005586592178
kc1,2,2,101,balanced_rf:oof_macro_f1,0.70625,0.3125,0.05056179775280899,0.30303030303030304,0.07262569832402235
kc1,2,2,101,balanced_rf:oof_balanced_accuracy,0.4208333333333334,0.75,0.25842696629213485,0.6666666666666666,0.29608938547486036
kc1,2,2,202,unweighted_lr:default,0.5,0.03125,0.02247191011235955,0.2727272727272727,0.0335195530726257
kc1,2,2,202,unweighted_lr:oof_macro_f1,0.24183173797342386,0.53125,0.15730337078651685,0.6060606060606061,0.13966480446927373
kc1,2,2,202,unweighted_lr:oof_balanced_accuracy,0.1549355822808554,0.71875,0.25842696629213485,0.696969696969697,0.29608938547486036
kc1,2,2,202,weighted_lr:default,0.5,0.6875,0.25842696629213485,0.696969696969697,0.2905027932960894
kc1,2,2,202,weighted_lr:oof_macro_f1,0.7524515514213652,0.25,0.06179775280898876,0.3939393939393939,0.0670391061452514
kc1,2,2,202,weighted_lr:oof_balanced_accuracy,0.36282361832104804,0.9375,0.37640449438202245,0.8484848484848485,0.4134078212290503
kc1,2,2,202,rf:default,0.5,0.1875,0.028089887640449437,0.24242424242424243,0.055865921787709494
kc1,2,2,202,rf:oof_macro_f1,0.3664430894308943,0.4375,0.09550561797752809,0.3939393939393939,0.09497206703910614
kc1,2,2,202,rf:oof_balanced_accuracy,0.18571428571428572,0.6875,0.2247191011235955,0.696969696969697,0.2569832402234637
kc1,2,2,202,balanced_rf:default,0.5,0.65625,0.20786516853932585,0.6666666666666666,0.22346368715083798
kc1,2,2,202,balanced_rf:oof_macro_f1,0.7041666666666666,0.28125,0.06179775280898876,0.30303030303030304,0.0893854748603352
kc1,2,2,202,balanced_rf:oof_balanced_accuracy,0.4354166666666667,0.71875,0.25280898876404495,0.6666666666666666,0.26256983240223464
kc1,2,2,303,unweighted_lr:default,0.5,0.03125,0.02247191011235955,0.2727272727272727,0.0335195530726257
kc1,2,2,303,unweighted_lr:oof_macro_f1,0.24183173797342386,0.53125,0.15730337078651685,0.6060606060606061,0.13966480446927373
kc1,2,2,303,unweighted_lr:oof_balanced_accuracy,0.1549355822808554,0.71875,0.25842696629213485,0.696969696969697,0.29608938547486036
kc1,2,2,303,weighted_lr:default,0.5,0.6875,0.25842696629213485,0.696969696969697,0.2905027932960894
kc1,2,2,303,weighted_lr:oof_macro_f1,0.7524515514213652,0.25,0.06179775280898876,0.3939393939393939,0.0670391061452514
kc1,2,2,303,weighted_lr:oof_balanced_accuracy,0.36282361832104804,0.9375,0.37640449438202245,0.8484848484848485,0.4134078212290503
kc1,2,2,303,rf:default,0.5,0.1875,0.011235955056179775,0.24242424242424243,0.05027932960893855
kc1,2,2,303,rf:oof_macro_f1,0.2958333333333333,0.5,0.10674157303370786,0.42424242424242425,0.1452513966480447
kc1,2,2,303,rf:oof_balanced_accuracy,0.15000000000000002,0.78125,0.2640449438202247,0.6363636363636364,0.27932960893854747
kc1,2,2,303,balanced_rf:default,0.5,0.65625,0.20786516853932585,0.6666666666666666,0.24022346368715083
kc1,2,2,303,balanced_rf:oof_macro_f1,0.6604166666666667,0.3125,0.06741573033707865,0.3333333333333333,0.1005586592178771
kc1,2,2,303,balanced_rf:oof_balanced_accuracy,0.4208333333333333,0.8125,0.2752808988764045,0.6666666666666666,0.29608938547486036
kc1,2,2,404,unweighted_lr:default,0.5,0.03125,0.02247191011235955,0.2727272727272727,0.0335195530726257
kc1,2,2,404,unweighted_lr:oof_macro_f1,0.24183173797342386,0.53125,0.15730337078651685,0.6060606060606061,0.13966480446927373
kc1,2,2,404,unweighted_lr:oof_balanced_accuracy,0.1549355822808554,0.71875,0.25842696629213485,0.696969696969697,0.29608938547486036
kc1,2,2,404,weighted_lr:default,0.5,0.6875,0.25842696629213485,0.696969696969697,0.2905027932960894
kc1,2,2,404,weighted_lr:oof_macro_f1,0.7524515514213652,0.25,0.06179775280898876,0.3939393939393939,0.0670391061452514
kc1,2,2,404,weighted_lr:oof_balanced_accuracy,0.36282361832104804,0.9375,0.37640449438202245,0.8484848484848485,0.4134078212290503
kc1,2,2,404,rf:default,0.5,0.15625,0.033707865168539325,0.21212121212121213,0.0446927374301676
kc1,2,2,404,rf:oof_macro_f1,0.4197916666666666,0.28125,0.056179775280898875,0.3333333333333333,0.0893854748603352
kc1,2,2,404,rf:oof_balanced_accuracy,0.19255952380952382,0.78125,0.21910112359550563,0.696969696969697,0.22905027932960895
kc1,2,2,404,balanced_rf:default,0.5,0.65625,0.16853932584269662,0.6666666666666666,0.21787709497206703
kc1,2,2,404,balanced_rf:oof_macro_f1,0.7291666666666666,0.1875,0.033707865168539325,0.3333333333333333,0.07262569832402235
kc1,2,2,404,balanced_rf:oof_balanced_accuracy,0.43125,0.75,0.23595505617977527,0.6666666666666666,0.27932960893854747
kc1,2,2,505,unweighted_lr:default,0.5,0.03125,0.02247191011235955,0.2727272727272727,0.0335195530726257
kc1,2,2,505,unweighted_lr:oof_macro_f1,0.24183173797342386,0.53125,0.15730337078651685,0.6060606060606061,0.13966480446927373
kc1,2,2,505,unweighted_lr:oof_balanced_accuracy,0.1549355822808554,0.71875,0.25842696629213485,0.696969696969697,0.29608938547486036
kc1,2,2,505,weighted_lr:default,0.5,0.6875,0.25842696629213485,0.696969696969697,0.2905027932960894
kc1,2,2,505,weighted_lr:oof_macro_f1,0.7524515514213652,0.25,0.06179775280898876,0.3939393939393939,0.0670391061452514
kc1,2,2,505,weighted_lr:oof_balanced_accuracy,0.36282361832104804,0.9375,0.37640449438202245,0.8484848484848485,0.4134078212290503
kc1,2,2,505,rf:default,0.5,0.1875,0.016853932584269662,0.24242424242424243,0.061452513966480445
kc1,2,2,505,rf:oof_macro_f1,0.3885416666666667,0.34375,0.056179775280898875,0.3939393939393939,0.10614525139664804
kc1,2,2,505,rf:oof_balanced_accuracy,0.1429166666666667,0.78125,0.2752808988764045,0.6666666666666666,0.29608938547486036
kc1,2,2,505,balanced_rf:default,0.5,0.71875,0.1797752808988764,0.5757575757575758,0.24022346368715083
kc1,2,2,505,balanced_rf:oof_macro_f1,0.6833333333333333,0.25,0.05056179775280899,0.3333333333333333,0.0893854748603352
kc1,2,2,505,balanced_rf:oof_balanced_accuracy,0.5233333333333333,0.625,0.16292134831460675,0.5757575757575758,0.2122905027932961
kc1,2,3,101,unweighted_lr:default,0.5,0.18181818181818182,0.028089887640449437,0.12121212121212122,0.016853932584269662
kc1,2,3,101,unweighted_lr:oof_macro_f1,0.2505186405364799,0.48484848484848486,0.11797752808988764,0.36363636363636365,0.14606741573033707
kc1,2,3,101,unweighted_lr:oof_balanced_accuracy,0.1611826698249001,0.6666666666666666,0.20786516853932585,0.696969696969697,0.23595505617977527
kc1,2,3,101,weighted_lr:default,0.5,0.7575757575757576,0.23595505617977527,0.7272727272727273,0.25842696629213485
kc1,2,3,101,weighted_lr:oof_macro_f1,0.6894914936048164,0.42424242424242425,0.11235955056179775,0.3333333333333333,0.12921348314606743
kc1,2,3,101,weighted_lr:oof_balanced_accuracy,0.3762494394779197,0.9090909090909091,0.3539325842696629,0.7878787878787878,0.38202247191011235
kc1,2,3,101,rf:default,0.5,0.24242424242424243,0.033707865168539325,0.2727272727272727,0.03932584269662921
kc1,2,3,101,rf:oof_macro_f1,0.30208333333333337,0.5454545454545454,0.1404494382022472,0.6060606060606061,0.15168539325842698
kc1,2,3,101,rf:oof_balanced_accuracy,0.13958333333333334,0.8181818181818182,0.2808988764044944,0.8484848484848485,0.3202247191011236
kc1,2,3,101,balanced_rf:default,0.5,0.6666666666666666,0.2247191011235955,0.7878787878787878,0.25280898876404495
kc1,2,3,101,balanced_rf:oof_macro_f1,0.6333333333333333,0.42424242424242425,0.10112359550561797,0.5454545454545454,0.12921348314606743
kc1,2,3,101,balanced_rf:oof_balanced_accuracy,0.3708333333333333,0.8484848484848485,0.33707865168539325,0.8484848484848485,0.38764044943820225
kc1,2,3,202,unweighted_lr:default,0.5,0.18181818181818182,0.028089887640449437,0.12121212121212122,0.016853932584269662
kc1,2,3,202,unweighted_lr:oof_macro_f1,0.2505186405364799,0.48484848484848486,0.11797752808988764,0.36363636363636365,0.14606741573033707
kc1,2,3,202,unweighted_lr:oof_balanced_accuracy,0.1611826698249001,0.6666666666666666,0.20786516853932585,0.696969696969697,0.23595505617977527
kc1,2,3,202,weighted_lr:default,0.5,0.7575757575757576,0.23595505617977527,0.7272727272727273,0.25842696629213485
kc1,2,3,202,weighted_lr:oof_macro_f1,0.6894914936048164,0.42424242424242425,0.11235955056179775,0.3333333333333333,0.12921348314606743
kc1,2,3,202,weighted_lr:oof_balanced_accuracy,0.3762494394779197,0.9090909090909091,0.3539325842696629,0.7878787878787878,0.38202247191011235
kc1,2,3,202,rf:default,0.5,0.3333333333333333,0.05056179775280899,0.30303030303030304,0.033707865168539325
kc1,2,3,202,rf:oof_macro_f1,0.3391666666666666,0.45454545454545453,0.10674157303370786,0.5454545454545454,0.12921348314606743
kc1,2,3,202,rf:oof_balanced_accuracy,0.13291666666666666,0.8181818181818182,0.3202247191011236,0.7575757575757576,0.3202247191011236
kc1,2,3,202,balanced_rf:default,0.5,0.7575757575757576,0.20224719101123595,0.7575757575757576,0.24157303370786518
kc1,2,3,202,balanced_rf:oof_macro_f1,0.6666666666666667,0.36363636363636365,0.07303370786516854,0.3939393939393939,0.11797752808988764
kc1,2,3,202,balanced_rf:oof_balanced_accuracy,0.4083333333333334,0.8181818181818182,0.3089887640449438,0.7878787878787878,0.33146067415730335
kc1,2,3,303,unweighted_lr:default,0.5,0.18181818181818182,0.028089887640449437,0.12121212121212122,0.016853932584269662
kc1,2,3,303,unweighted_lr:oof_macro_f1,0.2505186405364799,0.48484848484848486,0.11797752808988764,0.36363636363636365,0.14606741573033707
kc1,2,3,303,unweighted_lr:oof_balanced_accuracy,0.1611826698249001,0.6666666666666666,0.20786516853932585,0.696969696969697,0.23595505617977527
kc1,2,3,303,weighted_lr:default,0.5,0.7575757575757576,0.23595505617977527,0.7272727272727273,0.25842696629213485
kc1,2,3,303,weighted_lr:oof_macro_f1,0.6894914936048164,0.42424242424242425,0.11235955056179775,0.3333333333333333,0.12921348314606743
kc1,2,3,303,weighted_lr:oof_balanced_accuracy,0.3762494394779197,0.9090909090909091,0.3539325842696629,0.7878787878787878,0.38202247191011235
kc1,2,3,303,rf:default,0.5,0.30303030303030304,0.028089887640449437,0.3939393939393939,0.0449438202247191
kc1,2,3,303,rf:oof_macro_f1,0.3119047619047619,0.5454545454545454,0.12359550561797752,0.6060606060606061,0.12921348314606743
kc1,2,3,303,rf:oof_balanced_accuracy,0.19166666666666668,0.7575757575757576,0.25842696629213485,0.7878787878787878,0.2640449438202247
kc1,2,3,303,balanced_rf:default,0.5,0.7272727272727273,0.21348314606741572,0.696969696969697,0.2640449438202247
kc1,2,3,303,balanced_rf:oof_macro_f1,0.6583333333333334,0.3333333333333333,0.10112359550561797,0.5454545454545454,0.12921348314606743
kc1,2,3,303,balanced_rf:oof_balanced_accuracy,0.3458333333333333,0.8787878787878788,0.3539325842696629,0.8787878787878788,0.37640449438202245
kc1,2,3,404,unweighted_lr:default,0.5,0.18181818181818182,0.028089887640449437,0.12121212121212122,0.016853932584269662
kc1,2,3,404,unweighted_lr:oof_macro_f1,0.2505186405364799,0.48484848484848486,0.11797752808988764,0.36363636363636365,0.14606741573033707
kc1,2,3,404,unweighted_lr:oof_balanced_accuracy,0.1611826698249001,0.6666666666666666,0.20786516853932585,0.696969696969697,0.23595505617977527
kc1,2,3,404,weighted_lr:default,0.5,0.7575757575757576,0.23595505617977527,0.7272727272727273,0.25842696629213485
kc1,2,3,404,weighted_lr:oof_macro_f1,0.6894914936048164,0.42424242424242425,0.11235955056179775,0.3333333333333333,0.12921348314606743
kc1,2,3,404,weighted_lr:oof_balanced_accuracy,0.3762494394779197,0.9090909090909091,0.3539325842696629,0.7878787878787878,0.38202247191011235
kc1,2,3,404,rf:default,0.5,0.24242424242424243,0.03932584269662921,0.2727272727272727,0.033707865168539325
kc1,2,3,404,rf:oof_macro_f1,0.3270833333333333,0.5151515151515151,0.12359550561797752,0.5454545454545454,0.12921348314606743
kc1,2,3,404,rf:oof_balanced_accuracy,0.18458333333333332,0.7878787878787878,0.25842696629213485,0.7575757575757576,0.2752808988764045
kc1,2,3,404,balanced_rf:default,0.5,0.7272727272727273,0.2247191011235955,0.7878787878787878,0.2303370786516854
kc1,2,3,404,balanced_rf:oof_macro_f1,0.6541666666666667,0.3939393939393939,0.11797752808988764,0.5151515151515151,0.1348314606741573
kc1,2,3,404,balanced_rf:oof_balanced_accuracy,0.37083333333333335,0.8181818181818182,0.3258426966292135,0.8484848484848485,0.38202247191011235
kc1,2,3,505,unweighted_lr:default,0.5,0.18181818181818182,0.028089887640449437,0.12121212121212122,0.016853932584269662
kc1,2,3,505,unweighted_lr:oof_macro_f1,0.2505186405364799,0.48484848484848486,0.11797752808988764,0.36363636363636365,0.14606741573033707
kc1,2,3,505,unweighted_lr:oof_balanced_accuracy,0.1611826698249001,0.6666666666666666,0.20786516853932585,0.696969696969697,0.23595505617977527
kc1,2,3,505,weighted_lr:default,0.5,0.7575757575757576,0.23595505617977527,0.7272727272727273,0.25842696629213485
kc1,2,3,505,weighted_lr:oof_macro_f1,0.6894914936048164,0.42424242424242425,0.11235955056179775,0.3333333333333333,0.12921348314606743
kc1,2,3,505,weighted_lr:oof_balanced_accuracy,0.3762494394779197,0.9090909090909091,0.3539325842696629,0.7878787878787878,0.38202247191011235
kc1,2,3,505,rf:default,0.5,0.21212121212121213,0.033707865168539325,0.36363636363636365,0.05056179775280899
kc1,2,3,505,rf:oof_macro_f1,0.3208333333333333,0.5151515151515151,0.1348314606741573,0.5151515151515151,0.11235955056179775
kc1,2,3,505,rf:oof_balanced_accuracy,0.22291666666666665,0.6060606060606061,0.20224719101123595,0.6666666666666666,0.19662921348314608
kc1,2,3,505,balanced_rf:default,0.5,0.696969696969697,0.24157303370786518,0.7575757575757576,0.25842696629213485
kc1,2,3,505,balanced_rf:oof_macro_f1,0.6416666666666666,0.42424242424242425,0.12359550561797752,0.5454545454545454,0.09550561797752809
kc1,2,3,505,balanced_rf:oof_balanced_accuracy,0.3645833333333333,0.8484848484848485,0.3707865168539326,0.8787878787878788,0.398876404494382
kc1,2,4,101,unweighted_lr:default,0.5,0.375,0.016853932584269662,0.2727272727272727,0.02247191011235955
kc1,2,4,101,unweighted_lr:oof_macro_f1,0.25503007690557117,0.625,0.14606741573033707,0.6060606060606061,0.15168539325842698
kc1,2,4,101,unweighted_lr:oof_balanced_accuracy,0.10604381684143552,0.875,0.4550561797752809,0.8484848484848485,0.38202247191011235
kc1,2,4,101,weighted_lr:default,0.5,0.78125,0.33146067415730335,0.7575757575757576,0.25842696629213485
kc1,2,4,101,weighted_lr:oof_macro_f1,0.6952892628959063,0.46875,0.12359550561797752,0.5151515151515151,0.1404494382022472
kc1,2,4,101,weighted_lr:oof_balanced_accuracy,0.42346542218907657,0.84375,0.4157303370786517,0.8181818181818182,0.33707865168539325
kc1,2,4,101,rf:default,0.5,0.375,0.028089887640449437,0.45454545454545453,0.02247191011235955
kc1,2,4,101,rf:oof_macro_f1,0.2608333333333333,0.78125,0.14606741573033707,0.696969696969697,0.16292134831460675
kc1,2,4,101,rf:oof_balanced_accuracy,0.14541666666666667,0.875,0.3146067415730337,0.7878787878787878,0.28651685393258425
kc1,2,4,101,balanced_rf:default,0.5,0.71875,0.21910112359550563,0.7272727272727273,0.2247191011235955
kc1,2,4,101,balanced_rf:oof_macro_f1,0.51875,0.71875,0.21348314606741572,0.7272727272727273,0.20224719101123595
kc1,2,4,101,balanced_rf:oof_balanced_accuracy,0.41222222222222216,0.8125,0.29775280898876405,0.7878787878787878,0.29213483146067415
kc1,2,4,202,unweighted_lr:default,0.5,0.375,0.016853932584269662,0.2727272727272727,0.02247191011235955
kc1,2,4,202,unweighted_lr:oof_macro_f1,0.25503007690557117,0.625,0.14606741573033707,0.6060606060606061,0.15168539325842698
kc1,2,4,202,unweighted_lr:oof_balanced_accuracy,0.10604381684143552,0.875,0.4550561797752809,0.8484848484848485,0.38202247191011235
kc1,2,4,202,weighted_lr:default,0.5,0.78125,0.33146067415730335,0.7575757575757576,0.25842696629213485
kc1,2,4,202,weighted_lr:oof_macro_f1,0.6952892628959063,0.46875,0.12359550561797752,0.5151515151515151,0.1404494382022472
kc1,2,4,202,weighted_lr:oof_balanced_accuracy,0.42346542218907657,0.84375,0.4157303370786517,0.8181818181818182,0.33707865168539325
kc1,2,4,202,rf:default,0.5,0.34375,0.028089887640449437,0.48484848484848486,0.02247191011235955
kc1,2,4,202,rf:oof_macro_f1,0.28124999999999994,0.6875,0.15168539325842698,0.696969696969697,0.1404494382022472
kc1,2,4,202,rf:oof_balanced_accuracy,0.11919913419913422,0.90625,0.34831460674157305,0.8484848484848485,0.29775280898876405
kc1,2,4,202,balanced_rf:default,0.5,0.78125,0.2752808988764045,0.7575757575757576,0.21910112359550563
kc1,2,4,202,balanced_rf:oof_macro_f1,0.6541666666666666,0.59375,0.10112359550561797,0.6363636363636364,0.09550561797752809
kc1,2,4,202,balanced_rf:oof_balanced_accuracy,0.36666666666666664,0.84375,0.4044943820224719,0.8181818181818182,0.3707865168539326
kc1,2,4,303,unweighted_lr:default,0.5,0.375,0.016853932584269662,0.2727272727272727,0.02247191011235955
kc1,2,4,303,unweighted_lr:oof_macro_f1,0.25503007690557117,0.625,0.14606741573033707,0.6060606060606061,0.15168539325842698
kc1,2,4,303,unweighted_lr:oof_balanced_accuracy,0.10604381684143552,0.875,0.4550561797752809,0.8484848484848485,0.38202247191011235
kc1,2,4,303,weighted_lr:default,0.5,0.78125,0.33146067415730335,0.7575757575757576,0.25842696629213485
kc1,2,4,303,weighted_lr:oof_macro_f1,0.6952892628959063,0.46875,0.12359550561797752,0.5151515151515151,0.1404494382022472
kc1,2,4,303,weighted_lr:oof_balanced_accuracy,0.42346542218907657,0.84375,0.4157303370786517,0.8181818181818182,0.33707865168539325
kc1,2,4,303,rf:default,0.5,0.375,0.033707865168539325,0.3333333333333333,0.02247191011235955
kc1,2,4,303,rf:oof_macro_f1,0.32589285714285715,0.625,0.11235955056179775,0.6060606060606061,0.10112359550561797
kc1,2,4,303,rf:oof_balanced_accuracy,0.15958333333333333,0.84375,0.3146067415730337,0.8181818181818182,0.2752808988764045
kc1,2,4,303,balanced_rf:default,0.5,0.78125,0.2303370786516854,0.7272727272727273,0.2303370786516854
kc1,2,4,303,balanced_rf:oof_macro_f1,0.6229166666666667,0.625,0.1404494382022472,0.6363636363636364,0.1404494382022472
kc1,2,4,303,balanced_rf:oof_balanced_accuracy,0.4145833333333333,0.875,0.3202247191011236,0.7575757575757576,0.28651685393258425
kc1,2,4,404,unweighted_lr:default,0.5,0.375,0.016853932584269662,0.2727272727272727,0.02247191011235955
kc1,2,4,404,unweighted_lr:oof_macro_f1,0.25503007690557117,0.625,0.14606741573033707,0.6060606060606061,0.15168539325842698
kc1,2,4,404,unweighted_lr:oof_balanced_accuracy,0.10604381684143552,0.875,0.4550561797752809,0.8484848484848485,0.38202247191011235
kc1,2,4,404,weighted_lr:default,0.5,0.78125,0.33146067415730335,0.7575757575757576,0.25842696629213485
kc1,2,4,404,weighted_lr:oof_macro_f1,0.6952892628959063,0.46875,0.12359550561797752,0.5151515151515151,0.1404494382022472
kc1,2,4,404,weighted_lr:oof_balanced_accuracy,0.42346542218907657,0.84375,0.4157303370786517,0.8181818181818182,0.33707865168539325
kc1,2,4,404,rf:default,0.5,0.3125,0.028089887640449437,0.3939393939393939,0.033707865168539325
kc1,2,4,404,rf:oof_macro_f1,0.25023809523809526,0.71875,0.16292134831460675,0.696969696969697,0.1348314606741573
kc1,2,4,404,rf:oof_balanced_accuracy,0.14541666666666667,0.8125,0.28651685393258425,0.7878787878787878,0.29213483146067415
kc1,2,4,404,balanced_rf:default,0.5,0.75,0.2247191011235955,0.7575757575757576,0.23595505617977527
kc1,2,4,404,balanced_rf:oof_macro_f1,0.6116666666666667,0.53125,0.14606741573033707,0.6666666666666666,0.12921348314606743
kc1,2,4,404,balanced_rf:oof_balanced_accuracy,0.35,0.84375,0.37640449438202245,0.7878787878787878,0.34831460674157305
kc1,2,4,505,unweighted_lr:default,0.5,0.375,0.016853932584269662,0.2727272727272727,0.02247191011235955
kc1,2,4,505,unweighted_lr:oof_macro_f1,0.25503007690557117,0.625,0.14606741573033707,0.6060606060606061,0.15168539325842698
kc1,2,4,505,unweighted_lr:oof_balanced_accuracy,0.10604381684143552,0.875,0.4550561797752809,0.8484848484848485,0.38202247191011235
kc1,2,4,505,weighted_lr:default,0.5,0.78125,0.33146067415730335,0.7575757575757576,0.25842696629213485
kc1,2,4,505,weighted_lr:oof_macro_f1,0.6952892628959063,0.46875,0.12359550561797752,0.5151515151515151,0.1404494382022472
kc1,2,4,505,weighted_lr:oof_balanced_accuracy,0.42346542218907657,0.84375,0.4157303370786517,0.8181818181818182,0.33707865168539325
kc1,2,4,505,rf:default,0.5,0.34375,0.011235955056179775,0.42424242424242425,0.033707865168539325
kc1,2,4,505,rf:oof_macro_f1,0.29958333333333337,0.65625,0.1404494382022472,0.696969696969697,0.12921348314606743
kc1,2,4,505,rf:oof_balanced_accuracy,0.12089285714285716,0.84375,0.3258426966292135,0.8484848484848485,0.2808988764044944
kc1,2,4,505,balanced_rf:default,0.5,0.78125,0.25842696629213485,0.7575757575757576,0.2247191011235955
kc1,2,4,505,balanced_rf:oof_macro_f1,0.6108333333333333,0.625,0.12359550561797752,0.696969696969697,0.12359550561797752
kc1,2,4,505,balanced_rf:oof_balanced_accuracy,0.3625,0.875,0.4044943820224719,0.7878787878787878,0.3539325842696629
ozone,0,0,101,unweighted_lr:default,0.5,0.4375,0.016877637130801686,0.375,0.012605042016806723
ozone,0,0,101,unweighted_lr:oof_macro_f1,0.34930117949336653,0.5625,0.03375527426160337,0.375,0.02100840336134454
ozone,0,0,101,unweighted_lr:oof_balanced_accuracy,0.028586571812584588,0.875,0.25738396624472576,1.0,0.23949579831932774
ozone,0,0,101,weighted_lr:default,0.5,0.875,0.13924050632911392,0.75,0.11764705882352941
ozone,0,0,101,weighted_lr:oof_macro_f1,0.7885839155698833,0.6875,0.05485232067510549,0.5,0.06302521008403361
ozone,0,0,101,weighted_lr:oof_balanced_accuracy,0.23681086788323097,0.9375,0.22362869198312235,0.9375,0.2184873949579832
ozone,0,0,101,rf:default,0.5,0.125,0.004219409282700422,0.1875,0.0
ozone,0,0,101,rf:oof_macro_f1,0.29166666666666663,0.5625,0.029535864978902954,0.3125,0.025210084033613446
ozone,0,0,101,rf:oof_balanced_accuracy,0.07916666666666666,0.875,0.16877637130801687,0.9375,0.1638655462184874
ozone,0,0,101,balanced_rf:default,0.5,0.875,0.11814345991561181,0.9375,0.09663865546218488
ozone,0,0,101,balanced_rf:oof_macro_f1,0.7416666666666666,0.5,0.012658227848101266,0.375,0.012605042016806723
ozone,0,0,101,balanced_rf:oof_balanced_accuracy,0.5125,0.875,0.10548523206751055,0.9375,0.09663865546218488
ozone,0,0,202,unweighted_lr:default,0.5,0.4375,0.016877637130801686,0.375,0.012605042016806723
ozone,0,0,202,unweighted_lr:oof_macro_f1,0.34930117949336653,0.5625,0.03375527426160337,0.375,0.02100840336134454
ozone,0,0,202,unweighted_lr:oof_balanced_accuracy,0.028586571812584588,0.875,0.25738396624472576,1.0,0.23949579831932774
ozone,0,0,202,weighted_lr:default,0.5,0.875,0.13924050632911392,0.75,0.11764705882352941
ozone,0,0,202,weighted_lr:oof_macro_f1,0.7885839155698833,0.6875,0.05485232067510549,0.5,0.06302521008403361
ozone,0,0,202,weighted_lr:oof_balanced_accuracy,0.23681086788323097,0.9375,0.22362869198312235,0.9375,0.2184873949579832
ozone,0,0,202,rf:default,0.5,0.125,0.008438818565400843,0.125,0.0
ozone,0,0,202,rf:oof_macro_f1,0.2125,0.625,0.05063291139240506,0.625,0.0546218487394958
ozone,0,0,202,rf:oof_balanced_accuracy,0.07916666666666666,0.875,0.1729957805907173,0.9375,0.1722689075630252
ozone,0,0,202,balanced_rf:default,0.5,0.8125,0.08016877637130802,0.9375,0.1134453781512605
ozone,0,0,202,balanced_rf:oof_macro_f1,0.7291666666666667,0.4375,0.02531645569620253,0.5,0.025210084033613446
ozone,0,0,202,balanced_rf:oof_balanced_accuracy,0.4458333333333334,0.875,0.11814345991561181,0.9375,0.11764705882352941
ozone,0,0,303,unweighted_lr:default,0.5,0.4375,0.016877637130801686,0.375,0.012605042016806723
ozone,0,0,303,unweighted_lr:oof_macro_f1,0.34930117949336653,0.5625,0.03375527426160337,0.375,0.02100840336134454
ozone,0,0,303,unweighted_lr:oof_balanced_accuracy,0.028586571812584588,0.875,0.25738396624472576,1.0,0.23949579831932774
ozone,0,0,303,weighted_lr:default,0.5,0.875,0.13924050632911392,0.75,0.11764705882352941
ozone,0,0,303,weighted_lr:oof_macro_f1,0.7885839155698833,0.6875,0.05485232067510549,0.5,0.06302521008403361
ozone,0,0,303,weighted_lr:oof_balanced_accuracy,0.23681086788323097,0.9375,0.22362869198312235,0.9375,0.2184873949579832
ozone,0,0,303,rf:default,0.5,0.125,0.004219409282700422,0.1875,0.004201680672268907
ozone,0,0,303,rf:oof_macro_f1,0.25916666666666666,0.5625,0.046413502109704644,0.625,0.029411764705882353
ozone,0,0,303,rf:oof_balanced_accuracy,0.05416666666666666,0.875,0.24472573839662448,0.9375,0.2184873949579832
ozone,0,0,303,balanced_rf:default,0.5,0.875,0.10970464135021098,0.875,0.1134453781512605
ozone,0,0,303,balanced_rf:oof_macro_f1,0.7,0.5625,0.03375527426160337,0.5,0.029411764705882353
ozone,0,0,303,balanced_rf:oof_balanced_accuracy,0.45833333333333337,0.875,0.12236286919831224,0.9375,0.14705882352941177
ozone,0,0,404,unweighted_lr:default,0.5,0.4375,0.016877637130801686,0.375,0.012605042016806723
ozone,0,0,404,unweighted_lr:oof_macro_f1,0.34930117949336653,0.5625,0.03375527426160337,0.375,0.02100840336134454
ozone,0,0,404,unweighted_lr:oof_balanced_accuracy,0.028586571812584588,0.875,0.25738396624472576,1.0,0.23949579831932774
ozone,0,0,404,weighted_lr:default,0.5,0.875,0.13924050632911392,0.75,0.11764705882352941
ozone,0,0,404,weighted_lr:oof_macro_f1,0.7885839155698833,0.6875,0.05485232067510549,0.5,0.06302521008403361
ozone,0,0,404,weighted_lr:oof_balanced_accuracy,0.23681086788323097,0.9375,0.22362869198312235,0.9375,0.2184873949579832
ozone,0,0,404,rf:default,0.5,0.1875,0.008438818565400843,0.25,0.004201680672268907
ozone,0,0,404,rf:oof_macro_f1,0.24583333333333335,0.5625,0.0379746835443038,0.625,0.037815126050420166
ozone,0,0,404,rf:oof_balanced_accuracy,0.08125,0.875,0.16877637130801687,0.9375,0.13865546218487396
ozone,0,0,404,balanced_rf:default,0.5,0.875,0.10126582278481013,0.75,0.10504201680672269
ozone,0,0,404,balanced_rf:oof_macro_f1,0.6791666666666667,0.625,0.029535864978902954,0.4375,0.029411764705882353
ozone,0,0,404,balanced_rf:oof_balanced_accuracy,0.4208333333333333,0.875,0.14767932489451477,0.8125,0.17647058823529413
ozone,0,0,505,unweighted_lr:default,0.5,0.4375,0.016877637130801686,0.375,0.012605042016806723
ozone,0,0,505,unweighted_lr:oof_macro_f1,0.34930117949336653,0.5625,0.03375527426160337,0.375,0.02100840336134454
ozone,0,0,505,unweighted_lr:oof_balanced_accuracy,0.028586571812584588,0.875,0.25738396624472576,1.0,0.23949579831932774
ozone,0,0,505,weighted_lr:default,0.5,0.875,0.13924050632911392,0.75,0.11764705882352941
ozone,0,0,505,weighted_lr:oof_macro_f1,0.7885839155698833,0.6875,0.05485232067510549,0.5,0.06302521008403361
ozone,0,0,505,weighted_lr:oof_balanced_accuracy,0.23681086788323097,0.9375,0.22362869198312235,0.9375,0.2184873949579832
ozone,0,0,505,rf:default,0.5,0.0625,0.008438818565400843,0.1875,0.0
ozone,0,0,505,rf:oof_macro_f1,0.26833333333333337,0.4375,0.02531645569620253,0.4375,0.025210084033613446
ozone,0,0,505,rf:oof_balanced_accuracy,0.09791666666666668,0.8125,0.12236286919831224,0.875,0.12184873949579832
ozone,0,0,505,balanced_rf:default,0.5,0.8125,0.10548523206751055,0.8125,0.12184873949579832
ozone,0,0,505,balanced_rf:oof_macro_f1,0.6833333333333333,0.6875,0.04219409282700422,0.5625,0.029411764705882353
ozone,0,0,505,balanced_rf:oof_balanced_accuracy,0.3,0.875,0.24050632911392406,0.9375,0.24789915966386555
ozone,0,1,101,unweighted_lr:default,0.5,0.1875,0.008438818565400843,0.1875,0.008403361344537815
ozone,0,1,101,unweighted_lr:oof_macro_f1,0.3221699992800768,0.375,0.02531645569620253,0.375,0.025210084033613446
ozone,0,1,101,unweighted_lr:oof_balanced_accuracy,0.07523271457332778,0.9375,0.13924050632911392,0.8125,0.12184873949579832
ozone,0,1,101,weighted_lr:default,0.5,0.9375,0.12236286919831224,0.8125,0.14285714285714285
ozone,0,1,101,weighted_lr:oof_macro_f1,0.7947879360934437,0.625,0.05907172995780591,0.625,0.037815126050420166
ozone,0,1,101,weighted_lr:oof_balanced_accuracy,0.3867676564338341,1.0,0.18565400843881857,0.875,0.16806722689075632
ozone,0,1,101,rf:default,0.5,0.0625,0.0,0.1875,0.004201680672268907
ozone,0,1,101,rf:oof_macro_f1,0.23541666666666666,0.5,0.02531645569620253,0.75,0.037815126050420166
ozone,0,1,101,rf:oof_balanced_accuracy,0.12875,0.875,0.14345991561181434,0.8125,0.09243697478991597
ozone,0,1,101,balanced_rf:default,0.5,0.9375,0.16455696202531644,0.8125,0.13865546218487396
ozone,0,1,101,balanced_rf:oof_macro_f1,0.6749999999999999,0.6875,0.05485232067510549,0.5625,0.046218487394957986
ozone,0,1,101,balanced_rf:oof_balanced_accuracy,0.4520833333333333,0.9375,0.19831223628691982,0.8125,0.15966386554621848
ozone,0,1,202,unweighted_lr:default,0.5,0.1875,0.008438818565400843,0.1875,0.008403361344537815
ozone,0,1,202,unweighted_lr:oof_macro_f1,0.3221699992800768,0.375,0.02531645569620253,0.375,0.025210084033613446
ozone,0,1,202,unweighted_lr:oof_balanced_accuracy,0.07523271457332778,0.9375,0.13924050632911392,0.8125,0.12184873949579832
ozone,0,1,202,weighted_lr:default,0.5,0.9375,0.12236286919831224,0.8125,0.14285714285714285
ozone,0,1,202,weighted_lr:oof_macro_f1,0.7947879360934437,0.625,0.05907172995780591,0.625,0.037815126050420166
ozone,0,1,202,weighted_lr:oof_balanced_accuracy,0.3867676564338341,1.0,0.18565400843881857,0.875,0.16806722689075632
ozone,0,1,202,rf:default,0.5,0.0,0.0,0.1875,0.004201680672268907
ozone,0,1,202,rf:oof_macro_f1,0.2041666666666667,0.625,0.07172995780590717,0.75,0.046218487394957986
ozone,0,1,202,rf:oof_balanced_accuracy,0.06875,1.0,0.2109704641350211,0.9375,0.19327731092436976
ozone,0,1,202,balanced_rf:default,0.5,0.875,0.1350210970464135,0.9375,0.10084033613445378
ozone,0,1,202,balanced_rf:oof_macro_f1,0.7041666666666668,0.5,0.029535864978902954,0.5625,0.029411764705882353
ozone,0,1,202,balanced_rf:oof_balanced_accuracy,0.37083333333333335,1.0,0.2489451476793249,0.9375,0.19327731092436976
ozone,0,1,303,unweighted_lr:default,0.5,0.1875,0.008438818565400843,0.1875,0.008403361344537815
ozone,0,1,303,unweighted_lr:oof_macro_f1,0.3221699992800768,0.375,0.02531645569620253,0.375,0.025210084033613446
ozone,0,1,303,unweighted_lr:oof_balanced_accuracy,0.07523271457332778,0.9375,0.13924050632911392,0.8125,0.12184873949579832
ozone,0,1,303,weighted_lr:default,0.5,0.9375,0.12236286919831224,0.8125,0.14285714285714285
ozone,0,1,303,weighted_lr:oof_macro_f1,0.7947879360934437,0.625,0.05907172995780591,0.625,0.037815126050420166
ozone,0,1,303,weighted_lr:oof_balanced_accuracy,0.3867676564338341,1.0,0.18565400843881857,0.875,0.16806722689075632
ozone,0,1,303,rf:default,0.5,0.125,0.0,0.1875,0.004201680672268907
ozone,0,1,303,rf:oof_macro_f1,0.27083333333333337,0.4375,0.02109704641350211,0.625,0.02100840336134454
ozone,0,1,303,rf:oof_balanced_accuracy,0.08083333333333333,0.875,0.20253164556962025,0.875,0.15126050420168066
ozone,0,1,303,balanced_rf:default,0.5,0.9375,0.1350210970464135,0.8125,0.12184873949579832
ozone,0,1,303,balanced_rf:oof_macro_f1,0.6770833333333333,0.6875,0.046413502109704644,0.5,0.037815126050420166
ozone,0,1,303,balanced_rf:oof_balanced_accuracy,0.4083333333333334,1.0,0.21518987341772153,0.9375,0.20588235294117646
ozone,0,1,404,unweighted_lr:default,0.5,0.1875,0.008438818565400843,0.1875,0.008403361344537815
ozone,0,1,404,unweighted_lr:oof_macro_f1,0.3221699992800768,0.375,0.02531645569620253,0.375,0.025210084033613446
ozone,0,1,404,unweighted_lr:oof_balanced_accuracy,0.07523271457332778,0.9375,0.13924050632911392,0.8125,0.12184873949579832
ozone,0,1,404,weighted_lr:default,0.5,0.9375,0.12236286919831224,0.8125,0.14285714285714285
ozone,0,1,404,weighted_lr:oof_macro_f1,0.7947879360934437,0.625,0.05907172995780591,0.625,0.037815126050420166
ozone,0,1,404,weighted_lr:oof_balanced_accuracy,0.3867676564338341,1.0,0.18565400843881857,0.875,0.16806722689075632
ozone,0,1,404,rf:default,0.5,0.125,0.0,0.1875,0.0
ozone,0,1,404,rf:oof_macro_f1,0.24374999999999997,0.6875,0.029535864978902954,0.75,0.03361344537815126
ozone,0,1,404,rf:oof_balanced_accuracy,0.08541666666666667,0.9375,0.21518987341772153,0.9375,0.15126050420168066
ozone,0,1,404,balanced_rf:default,0.5,0.9375,0.1729957805907173,0.9375,0.1134453781512605
ozone,0,1,404,balanced_rf:oof_macro_f1,0.6708333333333333,0.6875,0.06751054852320675,0.625,0.058823529411764705
ozone,0,1,404,balanced_rf:oof_balanced_accuracy,0.4041666666666666,0.9375,0.22362869198312235,0.9375,0.19327731092436976
ozone,0,1,505,unweighted_lr:default,0.5,0.1875,0.008438818565400843,0.1875,0.008403361344537815
ozone,0,1,505,unweighted_lr:oof_macro_f1,0.3221699992800768,0.375,0.02531645569620253,0.375,0.025210084033613446
ozone,0,1,505,unweighted_lr:oof_balanced_accuracy,0.07523271457332778,0.9375,0.13924050632911392,0.8125,0.12184873949579832
ozone,0,1,505,weighted_lr:default,0.5,0.9375,0.12236286919831224,0.8125,0.14285714285714285
ozone,0,1,505,weighted_lr:oof_macro_f1,0.7947879360934437,0.625,0.05907172995780591,0.625,0.037815126050420166
ozone,0,1,505,weighted_lr:oof_balanced_accuracy,0.3867676564338341,1.0,0.18565400843881857,0.875,0.16806722689075632
ozone,0,1,505,rf:default,0.5,0.0625,0.0,0.125,0.004201680672268907
ozone,0,1,505,rf:oof_macro_f1,0.22749999999999998,0.5625,0.04219409282700422,0.6875,0.037815126050420166
ozone,0,1,505,rf:oof_balanced_accuracy,0.09166666666666666,0.9375,0.2109704641350211,0.875,0.13865546218487396
ozone,0,1,505,balanced_rf:default,0.5,0.875,0.1518987341772152,0.8125,0.13025210084033614
ozone,0,1,505,balanced_rf:oof_macro_f1,0.6916666666666667,0.8125,0.05063291139240506,0.5,0.04201680672268908
ozone,0,1,505,balanced_rf:oof_balanced_accuracy,0.4729166666666667,0.875,0.189873417721519,0.875,0.1638655462184874
ozone,0,2,101,unweighted_lr:default,0.5,0.25,0.02109704641350211,0.3125,0.02100840336134454
ozone,0,2,101,unweighted_lr:oof_macro_f1,0.38786579920571224,0.3125,0.03375527426160337,0.3125,0.03361344537815126
ozone,0,2,101,unweighted_lr:oof_balanced_accuracy,0.04404441073842045,0.9375,0.2489451476793249,0.9375,0.21428571428571427
ozone,0,2,101,weighted_lr:default,0.5,0.875,0.16033755274261605,0.875,0.15966386554621848
ozone,0,2,101,weighted_lr:oof_macro_f1,0.8812677990882422,0.4375,0.046413502109704644,0.5,0.05042016806722689
ozone,0,2,101,weighted_lr:oof_balanced_accuracy,0.3623257406258927,1.0,0.2320675105485232,0.9375,0.23109243697478993
ozone,0,2,101,rf:default,0.5,0.1875,0.012658227848101266,0.125,0.004201680672268907
ozone,0,2,101,rf:oof_macro_f1,0.23125,0.5625,0.05485232067510549,0.4375,0.03361344537815126
ozone,0,2,101,rf:oof_balanced_accuracy,0.0875,0.75,0.22784810126582278,0.75,0.1722689075630252
ozone,0,2,101,balanced_rf:default,0.5,0.75,0.16877637130801687,0.5625,0.14285714285714285
ozone,0,2,101,balanced_rf:oof_macro_f1,0.7375,0.5,0.04219409282700422,0.3125,0.06302521008403361
ozone,0,2,101,balanced_rf:oof_balanced_accuracy,0.375,0.8125,0.29957805907172996,0.75,0.25630252100840334
ozone,0,2,202,unweighted_lr:default,0.5,0.25,0.02109704641350211,0.3125,0.02100840336134454
ozone,0,2,202,unweighted_lr:oof_macro_f1,0.38786579920571224,0.3125,0.03375527426160337,0.3125,0.03361344537815126
ozone,0,2,202,unweighted_lr:oof_balanced_accuracy,0.04404441073842045,0.9375,0.2489451476793249,0.9375,0.21428571428571427
ozone,0,2,202,weighted_lr:default,0.5,0.875,0.16033755274261605,0.875,0.15966386554621848
ozone,0,2,202,weighted_lr:oof_macro_f1,0.8812677990882422,0.4375,0.046413502109704644,0.5,0.05042016806722689
ozone,0,2,202,weighted_lr:oof_balanced_accuracy,0.3623257406258927,1.0,0.2320675105485232,0.9375,0.23109243697478993
ozone,0,2,202,rf:default,0.5,0.1875,0.008438818565400843,0.0625,0.004201680672268907
ozone,0,2,202,rf:oof_macro_f1,0.23541666666666666,0.625,0.06751054852320675,0.375,0.05042016806722689
ozone,0,2,202,rf:oof_balanced_accuracy,0.07857142857142857,0.75,0.24050632911392406,0.8125,0.19327731092436976
ozone,0,2,202,balanced_rf:default,0.5,0.75,0.1518987341772152,0.5625,0.12605042016806722
ozone,0,2,202,balanced_rf:oof_macro_f1,0.6875000000000001,0.5625,0.046413502109704644,0.5,0.058823529411764705
ozone,0,2,202,balanced_rf:oof_balanced_accuracy,0.4416666666666666,0.75,0.20253164556962025,0.5625,0.1722689075630252
ozone,0,2,303,unweighted_lr:default,0.5,0.25,0.02109704641350211,0.3125,0.02100840336134454
ozone,0,2,303,unweighted_lr:oof_macro_f1,0.38786579920571224,0.3125,0.03375527426160337,0.3125,0.03361344537815126
ozone,0,2,303,unweighted_lr:oof_balanced_accuracy,0.04404441073842045,0.9375,0.2489451476793249,0.9375,0.21428571428571427
ozone,0,2,303,weighted_lr:default,0.5,0.875,0.16033755274261605,0.875,0.15966386554621848
ozone,0,2,303,weighted_lr:oof_macro_f1,0.8812677990882422,0.4375,0.046413502109704644,0.5,0.05042016806722689
ozone,0,2,303,weighted_lr:oof_balanced_accuracy,0.3623257406258927,1.0,0.2320675105485232,0.9375,0.23109243697478993
ozone,0,2,303,rf:default,0.5,0.25,0.008438818565400843,0.0625,0.004201680672268907
ozone,0,2,303,rf:oof_macro_f1,0.2145833333333333,0.5625,0.06751054852320675,0.4375,0.0546218487394958
ozone,0,2,303,rf:oof_balanced_accuracy,0.11458333333333333,0.625,0.16877637130801687,0.75,0.13865546218487396
ozone,0,2,303,balanced_rf:default,0.5,0.75,0.14767932489451477,0.5625,0.12184873949579832
ozone,0,2,303,balanced_rf:oof_macro_f1,0.6583333333333334,0.6875,0.0759493670886076,0.5,0.07983193277310924
ozone,0,2,303,balanced_rf:oof_balanced_accuracy,0.3958333333333333,0.75,0.25316455696202533,0.625,0.19327731092436976
ozone,0,2,404,unweighted_lr:default,0.5,0.25,0.02109704641350211,0.3125,0.02100840336134454
ozone,0,2,404,unweighted_lr:oof_macro_f1,0.38786579920571224,0.3125,0.03375527426160337,0.3125,0.03361344537815126
ozone,0,2,404,unweighted_lr:oof_balanced_accuracy,0.04404441073842045,0.9375,0.2489451476793249,0.9375,0.21428571428571427
ozone,0,2,404,weighted_lr:default,0.5,0.875,0.16033755274261605,0.875,0.15966386554621848
ozone,0,2,404,weighted_lr:oof_macro_f1,0.8812677990882422,0.4375,0.046413502109704644,0.5,0.05042016806722689
ozone,0,2,404,weighted_lr:oof_balanced_accuracy,0.3623257406258927,1.0,0.2320675105485232,0.9375,0.23109243697478993
ozone,0,2,404,rf:default,0.5,0.3125,0.008438818565400843,0.1875,0.0
ozone,0,2,404,rf:oof_macro_f1,0.240625,0.4375,0.05485232067510549,0.375,0.05042016806722689
ozone,0,2,404,rf:oof_balanced_accuracy,0.09166666666666666,0.75,0.21940928270042195,0.75,0.18067226890756302
ozone,0,2,404,balanced_rf:default,0.5,0.75,0.1518987341772152,0.5,0.13445378151260504
ozone,0,2,404,balanced_rf:oof_macro_f1,0.6416666666666667,0.6875,0.0759493670886076,0.4375,0.07983193277310924
ozone,0,2,404,balanced_rf:oof_balanced_accuracy,0.4,0.8125,0.2616033755274262,0.6875,0.19747899159663865
ozone,0,2,505,unweighted_lr:default,0.5,0.25,0.02109704641350211,0.3125,0.02100840336134454
ozone,0,2,505,unweighted_lr:oof_macro_f1,0.38786579920571224,0.3125,0.03375527426160337,0.3125,0.03361344537815126
ozone,0,2,505,unweighted_lr:oof_balanced_accuracy,0.04404441073842045,0.9375,0.2489451476793249,0.9375,0.21428571428571427
ozone,0,2,505,weighted_lr:default,0.5,0.875,0.16033755274261605,0.875,0.15966386554621848
ozone,0,2,505,weighted_lr:oof_macro_f1,0.8812677990882422,0.4375,0.046413502109704644,0.5,0.05042016806722689
ozone,0,2,505,weighted_lr:oof_balanced_accuracy,0.3623257406258927,1.0,0.2320675105485232,0.9375,0.23109243697478993
ozone,0,2,505,rf:default,0.5,0.25,0.008438818565400843,0.125,0.0
ozone,0,2,505,rf:oof_macro_f1,0.22916666666666669,0.625,0.07172995780590717,0.4375,0.046218487394957986
ozone,0,2,505,rf:oof_balanced_accuracy,0.1125,0.6875,0.189873417721519,0.5625,0.13445378151260504
ozone,0,2,505,balanced_rf:default,0.5,0.75,0.16033755274261605,0.5625,0.1134453781512605
ozone,0,2,505,balanced_rf:oof_macro_f1,0.6291666666666667,0.6875,0.06751054852320675,0.5,0.07983193277310924
ozone,0,2,505,balanced_rf:oof_balanced_accuracy,0.4375,0.8125,0.1940928270042194,0.5625,0.15966386554621848
ozone,0,3,101,unweighted_lr:default,0.5,0.3125,0.02109704641350211,0.4375,0.012605042016806723
ozone,0,3,101,unweighted_lr:oof_macro_f1,0.3025920958807247,0.375,0.05485232067510549,0.4375,0.05042016806722689
ozone,0,3,101,unweighted_lr:oof_balanced_accuracy,0.029616043890502194,0.8125,0.28270042194092826,0.875,0.22268907563025211
ozone,0,3,101,weighted_lr:default,0.5,0.625,0.18143459915611815,0.8125,0.14705882352941177
ozone,0,3,101,weighted_lr:oof_macro_f1,0.9288441846488329,0.3125,0.04219409282700422,0.4375,0.025210084033613446
ozone,0,3,101,weighted_lr:oof_balanced_accuracy,0.303562673644126,0.9375,0.2616033755274262,0.875,0.2184873949579832
ozone,0,3,101,rf:default,0.5,0.25,0.008438818565400843,0.3125,0.0
ozone,0,3,101,rf:oof_macro_f1,0.22416666666666663,0.4375,0.09282700421940929,0.4375,0.058823529411764705
ozone,0,3,101,rf:oof_balanced_accuracy,0.08125,0.75,0.23628691983122363,0.8125,0.18487394957983194
ozone,0,3,101,balanced_rf:default,0.5,0.6875,0.18565400843881857,0.75,0.13445378151260504
ozone,0,3,101,balanced_rf:oof_macro_f1,0.6791666666666667,0.5,0.08016877637130802,0.375,0.0546218487394958
ozone,0,3,101,balanced_rf:oof_balanced_accuracy,0.4208333333333334,0.75,0.22784810126582278,0.875,0.16806722689075632
ozone,0,3,202,unweighted_lr:default,0.5,0.3125,0.02109704641350211,0.4375,0.012605042016806723
ozone,0,3,202,unweighted_lr:oof_macro_f1,0.3025920958807247,0.375,0.05485232067510549,0.4375,0.05042016806722689
ozone,0,3,202,unweighted_lr:oof_balanced_accuracy,0.029616043890502194,0.8125,0.28270042194092826,0.875,0.22268907563025211
ozone,0,3,202,weighted_lr:default,0.5,0.625,0.18143459915611815,0.8125,0.14705882352941177
ozone,0,3,202,weighted_lr:oof_macro_f1,0.9288441846488329,0.3125,0.04219409282700422,0.4375,0.025210084033613446
ozone,0,3,202,weighted_lr:oof_balanced_accuracy,0.303562673644126,0.9375,0.2616033755274262,0.875,0.2184873949579832
ozone,0,3,202,rf:default,0.5,0.1875,0.02109704641350211,0.0625,0.008403361344537815
ozone,0,3,202,rf:oof_macro_f1,0.28119047619047616,0.3125,0.05907172995780591,0.5,0.03361344537815126
ozone,0,3,202,rf:oof_balanced_accuracy,0.09464285714285714,0.75,0.20675105485232068,0.8125,0.14705882352941177
ozone,0,3,202,balanced_rf:default,0.5,0.6875,0.19831223628691982,0.75,0.13445378151260504
ozone,0,3,202,balanced_rf:oof_macro_f1,0.6791666666666667,0.5625,0.08860759493670886,0.5625,0.06302521008403361
ozone,0,3,202,balanced_rf:oof_balanced_accuracy,0.37916666666666665,0.75,0.29535864978902954,1.0,0.2184873949579832
ozone,0,3,303,unweighted_lr:default,0.5,0.3125,0.02109704641350211,0.4375,0.012605042016806723
ozone,0,3,303,unweighted_lr:oof_macro_f1,0.3025920958807247,0.375,0.05485232067510549,0.4375,0.05042016806722689
ozone,0,3,303,unweighted_lr:oof_balanced_accuracy,0.029616043890502194,0.8125,0.28270042194092826,0.875,0.22268907563025211
ozone,0,3,303,weighted_lr:default,0.5,0.625,0.18143459915611815,0.8125,0.14705882352941177
ozone,0,3,303,weighted_lr:oof_macro_f1,0.9288441846488329,0.3125,0.04219409282700422,0.4375,0.025210084033613446
ozone,0,3,303,weighted_lr:oof_balanced_accuracy,0.303562673644126,0.9375,0.2616033755274262,0.875,0.2184873949579832
ozone,0,3,303,rf:default,0.5,0.1875,0.012658227848101266,0.125,0.004201680672268907
ozone,0,3,303,rf:oof_macro_f1,0.26458333333333334,0.5,0.05485232067510549,0.4375,0.04201680672268908
ozone,0,3,303,rf:oof_balanced_accuracy,0.11041666666666665,0.75,0.16455696202531644,0.75,0.1134453781512605
ozone,0,3,303,balanced_rf:default,0.5,0.6875,0.2109704641350211,0.875,0.12605042016806722
ozone,0,3,303,balanced_rf:oof_macro_f1,0.7416666666666666,0.4375,0.05907172995780591,0.4375,0.025210084033613446
ozone,0,3,303,balanced_rf:oof_balanced_accuracy,0.5208333333333333,0.6875,0.19831223628691982,0.875,0.11764705882352941
ozone,0,3,404,unweighted_lr:default,0.5,0.3125,0.02109704641350211,0.4375,0.012605042016806723
ozone,0,3,404,unweighted_lr:oof_macro_f1,0.3025920958807247,0.375,0.05485232067510549,0.4375,0.05042016806722689
ozone,0,3,404,unweighted_lr:oof_balanced_accuracy,0.029616043890502194,0.8125,0.28270042194092826,0.875,0.22268907563025211
ozone,0,3,404,weighted_lr:default,0.5,0.625,0.18143459915611815,0.8125,0.14705882352941177
ozone,0,3,404,weighted_lr:oof_macro_f1,0.9288441846488329,0.3125,0.04219409282700422,0.4375,0.025210084033613446
ozone,0,3,404,weighted_lr:oof_balanced_accuracy,0.303562673644126,0.9375,0.2616033755274262,0.875,0.2184873949579832
ozone,0,3,404,rf:default,0.5,0.25,0.008438818565400843,0.125,0.012605042016806723
ozone,0,3,404,rf:oof_macro_f1,0.2125,0.5625,0.09282700421940929,0.5625,0.06302521008403361
ozone,0,3,404,rf:oof_balanced_accuracy,0.10687500000000001,0.75,0.20253164556962025,0.875,0.14705882352941177
ozone,0,3,404,balanced_rf:default,0.5,0.6875,0.2109704641350211,0.8125,0.13445378151260504
ozone,0,3,404,balanced_rf:oof_macro_f1,0.7187500000000001,0.375,0.06751054852320675,0.5,0.0546218487394958
ozone,0,3,404,balanced_rf:oof_balanced_accuracy,0.4833333333333333,0.75,0.21940928270042195,0.8125,0.15126050420168066
ozone,0,3,505,unweighted_lr:default,0.5,0.3125,0.02109704641350211,0.4375,0.012605042016806723
ozone,0,3,505,unweighted_lr:oof_macro_f1,0.3025920958807247,0.375,0.05485232067510549,0.4375,0.05042016806722689
ozone,0,3,505,unweighted_lr:oof_balanced_accuracy,0.029616043890502194,0.8125,0.28270042194092826,0.875,0.22268907563025211
ozone,0,3,505,weighted_lr:default,0.5,0.625,0.18143459915611815,0.8125,0.14705882352941177
ozone,0,3,505,weighted_lr:oof_macro_f1,0.9288441846488329,0.3125,0.04219409282700422,0.4375,0.025210084033613446
ozone,0,3,505,weighted_lr:oof_balanced_accuracy,0.303562673644126,0.9375,0.2616033755274262,0.875,0.2184873949579832
ozone,0,3,505,rf:default,0.5,0.1875,0.012658227848101266,0.25,0.004201680672268907
ozone,0,3,505,rf:oof_macro_f1,0.27999999999999997,0.4375,0.05063291139240506,0.4375,0.04201680672268908
ozone,0,3,505,rf:oof_balanced_accuracy,0.09166666666666666,0.75,0.2320675105485232,0.8125,0.16806722689075632
ozone,0,3,505,balanced_rf:default,0.5,0.75,0.21518987341772153,0.75,0.13445378151260504
ozone,0,3,505,balanced_rf:oof_macro_f1,0.7020833333333334,0.375,0.06751054852320675,0.4375,0.046218487394957986
ozone,0,3,505,balanced_rf:oof_balanced_accuracy,0.4541666666666666,0.75,0.24050632911392406,0.75,0.15966386554621848
ozone,0,4,101,unweighted_lr:default,0.5,0.25,0.008438818565400843,0.3125,0.012658227848101266
ozone,0,4,101,unweighted_lr:oof_macro_f1,0.3182340541277315,0.4375,0.029535864978902954,0.5625,0.029535864978902954
ozone,0,4,101,unweighted_lr:oof_balanced_accuracy,0.04018893417328922,0.9375,0.20675105485232068,0.8125,0.18143459915611815
ozone,0,4,101,weighted_lr:default,0.5,0.6875,0.1350210970464135,0.875,0.1308016877637131
ozone,0,4,101,weighted_lr:oof_macro_f1,0.8964641660927878,0.3125,0.0379746835443038,0.4375,0.0379746835443038
ozone,0,4,101,weighted_lr:oof_balanced_accuracy,0.4000003038120987,0.875,0.18565400843881857,0.875,0.16455696202531644
ozone,0,4,101,rf:default,0.5,0.25,0.0,0.1875,0.004219409282700422
ozone,0,4,101,rf:oof_macro_f1,0.22875,0.625,0.0379746835443038,0.5625,0.05063291139240506
ozone,0,4,101,rf:oof_balanced_accuracy,0.08238095238095237,0.9375,0.1940928270042194,0.9375,0.1729957805907173
ozone,0,4,101,balanced_rf:default,0.5,0.75,0.1518987341772152,0.8125,0.10548523206751055
ozone,0,4,101,balanced_rf:oof_macro_f1,0.7062499999999999,0.5,0.05063291139240506,0.5625,0.03375527426160337
ozone,0,4,101,balanced_rf:oof_balanced_accuracy,0.4958333333333333,0.75,0.15611814345991562,0.8125,0.10548523206751055
ozone,0,4,202,unweighted_lr:default,0.5,0.25,0.008438818565400843,0.3125,0.012658227848101266
ozone,0,4,202,unweighted_lr:oof_macro_f1,0.3182340541277315,0.4375,0.029535864978902954,0.5625,0.029535864978902954
ozone,0,4,202,unweighted_lr:oof_balanced_accuracy,0.04018893417328922,0.9375,0.20675105485232068,0.8125,0.18143459915611815
ozone,0,4,202,weighted_lr:default,0.5,0.6875,0.1350210970464135,0.875,0.1308016877637131
ozone,0,4,202,weighted_lr:oof_macro_f1,0.8964641660927878,0.3125,0.0379746835443038,0.4375,0.0379746835443038
ozone,0,4,202,weighted_lr:oof_balanced_accuracy,0.4000003038120987,0.875,0.18565400843881857,0.875,0.16455696202531644
ozone,0,4,202,rf:default,0.5,0.1875,0.0,0.25,0.016877637130801686
ozone,0,4,202,rf:oof_macro_f1,0.23125,0.625,0.04219409282700422,0.5625,0.046413502109704644
ozone,0,4,202,rf:oof_balanced_accuracy,0.10625,0.875,0.14767932489451477,0.8125,0.1518987341772152
ozone,0,4,202,balanced_rf:default,0.5,0.75,0.16455696202531644,0.75,0.1308016877637131
ozone,0,4,202,balanced_rf:oof_macro_f1,0.7416666666666666,0.5,0.046413502109704644,0.625,0.029535864978902954
ozone,0,4,202,balanced_rf:oof_balanced_accuracy,0.38333333333333336,0.9375,0.25738396624472576,0.875,0.21940928270042195
ozone,0,4,303,unweighted_lr:default,0.5,0.25,0.008438818565400843,0.3125,0.012658227848101266
ozone,0,4,303,unweighted_lr:oof_macro_f1,0.3182340541277315,0.4375,0.029535864978902954,0.5625,0.029535864978902954
ozone,0,4,303,unweighted_lr:oof_balanced_accuracy,0.04018893417328922,0.9375,0.20675105485232068,0.8125,0.18143459915611815
ozone,0,4,303,weighted_lr:default,0.5,0.6875,0.1350210970464135,0.875,0.1308016877637131
ozone,0,4,303,weighted_lr:oof_macro_f1,0.8964641660927878,0.3125,0.0379746835443038,0.4375,0.0379746835443038
ozone,0,4,303,weighted_lr:oof_balanced_accuracy,0.4000003038120987,0.875,0.18565400843881857,0.875,0.16455696202531644
ozone,0,4,303,rf:default,0.5,0.1875,0.0,0.1875,0.0
ozone,0,4,303,rf:oof_macro_f1,0.2875,0.5,0.03375527426160337,0.5,0.04219409282700422
ozone,0,4,303,rf:oof_balanced_accuracy,0.09,0.9375,0.1518987341772152,0.9375,0.1518987341772152
ozone,0,4,303,balanced_rf:default,0.5,0.6875,0.16877637130801687,0.8125,0.11814345991561181
ozone,0,4,303,balanced_rf:oof_macro_f1,0.6437499999999999,0.625,0.08016877637130802,0.6875,0.05907172995780591
ozone,0,4,303,balanced_rf:oof_balanced_accuracy,0.525,0.6875,0.16877637130801687,0.75,0.10970464135021098
ozone,0,4,404,unweighted_lr:default,0.5,0.25,0.008438818565400843,0.3125,0.012658227848101266
ozone,0,4,404,unweighted_lr:oof_macro_f1,0.3182340541277315,0.4375,0.029535864978902954,0.5625,0.029535864978902954
ozone,0,4,404,unweighted_lr:oof_balanced_accuracy,0.04018893417328922,0.9375,0.20675105485232068,0.8125,0.18143459915611815
ozone,0,4,404,weighted_lr:default,0.5,0.6875,0.1350210970464135,0.875,0.1308016877637131
ozone,0,4,404,weighted_lr:oof_macro_f1,0.8964641660927878,0.3125,0.0379746835443038,0.4375,0.0379746835443038
ozone,0,4,404,weighted_lr:oof_balanced_accuracy,0.4000003038120987,0.875,0.18565400843881857,0.875,0.16455696202531644
ozone,0,4,404,rf:default,0.5,0.25,0.0,0.1875,0.0
ozone,0,4,404,rf:oof_macro_f1,0.24583333333333335,0.5625,0.04219409282700422,0.625,0.0379746835443038
ozone,0,4,404,rf:oof_balanced_accuracy,0.08958333333333333,1.0,0.19831223628691982,0.75,0.17721518987341772
ozone,0,4,404,balanced_rf:default,0.5,0.75,0.16877637130801687,0.875,0.1518987341772152
ozone,0,4,404,balanced_rf:oof_macro_f1,0.7083333333333333,0.5625,0.05907172995780591,0.5,0.029535864978902954
ozone,0,4,404,balanced_rf:oof_balanced_accuracy,0.4999999999999999,0.75,0.16877637130801687,0.875,0.1518987341772152
ozone,0,4,505,unweighted_lr:default,0.5,0.25,0.008438818565400843,0.3125,0.012658227848101266
ozone,0,4,505,unweighted_lr:oof_macro_f1,0.3182340541277315,0.4375,0.029535864978902954,0.5625,0.029535864978902954
ozone,0,4,505,unweighted_lr:oof_balanced_accuracy,0.04018893417328922,0.9375,0.20675105485232068,0.8125,0.18143459915611815
ozone,0,4,505,weighted_lr:default,0.5,0.6875,0.1350210970464135,0.875,0.1308016877637131
ozone,0,4,505,weighted_lr:oof_macro_f1,0.8964641660927878,0.3125,0.0379746835443038,0.4375,0.0379746835443038
ozone,0,4,505,weighted_lr:oof_balanced_accuracy,0.4000003038120987,0.875,0.18565400843881857,0.875,0.16455696202531644
ozone,0,4,505,rf:default,0.5,0.1875,0.0,0.125,0.008438818565400843
ozone,0,4,505,rf:oof_macro_f1,0.24958333333333335,0.5625,0.03375527426160337,0.5625,0.046413502109704644
ozone,0,4,505,rf:oof_balanced_accuracy,0.09375,0.875,0.18565400843881857,0.8125,0.18143459915611815
ozone,0,4,505,balanced_rf:default,0.5,0.8125,0.16877637130801687,0.8125,0.15611814345991562
ozone,0,4,505,balanced_rf:oof_macro_f1,0.6791666666666667,0.6875,0.08438818565400844,0.6875,0.05907172995780591
ozone,0,4,505,balanced_rf:oof_balanced_accuracy,0.4541666666666667,0.8125,0.21518987341772153,0.8125,0.1940928270042194
ozone,1,0,101,unweighted_lr:default,0.5,0.5,0.012658227848101266,0.125,0.004201680672268907
ozone,1,0,101,unweighted_lr:oof_macro_f1,0.2980717699956376,0.5,0.04219409282700422,0.375,0.01680672268907563
ozone,1,0,101,unweighted_lr:oof_balanced_accuracy,0.02998422217158917,0.9375,0.21518987341772153,0.8125,0.24369747899159663
ozone,1,0,101,weighted_lr:default,0.5,0.8125,0.10548523206751055,0.625,0.13865546218487396
ozone,1,0,101,weighted_lr:oof_macro_f1,0.7888313226997388,0.6875,0.05907172995780591,0.4375,0.03361344537815126
ozone,1,0,101,weighted_lr:oof_balanced_accuracy,0.2704981178326925,0.875,0.15611814345991562,0.8125,0.22268907563025211
ozone,1,0,101,rf:default,0.5,0.1875,0.004219409282700422,0.0,0.004201680672268907
ozone,1,0,101,rf:oof_macro_f1,0.24916666666666668,0.5625,0.046413502109704644,0.4375,0.029411764705882353
ozone,1,0,101,rf:oof_balanced_accuracy,0.08958333333333332,0.9375,0.16455696202531644,0.6875,0.13025210084033614
ozone,1,0,101,balanced_rf:default,0.5,0.875,0.0970464135021097,0.625,0.09663865546218488
ozone,1,0,101,balanced_rf:oof_macro_f1,0.6979166666666667,0.5,0.02531645569620253,0.3125,0.01680672268907563
ozone,1,0,101,balanced_rf:oof_balanced_accuracy,0.3958333333333333,0.9375,0.16455696202531644,0.75,0.18487394957983194
ozone,1,0,202,unweighted_lr:default,0.5,0.5,0.012658227848101266,0.125,0.004201680672268907
ozone,1,0,202,unweighted_lr:oof_macro_f1,0.2980717699956376,0.5,0.04219409282700422,0.375,0.01680672268907563
ozone,1,0,202,unweighted_lr:oof_balanced_accuracy,0.02998422217158917,0.9375,0.21518987341772153,0.8125,0.24369747899159663
ozone,1,0,202,weighted_lr:default,0.5,0.8125,0.10548523206751055,0.625,0.13865546218487396
ozone,1,0,202,weighted_lr:oof_macro_f1,0.7888313226997388,0.6875,0.05907172995780591,0.4375,0.03361344537815126
ozone,1,0,202,weighted_lr:oof_balanced_accuracy,0.2704981178326925,0.875,0.15611814345991562,0.8125,0.22268907563025211
ozone,1,0,202,rf:default,0.5,0.25,0.004219409282700422,0.125,0.004201680672268907
ozone,1,0,202,rf:oof_macro_f1,0.2791666666666667,0.4375,0.02531645569620253,0.25,0.025210084033613446
ozone,1,0,202,rf:oof_balanced_accuracy,0.13541666666666669,0.875,0.08860759493670886,0.625,0.08823529411764706
ozone,1,0,202,balanced_rf:default,0.5,0.75,0.11814345991561181,0.6875,0.10504201680672269
ozone,1,0,202,balanced_rf:oof_macro_f1,0.7208333333333334,0.375,0.02531645569620253,0.25,0.04201680672268908
ozone,1,0,202,balanced_rf:oof_balanced_accuracy,0.4375,0.9375,0.16033755274261605,0.8125,0.1638655462184874
ozone,1,0,303,unweighted_lr:default,0.5,0.5,0.012658227848101266,0.125,0.004201680672268907
ozone,1,0,303,unweighted_lr:oof_macro_f1,0.2980717699956376,0.5,0.04219409282700422,0.375,0.01680672268907563
ozone,1,0,303,unweighted_lr:oof_balanced_accuracy,0.02998422217158917,0.9375,0.21518987341772153,0.8125,0.24369747899159663
ozone,1,0,303,weighted_lr:default,0.5,0.8125,0.10548523206751055,0.625,0.13865546218487396
ozone,1,0,303,weighted_lr:oof_macro_f1,0.7888313226997388,0.6875,0.05907172995780591,0.4375,0.03361344537815126
ozone,1,0,303,weighted_lr:oof_balanced_accuracy,0.2704981178326925,0.875,0.15611814345991562,0.8125,0.22268907563025211
ozone,1,0,303,rf:default,0.5,0.25,0.004219409282700422,0.0625,0.0
ozone,1,0,303,rf:oof_macro_f1,0.2791666666666667,0.4375,0.03375527426160337,0.375,0.02100840336134454
ozone,1,0,303,rf:oof_balanced_accuracy,0.10208333333333333,0.875,0.1308016877637131,0.625,0.11764705882352941
ozone,1,0,303,balanced_rf:default,0.5,0.875,0.10548523206751055,0.6875,0.1092436974789916
ozone,1,0,303,balanced_rf:oof_macro_f1,0.6979166666666667,0.25,0.02531645569620253,0.4375,0.01680672268907563
ozone,1,0,303,balanced_rf:oof_balanced_accuracy,0.3625,1.0,0.18143459915611815,0.8125,0.226890756302521
ozone,1,0,404,unweighted_lr:default,0.5,0.5,0.012658227848101266,0.125,0.004201680672268907
ozone,1,0,404,unweighted_lr:oof_macro_f1,0.2980717699956376,0.5,0.04219409282700422,0.375,0.01680672268907563
ozone,1,0,404,unweighted_lr:oof_balanced_accuracy,0.02998422217158917,0.9375,0.21518987341772153,0.8125,0.24369747899159663
ozone,1,0,404,weighted_lr:default,0.5,0.8125,0.10548523206751055,0.625,0.13865546218487396
ozone,1,0,404,weighted_lr:oof_macro_f1,0.7888313226997388,0.6875,0.05907172995780591,0.4375,0.03361344537815126
ozone,1,0,404,weighted_lr:oof_balanced_accuracy,0.2704981178326925,0.875,0.15611814345991562,0.8125,0.22268907563025211
ozone,1,0,404,rf:default,0.5,0.1875,0.004219409282700422,0.0625,0.0
ozone,1,0,404,rf:oof_macro_f1,0.29166666666666663,0.375,0.02109704641350211,0.375,0.01680672268907563
ozone,1,0,404,rf:oof_balanced_accuracy,0.11750000000000001,0.875,0.10548523206751055,0.6875,0.10504201680672269
ozone,1,0,404,balanced_rf:default,0.5,0.875,0.12236286919831224,0.75,0.10504201680672269
ozone,1,0,404,balanced_rf:oof_macro_f1,0.6916666666666667,0.5,0.0379746835443038,0.375,0.037815126050420166
ozone,1,0,404,balanced_rf:oof_balanced_accuracy,0.37083333333333335,1.0,0.2109704641350211,0.875,0.22268907563025211
ozone,1,0,505,unweighted_lr:default,0.5,0.5,0.012658227848101266,0.125,0.004201680672268907
ozone,1,0,505,unweighted_lr:oof_macro_f1,0.2980717699956376,0.5,0.04219409282700422,0.375,0.01680672268907563
ozone,1,0,505,unweighted_lr:oof_balanced_accuracy,0.02998422217158917,0.9375,0.21518987341772153,0.8125,0.24369747899159663
ozone,1,0,505,weighted_lr:default,0.5,0.8125,0.10548523206751055,0.625,0.13865546218487396
ozone,1,0,505,weighted_lr:oof_macro_f1,0.7888313226997388,0.6875,0.05907172995780591,0.4375,0.03361344537815126
ozone,1,0,505,weighted_lr:oof_balanced_accuracy,0.2704981178326925,0.875,0.15611814345991562,0.8125,0.22268907563025211
ozone,1,0,505,rf:default,0.5,0.25,0.004219409282700422,0.125,0.0
ozone,1,0,505,rf:oof_macro_f1,0.23125,0.5,0.046413502109704644,0.4375,0.03361344537815126
ozone,1,0,505,rf:oof_balanced_accuracy,0.12,0.875,0.11814345991561181,0.5625,0.09663865546218488
ozone,1,0,505,balanced_rf:default,0.5,0.875,0.12658227848101267,0.8125,0.10504201680672269
ozone,1,0,505,balanced_rf:oof_macro_f1,0.725,0.375,0.03375527426160337,0.375,0.025210084033613446
ozone,1,0,505,balanced_rf:oof_balanced_accuracy,0.4229166666666666,0.9375,0.1729957805907173,0.875,0.16806722689075632
ozone,1,1,101,unweighted_lr:default,0.5,0.25,0.012658227848101266,0.375,0.008403361344537815
ozone,1,1,101,unweighted_lr:oof_macro_f1,0.3003814455393204,0.5,0.046413502109704644,0.5,0.02100840336134454
ozone,1,1,101,unweighted_lr:oof_balanced_accuracy,0.026961402449816593,0.9375,0.29535864978902954,0.9375,0.24789915966386555
ozone,1,1,101,weighted_lr:default,0.5,0.9375,0.13924050632911392,0.875,0.13025210084033614
ozone,1,1,101,weighted_lr:oof_macro_f1,0.8140059635130371,0.5625,0.05907172995780591,0.5625,0.0546218487394958
ozone,1,1,101,weighted_lr:oof_balanced_accuracy,0.4315091943435397,1.0,0.16455696202531644,0.9375,0.15546218487394958
ozone,1,1,101,rf:default,0.5,0.1875,0.008438818565400843,0.0625,0.008403361344537815
ozone,1,1,101,rf:oof_macro_f1,0.23958333333333334,0.6875,0.05485232067510549,0.3125,0.05042016806722689
ozone,1,1,101,rf:oof_balanced_accuracy,0.09541666666666666,0.9375,0.1729957805907173,0.6875,0.13445378151260504
ozone,1,1,101,balanced_rf:default,0.5,0.9375,0.14345991561181434,0.5625,0.10084033613445378
ozone,1,1,101,balanced_rf:oof_macro_f1,0.6791666666666666,0.6875,0.05063291139240506,0.3125,0.04201680672268908
ozone,1,1,101,balanced_rf:oof_balanced_accuracy,0.5041666666666667,0.9375,0.14345991561181434,0.5625,0.10084033613445378
ozone,1,1,202,unweighted_lr:default,0.5,0.25,0.012658227848101266,0.375,0.008403361344537815
ozone,1,1,202,unweighted_lr:oof_macro_f1,0.3003814455393204,0.5,0.046413502109704644,0.5,0.02100840336134454
ozone,1,1,202,unweighted_lr:oof_balanced_accuracy,0.026961402449816593,0.9375,0.29535864978902954,0.9375,0.24789915966386555
ozone,1,1,202,weighted_lr:default,0.5,0.9375,0.13924050632911392,0.875,0.13025210084033614
ozone,1,1,202,weighted_lr:oof_macro_f1,0.8140059635130371,0.5625,0.05907172995780591,0.5625,0.0546218487394958
ozone,1,1,202,weighted_lr:oof_balanced_accuracy,0.4315091943435397,1.0,0.16455696202531644,0.9375,0.15546218487394958
ozone,1,1,202,rf:default,0.5,0.125,0.004219409282700422,0.125,0.008403361344537815
ozone,1,1,202,rf:oof_macro_f1,0.23499999999999996,0.625,0.04219409282700422,0.4375,0.06302521008403361
ozone,1,1,202,rf:oof_balanced_accuracy,0.08541666666666667,0.9375,0.1518987341772152,0.75,0.14285714285714285
ozone,1,1,202,balanced_rf:default,0.5,0.9375,0.16455696202531644,0.625,0.1092436974789916
ozone,1,1,202,balanced_rf:oof_macro_f1,0.6916666666666667,0.8125,0.04219409282700422,0.375,0.03361344537815126
ozone,1,1,202,balanced_rf:oof_balanced_accuracy,0.41666666666666663,0.9375,0.22784810126582278,0.75,0.15966386554621848
ozone,1,1,303,unweighted_lr:default,0.5,0.25,0.012658227848101266,0.375,0.008403361344537815
ozone,1,1,303,unweighted_lr:oof_macro_f1,0.3003814455393204,0.5,0.046413502109704644,0.5,0.02100840336134454
ozone,1,1,303,unweighted_lr:oof_balanced_accuracy,0.026961402449816593,0.9375,0.29535864978902954,0.9375,0.24789915966386555
ozone,1,1,303,weighted_lr:default,0.5,0.9375,0.13924050632911392,0.875,0.13025210084033614
ozone,1,1,303,weighted_lr:oof_macro_f1,0.8140059635130371,0.5625,0.05907172995780591,0.5625,0.0546218487394958
ozone,1,1,303,weighted_lr:oof_balanced_accuracy,0.4315091943435397,1.0,0.16455696202531644,0.9375,0.15546218487394958
ozone,1,1,303,rf:default,0.5,0.1875,0.004219409282700422,0.1875,0.004201680672268907
ozone,1,1,303,rf:oof_macro_f1,0.2729166666666667,0.5625,0.0379746835443038,0.375,0.029411764705882353
ozone,1,1,303,rf:oof_balanced_accuracy,0.08125,1.0,0.20675105485232068,0.8125,0.15126050420168066
ozone,1,1,303,balanced_rf:default,0.5,0.875,0.14345991561181434,0.6875,0.12184873949579832
ozone,1,1,303,balanced_rf:oof_macro_f1,0.7249999999999999,0.625,0.029535864978902954,0.1875,0.03361344537815126
ozone,1,1,303,balanced_rf:oof_balanced_accuracy,0.4958333333333334,0.875,0.14345991561181434,0.6875,0.12605042016806722
ozone,1,1,404,unweighted_lr:default,0.5,0.25,0.012658227848101266,0.375,0.008403361344537815
ozone,1,1,404,unweighted_lr:oof_macro_f1,0.3003814455393204,0.5,0.046413502109704644,0.5,0.02100840336134454
ozone,1,1,404,unweighted_lr:oof_balanced_accuracy,0.026961402449816593,0.9375,0.29535864978902954,0.9375,0.24789915966386555
ozone,1,1,404,weighted_lr:default,0.5,0.9375,0.13924050632911392,0.875,0.13025210084033614
ozone,1,1,404,weighted_lr:oof_macro_f1,0.8140059635130371,0.5625,0.05907172995780591,0.5625,0.0546218487394958
ozone,1,1,404,weighted_lr:oof_balanced_accuracy,0.4315091943435397,1.0,0.16455696202531644,0.9375,0.15546218487394958
ozone,1,1,404,rf:default,0.5,0.125,0.004219409282700422,0.125,0.004201680672268907
ozone,1,1,404,rf:oof_macro_f1,0.20625,0.6875,0.06751054852320675,0.5,0.04201680672268908
ozone,1,1,404,rf:oof_balanced_accuracy,0.07708333333333332,0.875,0.18565400843881857,0.8125,0.14705882352941177
ozone,1,1,404,balanced_rf:default,0.5,0.875,0.16455696202531644,0.625,0.13025210084033614
ozone,1,1,404,balanced_rf:oof_macro_f1,0.7125,0.6875,0.0379746835443038,0.4375,0.05042016806722689
ozone,1,1,404,balanced_rf:oof_balanced_accuracy,0.38333333333333336,0.9375,0.24050632911392406,0.6875,0.21008403361344538
ozone,1,1,505,unweighted_lr:default,0.5,0.25,0.012658227848101266,0.375,0.008403361344537815
ozone,1,1,505,unweighted_lr:oof_macro_f1,0.3003814455393204,0.5,0.046413502109704644,0.5,0.02100840336134454
ozone,1,1,505,unweighted_lr:oof_balanced_accuracy,0.026961402449816593,0.9375,0.29535864978902954,0.9375,0.24789915966386555
ozone,1,1,505,weighted_lr:default,0.5,0.9375,0.13924050632911392,0.875,0.13025210084033614
ozone,1,1,505,weighted_lr:oof_macro_f1,0.8140059635130371,0.5625,0.05907172995780591,0.5625,0.0546218487394958
ozone,1,1,505,weighted_lr:oof_balanced_accuracy,0.4315091943435397,1.0,0.16455696202531644,0.9375,0.15546218487394958
ozone,1,1,505,rf:default,0.5,0.1875,0.008438818565400843,0.0625,0.008403361344537815
ozone,1,1,505,rf:oof_macro_f1,0.2725,0.4375,0.029535864978902954,0.375,0.03361344537815126
ozone,1,1,505,rf:oof_balanced_accuracy,0.08958333333333333,0.9375,0.16033755274261605,0.875,0.15546218487394958
ozone,1,1,505,balanced_rf:default,0.5,0.9375,0.1350210970464135,0.6875,0.1134453781512605
ozone,1,1,505,balanced_rf:oof_macro_f1,0.6833333333333333,0.8125,0.05907172995780591,0.375,0.025210084033613446
ozone,1,1,505,balanced_rf:oof_balanced_accuracy,0.4333333333333333,0.9375,0.18565400843881857,0.75,0.16806722689075632
ozone,1,2,101,unweighted_lr:default,0.5,0.4375,0.02109704641350211,0.1875,0.025210084033613446
ozone,1,2,101,unweighted_lr:oof_macro_f1,0.2564272547319493,0.5625,0.04219409282700422,0.5,0.06302521008403361
ozone,1,2,101,unweighted_lr:oof_balanced_accuracy,0.03893347644095753,0.9375,0.22784810126582278,0.9375,0.20588235294117646
ozone,1,2,101,weighted_lr:default,0.5,0.6875,0.1350210970464135,0.9375,0.15126050420168066
ozone,1,2,101,weighted_lr:oof_macro_f1,0.9287756636966428,0.4375,0.03375527426160337,0.3125,0.029411764705882353
ozone,1,2,101,weighted_lr:oof_balanced_accuracy,0.2847800003437824,0.9375,0.24050632911392406,0.9375,0.22268907563025211
ozone,1,2,101,rf:default,0.5,0.3125,0.008438818565400843,0.0,0.0
ozone,1,2,101,rf:oof_macro_f1,0.25416666666666665,0.6875,0.029535864978902954,0.375,0.037815126050420166
ozone,1,2,101,rf:oof_balanced_accuracy,0.12041666666666666,0.8125,0.12236286919831224,0.875,0.12605042016806722
ozone,1,2,101,balanced_rf:default,0.5,0.8125,0.12658227848101267,0.875,0.15966386554621848
ozone,1,2,101,balanced_rf:oof_macro_f1,0.7083333333333333,0.5625,0.046413502109704644,0.375,0.046218487394957986
ozone,1,2,101,balanced_rf:oof_balanced_accuracy,0.4,0.875,0.18565400843881857,0.9375,0.19747899159663865
ozone,1,2,202,unweighted_lr:default,0.5,0.4375,0.02109704641350211,0.1875,0.025210084033613446
ozone,1,2,202,unweighted_lr:oof_macro_f1,0.2564272547319493,0.5625,0.04219409282700422,0.5,0.06302521008403361
ozone,1,2,202,unweighted_lr:oof_balanced_accuracy,0.03893347644095753,0.9375,0.22784810126582278,0.9375,0.20588235294117646
ozone,1,2,202,weighted_lr:default,0.5,0.6875,0.1350210970464135,0.9375,0.15126050420168066
ozone,1,2,202,weighted_lr:oof_macro_f1,0.9287756636966428,0.4375,0.03375527426160337,0.3125,0.029411764705882353
ozone,1,2,202,weighted_lr:oof_balanced_accuracy,0.2847800003437824,0.9375,0.24050632911392406,0.9375,0.22268907563025211
ozone,1,2,202,rf:default,0.5,0.3125,0.004219409282700422,0.0,0.0
ozone,1,2,202,rf:oof_macro_f1,0.2270833333333333,0.6875,0.05907172995780591,0.4375,0.058823529411764705
ozone,1,2,202,rf:oof_balanced_accuracy,0.10833333333333335,0.8125,0.14345991561181434,0.875,0.13025210084033614
ozone,1,2,202,balanced_rf:default,0.5,0.8125,0.12658227848101267,0.9375,0.13865546218487396
ozone,1,2,202,balanced_rf:oof_macro_f1,0.675,0.625,0.046413502109704644,0.5,0.05042016806722689
ozone,1,2,202,balanced_rf:oof_balanced_accuracy,0.45000000000000007,0.875,0.14767932489451477,0.9375,0.1638655462184874
ozone,1,2,303,unweighted_lr:default,0.5,0.4375,0.02109704641350211,0.1875,0.025210084033613446
ozone,1,2,303,unweighted_lr:oof_macro_f1,0.2564272547319493,0.5625,0.04219409282700422,0.5,0.06302521008403361
ozone,1,2,303,unweighted_lr:oof_balanced_accuracy,0.03893347644095753,0.9375,0.22784810126582278,0.9375,0.20588235294117646
ozone,1,2,303,weighted_lr:default,0.5,0.6875,0.1350210970464135,0.9375,0.15126050420168066
ozone,1,2,303,weighted_lr:oof_macro_f1,0.9287756636966428,0.4375,0.03375527426160337,0.3125,0.029411764705882353
ozone,1,2,303,weighted_lr:oof_balanced_accuracy,0.2847800003437824,0.9375,0.24050632911392406,0.9375,0.22268907563025211
ozone,1,2,303,rf:default,0.5,0.25,0.008438818565400843,0.0625,0.0
ozone,1,2,303,rf:oof_macro_f1,0.2270833333333333,0.625,0.05063291139240506,0.5,0.0546218487394958
ozone,1,2,303,rf:oof_balanced_accuracy,0.0975,0.875,0.1518987341772152,0.875,0.14705882352941177
ozone,1,2,303,balanced_rf:default,0.5,0.75,0.12658227848101267,0.875,0.13025210084033614
ozone,1,2,303,balanced_rf:oof_macro_f1,0.6749999999999999,0.6875,0.046413502109704644,0.625,0.05042016806722689
ozone,1,2,303,balanced_rf:oof_balanced_accuracy,0.5208333333333334,0.75,0.12236286919831224,0.875,0.11764705882352941
ozone,1,2,404,unweighted_lr:default,0.5,0.4375,0.02109704641350211,0.1875,0.025210084033613446
ozone,1,2,404,unweighted_lr:oof_macro_f1,0.2564272547319493,0.5625,0.04219409282700422,0.5,0.06302521008403361
ozone,1,2,404,unweighted_lr:oof_balanced_accuracy,0.03893347644095753,0.9375,0.22784810126582278,0.9375,0.20588235294117646
ozone,1,2,404,weighted_lr:default,0.5,0.6875,0.1350210970464135,0.9375,0.15126050420168066
ozone,1,2,404,weighted_lr:oof_macro_f1,0.9287756636966428,0.4375,0.03375527426160337,0.3125,0.029411764705882353
ozone,1,2,404,weighted_lr:oof_balanced_accuracy,0.2847800003437824,0.9375,0.24050632911392406,0.9375,0.22268907563025211
ozone,1,2,404,rf:default,0.5,0.3125,0.004219409282700422,0.0,0.0
ozone,1,2,404,rf:oof_macro_f1,0.26625,0.625,0.04219409282700422,0.4375,0.04201680672268908
ozone,1,2,404,rf:oof_balanced_accuracy,0.08958333333333332,1.0,0.1518987341772152,0.9375,0.18067226890756302
ozone,1,2,404,balanced_rf:default,0.5,0.75,0.1350210970464135,0.9375,0.13865546218487396
ozone,1,2,404,balanced_rf:oof_macro_f1,0.6875,0.5625,0.05485232067510549,0.5,0.058823529411764705
ozone,1,2,404,balanced_rf:oof_balanced_accuracy,0.4666666666666666,0.8125,0.16877637130801687,0.9375,0.1638655462184874
ozone,1,2,505,unweighted_lr:default,0.5,0.4375,0.02109704641350211,0.1875,0.025210084033613446
ozone,1,2,505,unweighted_lr:oof_macro_f1,0.2564272547319493,0.5625,0.04219409282700422,0.5,0.06302521008403361
ozone,1,2,505,unweighted_lr:oof_balanced_accuracy,0.03893347644095753,0.9375,0.22784810126582278,0.9375,0.20588235294117646
ozone,1,2,505,weighted_lr:default,0.5,0.6875,0.1350210970464135,0.9375,0.15126050420168066
ozone,1,2,505,weighted_lr:oof_macro_f1,0.9287756636966428,0.4375,0.03375527426160337,0.3125,0.029411764705882353
ozone,1,2,505,weighted_lr:oof_balanced_accuracy,0.2847800003437824,0.9375,0.24050632911392406,0.9375,0.22268907563025211
ozone,1,2,505,rf:default,0.5,0.1875,0.004219409282700422,0.0625,0.008403361344537815
ozone,1,2,505,rf:oof_macro_f1,0.2145833333333333,0.625,0.06751054852320675,0.5625,0.0546218487394958
ozone,1,2,505,rf:oof_balanced_accuracy,0.10416666666666666,0.75,0.12658227848101267,0.9375,0.15966386554621848
ozone,1,2,505,balanced_rf:default,0.5,0.875,0.13924050632911392,0.9375,0.13865546218487396
ozone,1,2,505,balanced_rf:oof_macro_f1,0.6666666666666666,0.625,0.06329113924050633,0.6875,0.07563025210084033
ozone,1,2,505,balanced_rf:oof_balanced_accuracy,0.4708333333333333,0.875,0.1729957805907173,0.9375,0.15966386554621848
ozone,1,3,101,unweighted_lr:default,0.5,0.25,0.02109704641350211,0.125,0.012605042016806723
ozone,1,3,101,unweighted_lr:oof_macro_f1,0.29550938567388935,0.4375,0.05485232067510549,0.375,0.04201680672268908
ozone,1,3,101,unweighted_lr:oof_balanced_accuracy,0.09542750787529065,0.625,0.13924050632911392,0.75,0.1722689075630252
ozone,1,3,101,weighted_lr:default,0.5,0.625,0.1518987341772152,0.875,0.19327731092436976
ozone,1,3,101,weighted_lr:oof_macro_f1,0.8658728602252582,0.4375,0.06329113924050633,0.5625,0.05042016806722689
ozone,1,3,101,weighted_lr:oof_balanced_accuracy,0.40343607475992904,0.6875,0.1729957805907173,0.9375,0.226890756302521
ozone,1,3,101,rf:default,0.5,0.125,0.008438818565400843,0.25,0.0
ozone,1,3,101,rf:oof_macro_f1,0.24583333333333335,0.4375,0.04219409282700422,0.6875,0.0546218487394958
ozone,1,3,101,rf:oof_balanced_accuracy,0.1125,0.5625,0.13924050632911392,0.8125,0.15126050420168066
ozone,1,3,101,balanced_rf:default,0.5,0.625,0.14767932489451477,0.875,0.18067226890756302
ozone,1,3,101,balanced_rf:oof_macro_f1,0.6950000000000001,0.5625,0.05907172995780591,0.75,0.0546218487394958
ozone,1,3,101,balanced_rf:oof_balanced_accuracy,0.4208333333333333,0.6875,0.20675105485232068,0.875,0.24369747899159663
ozone,1,3,202,unweighted_lr:default,0.5,0.25,0.02109704641350211,0.125,0.012605042016806723
ozone,1,3,202,unweighted_lr:oof_macro_f1,0.29550938567388935,0.4375,0.05485232067510549,0.375,0.04201680672268908
ozone,1,3,202,unweighted_lr:oof_balanced_accuracy,0.09542750787529065,0.625,0.13924050632911392,0.75,0.1722689075630252
ozone,1,3,202,weighted_lr:default,0.5,0.625,0.1518987341772152,0.875,0.19327731092436976
ozone,1,3,202,weighted_lr:oof_macro_f1,0.8658728602252582,0.4375,0.06329113924050633,0.5625,0.05042016806722689
ozone,1,3,202,weighted_lr:oof_balanced_accuracy,0.40343607475992904,0.6875,0.1729957805907173,0.9375,0.226890756302521
ozone,1,3,202,rf:default,0.5,0.125,0.004219409282700422,0.125,0.004201680672268907
ozone,1,3,202,rf:oof_macro_f1,0.23958333333333334,0.3125,0.046413502109704644,0.6875,0.04201680672268908
ozone,1,3,202,rf:oof_balanced_accuracy,0.07791666666666666,0.625,0.2109704641350211,0.9375,0.22268907563025211
ozone,1,3,202,balanced_rf:default,0.5,0.625,0.16033755274261605,0.8125,0.1722689075630252
ozone,1,3,202,balanced_rf:oof_macro_f1,0.7,0.625,0.05485232067510549,0.6875,0.06302521008403361
ozone,1,3,202,balanced_rf:oof_balanced_accuracy,0.4375,0.625,0.19831223628691982,0.875,0.2184873949579832
ozone,1,3,303,unweighted_lr:default,0.5,0.25,0.02109704641350211,0.125,0.012605042016806723
ozone,1,3,303,unweighted_lr:oof_macro_f1,0.29550938567388935,0.4375,0.05485232067510549,0.375,0.04201680672268908
ozone,1,3,303,unweighted_lr:oof_balanced_accuracy,0.09542750787529065,0.625,0.13924050632911392,0.75,0.1722689075630252
ozone,1,3,303,weighted_lr:default,0.5,0.625,0.1518987341772152,0.875,0.19327731092436976
ozone,1,3,303,weighted_lr:oof_macro_f1,0.8658728602252582,0.4375,0.06329113924050633,0.5625,0.05042016806722689
ozone,1,3,303,weighted_lr:oof_balanced_accuracy,0.40343607475992904,0.6875,0.1729957805907173,0.9375,0.226890756302521
ozone,1,3,303,rf:default,0.5,0.125,0.0,0.1875,0.004201680672268907
ozone,1,3,303,rf:oof_macro_f1,0.22499999999999995,0.5,0.0759493670886076,0.75,0.05042016806722689
ozone,1,3,303,rf:oof_balanced_accuracy,0.0625,0.5625,0.24472573839662448,0.9375,0.2815126050420168
ozone,1,3,303,balanced_rf:default,0.5,0.6875,0.15611814345991562,0.875,0.17647058823529413
ozone,1,3,303,balanced_rf:oof_macro_f1,0.6625,0.625,0.08016877637130802,0.8125,0.07983193277310924
ozone,1,3,303,balanced_rf:oof_balanced_accuracy,0.4875,0.6875,0.1729957805907173,0.875,0.18067226890756302
ozone,1,3,404,unweighted_lr:default,0.5,0.25,0.02109704641350211,0.125,0.012605042016806723
ozone,1,3,404,unweighted_lr:oof_macro_f1,0.29550938567388935,0.4375,0.05485232067510549,0.375,0.04201680672268908
ozone,1,3,404,unweighted_lr:oof_balanced_accuracy,0.09542750787529065,0.625,0.13924050632911392,0.75,0.1722689075630252
ozone,1,3,404,weighted_lr:default,0.5,0.625,0.1518987341772152,0.875,0.19327731092436976
ozone,1,3,404,weighted_lr:oof_macro_f1,0.8658728602252582,0.4375,0.06329113924050633,0.5625,0.05042016806722689
ozone,1,3,404,weighted_lr:oof_balanced_accuracy,0.40343607475992904,0.6875,0.1729957805907173,0.9375,0.226890756302521
ozone,1,3,404,rf:default,0.5,0.125,0.008438818565400843,0.125,0.0
ozone,1,3,404,rf:oof_macro_f1,0.2533333333333333,0.375,0.05907172995780591,0.5625,0.05042016806722689
ozone,1,3,404,rf:oof_balanced_accuracy,0.09166666666666665,0.625,0.2109704641350211,0.875,0.18907563025210083
ozone,1,3,404,balanced_rf:default,0.5,0.625,0.1729957805907173,0.875,0.15966386554621848
ozone,1,3,404,balanced_rf:oof_macro_f1,0.725,0.5625,0.06329113924050633,0.6875,0.046218487394957986
ozone,1,3,404,balanced_rf:oof_balanced_accuracy,0.35000000000000003,0.75,0.2616033755274262,0.875,0.29831932773109243
ozone,1,3,505,unweighted_lr:default,0.5,0.25,0.02109704641350211,0.125,0.012605042016806723
ozone,1,3,505,unweighted_lr:oof_macro_f1,0.29550938567388935,0.4375,0.05485232067510549,0.375,0.04201680672268908
ozone,1,3,505,unweighted_lr:oof_balanced_accuracy,0.09542750787529065,0.625,0.13924050632911392,0.75,0.1722689075630252
ozone,1,3,505,weighted_lr:default,0.5,0.625,0.1518987341772152,0.875,0.19327731092436976
ozone,1,3,505,weighted_lr:oof_macro_f1,0.8658728602252582,0.4375,0.06329113924050633,0.5625,0.05042016806722689
ozone,1,3,505,weighted_lr:oof_balanced_accuracy,0.40343607475992904,0.6875,0.1729957805907173,0.9375,0.226890756302521
ozone,1,3,505,rf:default,0.5,0.125,0.004219409282700422,0.375,0.0
ozone,1,3,505,rf:oof_macro_f1,0.22958333333333333,0.5,0.05907172995780591,0.75,0.06302521008403361
ozone,1,3,505,rf:oof_balanced_accuracy,0.12916666666666668,0.625,0.14345991561181434,0.875,0.15126050420168066
ozone,1,3,505,balanced_rf:default,0.5,0.625,0.16455696202531644,0.875,0.18067226890756302
ozone,1,3,505,balanced_rf:oof_macro_f1,0.7333333333333334,0.4375,0.05485232067510549,0.625,0.05042016806722689
ozone,1,3,505,balanced_rf:oof_balanced_accuracy,0.3583333333333333,0.75,0.2489451476793249,0.875,0.28991596638655465
ozone,1,4,101,unweighted_lr:default,0.5,0.25,0.016877637130801686,0.4375,0.012658227848101266
ozone,1,4,101,unweighted_lr:oof_macro_f1,0.22516950007812322,0.4375,0.05907172995780591,0.75,0.05485232067510549
ozone,1,4,101,unweighted_lr:oof_balanced_accuracy,0.03272984299403659,0.875,0.2869198312236287,1.0,0.2616033755274262
ozone,1,4,101,weighted_lr:default,0.5,0.6875,0.16033755274261605,0.9375,0.13924050632911392
ozone,1,4,101,weighted_lr:oof_macro_f1,0.9017174157704889,0.375,0.03375527426160337,0.625,0.02109704641350211
ozone,1,4,101,weighted_lr:oof_balanced_accuracy,0.22202177569654202,0.875,0.3206751054852321,1.0,0.2742616033755274
ozone,1,4,101,rf:default,0.5,0.25,0.004219409282700422,0.25,0.0
ozone,1,4,101,rf:oof_macro_f1,0.22916666666666669,0.5,0.0379746835443038,0.75,0.08438818565400844
ozone,1,4,101,rf:oof_balanced_accuracy,0.08125,0.75,0.20675105485232068,1.0,0.18143459915611815
ozone,1,4,101,balanced_rf:default,0.5,0.5,0.19831223628691982,0.875,0.1518987341772152
ozone,1,4,101,balanced_rf:oof_macro_f1,0.7,0.3125,0.07172995780590717,0.75,0.07172995780590717
ozone,1,4,101,balanced_rf:oof_balanced_accuracy,0.4395833333333333,0.625,0.21518987341772153,0.9375,0.17721518987341772
ozone,1,4,202,unweighted_lr:default,0.5,0.25,0.016877637130801686,0.4375,0.012658227848101266
ozone,1,4,202,unweighted_lr:oof_macro_f1,0.22516950007812322,0.4375,0.05907172995780591,0.75,0.05485232067510549
ozone,1,4,202,unweighted_lr:oof_balanced_accuracy,0.03272984299403659,0.875,0.2869198312236287,1.0,0.2616033755274262
ozone,1,4,202,weighted_lr:default,0.5,0.6875,0.16033755274261605,0.9375,0.13924050632911392
ozone,1,4,202,weighted_lr:oof_macro_f1,0.9017174157704889,0.375,0.03375527426160337,0.625,0.02109704641350211
ozone,1,4,202,weighted_lr:oof_balanced_accuracy,0.22202177569654202,0.875,0.3206751054852321,1.0,0.2742616033755274
ozone,1,4,202,rf:default,0.5,0.125,0.004219409282700422,0.1875,0.004219409282700422
ozone,1,4,202,rf:oof_macro_f1,0.26875,0.5,0.02531645569620253,0.5625,0.05063291139240506
ozone,1,4,202,rf:oof_balanced_accuracy,0.08333333333333333,0.8125,0.21518987341772153,0.9375,0.21518987341772153
ozone,1,4,202,balanced_rf:default,0.5,0.4375,0.16877637130801687,0.875,0.1350210970464135
ozone,1,4,202,balanced_rf:oof_macro_f1,0.7375,0.25,0.04219409282700422,0.5625,0.05063291139240506
ozone,1,4,202,balanced_rf:oof_balanced_accuracy,0.4458333333333334,0.5625,0.21518987341772153,0.875,0.15611814345991562
ozone,1,4,303,unweighted_lr:default,0.5,0.25,0.016877637130801686,0.4375,0.012658227848101266
ozone,1,4,303,unweighted_lr:oof_macro_f1,0.22516950007812322,0.4375,0.05907172995780591,0.75,0.05485232067510549
ozone,1,4,303,unweighted_lr:oof_balanced_accuracy,0.03272984299403659,0.875,0.2869198312236287,1.0,0.2616033755274262
ozone,1,4,303,weighted_lr:default,0.5,0.6875,0.16033755274261605,0.9375,0.13924050632911392
ozone,1,4,303,weighted_lr:oof_macro_f1,0.9017174157704889,0.375,0.03375527426160337,0.625,0.02109704641350211
ozone,1,4,303,weighted_lr:oof_balanced_accuracy,0.22202177569654202,0.875,0.3206751054852321,1.0,0.2742616033755274
ozone,1,4,303,rf:default,0.5,0.125,0.004219409282700422,0.1875,0.0
ozone,1,4,303,rf:oof_macro_f1,0.2808333333333334,0.3125,0.02531645569620253,0.625,0.05063291139240506
ozone,1,4,303,rf:oof_balanced_accuracy,0.09375,0.75,0.189873417721519,1.0,0.19831223628691982
ozone,1,4,303,balanced_rf:default,0.5,0.5625,0.18565400843881857,0.875,0.13924050632911392
ozone,1,4,303,balanced_rf:oof_macro_f1,0.625,0.4375,0.10970464135021098,0.8125,0.0759493670886076
ozone,1,4,303,balanced_rf:oof_balanced_accuracy,0.375,0.75,0.270042194092827,1.0,0.21940928270042195
ozone,1,4,404,unweighted_lr:default,0.5,0.25,0.016877637130801686,0.4375,0.012658227848101266
ozone,1,4,404,unweighted_lr:oof_macro_f1,0.22516950007812322,0.4375,0.05907172995780591,0.75,0.05485232067510549
ozone,1,4,404,unweighted_lr:oof_balanced_accuracy,0.03272984299403659,0.875,0.2869198312236287,1.0,0.2616033755274262
ozone,1,4,404,weighted_lr:default,0.5,0.6875,0.16033755274261605,0.9375,0.13924050632911392
ozone,1,4,404,weighted_lr:oof_macro_f1,0.9017174157704889,0.375,0.03375527426160337,0.625,0.02109704641350211
ozone,1,4,404,weighted_lr:oof_balanced_accuracy,0.22202177569654202,0.875,0.3206751054852321,1.0,0.2742616033755274
ozone,1,4,404,rf:default,0.5,0.125,0.004219409282700422,0.3125,0.004219409282700422
ozone,1,4,404,rf:oof_macro_f1,0.25744047619047616,0.4375,0.046413502109704644,0.6875,0.06329113924050633
ozone,1,4,404,rf:oof_balanced_accuracy,0.10833333333333332,0.625,0.1729957805907173,1.0,0.1729957805907173
ozone,1,4,404,balanced_rf:default,0.5,0.5,0.1729957805907173,0.9375,0.15611814345991562
ozone,1,4,404,balanced_rf:oof_macro_f1,0.5916666666666666,0.375,0.1350210970464135,0.875,0.10548523206751055
ozone,1,4,404,balanced_rf:oof_balanced_accuracy,0.5,0.5,0.1729957805907173,0.9375,0.15611814345991562
ozone,1,4,505,unweighted_lr:default,0.5,0.25,0.016877637130801686,0.4375,0.012658227848101266
ozone,1,4,505,unweighted_lr:oof_macro_f1,0.22516950007812322,0.4375,0.05907172995780591,0.75,0.05485232067510549
ozone,1,4,505,unweighted_lr:oof_balanced_accuracy,0.03272984299403659,0.875,0.2869198312236287,1.0,0.2616033755274262
ozone,1,4,505,weighted_lr:default,0.5,0.6875,0.16033755274261605,0.9375,0.13924050632911392
ozone,1,4,505,weighted_lr:oof_macro_f1,0.9017174157704889,0.375,0.03375527426160337,0.625,0.02109704641350211
ozone,1,4,505,weighted_lr:oof_balanced_accuracy,0.22202177569654202,0.875,0.3206751054852321,1.0,0.2742616033755274
ozone,1,4,505,rf:default,0.5,0.125,0.004219409282700422,0.3125,0.004219409282700422
ozone,1,4,505,rf:oof_macro_f1,0.23888888888888887,0.375,0.05485232067510549,0.6875,0.08860759493670886
ozone,1,4,505,rf:oof_balanced_accuracy,0.1125,0.625,0.1518987341772152,1.0,0.16455696202531644
ozone,1,4,505,balanced_rf:default,0.5,0.5,0.16033755274261605,0.9375,0.1350210970464135
ozone,1,4,505,balanced_rf:oof_macro_f1,0.6833333333333333,0.25,0.0759493670886076,0.5,0.06329113924050633
ozone,1,4,505,balanced_rf:oof_balanced_accuracy,0.45,0.625,0.20253164556962025,0.9375,0.16033755274261605
ozone,2,0,101,unweighted_lr:default,0.5,0.3125,0.029535864978902954,0.5,0.004201680672268907
ozone,2,0,101,unweighted_lr:oof_macro_f1,0.24293068478619398,0.5,0.05907172995780591,0.75,0.037815126050420166
ozone,2,0,101,unweighted_lr:oof_balanced_accuracy,0.03091378622084459,1.0,0.28270042194092826,0.9375,0.25630252100840334
ozone,2,0,101,weighted_lr:default,0.5,0.8125,0.1518987341772152,0.9375,0.14705882352941177
ozone,2,0,101,weighted_lr:oof_macro_f1,0.8714468513940242,0.5,0.05907172995780591,0.6875,0.03361344537815126
ozone,2,0,101,weighted_lr:oof_balanced_accuracy,0.37360518406828475,0.875,0.21940928270042195,0.9375,0.18487394957983194
ozone,2,0,101,rf:default,0.5,0.125,0.012658227848101266,0.25,0.0
ozone,2,0,101,rf:oof_macro_f1,0.22083333333333335,0.625,0.06329113924050633,0.75,0.029411764705882353
ozone,2,0,101,rf:oof_balanced_accuracy,0.12083333333333332,0.75,0.16033755274261605,0.9375,0.13445378151260504
ozone,2,0,101,balanced_rf:default,0.5,0.8125,0.16455696202531644,0.875,0.13865546218487396
ozone,2,0,101,balanced_rf:oof_macro_f1,0.6895833333333333,0.5625,0.04219409282700422,0.5625,0.046218487394957986
ozone,2,0,101,balanced_rf:oof_balanced_accuracy,0.4708333333333333,0.8125,0.18565400843881857,0.875,0.1722689075630252
ozone,2,0,202,unweighted_lr:default,0.5,0.3125,0.029535864978902954,0.5,0.004201680672268907
ozone,2,0,202,unweighted_lr:oof_macro_f1,0.24293068478619398,0.5,0.05907172995780591,0.75,0.037815126050420166
ozone,2,0,202,unweighted_lr:oof_balanced_accuracy,0.03091378622084459,1.0,0.28270042194092826,0.9375,0.25630252100840334
ozone,2,0,202,weighted_lr:default,0.5,0.8125,0.1518987341772152,0.9375,0.14705882352941177
ozone,2,0,202,weighted_lr:oof_macro_f1,0.8714468513940242,0.5,0.05907172995780591,0.6875,0.03361344537815126
ozone,2,0,202,weighted_lr:oof_balanced_accuracy,0.37360518406828475,0.875,0.21940928270042195,0.9375,0.18487394957983194
ozone,2,0,202,rf:default,0.5,0.125,0.004219409282700422,0.3125,0.0
ozone,2,0,202,rf:oof_macro_f1,0.20708333333333334,0.625,0.06751054852320675,0.9375,0.037815126050420166
ozone,2,0,202,rf:oof_balanced_accuracy,0.10416666666666666,0.8125,0.15611814345991562,1.0,0.18067226890756302
ozone,2,0,202,balanced_rf:default,0.5,0.8125,0.14767932489451477,0.9375,0.14705882352941177
ozone,2,0,202,balanced_rf:oof_macro_f1,0.7208333333333333,0.4375,0.05063291139240506,0.625,0.025210084033613446
ozone,2,0,202,balanced_rf:oof_balanced_accuracy,0.4458333333333334,0.875,0.189873417721519,1.0,0.1638655462184874
ozone,2,0,303,unweighted_lr:default,0.5,0.3125,0.029535864978902954,0.5,0.004201680672268907
ozone,2,0,303,unweighted_lr:oof_macro_f1,0.24293068478619398,0.5,0.05907172995780591,0.75,0.037815126050420166
ozone,2,0,303,unweighted_lr:oof_balanced_accuracy,0.03091378622084459,1.0,0.28270042194092826,0.9375,0.25630252100840334
ozone,2,0,303,weighted_lr:default,0.5,0.8125,0.1518987341772152,0.9375,0.14705882352941177
ozone,2,0,303,weighted_lr:oof_macro_f1,0.8714468513940242,0.5,0.05907172995780591,0.6875,0.03361344537815126
ozone,2,0,303,weighted_lr:oof_balanced_accuracy,0.37360518406828475,0.875,0.21940928270042195,0.9375,0.18487394957983194
ozone,2,0,303,rf:default,0.5,0.125,0.008438818565400843,0.125,0.0
ozone,2,0,303,rf:oof_macro_f1,0.29613095238095244,0.5,0.0379746835443038,0.6875,0.02100840336134454
ozone,2,0,303,rf:oof_balanced_accuracy,0.09375,0.875,0.19831223628691982,0.9375,0.15126050420168066
ozone,2,0,303,balanced_rf:default,0.5,0.875,0.16033755274261605,0.875,0.15126050420168066
ozone,2,0,303,balanced_rf:oof_macro_f1,0.7208333333333333,0.5625,0.07172995780590717,0.5625,0.029411764705882353
ozone,2,0,303,balanced_rf:oof_balanced_accuracy,0.5125,0.875,0.15611814345991562,0.875,0.15126050420168066
ozone,2,0,404,unweighted_lr:default,0.5,0.3125,0.029535864978902954,0.5,0.004201680672268907
ozone,2,0,404,unweighted_lr:oof_macro_f1,0.24293068478619398,0.5,0.05907172995780591,0.75,0.037815126050420166
ozone,2,0,404,unweighted_lr:oof_balanced_accuracy,0.03091378622084459,1.0,0.28270042194092826,0.9375,0.25630252100840334
ozone,2,0,404,weighted_lr:default,0.5,0.8125,0.1518987341772152,0.9375,0.14705882352941177
ozone,2,0,404,weighted_lr:oof_macro_f1,0.8714468513940242,0.5,0.05907172995780591,0.6875,0.03361344537815126
ozone,2,0,404,weighted_lr:oof_balanced_accuracy,0.37360518406828475,0.875,0.21940928270042195,0.9375,0.18487394957983194
ozone,2,0,404,rf:default,0.5,0.125,0.012658227848101266,0.3125,0.0
ozone,2,0,404,rf:oof_macro_f1,0.30333333333333334,0.5625,0.0379746835443038,0.6875,0.008403361344537815
ozone,2,0,404,rf:oof_balanced_accuracy,0.11666666666666665,0.75,0.15611814345991562,1.0,0.14285714285714285
ozone,2,0,404,balanced_rf:default,0.5,0.875,0.14767932489451477,0.875,0.13445378151260504
ozone,2,0,404,balanced_rf:oof_macro_f1,0.6833333333333333,0.6875,0.05485232067510549,0.75,0.04201680672268908
ozone,2,0,404,balanced_rf:oof_balanced_accuracy,0.4583333333333333,0.875,0.1729957805907173,0.9375,0.18487394957983194
ozone,2,0,505,unweighted_lr:default,0.5,0.3125,0.029535864978902954,0.5,0.004201680672268907
ozone,2,0,505,unweighted_lr:oof_macro_f1,0.24293068478619398,0.5,0.05907172995780591,0.75,0.037815126050420166
ozone,2,0,505,unweighted_lr:oof_balanced_accuracy,0.03091378622084459,1.0,0.28270042194092826,0.9375,0.25630252100840334
ozone,2,0,505,weighted_lr:default,0.5,0.8125,0.1518987341772152,0.9375,0.14705882352941177
ozone,2,0,505,weighted_lr:oof_macro_f1,0.8714468513940242,0.5,0.05907172995780591,0.6875,0.03361344537815126
ozone,2,0,505,weighted_lr:oof_balanced_accuracy,0.37360518406828475,0.875,0.21940928270042195,0.9375,0.18487394957983194
ozone,2,0,505,rf:default,0.5,0.1875,0.012658227848101266,0.25,0.0
ozone,2,0,505,rf:oof_macro_f1,0.25416666666666665,0.625,0.04219409282700422,0.75,0.037815126050420166
ozone,2,0,505,rf:oof_balanced_accuracy,0.0925,1.0,0.18565400843881857,0.9375,0.14285714285714285
ozone,2,0,505,balanced_rf:default,0.5,0.75,0.1518987341772152,0.875,0.11764705882352941
ozone,2,0,505,balanced_rf:oof_macro_f1,0.7375,0.5,0.0379746835443038,0.5,0.01680672268907563
ozone,2,0,505,balanced_rf:oof_balanced_accuracy,0.4833333333333334,0.8125,0.16033755274261605,0.875,0.13025210084033614
ozone,2,1,101,unweighted_lr:default,0.5,0.5,0.016877637130801686,0.375,0.01680672268907563
ozone,2,1,101,unweighted_lr:oof_macro_f1,0.2841493827618453,0.5625,0.04219409282700422,0.5625,0.05042016806722689
ozone,2,1,101,unweighted_lr:oof_balanced_accuracy,0.03690237179716817,0.9375,0.2616033755274262,1.0,0.24369747899159663
ozone,2,1,101,weighted_lr:default,0.5,0.875,0.1518987341772152,0.9375,0.14285714285714285
ozone,2,1,101,weighted_lr:oof_macro_f1,0.7640285906962202,0.625,0.08438818565400844,0.6875,0.07563025210084033
ozone,2,1,101,weighted_lr:oof_balanced_accuracy,0.49165707344911763,0.875,0.1518987341772152,0.9375,0.14285714285714285
ozone,2,1,101,rf:default,0.5,0.125,0.004219409282700422,0.125,0.0
ozone,2,1,101,rf:oof_macro_f1,0.25625,0.5625,0.046413502109704644,0.5625,0.04201680672268908
ozone,2,1,101,rf:oof_balanced_accuracy,0.09375,0.875,0.1940928270042194,0.9375,0.14705882352941177
ozone,2,1,101,balanced_rf:default,0.5,0.875,0.18143459915611815,0.875,0.12605042016806722
ozone,2,1,101,balanced_rf:oof_macro_f1,0.6333333333333334,0.75,0.06751054852320675,0.6875,0.07563025210084033
ozone,2,1,101,balanced_rf:oof_balanced_accuracy,0.4125,0.875,0.24472573839662448,1.0,0.19747899159663865
ozone,2,1,202,unweighted_lr:default,0.5,0.5,0.016877637130801686,0.375,0.01680672268907563
ozone,2,1,202,unweighted_lr:oof_macro_f1,0.2841493827618453,0.5625,0.04219409282700422,0.5625,0.05042016806722689
ozone,2,1,202,unweighted_lr:oof_balanced_accuracy,0.03690237179716817,0.9375,0.2616033755274262,1.0,0.24369747899159663
ozone,2,1,202,weighted_lr:default,0.5,0.875,0.1518987341772152,0.9375,0.14285714285714285
ozone,2,1,202,weighted_lr:oof_macro_f1,0.7640285906962202,0.625,0.08438818565400844,0.6875,0.07563025210084033
ozone,2,1,202,weighted_lr:oof_balanced_accuracy,0.49165707344911763,0.875,0.1518987341772152,0.9375,0.14285714285714285
ozone,2,1,202,rf:default,0.5,0.0625,0.008438818565400843,0.125,0.0
ozone,2,1,202,rf:oof_macro_f1,0.21726190476190474,0.6875,0.06751054852320675,0.75,0.0546218487394958
ozone,2,1,202,rf:oof_balanced_accuracy,0.08333333333333334,0.8125,0.2320675105485232,0.9375,0.1722689075630252
ozone,2,1,202,balanced_rf:default,0.5,0.75,0.18565400843881857,0.75,0.13025210084033614
ozone,2,1,202,balanced_rf:oof_macro_f1,0.7208333333333333,0.625,0.04219409282700422,0.375,0.037815126050420166
ozone,2,1,202,balanced_rf:oof_balanced_accuracy,0.4125,0.8125,0.2616033755274262,0.875,0.1722689075630252
ozone,2,1,303,unweighted_lr:default,0.5,0.5,0.016877637130801686,0.375,0.01680672268907563
ozone,2,1,303,unweighted_lr:oof_macro_f1,0.2841493827618453,0.5625,0.04219409282700422,0.5625,0.05042016806722689
ozone,2,1,303,unweighted_lr:oof_balanced_accuracy,0.03690237179716817,0.9375,0.2616033755274262,1.0,0.24369747899159663
ozone,2,1,303,weighted_lr:default,0.5,0.875,0.1518987341772152,0.9375,0.14285714285714285
ozone,2,1,303,weighted_lr:oof_macro_f1,0.7640285906962202,0.625,0.08438818565400844,0.6875,0.07563025210084033
ozone,2,1,303,weighted_lr:oof_balanced_accuracy,0.49165707344911763,0.875,0.1518987341772152,0.9375,0.14285714285714285
ozone,2,1,303,rf:default,0.5,0.125,0.008438818565400843,0.1875,0.0
ozone,2,1,303,rf:oof_macro_f1,0.19083333333333333,0.6875,0.07172995780590717,0.75,0.06302521008403361
ozone,2,1,303,rf:oof_balanced_accuracy,0.08422619047619048,0.875,0.25316455696202533,0.9375,0.16806722689075632
ozone,2,1,303,balanced_rf:default,0.5,0.75,0.16455696202531644,0.75,0.12605042016806722
ozone,2,1,303,balanced_rf:oof_macro_f1,0.725,0.5,0.029535864978902954,0.375,0.037815126050420166
ozone,2,1,303,balanced_rf:oof_balanced_accuracy,0.3395833333333333,0.875,0.28270042194092826,1.0,0.2605042016806723
ozone,2,1,404,unweighted_lr:default,0.5,0.5,0.016877637130801686,0.375,0.01680672268907563
ozone,2,1,404,unweighted_lr:oof_macro_f1,0.2841493827618453,0.5625,0.04219409282700422,0.5625,0.05042016806722689
ozone,2,1,404,unweighted_lr:oof_balanced_accuracy,0.03690237179716817,0.9375,0.2616033755274262,1.0,0.24369747899159663
ozone,2,1,404,weighted_lr:default,0.5,0.875,0.1518987341772152,0.9375,0.14285714285714285
ozone,2,1,404,weighted_lr:oof_macro_f1,0.7640285906962202,0.625,0.08438818565400844,0.6875,0.07563025210084033
ozone,2,1,404,weighted_lr:oof_balanced_accuracy,0.49165707344911763,0.875,0.1518987341772152,0.9375,0.14285714285714285
ozone,2,1,404,rf:default,0.5,0.125,0.008438818565400843,0.125,0.004201680672268907
ozone,2,1,404,rf:oof_macro_f1,0.2791666666666667,0.625,0.0379746835443038,0.375,0.03361344537815126
ozone,2,1,404,rf:oof_balanced_accuracy,0.06416666666666666,0.875,0.2489451476793249,0.9375,0.20588235294117646
ozone,2,1,404,balanced_rf:default,0.5,0.75,0.16033755274261605,0.875,0.13445378151260504
ozone,2,1,404,balanced_rf:oof_macro_f1,0.6624999999999999,0.6875,0.07172995780590717,0.5,0.06722689075630252
ozone,2,1,404,balanced_rf:oof_balanced_accuracy,0.4208333333333334,0.875,0.2320675105485232,0.9375,0.17647058823529413
ozone,2,1,505,unweighted_lr:default,0.5,0.5,0.016877637130801686,0.375,0.01680672268907563
ozone,2,1,505,unweighted_lr:oof_macro_f1,0.2841493827618453,0.5625,0.04219409282700422,0.5625,0.05042016806722689
ozone,2,1,505,unweighted_lr:oof_balanced_accuracy,0.03690237179716817,0.9375,0.2616033755274262,1.0,0.24369747899159663
ozone,2,1,505,weighted_lr:default,0.5,0.875,0.1518987341772152,0.9375,0.14285714285714285
ozone,2,1,505,weighted_lr:oof_macro_f1,0.7640285906962202,0.625,0.08438818565400844,0.6875,0.07563025210084033
ozone,2,1,505,weighted_lr:oof_balanced_accuracy,0.49165707344911763,0.875,0.1518987341772152,0.9375,0.14285714285714285
ozone,2,1,505,rf:default,0.5,0.125,0.008438818565400843,0.125,0.004201680672268907
ozone,2,1,505,rf:oof_macro_f1,0.19249999999999998,0.625,0.07172995780590717,0.6875,0.07563025210084033
ozone,2,1,505,rf:oof_balanced_accuracy,0.07708333333333332,0.875,0.25316455696202533,0.875,0.18487394957983194
ozone,2,1,505,balanced_rf:default,0.5,0.875,0.16455696202531644,0.75,0.11764705882352941
ozone,2,1,505,balanced_rf:oof_macro_f1,0.6125,0.75,0.0970464135021097,0.6875,0.06302521008403361
ozone,2,1,505,balanced_rf:oof_balanced_accuracy,0.4625,0.875,0.189873417721519,0.875,0.13025210084033614
ozone,2,2,101,unweighted_lr:default,0.5,0.1875,0.012658227848101266,0.25,0.01680672268907563
ozone,2,2,101,unweighted_lr:oof_macro_f1,0.32383512867085523,0.25,0.046413502109704644,0.625,0.03361344537815126
ozone,2,2,101,unweighted_lr:oof_balanced_accuracy,0.024651685878339602,0.875,0.270042194092827,1.0,0.2857142857142857
ozone,2,2,101,weighted_lr:default,0.5,0.6875,0.15611814345991562,1.0,0.15126050420168066
ozone,2,2,101,weighted_lr:oof_macro_f1,0.9101932629103991,0.25,0.029535864978902954,0.5,0.03361344537815126
ozone,2,2,101,weighted_lr:oof_balanced_accuracy,0.2906066466796809,0.8125,0.2489451476793249,1.0,0.22268907563025211
ozone,2,2,101,rf:default,0.5,0.1875,0.0,0.125,0.0
ozone,2,2,101,rf:oof_macro_f1,0.225,0.4375,0.04219409282700422,0.75,0.046218487394957986
ozone,2,2,101,rf:oof_balanced_accuracy,0.14166666666666666,0.5,0.08016877637130802,0.8125,0.1092436974789916
ozone,2,2,101,balanced_rf:default,0.5,0.6875,0.1308016877637131,0.8125,0.15126050420168066
ozone,2,2,101,balanced_rf:oof_macro_f1,0.7541666666666667,0.375,0.04219409282700422,0.5,0.01680672268907563
ozone,2,2,101,balanced_rf:oof_balanced_accuracy,0.3875,0.75,0.20253164556962025,0.875,0.2184873949579832
ozone,2,2,202,unweighted_lr:default,0.5,0.1875,0.012658227848101266,0.25,0.01680672268907563
ozone,2,2,202,unweighted_lr:oof_macro_f1,0.32383512867085523,0.25,0.046413502109704644,0.625,0.03361344537815126
ozone,2,2,202,unweighted_lr:oof_balanced_accuracy,0.024651685878339602,0.875,0.270042194092827,1.0,0.2857142857142857
ozone,2,2,202,weighted_lr:default,0.5,0.6875,0.15611814345991562,1.0,0.15126050420168066
ozone,2,2,202,weighted_lr:oof_macro_f1,0.9101932629103991,0.25,0.029535864978902954,0.5,0.03361344537815126
ozone,2,2,202,weighted_lr:oof_balanced_accuracy,0.2906066466796809,0.8125,0.2489451476793249,1.0,0.22268907563025211
ozone,2,2,202,rf:default,0.5,0.125,0.0,0.1875,0.0
ozone,2,2,202,rf:oof_macro_f1,0.23333333333333334,0.375,0.02531645569620253,0.6875,0.02100840336134454
ozone,2,2,202,rf:oof_balanced_accuracy,0.09625,0.625,0.1350210970464135,0.8125,0.1638655462184874
ozone,2,2,202,balanced_rf:default,0.5,0.6875,0.1308016877637131,0.8125,0.17647058823529413
ozone,2,2,202,balanced_rf:oof_macro_f1,0.725,0.375,0.04219409282700422,0.5625,0.01680672268907563
ozone,2,2,202,balanced_rf:oof_balanced_accuracy,0.45,0.75,0.16033755274261605,0.8125,0.21008403361344538
ozone,2,2,303,unweighted_lr:default,0.5,0.1875,0.012658227848101266,0.25,0.01680672268907563
ozone,2,2,303,unweighted_lr:oof_macro_f1,0.32383512867085523,0.25,0.046413502109704644,0.625,0.03361344537815126
ozone,2,2,303,unweighted_lr:oof_balanced_accuracy,0.024651685878339602,0.875,0.270042194092827,1.0,0.2857142857142857
ozone,2,2,303,weighted_lr:default,0.5,0.6875,0.15611814345991562,1.0,0.15126050420168066
ozone,2,2,303,weighted_lr:oof_macro_f1,0.9101932629103991,0.25,0.029535864978902954,0.5,0.03361344537815126
ozone,2,2,303,weighted_lr:oof_balanced_accuracy,0.2906066466796809,0.8125,0.2489451476793249,1.0,0.22268907563025211
ozone,2,2,303,rf:default,0.5,0.125,0.004219409282700422,0.25,0.0
ozone,2,2,303,rf:oof_macro_f1,0.2229166666666667,0.375,0.05063291139240506,0.625,0.025210084033613446
ozone,2,2,303,rf:oof_balanced_accuracy,0.1325,0.5,0.08860759493670886,0.875,0.07563025210084033
ozone,2,2,303,balanced_rf:default,0.5,0.625,0.11392405063291139,0.8125,0.14285714285714285
ozone,2,2,303,balanced_rf:oof_macro_f1,0.6895833333333334,0.3125,0.05063291139240506,0.6875,0.03361344537815126
ozone,2,2,303,balanced_rf:oof_balanced_accuracy,0.4833333333333333,0.625,0.11814345991561181,0.8125,0.14705882352941177
ozone,2,2,404,unweighted_lr:default,0.5,0.1875,0.012658227848101266,0.25,0.01680672268907563
ozone,2,2,404,unweighted_lr:oof_macro_f1,0.32383512867085523,0.25,0.046413502109704644,0.625,0.03361344537815126
ozone,2,2,404,unweighted_lr:oof_balanced_accuracy,0.024651685878339602,0.875,0.270042194092827,1.0,0.2857142857142857
ozone,2,2,404,weighted_lr:default,0.5,0.6875,0.15611814345991562,1.0,0.15126050420168066
ozone,2,2,404,weighted_lr:oof_macro_f1,0.9101932629103991,0.25,0.029535864978902954,0.5,0.03361344537815126
ozone,2,2,404,weighted_lr:oof_balanced_accuracy,0.2906066466796809,0.8125,0.2489451476793249,1.0,0.22268907563025211
ozone,2,2,404,rf:default,0.5,0.0625,0.0,0.1875,0.0
ozone,2,2,404,rf:oof_macro_f1,0.2208333333333333,0.375,0.03375527426160337,0.625,0.029411764705882353
ozone,2,2,404,rf:oof_balanced_accuracy,0.07083333333333333,0.8125,0.189873417721519,0.8125,0.18067226890756302
ozone,2,2,404,balanced_rf:default,0.5,0.6875,0.12236286919831224,0.875,0.14285714285714285
ozone,2,2,404,balanced_rf:oof_macro_f1,0.6791666666666666,0.4375,0.046413502109704644,0.625,0.046218487394957986
ozone,2,2,404,balanced_rf:oof_balanced_accuracy,0.4229166666666666,0.75,0.1729957805907173,0.875,0.2184873949579832
ozone,2,2,505,unweighted_lr:default,0.5,0.1875,0.012658227848101266,0.25,0.01680672268907563
ozone,2,2,505,unweighted_lr:oof_macro_f1,0.32383512867085523,0.25,0.046413502109704644,0.625,0.03361344537815126
ozone,2,2,505,unweighted_lr:oof_balanced_accuracy,0.024651685878339602,0.875,0.270042194092827,1.0,0.2857142857142857
ozone,2,2,505,weighted_lr:default,0.5,0.6875,0.15611814345991562,1.0,0.15126050420168066
ozone,2,2,505,weighted_lr:oof_macro_f1,0.9101932629103991,0.25,0.029535864978902954,0.5,0.03361344537815126
ozone,2,2,505,weighted_lr:oof_balanced_accuracy,0.2906066466796809,0.8125,0.2489451476793249,1.0,0.22268907563025211
ozone,2,2,505,rf:default,0.5,0.125,0.004219409282700422,0.125,0.0
ozone,2,2,505,rf:oof_macro_f1,0.21333333333333332,0.5,0.05063291139240506,0.6875,0.037815126050420166
ozone,2,2,505,rf:oof_balanced_accuracy,0.1,0.625,0.1308016877637131,0.8125,0.13865546218487396
ozone,2,2,505,balanced_rf:default,0.5,0.625,0.12658227848101267,0.8125,0.14285714285714285
ozone,2,2,505,balanced_rf:oof_macro_f1,0.7,0.375,0.05063291139240506,0.6875,0.03361344537815126
ozone,2,2,505,balanced_rf:oof_balanced_accuracy,0.5208333333333333,0.5,0.11814345991561181,0.75,0.13445378151260504
ozone,2,3,101,unweighted_lr:default,0.5,0.1875,0.02531645569620253,0.25,0.012605042016806723
ozone,2,3,101,unweighted_lr:oof_macro_f1,0.2464273235832998,0.3125,0.046413502109704644,0.5,0.0546218487394958
ozone,2,3,101,unweighted_lr:oof_balanced_accuracy,0.04345797477214874,0.5625,0.2109704641350211,0.875,0.17647058823529413
ozone,2,3,101,weighted_lr:default,0.5,0.4375,0.12236286919831224,0.75,0.1092436974789916
ozone,2,3,101,weighted_lr:oof_macro_f1,0.7513699161120626,0.375,0.07172995780590717,0.625,0.07142857142857142
ozone,2,3,101,weighted_lr:oof_balanced_accuracy,0.32743928601066996,0.6875,0.189873417721519,0.875,0.16806722689075632
ozone,2,3,101,rf:default,0.5,0.125,0.004219409282700422,0.25,0.004201680672268907
ozone,2,3,101,rf:oof_macro_f1,0.22083333333333335,0.375,0.06329113924050633,0.8125,0.03361344537815126
ozone,2,3,101,rf:oof_balanced_accuracy,0.07083333333333333,0.875,0.21940928270042195,1.0,0.1722689075630252
ozone,2,3,101,balanced_rf:default,0.5,0.625,0.13924050632911392,0.9375,0.09243697478991597
ozone,2,3,101,balanced_rf:oof_macro_f1,0.69375,0.3125,0.04219409282700422,0.75,0.025210084033613446
ozone,2,3,101,balanced_rf:oof_balanced_accuracy,0.4958333333333334,0.625,0.14345991561181434,0.9375,0.09243697478991597
ozone,2,3,202,unweighted_lr:default,0.5,0.1875,0.02531645569620253,0.25,0.012605042016806723
ozone,2,3,202,unweighted_lr:oof_macro_f1,0.2464273235832998,0.3125,0.046413502109704644,0.5,0.0546218487394958
ozone,2,3,202,unweighted_lr:oof_balanced_accuracy,0.04345797477214874,0.5625,0.2109704641350211,0.875,0.17647058823529413
ozone,2,3,202,weighted_lr:default,0.5,0.4375,0.12236286919831224,0.75,0.1092436974789916
ozone,2,3,202,weighted_lr:oof_macro_f1,0.7513699161120626,0.375,0.07172995780590717,0.625,0.07142857142857142
ozone,2,3,202,weighted_lr:oof_balanced_accuracy,0.32743928601066996,0.6875,0.189873417721519,0.875,0.16806722689075632
ozone,2,3,202,rf:default,0.5,0.1875,0.004219409282700422,0.3125,0.004201680672268907
ozone,2,3,202,rf:oof_macro_f1,0.22916666666666666,0.3125,0.06329113924050633,0.75,0.05042016806722689
ozone,2,3,202,rf:oof_balanced_accuracy,0.09583333333333333,0.6875,0.17721518987341772,1.0,0.12184873949579832
ozone,2,3,202,balanced_rf:default,0.5,0.625,0.14767932489451477,0.9375,0.10084033613445378
ozone,2,3,202,balanced_rf:oof_macro_f1,0.7166666666666666,0.375,0.046413502109704644,0.8125,0.03361344537815126
ozone,2,3,202,balanced_rf:oof_balanced_accuracy,0.4916666666666667,0.6875,0.1518987341772152,0.9375,0.11764705882352941
ozone,2,3,303,unweighted_lr:default,0.5,0.1875,0.02531645569620253,0.25,0.012605042016806723
ozone,2,3,303,unweighted_lr:oof_macro_f1,0.2464273235832998,0.3125,0.046413502109704644,0.5,0.0546218487394958
ozone,2,3,303,unweighted_lr:oof_balanced_accuracy,0.04345797477214874,0.5625,0.2109704641350211,0.875,0.17647058823529413
ozone,2,3,303,weighted_lr:default,0.5,0.4375,0.12236286919831224,0.75,0.1092436974789916
ozone,2,3,303,weighted_lr:oof_macro_f1,0.7513699161120626,0.375,0.07172995780590717,0.625,0.07142857142857142
ozone,2,3,303,weighted_lr:oof_balanced_accuracy,0.32743928601066996,0.6875,0.189873417721519,0.875,0.16806722689075632
ozone,2,3,303,rf:default,0.5,0.1875,0.0,0.3125,0.004201680672268907
ozone,2,3,303,rf:oof_macro_f1,0.1825,0.375,0.08860759493670886,0.875,0.0546218487394958
ozone,2,3,303,rf:oof_balanced_accuracy,0.10833333333333332,0.625,0.1308016877637131,1.0,0.10504201680672269
ozone,2,3,303,balanced_rf:default,0.5,0.6875,0.13924050632911392,0.9375,0.10504201680672269
ozone,2,3,303,balanced_rf:oof_macro_f1,0.6708333333333333,0.25,0.05485232067510549,0.75,0.04201680672268908
ozone,2,3,303,balanced_rf:oof_balanced_accuracy,0.4291666666666666,0.8125,0.16455696202531644,1.0,0.14705882352941177
ozone,2,3,404,unweighted_lr:default,0.5,0.1875,0.02531645569620253,0.25,0.012605042016806723
ozone,2,3,404,unweighted_lr:oof_macro_f1,0.2464273235832998,0.3125,0.046413502109704644,0.5,0.0546218487394958
ozone,2,3,404,unweighted_lr:oof_balanced_accuracy,0.04345797477214874,0.5625,0.2109704641350211,0.875,0.17647058823529413
ozone,2,3,404,weighted_lr:default,0.5,0.4375,0.12236286919831224,0.75,0.1092436974789916
ozone,2,3,404,weighted_lr:oof_macro_f1,0.7513699161120626,0.375,0.07172995780590717,0.625,0.07142857142857142
ozone,2,3,404,weighted_lr:oof_balanced_accuracy,0.32743928601066996,0.6875,0.189873417721519,0.875,0.16806722689075632
ozone,2,3,404,rf:default,0.5,0.1875,0.004219409282700422,0.1875,0.0
ozone,2,3,404,rf:oof_macro_f1,0.21666666666666665,0.375,0.06329113924050633,0.75,0.037815126050420166
ozone,2,3,404,rf:oof_balanced_accuracy,0.08708333333333333,0.875,0.189873417721519,1.0,0.14285714285714285
ozone,2,3,404,balanced_rf:default,0.5,0.6875,0.14345991561181434,0.9375,0.08823529411764706
ozone,2,3,404,balanced_rf:oof_macro_f1,0.66875,0.375,0.06329113924050633,0.75,0.05042016806722689
ozone,2,3,404,balanced_rf:oof_balanced_accuracy,0.3854166666666667,0.875,0.21518987341772153,1.0,0.15546218487394958
ozone,2,3,505,unweighted_lr:default,0.5,0.1875,0.02531645569620253,0.25,0.012605042016806723
ozone,2,3,505,unweighted_lr:oof_macro_f1,0.2464273235832998,0.3125,0.046413502109704644,0.5,0.0546218487394958
ozone,2,3,505,unweighted_lr:oof_balanced_accuracy,0.04345797477214874,0.5625,0.2109704641350211,0.875,0.17647058823529413
ozone,2,3,505,weighted_lr:default,0.5,0.4375,0.12236286919831224,0.75,0.1092436974789916
ozone,2,3,505,weighted_lr:oof_macro_f1,0.7513699161120626,0.375,0.07172995780590717,0.625,0.07142857142857142
ozone,2,3,505,weighted_lr:oof_balanced_accuracy,0.32743928601066996,0.6875,0.189873417721519,0.875,0.16806722689075632
ozone,2,3,505,rf:default,0.5,0.125,0.008438818565400843,0.25,0.004201680672268907
ozone,2,3,505,rf:oof_macro_f1,0.275,0.25,0.05907172995780591,0.625,0.025210084033613446
ozone,2,3,505,rf:oof_balanced_accuracy,0.07083333333333333,0.875,0.2109704641350211,1.0,0.16806722689075632
ozone,2,3,505,balanced_rf:default,0.5,0.6875,0.1518987341772152,0.9375,0.10504201680672269
ozone,2,3,505,balanced_rf:oof_macro_f1,0.6708333333333333,0.4375,0.06329113924050633,0.75,0.046218487394957986
ozone,2,3,505,balanced_rf:oof_balanced_accuracy,0.55,0.5625,0.11392405063291139,0.8125,0.06722689075630252
ozone,2,4,101,unweighted_lr:default,0.5,0.1875,0.012658227848101266,0.25,0.02109704641350211
ozone,2,4,101,unweighted_lr:oof_macro_f1,0.21272939815470077,0.625,0.05485232067510549,0.5625,0.07172995780590717
ozone,2,4,101,unweighted_lr:oof_balanced_accuracy,0.025680082501992198,0.875,0.28270042194092826,0.875,0.26582278481012656
ozone,2,4,101,weighted_lr:default,0.5,0.6875,0.1518987341772152,0.875,0.16877637130801687
ozone,2,4,101,weighted_lr:oof_macro_f1,0.8570988206382743,0.5625,0.03375527426160337,0.4375,0.05485232067510549
ozone,2,4,101,weighted_lr:oof_balanced_accuracy,0.171933406735131,0.9375,0.31223628691983124,1.0,0.2742616033755274
ozone,2,4,101,rf:default,0.5,0.1875,0.004219409282700422,0.0625,0.004219409282700422
ozone,2,4,101,rf:oof_macro_f1,0.30083333333333334,0.3125,0.03375527426160337,0.375,0.03375527426160337
ozone,2,4,101,rf:oof_balanced_accuracy,0.0925,0.625,0.16877637130801687,0.875,0.19831223628691982
ozone,2,4,101,balanced_rf:default,0.5,0.625,0.1518987341772152,0.6875,0.1729957805907173
ozone,2,4,101,balanced_rf:oof_macro_f1,0.7125,0.4375,0.046413502109704644,0.4375,0.05063291139240506
ozone,2,4,101,balanced_rf:oof_balanced_accuracy,0.4041666666666667,0.6875,0.22784810126582278,0.9375,0.2109704641350211
ozone,2,4,202,unweighted_lr:default,0.5,0.1875,0.012658227848101266,0.25,0.02109704641350211
ozone,2,4,202,unweighted_lr:oof_macro_f1,0.21272939815470077,0.625,0.05485232067510549,0.5625,0.07172995780590717
ozone,2,4,202,unweighted_lr:oof_balanced_accuracy,0.025680082501992198,0.875,0.28270042194092826,0.875,0.26582278481012656
ozone,2,4,202,weighted_lr:default,0.5,0.6875,0.1518987341772152,0.875,0.16877637130801687
ozone,2,4,202,weighted_lr:oof_macro_f1,0.8570988206382743,0.5625,0.03375527426160337,0.4375,0.05485232067510549
ozone,2,4,202,weighted_lr:oof_balanced_accuracy,0.171933406735131,0.9375,0.31223628691983124,1.0,0.2742616033755274
ozone,2,4,202,rf:default,0.5,0.0625,0.008438818565400843,0.0625,0.008438818565400843
ozone,2,4,202,rf:oof_macro_f1,0.29583333333333334,0.1875,0.05063291139240506,0.5,0.04219409282700422
ozone,2,4,202,rf:oof_balanced_accuracy,0.1,0.5625,0.14345991561181434,1.0,0.15611814345991562
ozone,2,4,202,balanced_rf:default,0.5,0.6875,0.16455696202531644,0.8125,0.14767932489451477
ozone,2,4,202,balanced_rf:oof_macro_f1,0.6375,0.625,0.08016877637130802,0.625,0.10970464135021098
ozone,2,4,202,balanced_rf:oof_balanced_accuracy,0.425,0.6875,0.19831223628691982,0.875,0.22784810126582278
ozone,2,4,303,unweighted_lr:default,0.5,0.1875,0.012658227848101266,0.25,0.02109704641350211
ozone,2,4,303,unweighted_lr:oof_macro_f1,0.21272939815470077,0.625,0.05485232067510549,0.5625,0.07172995780590717
ozone,2,4,303,unweighted_lr:oof_balanced_accuracy,0.025680082501992198,0.875,0.28270042194092826,0.875,0.26582278481012656
ozone,2,4,303,weighted_lr:default,0.5,0.6875,0.1518987341772152,0.875,0.16877637130801687
ozone,2,4,303,weighted_lr:oof_macro_f1,0.8570988206382743,0.5625,0.03375527426160337,0.4375,0.05485232067510549
ozone,2,4,303,weighted_lr:oof_balanced_accuracy,0.171933406735131,0.9375,0.31223628691983124,1.0,0.2742616033755274
ozone,2,4,303,rf:default,0.5,0.125,0.0,0.0625,0.004219409282700422
ozone,2,4,303,rf:oof_macro_f1,0.26,0.25,0.046413502109704644,0.4375,0.05063291139240506
ozone,2,4,303,rf:oof_balanced_accuracy,0.09,0.625,0.1940928270042194,1.0,0.18143459915611815
ozone,2,4,303,balanced_rf:default,0.5,0.625,0.16455696202531644,0.75,0.1729957805907173
ozone,2,4,303,balanced_rf:oof_macro_f1,0.6458333333333333,0.4375,0.07172995780590717,0.625,0.08860759493670886
ozone,2,4,303,balanced_rf:oof_balanced_accuracy,0.5,0.625,0.16455696202531644,0.75,0.1729957805907173
ozone,2,4,404,unweighted_lr:default,0.5,0.1875,0.012658227848101266,0.25,0.02109704641350211
ozone,2,4,404,unweighted_lr:oof_macro_f1,0.21272939815470077,0.625,0.05485232067510549,0.5625,0.07172995780590717
ozone,2,4,404,unweighted_lr:oof_balanced_accuracy,0.025680082501992198,0.875,0.28270042194092826,0.875,0.26582278481012656
ozone,2,4,404,weighted_lr:default,0.5,0.6875,0.1518987341772152,0.875,0.16877637130801687
ozone,2,4,404,weighted_lr:oof_macro_f1,0.8570988206382743,0.5625,0.03375527426160337,0.4375,0.05485232067510549
ozone,2,4,404,weighted_lr:oof_balanced_accuracy,0.171933406735131,0.9375,0.31223628691983124,1.0,0.2742616033755274
ozone,2,4,404,rf:default,0.5,0.0625,0.004219409282700422,0.125,0.004219409282700422
ozone,2,4,404,rf:oof_macro_f1,0.25416666666666665,0.375,0.05485232067510549,0.625,0.04219409282700422
ozone,2,4,404,rf:oof_balanced_accuracy,0.10208333333333333,0.75,0.16877637130801687,0.8125,0.16033755274261605
ozone,2,4,404,balanced_rf:default,0.5,0.5625,0.1729957805907173,0.75,0.1518987341772152
ozone,2,4,404,balanced_rf:oof_macro_f1,0.6375,0.5,0.08438818565400844,0.5625,0.08438818565400844
ozone,2,4,404,balanced_rf:oof_balanced_accuracy,0.4458333333333333,0.6875,0.2109704641350211,1.0,0.1940928270042194
ozone,2,4,505,unweighted_lr:default,0.5,0.1875,0.012658227848101266,0.25,0.02109704641350211
ozone,2,4,505,unweighted_lr:oof_macro_f1,0.21272939815470077,0.625,0.05485232067510549,0.5625,0.07172995780590717
ozone,2,4,505,unweighted_lr:oof_balanced_accuracy,0.025680082501992198,0.875,0.28270042194092826,0.875,0.26582278481012656
ozone,2,4,505,weighted_lr:default,0.5,0.6875,0.1518987341772152,0.875,0.16877637130801687
ozone,2,4,505,weighted_lr:oof_macro_f1,0.8570988206382743,0.5625,0.03375527426160337,0.4375,0.05485232067510549
ozone,2,4,505,weighted_lr:oof_balanced_accuracy,0.171933406735131,0.9375,0.31223628691983124,1.0,0.2742616033755274
ozone,2,4,505,rf:default,0.5,0.0625,0.008438818565400843,0.0625,0.004219409282700422
ozone,2,4,505,rf:oof_macro_f1,0.31124999999999997,0.375,0.046413502109704644,0.375,0.02531645569620253
ozone,2,4,505,rf:oof_balanced_accuracy,0.09791666666666667,0.625,0.17721518987341772,0.9375,0.17721518987341772
ozone,2,4,505,balanced_rf:default,0.5,0.625,0.14345991561181434,0.8125,0.14767932489451477
ozone,2,4,505,balanced_rf:oof_macro_f1,0.6708333333333333,0.375,0.08016877637130802,0.5625,0.08016877637130802
ozone,2,4,505,balanced_rf:oof_balanced_accuracy,0.4916666666666666,0.6875,0.14767932489451477,0.8125,0.1518987341772152
pc4,0,0,101,unweighted_lr:default,0.5,0.2777777777777778,0.0234375,0.5555555555555556,0.0234375
pc4,0,0,101,unweighted_lr:oof_macro_f1,0.3450128019353336,0.3888888888888889,0.03125,0.6666666666666666,0.0390625
pc4,0,0,101,unweighted_lr:oof_balanced_accuracy,0.10926411299427553,0.7222222222222222,0.171875,1.0,0.265625
pc4,0,0,101,weighted_lr:default,0.5,0.7222222222222222,0.1328125,1.0,0.203125
pc4,0,0,101,weighted_lr:oof_macro_f1,0.6592628916806208,0.6111111111111112,0.078125,0.7777777777777778,0.09375
pc4,0,0,101,weighted_lr:oof_balanced_accuracy,0.32162825458260674,0.8888888888888888,0.25,1.0,0.3203125
pc4,0,0,101,rf:default,0.5,0.16666666666666666,0.0078125,0.3888888888888889,0.0234375
pc4,0,0,101,rf:oof_macro_f1,0.2654166666666667,0.6111111111111112,0.0390625,1.0,0.0859375
pc4,0,0,101,rf:oof_balanced_accuracy,0.19291666666666668,0.7222222222222222,0.109375,1.0,0.140625
pc4,0,0,101,balanced_rf:default,0.5,0.7777777777777778,0.1015625,0.9444444444444444,0.15625
pc4,0,0,101,balanced_rf:oof_macro_f1,0.65,0.5,0.0546875,0.8888888888888888,0.1015625
pc4,0,0,101,balanced_rf:oof_balanced_accuracy,0.38333333333333336,1.0,0.1640625,1.0,0.25
pc4,0,0,202,unweighted_lr:default,0.5,0.2777777777777778,0.0234375,0.5555555555555556,0.0234375
pc4,0,0,202,unweighted_lr:oof_macro_f1,0.3450128019353336,0.3888888888888889,0.03125,0.6666666666666666,0.0390625
pc4,0,0,202,unweighted_lr:oof_balanced_accuracy,0.10926411299427553,0.7222222222222222,0.171875,1.0,0.265625
pc4,0,0,202,weighted_lr:default,0.5,0.7222222222222222,0.1328125,1.0,0.203125
pc4,0,0,202,weighted_lr:oof_macro_f1,0.6592628916806208,0.6111111111111112,0.078125,0.7777777777777778,0.09375
pc4,0,0,202,weighted_lr:oof_balanced_accuracy,0.32162825458260674,0.8888888888888888,0.25,1.0,0.3203125
pc4,0,0,202,rf:default,0.5,0.16666666666666666,0.0,0.3888888888888889,0.015625
pc4,0,0,202,rf:oof_macro_f1,0.3479166666666667,0.4444444444444444,0.0234375,0.7222222222222222,0.0625
pc4,0,0,202,rf:oof_balanced_accuracy,0.1625,0.8333333333333334,0.140625,0.8888888888888888,0.1796875
pc4,0,0,202,balanced_rf:default,0.5,0.7222222222222222,0.1015625,1.0,0.1875
pc4,0,0,202,balanced_rf:oof_macro_f1,0.6166666666666666,0.5555555555555556,0.0703125,0.8888888888888888,0.140625
pc4,0,0,202,balanced_rf:oof_balanced_accuracy,0.4333333333333333,0.9444444444444444,0.140625,1.0,0.2109375
pc4,0,0,303,unweighted_lr:default,0.5,0.2777777777777778,0.0234375,0.5555555555555556,0.0234375
pc4,0,0,303,unweighted_lr:oof_macro_f1,0.3450128019353336,0.3888888888888889,0.03125,0.6666666666666666,0.0390625
pc4,0,0,303,unweighted_lr:oof_balanced_accuracy,0.10926411299427553,0.7222222222222222,0.171875,1.0,0.265625
pc4,0,0,303,weighted_lr:default,0.5,0.7222222222222222,0.1328125,1.0,0.203125
pc4,0,0,303,weighted_lr:oof_macro_f1,0.6592628916806208,0.6111111111111112,0.078125,0.7777777777777778,0.09375
pc4,0,0,303,weighted_lr:oof_balanced_accuracy,0.32162825458260674,0.8888888888888888,0.25,1.0,0.3203125
pc4,0,0,303,rf:default,0.5,0.2222222222222222,0.0,0.3888888888888889,0.0078125
pc4,0,0,303,rf:oof_macro_f1,0.2916666666666667,0.5,0.0625,0.8333333333333334,0.109375
pc4,0,0,303,rf:oof_balanced_accuracy,0.17291666666666666,0.6666666666666666,0.140625,1.0,0.1796875
pc4,0,0,303,balanced_rf:default,0.5,0.8333333333333334,0.1015625,0.9444444444444444,0.1953125
pc4,0,0,303,balanced_rf:oof_macro_f1,0.6625,0.5555555555555556,0.046875,0.8333333333333334,0.109375
pc4,0,0,303,balanced_rf:oof_balanced_accuracy,0.5041666666666667,0.8333333333333334,0.1015625,0.9444444444444444,0.1953125
pc4,0,0,404,unweighted_lr:default,0.5,0.2777777777777778,0.0234375,0.5555555555555556,0.0234375
pc4,0,0,404,unweighted_lr:oof_macro_f1,0.3450128019353336,0.3888888888888889,0.03125,0.6666666666666666,0.0390625
pc4,0,0,404,unweighted_lr:oof_balanced_accuracy,0.10926411299427553,0.7222222222222222,0.171875,1.0,0.265625
pc4,0,0,404,weighted_lr:default,0.5,0.7222222222222222,0.1328125,1.0,0.203125
pc4,0,0,404,weighted_lr:oof_macro_f1,0.6592628916806208,0.6111111111111112,0.078125,0.7777777777777778,0.09375
pc4,0,0,404,weighted_lr:oof_balanced_accuracy,0.32162825458260674,0.8888888888888888,0.25,1.0,0.3203125
pc4,0,0,404,rf:default,0.5,0.1111111111111111,0.0078125,0.3333333333333333,0.0078125
pc4,0,0,404,rf:oof_macro_f1,0.28208333333333335,0.5555555555555556,0.0390625,0.6666666666666666,0.0859375
pc4,0,0,404,rf:oof_balanced_accuracy,0.14791666666666664,0.9444444444444444,0.1484375,0.9444444444444444,0.1953125
pc4,0,0,404,balanced_rf:default,0.5,0.6666666666666666,0.109375,0.9444444444444444,0.1875
pc4,0,0,404,balanced_rf:oof_macro_f1,0.6541666666666667,0.4444444444444444,0.0546875,0.8888888888888888,0.1015625
pc4,0,0,404,balanced_rf:oof_balanced_accuracy,0.5624999999999999,0.6111111111111112,0.0859375,0.9444444444444444,0.140625
pc4,0,0,505,unweighted_lr:default,0.5,0.2777777777777778,0.0234375,0.5555555555555556,0.0234375
pc4,0,0,505,unweighted_lr:oof_macro_f1,0.3450128019353336,0.3888888888888889,0.03125,0.6666666666666666,0.0390625
pc4,0,0,505,unweighted_lr:oof_balanced_accuracy,0.10926411299427553,0.7222222222222222,0.171875,1.0,0.265625
pc4,0,0,505,weighted_lr:default,0.5,0.7222222222222222,0.1328125,1.0,0.203125
pc4,0,0,505,weighted_lr:oof_macro_f1,0.6592628916806208,0.6111111111111112,0.078125,0.7777777777777778,0.09375
pc4,0,0,505,weighted_lr:oof_balanced_accuracy,0.32162825458260674,0.8888888888888888,0.25,1.0,0.3203125
pc4,0,0,505,rf:default,0.5,0.1111111111111111,0.0078125,0.2777777777777778,0.015625
pc4,0,0,505,rf:oof_macro_f1,0.30625,0.5555555555555556,0.046875,0.7777777777777778,0.0859375
pc4,0,0,505,rf:oof_balanced_accuracy,0.16333333333333339,0.7222222222222222,0.140625,0.9444444444444444,0.1953125
pc4,0,0,505,balanced_rf:default,0.5,0.7222222222222222,0.1015625,1.0,0.1796875
pc4,0,0,505,balanced_rf:oof_macro_f1,0.6458333333333334,0.5,0.0390625,0.8888888888888888,0.109375
pc4,0,0,505,balanced_rf:oof_balanced_accuracy,0.4458333333333333,0.8888888888888888,0.1171875,1.0,0.1796875
pc4,0,1,101,unweighted_lr:default,0.5,0.5,0.0234375,0.4444444444444444,0.03125
pc4,0,1,101,unweighted_lr:oof_macro_f1,0.26565053484411455,0.7222222222222222,0.0390625,0.7222222222222222,0.0703125
pc4,0,1,101,unweighted_lr:oof_balanced_accuracy,0.06783764750269285,1.0,0.2109375,1.0,0.265625
pc4,0,1,101,weighted_lr:default,0.5,0.7777777777777778,0.125,0.8888888888888888,0.15625
pc4,0,1,101,weighted_lr:oof_macro_f1,0.7030984768928156,0.7222222222222222,0.0546875,0.7777777777777778,0.0703125
pc4,0,1,101,weighted_lr:oof_balanced_accuracy,0.5458554238084462,0.7777777777777778,0.109375,0.8888888888888888,0.1328125
pc4,0,1,101,rf:default,0.5,0.5555555555555556,0.0078125,0.2777777777777778,0.0234375
pc4,0,1,101,rf:oof_macro_f1,0.3625,0.8333333333333334,0.0546875,0.4444444444444444,0.0703125
pc4,0,1,101,rf:oof_balanced_accuracy,0.12,0.9444444444444444,0.171875,0.9444444444444444,0.203125
pc4,0,1,101,balanced_rf:default,0.5,0.8333333333333334,0.1328125,0.9444444444444444,0.109375
pc4,0,1,101,balanced_rf:oof_macro_f1,0.6625000000000001,0.6111111111111112,0.0703125,0.7777777777777778,0.0625
pc4,0,1,101,balanced_rf:oof_balanced_accuracy,0.4291666666666666,0.8888888888888888,0.171875,1.0,0.171875
pc4,0,1,202,unweighted_lr:default,0.5,0.5,0.0234375,0.4444444444444444,0.03125
pc4,0,1,202,unweighted_lr:oof_macro_f1,0.26565053484411455,0.7222222222222222,0.0390625,0.7222222222222222,0.0703125
pc4,0,1,202,unweighted_lr:oof_balanced_accuracy,0.06783764750269285,1.0,0.2109375,1.0,0.265625
pc4,0,1,202,weighted_lr:default,0.5,0.7777777777777778,0.125,0.8888888888888888,0.15625
pc4,0,1,202,weighted_lr:oof_macro_f1,0.7030984768928156,0.7222222222222222,0.0546875,0.7777777777777778,0.0703125
pc4,0,1,202,weighted_lr:oof_balanced_accuracy,0.5458554238084462,0.7777777777777778,0.109375,0.8888888888888888,0.1328125
pc4,0,1,202,rf:default,0.5,0.3888888888888889,0.0078125,0.2777777777777778,0.015625
pc4,0,1,202,rf:oof_macro_f1,0.3857142857142858,0.7777777777777778,0.0390625,0.5,0.046875
pc4,0,1,202,rf:oof_balanced_accuracy,0.16458333333333333,0.8888888888888888,0.109375,0.9444444444444444,0.1484375
pc4,0,1,202,balanced_rf:default,0.5,0.8333333333333334,0.125,0.9444444444444444,0.09375
pc4,0,1,202,balanced_rf:oof_macro_f1,0.6666666666666666,0.6666666666666666,0.0546875,0.6666666666666666,0.0546875
pc4,0,1,202,balanced_rf:oof_balanced_accuracy,0.3458333333333333,0.9444444444444444,0.21875,1.0,0.21875
pc4,0,1,303,unweighted_lr:default,0.5,0.5,0.0234375,0.4444444444444444,0.03125
pc4,0,1,303,unweighted_lr:oof_macro_f1,0.26565053484411455,0.7222222222222222,0.0390625,0.7222222222222222,0.0703125
pc4,0,1,303,unweighted_lr:oof_balanced_accuracy,0.06783764750269285,1.0,0.2109375,1.0,0.265625
pc4,0,1,303,weighted_lr:default,0.5,0.7777777777777778,0.125,0.8888888888888888,0.15625
pc4,0,1,303,weighted_lr:oof_macro_f1,0.7030984768928156,0.7222222222222222,0.0546875,0.7777777777777778,0.0703125
pc4,0,1,303,weighted_lr:oof_balanced_accuracy,0.5458554238084462,0.7777777777777778,0.109375,0.8888888888888888,0.1328125
pc4,0,1,303,rf:default,0.5,0.6111111111111112,0.0078125,0.3333333333333333,0.0234375
pc4,0,1,303,rf:oof_macro_f1,0.33666666666666667,0.7222222222222222,0.0546875,0.6666666666666666,0.046875
pc4,0,1,303,rf:oof_balanced_accuracy,0.17666666666666667,0.9444444444444444,0.125,0.8888888888888888,0.1171875
pc4,0,1,303,balanced_rf:default,0.5,0.8888888888888888,0.1015625,0.8888888888888888,0.109375
pc4,0,1,303,balanced_rf:oof_macro_f1,0.6312500000000001,0.7777777777777778,0.0625,0.6666666666666666,0.09375
pc4,0,1,303,balanced_rf:oof_balanced_accuracy,0.4,0.9444444444444444,0.1796875,1.0,0.1484375
pc4,0,1,404,unweighted_lr:default,0.5,0.5,0.0234375,0.4444444444444444,0.03125
pc4,0,1,404,unweighted_lr:oof_macro_f1,0.26565053484411455,0.7222222222222222,0.0390625,0.7222222222222222,0.0703125
pc4,0,1,404,unweighted_lr:oof_balanced_accuracy,0.06783764750269285,1.0,0.2109375,1.0,0.265625
pc4,0,1,404,weighted_lr:default,0.5,0.7777777777777778,0.125,0.8888888888888888,0.15625
pc4,0,1,404,weighted_lr:oof_macro_f1,0.7030984768928156,0.7222222222222222,0.0546875,0.7777777777777778,0.0703125
pc4,0,1,404,weighted_lr:oof_balanced_accuracy,0.5458554238084462,0.7777777777777778,0.109375,0.8888888888888888,0.1328125
pc4,0,1,404,rf:default,0.5,0.5555555555555556,0.0078125,0.2777777777777778,0.0234375
pc4,0,1,404,rf:oof_macro_f1,0.31250000000000006,0.7222222222222222,0.0546875,0.7777777777777778,0.0625
pc4,0,1,404,rf:oof_balanced_accuracy,0.17291666666666666,0.9444444444444444,0.140625,0.9444444444444444,0.1328125
pc4,0,1,404,balanced_rf:default,0.5,0.8888888888888888,0.1171875,0.8333333333333334,0.109375
pc4,0,1,404,balanced_rf:oof_macro_f1,0.6354166666666666,0.7222222222222222,0.078125,0.6666666666666666,0.078125
pc4,0,1,404,balanced_rf:oof_balanced_accuracy,0.4604166666666666,0.9444444444444444,0.140625,0.9444444444444444,0.1171875
pc4,0,1,505,unweighted_lr:default,0.5,0.5,0.0234375,0.4444444444444444,0.03125
pc4,0,1,505,unweighted_lr:oof_macro_f1,0.26565053484411455,0.7222222222222222,0.0390625,0.7222222222222222,0.0703125
pc4,0,1,505,unweighted_lr:oof_balanced_accuracy,0.06783764750269285,1.0,0.2109375,1.0,0.265625
pc4,0,1,505,weighted_lr:default,0.5,0.7777777777777778,0.125,0.8888888888888888,0.15625
pc4,0,1,505,weighted_lr:oof_macro_f1,0.7030984768928156,0.7222222222222222,0.0546875,0.7777777777777778,0.0703125
pc4,0,1,505,weighted_lr:oof_balanced_accuracy,0.5458554238084462,0.7777777777777778,0.109375,0.8888888888888888,0.1328125
pc4,0,1,505,rf:default,0.5,0.4444444444444444,0.015625,0.2222222222222222,0.0234375
pc4,0,1,505,rf:oof_macro_f1,0.30416666666666664,0.8888888888888888,0.0546875,0.8333333333333334,0.078125
pc4,0,1,505,rf:oof_balanced_accuracy,0.13125,0.9444444444444444,0.1640625,1.0,0.1640625
pc4,0,1,505,balanced_rf:default,0.5,0.8888888888888888,0.1484375,0.8888888888888888,0.09375
pc4,0,1,505,balanced_rf:oof_macro_f1,0.7,0.6111111111111112,0.0625,0.5555555555555556,0.046875
pc4,0,1,505,balanced_rf:oof_balanced_accuracy,0.37500000000000006,0.9444444444444444,0.1796875,0.9444444444444444,0.1796875
pc4,0,2,101,unweighted_lr:default,0.5,0.3333333333333333,0.03125,0.2777777777777778,0.0078125
pc4,0,2,101,unweighted_lr:oof_macro_f1,0.312321700905,0.4444444444444444,0.0625,0.3333333333333333,0.0546875
pc4,0,2,101,unweighted_lr:oof_balanced_accuracy,0.0527754296318481,1.0,0.375,0.9444444444444444,0.2890625
pc4,0,2,101,weighted_lr:default,0.5,0.8888888888888888,0.21875,0.8333333333333334,0.1640625
pc4,0,2,101,weighted_lr:oof_macro_f1,0.6329583135710177,0.7222222222222222,0.1640625,0.7222222222222222,0.1015625
pc4,0,2,101,weighted_lr:oof_balanced_accuracy,0.5040423680812092,0.8888888888888888,0.21875,0.8333333333333334,0.1640625
pc4,0,2,101,rf:default,0.5,0.3888888888888889,0.015625,0.3888888888888889,0.0078125
pc4,0,2,101,rf:oof_macro_f1,0.26875000000000004,0.8333333333333334,0.1328125,0.7777777777777778,0.0625
pc4,0,2,101,rf:oof_balanced_accuracy,0.1375,1.0,0.2578125,0.9444444444444444,0.1953125
pc4,0,2,101,balanced_rf:default,0.5,1.0,0.1953125,0.7777777777777778,0.140625
pc4,0,2,101,balanced_rf:oof_macro_f1,0.6708333333333335,0.7777777777777778,0.0625,0.5555555555555556,0.0703125
pc4,0,2,101,balanced_rf:oof_balanced_accuracy,0.3458333333333333,1.0,0.2890625,0.9444444444444444,0.2421875
pc4,0,2,202,unweighted_lr:default,0.5,0.3333333333333333,0.03125,0.2777777777777778,0.0078125
pc4,0,2,202,unweighted_lr:oof_macro_f1,0.312321700905,0.4444444444444444,0.0625,0.3333333333333333,0.0546875
pc4,0,2,202,unweighted_lr:oof_balanced_accuracy,0.0527754296318481,1.0,0.375,0.9444444444444444,0.2890625
pc4,0,2,202,weighted_lr:default,0.5,0.8888888888888888,0.21875,0.8333333333333334,0.1640625
pc4,0,2,202,weighted_lr:oof_macro_f1,0.6329583135710177,0.7222222222222222,0.1640625,0.7222222222222222,0.1015625
pc4,0,2,202,weighted_lr:oof_balanced_accuracy,0.5040423680812092,0.8888888888888888,0.21875,0.8333333333333334,0.1640625
pc4,0,2,202,rf:default,0.5,0.2222222222222222,0.0078125,0.2777777777777778,0.0078125
pc4,0,2,202,rf:oof_macro_f1,0.35059523809523807,0.5555555555555556,0.0546875,0.6666666666666666,0.0390625
pc4,0,2,202,rf:oof_balanced_accuracy,0.18583333333333332,0.8888888888888888,0.2109375,0.8333333333333334,0.1484375
pc4,0,2,202,balanced_rf:default,0.5,0.8333333333333334,0.1953125,0.8333333333333334,0.125
pc4,0,2,202,balanced_rf:oof_macro_f1,0.6229166666666667,0.7222222222222222,0.1171875,0.6666666666666666,0.09375
pc4,0,2,202,balanced_rf:oof_balanced_accuracy,0.4458333333333333,1.0,0.2109375,0.8888888888888888,0.1328125
pc4,0,2,303,unweighted_lr:default,0.5,0.3333333333333333,0.03125,0.2777777777777778,0.0078125
pc4,0,2,303,unweighted_lr:oof_macro_f1,0.312321700905,0.4444444444444444,0.0625,0.3333333333333333,0.0546875
pc4,0,2,303,unweighted_lr:oof_balanced_accuracy,0.0527754296318481,1.0,0.375,0.9444444444444444,0.2890625
pc4,0,2,303,weighted_lr:default,0.5,0.8888888888888888,0.21875,0.8333333333333334,0.1640625
pc4,0,2,303,weighted_lr:oof_macro_f1,0.6329583135710177,0.7222222222222222,0.1640625,0.7222222222222222,0.1015625
pc4,0,2,303,weighted_lr:oof_balanced_accuracy,0.5040423680812092,0.8888888888888888,0.21875,0.8333333333333334,0.1640625
pc4,0,2,303,rf:default,0.5,0.2777777777777778,0.0,0.4444444444444444,0.0078125
pc4,0,2,303,rf:oof_macro_f1,0.3011904761904762,0.6111111111111112,0.109375,0.7777777777777778,0.0625
pc4,0,2,303,rf:oof_balanced_accuracy,0.15416666666666665,1.0,0.2109375,0.9444444444444444,0.171875
pc4,0,2,303,balanced_rf:default,0.5,1.0,0.1953125,0.8333333333333334,0.1328125
pc4,0,2,303,balanced_rf:oof_macro_f1,0.6104166666666666,0.8333333333333334,0.1015625,0.7777777777777778,0.078125
pc4,0,2,303,balanced_rf:oof_balanced_accuracy,0.4125,1.0,0.234375,0.9444444444444444,0.1796875
pc4,0,2,404,unweighted_lr:default,0.5,0.3333333333333333,0.03125,0.2777777777777778,0.0078125
pc4,0,2,404,unweighted_lr:oof_macro_f1,0.312321700905,0.4444444444444444,0.0625,0.3333333333333333,0.0546875
pc4,0,2,404,unweighted_lr:oof_balanced_accuracy,0.0527754296318481,1.0,0.375,0.9444444444444444,0.2890625
pc4,0,2,404,weighted_lr:default,0.5,0.8888888888888888,0.21875,0.8333333333333334,0.1640625
pc4,0,2,404,weighted_lr:oof_macro_f1,0.6329583135710177,0.7222222222222222,0.1640625,0.7222222222222222,0.1015625
pc4,0,2,404,weighted_lr:oof_balanced_accuracy,0.5040423680812092,0.8888888888888888,0.21875,0.8333333333333334,0.1640625
pc4,0,2,404,rf:default,0.5,0.2777777777777778,0.0078125,0.3333333333333333,0.0078125
pc4,0,2,404,rf:oof_macro_f1,0.2958333333333333,0.7777777777777778,0.0859375,0.7777777777777778,0.046875
pc4,0,2,404,rf:oof_balanced_accuracy,0.17375,0.9444444444444444,0.2265625,0.8888888888888888,0.1328125
pc4,0,2,404,balanced_rf:default,0.5,0.9444444444444444,0.1796875,0.8888888888888888,0.1484375
pc4,0,2,404,balanced_rf:oof_macro_f1,0.6583333333333333,0.7222222222222222,0.109375,0.5555555555555556,0.078125
pc4,0,2,404,balanced_rf:oof_balanced_accuracy,0.39166666666666666,1.0,0.25,0.9444444444444444,0.1953125
pc4,0,2,505,unweighted_lr:default,0.5,0.3333333333333333,0.03125,0.2777777777777778,0.0078125
pc4,0,2,505,unweighted_lr:oof_macro_f1,0.312321700905,0.4444444444444444,0.0625,0.3333333333333333,0.0546875
pc4,0,2,505,unweighted_lr:oof_balanced_accuracy,0.0527754296318481,1.0,0.375,0.9444444444444444,0.2890625
pc4,0,2,505,weighted_lr:default,0.5,0.8888888888888888,0.21875,0.8333333333333334,0.1640625
pc4,0,2,505,weighted_lr:oof_macro_f1,0.6329583135710177,0.7222222222222222,0.1640625,0.7222222222222222,0.1015625
pc4,0,2,505,weighted_lr:oof_balanced_accuracy,0.5040423680812092,0.8888888888888888,0.21875,0.8333333333333334,0.1640625
pc4,0,2,505,rf:default,0.5,0.3333333333333333,0.015625,0.5,0.0
pc4,0,2,505,rf:oof_macro_f1,0.2689285714285714,0.8333333333333334,0.09375,0.8333333333333334,0.0703125
pc4,0,2,505,rf:oof_balanced_accuracy,0.15541666666666668,1.0,0.1953125,0.8888888888888888,0.1484375
pc4,0,2,505,balanced_rf:default,0.5,1.0,0.1953125,0.8333333333333334,0.125
pc4,0,2,505,balanced_rf:oof_macro_f1,0.6083333333333333,0.8333333333333334,0.1171875,0.6111111111111112,0.09375
pc4,0,2,505,balanced_rf:oof_balanced_accuracy,0.5216666666666667,1.0,0.15625,0.8333333333333334,0.125
pc4,0,3,101,unweighted_lr:default,0.5,0.5882352941176471,0.0078125,0.2777777777777778,0.015625
pc4,0,3,101,unweighted_lr:oof_macro_f1,0.2989988653998259,0.6470588235294118,0.078125,0.5,0.0625
pc4,0,3,101,unweighted_lr:oof_balanced_accuracy,0.1268306764569728,0.8823529411764706,0.25,0.7777777777777778,0.15625
pc4,0,3,101,weighted_lr:default,0.5,0.9411764705882353,0.2265625,0.8333333333333334,0.1328125
pc4,0,3,101,weighted_lr:oof_macro_f1,0.7569464910798145,0.7058823529411765,0.0859375,0.5,0.0546875
pc4,0,3,101,weighted_lr:oof_balanced_accuracy,0.3533052279332485,0.9411764705882353,0.3046875,0.8888888888888888,0.2265625
pc4,0,3,101,rf:default,0.5,0.35294117647058826,0.0234375,0.2777777777777778,0.015625
pc4,0,3,101,rf:oof_macro_f1,0.3866666666666667,0.5294117647058824,0.046875,0.5,0.0625
pc4,0,3,101,rf:oof_balanced_accuracy,0.19166666666666668,0.8823529411764706,0.21875,0.8888888888888888,0.15625
pc4,0,3,101,balanced_rf:default,0.5,0.9411764705882353,0.1796875,0.7777777777777778,0.171875
pc4,0,3,101,balanced_rf:oof_macro_f1,0.7020833333333332,0.6470588235294118,0.1015625,0.5555555555555556,0.046875
pc4,0,3,101,balanced_rf:oof_balanced_accuracy,0.425,1.0,0.2421875,0.8333333333333334,0.1953125
pc4,0,3,202,unweighted_lr:default,0.5,0.5882352941176471,0.0078125,0.2777777777777778,0.015625
pc4,0,3,202,unweighted_lr:oof_macro_f1,0.2989988653998259,0.6470588235294118,0.078125,0.5,0.0625
pc4,0,3,202,unweighted_lr:oof_balanced_accuracy,0.1268306764569728,0.8823529411764706,0.25,0.7777777777777778,0.15625
pc4,0,3,202,weighted_lr:default,0.5,0.9411764705882353,0.2265625,0.8333333333333334,0.1328125
pc4,0,3,202,weighted_lr:oof_macro_f1,0.7569464910798145,0.7058823529411765,0.0859375,0.5,0.0546875
pc4,0,3,202,weighted_lr:oof_balanced_accuracy,0.3533052279332485,0.9411764705882353,0.3046875,0.8888888888888888,0.2265625
pc4,0,3,202,rf:default,0.5,0.35294117647058826,0.0234375,0.3888888888888889,0.015625
pc4,0,3,202,rf:oof_macro_f1,0.275,0.8235294117647058,0.1015625,0.6666666666666666,0.1171875
pc4,0,3,202,rf:oof_balanced_accuracy,0.16,0.8823529411764706,0.2109375,0.8888888888888888,0.203125
pc4,0,3,202,balanced_rf:default,0.5,0.8235294117647058,0.1640625,0.8333333333333334,0.171875
pc4,0,3,202,balanced_rf:oof_macro_f1,0.7479166666666667,0.7647058823529411,0.078125,0.4444444444444444,0.0234375
pc4,0,3,202,balanced_rf:oof_balanced_accuracy,0.3875,0.8823529411764706,0.2578125,0.8333333333333334,0.234375
pc4,0,3,303,unweighted_lr:default,0.5,0.5882352941176471,0.0078125,0.2777777777777778,0.015625
pc4,0,3,303,unweighted_lr:oof_macro_f1,0.2989988653998259,0.6470588235294118,0.078125,0.5,0.0625
pc4,0,3,303,unweighted_lr:oof_balanced_accuracy,0.1268306764569728,0.8823529411764706,0.25,0.7777777777777778,0.15625
pc4,0,3,303,weighted_lr:default,0.5,0.9411764705882353,0.2265625,0.8333333333333334,0.1328125
pc4,0,3,303,weighted_lr:oof_macro_f1,0.7569464910798145,0.7058823529411765,0.0859375,0.5,0.0546875
pc4,0,3,303,weighted_lr:oof_balanced_accuracy,0.3533052279332485,0.9411764705882353,0.3046875,0.8888888888888888,0.2265625
pc4,0,3,303,rf:default,0.5,0.4117647058823529,0.0234375,0.2222222222222222,0.015625
pc4,0,3,303,rf:oof_macro_f1,0.335,0.5882352941176471,0.0859375,0.5,0.1015625
pc4,0,3,303,rf:oof_balanced_accuracy,0.1,0.9411764705882353,0.3125,1.0,0.2890625
pc4,0,3,303,balanced_rf:default,0.5,0.8235294117647058,0.1953125,0.7777777777777778,0.1640625
pc4,0,3,303,balanced_rf:oof_macro_f1,0.6375,0.7058823529411765,0.1171875,0.7222222222222222,0.078125
pc4,0,3,303,balanced_rf:oof_balanced_accuracy,0.3583333333333333,1.0,0.28125,0.8888888888888888,0.234375
pc4,0,3,404,unweighted_lr:default,0.5,0.5882352941176471,0.0078125,0.2777777777777778,0.015625
pc4,0,3,404,unweighted_lr:oof_macro_f1,0.2989988653998259,0.6470588235294118,0.078125,0.5,0.0625
pc4,0,3,404,unweighted_lr:oof_balanced_accuracy,0.1268306764569728,0.8823529411764706,0.25,0.7777777777777778,0.15625
pc4,0,3,404,weighted_lr:default,0.5,0.9411764705882353,0.2265625,0.8333333333333334,0.1328125
pc4,0,3,404,weighted_lr:oof_macro_f1,0.7569464910798145,0.7058823529411765,0.0859375,0.5,0.0546875
pc4,0,3,404,weighted_lr:oof_balanced_accuracy,0.3533052279332485,0.9411764705882353,0.3046875,0.8888888888888888,0.2265625
pc4,0,3,404,rf:default,0.5,0.4117647058823529,0.0234375,0.2777777777777778,0.015625
pc4,0,3,404,rf:oof_macro_f1,0.36291666666666667,0.6470588235294118,0.0625,0.5555555555555556,0.046875
pc4,0,3,404,rf:oof_balanced_accuracy,0.20416666666666666,0.8823529411764706,0.171875,0.8888888888888888,0.1875
pc4,0,3,404,balanced_rf:default,0.5,0.8235294117647058,0.1640625,0.8333333333333334,0.1328125
pc4,0,3,404,balanced_rf:oof_macro_f1,0.6500000000000001,0.7647058823529411,0.1328125,0.6666666666666666,0.0703125
pc4,0,3,404,balanced_rf:oof_balanced_accuracy,0.39166666666666666,0.9411764705882353,0.2421875,0.8888888888888888,0.21875
pc4,0,3,505,unweighted_lr:default,0.5,0.5882352941176471,0.0078125,0.2777777777777778,0.015625
pc4,0,3,505,unweighted_lr:oof_macro_f1,0.2989988653998259,0.6470588235294118,0.078125,0.5,0.0625
pc4,0,3,505,unweighted_lr:oof_balanced_accuracy,0.1268306764569728,0.8823529411764706,0.25,0.7777777777777778,0.15625
pc4,0,3,505,weighted_lr:default,0.5,0.9411764705882353,0.2265625,0.8333333333333334,0.1328125
pc4,0,3,505,weighted_lr:oof_macro_f1,0.7569464910798145,0.7058823529411765,0.0859375,0.5,0.0546875
pc4,0,3,505,weighted_lr:oof_balanced_accuracy,0.3533052279332485,0.9411764705882353,0.3046875,0.8888888888888888,0.2265625
pc4,0,3,505,rf:default,0.5,0.29411764705882354,0.015625,0.1111111111111111,0.0078125
pc4,0,3,505,rf:oof_macro_f1,0.2969642857142857,0.6470588235294118,0.078125,0.5555555555555556,0.09375
pc4,0,3,505,rf:oof_balanced_accuracy,0.1875,0.9411764705882353,0.203125,0.8888888888888888,0.1953125
pc4,0,3,505,balanced_rf:default,0.5,0.8235294117647058,0.1640625,0.7777777777777778,0.1640625
pc4,0,3,505,balanced_rf:oof_macro_f1,0.7124999999999999,0.7647058823529411,0.1015625,0.5555555555555556,0.046875
pc4,0,3,505,balanced_rf:oof_balanced_accuracy,0.4624999999999999,0.8235294117647058,0.1875,0.8333333333333334,0.171875
pc4,0,4,101,unweighted_lr:default,0.5,0.23529411764705882,0.0078125,0.4444444444444444,0.0078125
pc4,0,4,101,unweighted_lr:oof_macro_f1,0.3624714892874595,0.35294117647058826,0.046875,0.5555555555555556,0.015625
pc4,0,4,101,unweighted_lr:oof_balanced_accuracy,0.11897116982519687,0.8235294117647058,0.21875,0.8888888888888888,0.1953125
pc4,0,4,101,weighted_lr:default,0.5,0.8235294117647058,0.1640625,0.8333333333333334,0.1953125
pc4,0,4,101,weighted_lr:oof_macro_f1,0.8157496095488787,0.35294117647058826,0.0703125,0.5555555555555556,0.0234375
pc4,0,4,101,weighted_lr:oof_balanced_accuracy,0.411686811802147,0.8235294117647058,0.21875,1.0,0.2265625
pc4,0,4,101,rf:default,0.5,0.35294117647058826,0.0078125,0.3333333333333333,0.0078125
pc4,0,4,101,rf:oof_macro_f1,0.38583333333333336,0.47058823529411764,0.046875,0.3888888888888889,0.0390625
pc4,0,4,101,rf:oof_balanced_accuracy,0.11583333333333332,1.0,0.3046875,1.0,0.203125
pc4,0,4,101,balanced_rf:default,0.5,0.9411764705882353,0.203125,0.8333333333333334,0.1796875
pc4,0,4,101,balanced_rf:oof_macro_f1,0.6125,0.8235294117647058,0.125,0.7222222222222222,0.0625
pc4,0,4,101,balanced_rf:oof_balanced_accuracy,0.5166666666666667,0.9411764705882353,0.1875,0.8333333333333334,0.1640625
pc4,0,4,202,unweighted_lr:default,0.5,0.23529411764705882,0.0078125,0.4444444444444444,0.0078125
pc4,0,4,202,unweighted_lr:oof_macro_f1,0.3624714892874595,0.35294117647058826,0.046875,0.5555555555555556,0.015625
pc4,0,4,202,unweighted_lr:oof_balanced_accuracy,0.11897116982519687,0.8235294117647058,0.21875,0.8888888888888888,0.1953125
pc4,0,4,202,weighted_lr:default,0.5,0.8235294117647058,0.1640625,0.8333333333333334,0.1953125
pc4,0,4,202,weighted_lr:oof_macro_f1,0.8157496095488787,0.35294117647058826,0.0703125,0.5555555555555556,0.0234375
pc4,0,4,202,weighted_lr:oof_balanced_accuracy,0.411686811802147,0.8235294117647058,0.21875,1.0,0.2265625
pc4,0,4,202,rf:default,0.5,0.29411764705882354,0.03125,0.2777777777777778,0.015625
pc4,0,4,202,rf:oof_macro_f1,0.3458333333333333,0.6470588235294118,0.109375,0.5,0.0625
pc4,0,4,202,rf:oof_balanced_accuracy,0.125,1.0,0.3203125,1.0,0.21875
pc4,0,4,202,balanced_rf:default,0.5,1.0,0.2109375,0.8333333333333334,0.1640625
pc4,0,4,202,balanced_rf:oof_macro_f1,0.6458333333333334,0.8823529411764706,0.0703125,0.6666666666666666,0.046875
pc4,0,4,202,balanced_rf:oof_balanced_accuracy,0.4937500000000001,1.0,0.21875,0.8333333333333334,0.1640625
pc4,0,4,303,unweighted_lr:default,0.5,0.23529411764705882,0.0078125,0.4444444444444444,0.0078125
pc4,0,4,303,unweighted_lr:oof_macro_f1,0.3624714892874595,0.35294117647058826,0.046875,0.5555555555555556,0.015625
pc4,0,4,303,unweighted_lr:oof_balanced_accuracy,0.11897116982519687,0.8235294117647058,0.21875,0.8888888888888888,0.1953125
pc4,0,4,303,weighted_lr:default,0.5,0.8235294117647058,0.1640625,0.8333333333333334,0.1953125
pc4,0,4,303,weighted_lr:oof_macro_f1,0.8157496095488787,0.35294117647058826,0.0703125,0.5555555555555556,0.0234375
pc4,0,4,303,weighted_lr:oof_balanced_accuracy,0.411686811802147,0.8235294117647058,0.21875,1.0,0.2265625
pc4,0,4,303,rf:default,0.5,0.4117647058823529,0.0234375,0.2222222222222222,0.0234375
pc4,0,4,303,rf:oof_macro_f1,0.3364583333333333,0.7058823529411765,0.109375,0.6666666666666666,0.0625
pc4,0,4,303,rf:oof_balanced_accuracy,0.14250000000000002,1.0,0.2890625,0.9444444444444444,0.1875
pc4,0,4,303,balanced_rf:default,0.5,1.0,0.2578125,0.8888888888888888,0.1875
pc4,0,4,303,balanced_rf:oof_macro_f1,0.6229166666666667,0.8235294117647058,0.1328125,0.7777777777777778,0.078125
pc4,0,4,303,balanced_rf:oof_balanced_accuracy,0.3979166666666666,1.0,0.3125,0.9444444444444444,0.2421875
pc4,0,4,404,unweighted_lr:default,0.5,0.23529411764705882,0.0078125,0.4444444444444444,0.0078125
pc4,0,4,404,unweighted_lr:oof_macro_f1,0.3624714892874595,0.35294117647058826,0.046875,0.5555555555555556,0.015625
pc4,0,4,404,unweighted_lr:oof_balanced_accuracy,0.11897116982519687,0.8235294117647058,0.21875,0.8888888888888888,0.1953125
pc4,0,4,404,weighted_lr:default,0.5,0.8235294117647058,0.1640625,0.8333333333333334,0.1953125
pc4,0,4,404,weighted_lr:oof_macro_f1,0.8157496095488787,0.35294117647058826,0.0703125,0.5555555555555556,0.0234375
pc4,0,4,404,weighted_lr:oof_balanced_accuracy,0.411686811802147,0.8235294117647058,0.21875,1.0,0.2265625
pc4,0,4,404,rf:default,0.5,0.29411764705882354,0.015625,0.2777777777777778,0.0078125
pc4,0,4,404,rf:oof_macro_f1,0.35333333333333333,0.5294117647058824,0.0859375,0.5555555555555556,0.046875
pc4,0,4,404,rf:oof_balanced_accuracy,0.16041666666666668,0.9411764705882353,0.296875,0.9444444444444444,0.1875
pc4,0,4,404,balanced_rf:default,0.5,1.0,0.2421875,0.8888888888888888,0.15625
pc4,0,4,404,balanced_rf:oof_macro_f1,0.6375000000000001,0.8235294117647058,0.09375,0.6666666666666666,0.0625
pc4,0,4,404,balanced_rf:oof_balanced_accuracy,0.38750000000000007,1.0,0.3359375,0.9444444444444444,0.25
pc4,0,4,505,unweighted_lr:default,0.5,0.23529411764705882,0.0078125,0.4444444444444444,0.0078125
pc4,0,4,505,unweighted_lr:oof_macro_f1,0.3624714892874595,0.35294117647058826,0.046875,0.5555555555555556,0.015625
pc4,0,4,505,unweighted_lr:oof_balanced_accuracy,0.11897116982519687,0.8235294117647058,0.21875,0.8888888888888888,0.1953125
pc4,0,4,505,weighted_lr:default,0.5,0.8235294117647058,0.1640625,0.8333333333333334,0.1953125
pc4,0,4,505,weighted_lr:oof_macro_f1,0.8157496095488787,0.35294117647058826,0.0703125,0.5555555555555556,0.0234375
pc4,0,4,505,weighted_lr:oof_balanced_accuracy,0.411686811802147,0.8235294117647058,0.21875,1.0,0.2265625
pc4,0,4,505,rf:default,0.5,0.29411764705882354,0.015625,0.2222222222222222,0.015625
pc4,0,4,505,rf:oof_macro_f1,0.3375,0.6470588235294118,0.109375,0.6111111111111112,0.0546875
pc4,0,4,505,rf:oof_balanced_accuracy,0.16208333333333333,0.8823529411764706,0.2578125,0.8888888888888888,0.1796875
pc4,0,4,505,balanced_rf:default,0.5,1.0,0.2421875,0.8333333333333334,0.1953125
pc4,0,4,505,balanced_rf:oof_macro_f1,0.6958333333333333,0.8823529411764706,0.09375,0.6666666666666666,0.0390625
pc4,0,4,505,balanced_rf:oof_balanced_accuracy,0.37916666666666665,1.0,0.3203125,0.9444444444444444,0.2421875
pc4,1,0,101,unweighted_lr:default,0.5,0.4444444444444444,0.0390625,0.5,0.015625
pc4,1,0,101,unweighted_lr:oof_macro_f1,0.2639353411760365,0.6111111111111112,0.078125,0.6666666666666666,0.1015625
pc4,1,0,101,unweighted_lr:oof_balanced_accuracy,0.10021782529818994,0.7777777777777778,0.203125,1.0,0.296875
pc4,1,0,101,weighted_lr:default,0.5,0.7777777777777778,0.1875,0.8888888888888888,0.21875
pc4,1,0,101,weighted_lr:oof_macro_f1,0.7421472041609699,0.6111111111111112,0.0625,0.6666666666666666,0.0625
pc4,1,0,101,weighted_lr:oof_balanced_accuracy,0.4079169468678048,0.8888888888888888,0.21875,1.0,0.2734375
pc4,1,0,101,rf:default,0.5,0.5,0.0078125,0.2777777777777778,0.0078125
pc4,1,0,101,rf:oof_macro_f1,0.34226190476190477,0.7222222222222222,0.09375,0.5,0.046875
pc4,1,0,101,rf:oof_balanced_accuracy,0.13166666666666665,1.0,0.2421875,0.9444444444444444,0.265625
pc4,1,0,101,balanced_rf:default,0.5,0.9444444444444444,0.1484375,0.8333333333333334,0.1796875
pc4,1,0,101,balanced_rf:oof_macro_f1,0.6208333333333333,0.8888888888888888,0.1171875,0.7777777777777778,0.078125
pc4,1,0,101,balanced_rf:oof_balanced_accuracy,0.375,1.0,0.2421875,0.9444444444444444,0.265625
pc4,1,0,202,unweighted_lr:default,0.5,0.4444444444444444,0.0390625,0.5,0.015625
pc4,1,0,202,unweighted_lr:oof_macro_f1,0.2639353411760365,0.6111111111111112,0.078125,0.6666666666666666,0.1015625
pc4,1,0,202,unweighted_lr:oof_balanced_accuracy,0.10021782529818994,0.7777777777777778,0.203125,1.0,0.296875
pc4,1,0,202,weighted_lr:default,0.5,0.7777777777777778,0.1875,0.8888888888888888,0.21875
pc4,1,0,202,weighted_lr:oof_macro_f1,0.7421472041609699,0.6111111111111112,0.0625,0.6666666666666666,0.0625
pc4,1,0,202,weighted_lr:oof_balanced_accuracy,0.4079169468678048,0.8888888888888888,0.21875,1.0,0.2734375
pc4,1,0,202,rf:default,0.5,0.3333333333333333,0.0234375,0.2777777777777778,0.0078125
pc4,1,0,202,rf:oof_macro_f1,0.35937500000000006,0.6666666666666666,0.0703125,0.7222222222222222,0.03125
pc4,1,0,202,rf:oof_balanced_accuracy,0.15416666666666667,0.9444444444444444,0.2421875,0.9444444444444444,0.2109375
pc4,1,0,202,balanced_rf:default,0.5,0.9444444444444444,0.1875,0.8888888888888888,0.1875
pc4,1,0,202,balanced_rf:oof_macro_f1,0.6333333333333334,0.8888888888888888,0.1015625,0.7777777777777778,0.09375
pc4,1,0,202,balanced_rf:oof_balanced_accuracy,0.35416666666666663,1.0,0.2421875,0.9444444444444444,0.3125
pc4,1,0,303,unweighted_lr:default,0.5,0.4444444444444444,0.0390625,0.5,0.015625
pc4,1,0,303,unweighted_lr:oof_macro_f1,0.2639353411760365,0.6111111111111112,0.078125,0.6666666666666666,0.1015625
pc4,1,0,303,unweighted_lr:oof_balanced_accuracy,0.10021782529818994,0.7777777777777778,0.203125,1.0,0.296875
pc4,1,0,303,weighted_lr:default,0.5,0.7777777777777778,0.1875,0.8888888888888888,0.21875
pc4,1,0,303,weighted_lr:oof_macro_f1,0.7421472041609699,0.6111111111111112,0.0625,0.6666666666666666,0.0625
pc4,1,0,303,weighted_lr:oof_balanced_accuracy,0.4079169468678048,0.8888888888888888,0.21875,1.0,0.2734375
pc4,1,0,303,rf:default,0.5,0.5,0.046875,0.2222222222222222,0.015625
pc4,1,0,303,rf:oof_macro_f1,0.28041666666666665,0.7777777777777778,0.1484375,0.8333333333333334,0.078125
pc4,1,0,303,rf:oof_balanced_accuracy,0.18541666666666665,0.8333333333333334,0.1796875,0.9444444444444444,0.1796875
pc4,1,0,303,balanced_rf:default,0.5,0.9444444444444444,0.1640625,0.8333333333333334,0.171875
pc4,1,0,303,balanced_rf:oof_macro_f1,0.62,0.8888888888888888,0.125,0.7222222222222222,0.0859375
pc4,1,0,303,balanced_rf:oof_balanced_accuracy,0.4041666666666666,1.0,0.234375,0.9444444444444444,0.265625
pc4,1,0,404,unweighted_lr:default,0.5,0.4444444444444444,0.0390625,0.5,0.015625
pc4,1,0,404,unweighted_lr:oof_macro_f1,0.2639353411760365,0.6111111111111112,0.078125,0.6666666666666666,0.1015625
pc4,1,0,404,unweighted_lr:oof_balanced_accuracy,0.10021782529818994,0.7777777777777778,0.203125,1.0,0.296875
pc4,1,0,404,weighted_lr:default,0.5,0.7777777777777778,0.1875,0.8888888888888888,0.21875
pc4,1,0,404,weighted_lr:oof_macro_f1,0.7421472041609699,0.6111111111111112,0.0625,0.6666666666666666,0.0625
pc4,1,0,404,weighted_lr:oof_balanced_accuracy,0.4079169468678048,0.8888888888888888,0.21875,1.0,0.2734375
pc4,1,0,404,rf:default,0.5,0.5,0.0234375,0.2222222222222222,0.0078125
pc4,1,0,404,rf:oof_macro_f1,0.36041666666666666,0.6666666666666666,0.0859375,0.7222222222222222,0.03125
pc4,1,0,404,rf:oof_balanced_accuracy,0.1875,0.8333333333333334,0.171875,0.9444444444444444,0.203125
pc4,1,0,404,balanced_rf:default,0.5,0.8888888888888888,0.1953125,0.8888888888888888,0.203125
pc4,1,0,404,balanced_rf:oof_macro_f1,0.5625,0.8888888888888888,0.1484375,0.8888888888888888,0.1484375
pc4,1,0,404,balanced_rf:oof_balanced_accuracy,0.4625,0.9444444444444444,0.21875,0.9444444444444444,0.2265625
pc4,1,0,505,unweighted_lr:default,0.5,0.4444444444444444,0.0390625,0.5,0.015625
pc4,1,0,505,unweighted_lr:oof_macro_f1,0.2639353411760365,0.6111111111111112,0.078125,0.6666666666666666,0.1015625
pc4,1,0,505,unweighted_lr:oof_balanced_accuracy,0.10021782529818994,0.7777777777777778,0.203125,1.0,0.296875
pc4,1,0,505,weighted_lr:default,0.5,0.7777777777777778,0.1875,0.8888888888888888,0.21875
pc4,1,0,505,weighted_lr:oof_macro_f1,0.7421472041609699,0.6111111111111112,0.0625,0.6666666666666666,0.0625
pc4,1,0,505,weighted_lr:oof_balanced_accuracy,0.4079169468678048,0.8888888888888888,0.21875,1.0,0.2734375
pc4,1,0,505,rf:default,0.5,0.4444444444444444,0.0234375,0.2777777777777778,0.015625
pc4,1,0,505,rf:oof_macro_f1,0.31916666666666665,0.7222222222222222,0.09375,0.6111111111111112,0.0546875
pc4,1,0,505,rf:oof_balanced_accuracy,0.1625,0.9444444444444444,0.203125,0.9444444444444444,0.21875
pc4,1,0,505,balanced_rf:default,0.5,0.9444444444444444,0.171875,0.8888888888888888,0.171875
pc4,1,0,505,balanced_rf:oof_macro_f1,0.6458333333333333,0.8333333333333334,0.0859375,0.6111111111111112,0.0546875
pc4,1,0,505,balanced_rf:oof_balanced_accuracy,0.4833333333333333,0.9444444444444444,0.1953125,0.8888888888888888,0.1796875
pc4,1,1,101,unweighted_lr:default,0.5,0.3888888888888889,0.03125,0.4444444444444444,0.0234375
pc4,1,1,101,unweighted_lr:oof_macro_f1,0.379497956008133,0.6111111111111112,0.046875,0.4444444444444444,0.046875
pc4,1,1,101,unweighted_lr:oof_balanced_accuracy,0.07748214948425457,0.9444444444444444,0.2421875,1.0,0.2578125
pc4,1,1,101,weighted_lr:default,0.5,0.8333333333333334,0.1484375,0.8888888888888888,0.1875
pc4,1,1,101,weighted_lr:oof_macro_f1,0.7040784210511023,0.6666666666666666,0.0625,0.5,0.0859375
pc4,1,1,101,weighted_lr:oof_balanced_accuracy,0.35501306093450263,1.0,0.2109375,0.9444444444444444,0.2265625
pc4,1,1,101,rf:default,0.5,0.3888888888888889,0.03125,0.3333333333333333,0.0078125
pc4,1,1,101,rf:oof_macro_f1,0.29499999999999993,0.8888888888888888,0.0859375,0.9444444444444444,0.0625
pc4,1,1,101,rf:oof_balanced_accuracy,0.17666666666666667,1.0,0.125,1.0,0.1953125
pc4,1,1,101,balanced_rf:default,0.5,0.8888888888888888,0.1328125,1.0,0.140625
pc4,1,1,101,balanced_rf:oof_macro_f1,0.6541666666666666,0.6666666666666666,0.0625,0.8888888888888888,0.0703125
pc4,1,1,101,balanced_rf:oof_balanced_accuracy,0.5166666666666666,0.8888888888888888,0.109375,1.0,0.1328125
pc4,1,1,202,unweighted_lr:default,0.5,0.3888888888888889,0.03125,0.4444444444444444,0.0234375
pc4,1,1,202,unweighted_lr:oof_macro_f1,0.379497956008133,0.6111111111111112,0.046875,0.4444444444444444,0.046875
pc4,1,1,202,unweighted_lr:oof_balanced_accuracy,0.07748214948425457,0.9444444444444444,0.2421875,1.0,0.2578125
pc4,1,1,202,weighted_lr:default,0.5,0.8333333333333334,0.1484375,0.8888888888888888,0.1875
pc4,1,1,202,weighted_lr:oof_macro_f1,0.7040784210511023,0.6666666666666666,0.0625,0.5,0.0859375
pc4,1,1,202,weighted_lr:oof_balanced_accuracy,0.35501306093450263,1.0,0.2109375,0.9444444444444444,0.2265625
pc4,1,1,202,rf:default,0.5,0.4444444444444444,0.0390625,0.4444444444444444,0.015625
pc4,1,1,202,rf:oof_macro_f1,0.32999999999999996,0.8888888888888888,0.0703125,0.8333333333333334,0.0625
pc4,1,1,202,rf:oof_balanced_accuracy,0.15416666666666667,1.0,0.140625,1.0,0.171875
pc4,1,1,202,balanced_rf:default,0.5,0.8888888888888888,0.1171875,1.0,0.140625
pc4,1,1,202,balanced_rf:oof_macro_f1,0.6624999999999999,0.7222222222222222,0.0703125,0.8888888888888888,0.09375
pc4,1,1,202,balanced_rf:oof_balanced_accuracy,0.4020833333333333,1.0,0.1640625,1.0,0.1875
pc4,1,1,303,unweighted_lr:default,0.5,0.3888888888888889,0.03125,0.4444444444444444,0.0234375
pc4,1,1,303,unweighted_lr:oof_macro_f1,0.379497956008133,0.6111111111111112,0.046875,0.4444444444444444,0.046875
pc4,1,1,303,unweighted_lr:oof_balanced_accuracy,0.07748214948425457,0.9444444444444444,0.2421875,1.0,0.2578125
pc4,1,1,303,weighted_lr:default,0.5,0.8333333333333334,0.1484375,0.8888888888888888,0.1875
pc4,1,1,303,weighted_lr:oof_macro_f1,0.7040784210511023,0.6666666666666666,0.0625,0.5,0.0859375
pc4,1,1,303,weighted_lr:oof_balanced_accuracy,0.35501306093450263,1.0,0.2109375,0.9444444444444444,0.2265625
pc4,1,1,303,rf:default,0.5,0.4444444444444444,0.03125,0.3333333333333333,0.0234375
pc4,1,1,303,rf:oof_macro_f1,0.32083333333333336,0.7222222222222222,0.0859375,1.0,0.0625
pc4,1,1,303,rf:oof_balanced_accuracy,0.14666666666666667,1.0,0.1484375,1.0,0.203125
pc4,1,1,303,balanced_rf:default,0.5,0.7777777777777778,0.1328125,1.0,0.15625
pc4,1,1,303,balanced_rf:oof_macro_f1,0.6375000000000001,0.7222222222222222,0.0625,0.8888888888888888,0.1015625
pc4,1,1,303,balanced_rf:oof_balanced_accuracy,0.4625000000000001,0.8333333333333334,0.140625,1.0,0.15625
pc4,1,1,404,unweighted_lr:default,0.5,0.3888888888888889,0.03125,0.4444444444444444,0.0234375
pc4,1,1,404,unweighted_lr:oof_macro_f1,0.379497956008133,0.6111111111111112,0.046875,0.4444444444444444,0.046875
pc4,1,1,404,unweighted_lr:oof_balanced_accuracy,0.07748214948425457,0.9444444444444444,0.2421875,1.0,0.2578125
pc4,1,1,404,weighted_lr:default,0.5,0.8333333333333334,0.1484375,0.8888888888888888,0.1875
pc4,1,1,404,weighted_lr:oof_macro_f1,0.7040784210511023,0.6666666666666666,0.0625,0.5,0.0859375
pc4,1,1,404,weighted_lr:oof_balanced_accuracy,0.35501306093450263,1.0,0.2109375,0.9444444444444444,0.2265625
pc4,1,1,404,rf:default,0.5,0.3888888888888889,0.03125,0.3333333333333333,0.0
pc4,1,1,404,rf:oof_macro_f1,0.35291666666666666,0.6666666666666666,0.0703125,0.7777777777777778,0.0546875
pc4,1,1,404,rf:oof_balanced_accuracy,0.1395833333333333,1.0,0.1875,1.0,0.1875
pc4,1,1,404,balanced_rf:default,0.5,0.7777777777777778,0.125,1.0,0.109375
pc4,1,1,404,balanced_rf:oof_macro_f1,0.6283333333333334,0.7777777777777778,0.078125,0.8333333333333334,0.0859375
pc4,1,1,404,balanced_rf:oof_balanced_accuracy,0.4166666666666667,0.9444444444444444,0.1484375,1.0,0.15625
pc4,1,1,505,unweighted_lr:default,0.5,0.3888888888888889,0.03125,0.4444444444444444,0.0234375
pc4,1,1,505,unweighted_lr:oof_macro_f1,0.379497956008133,0.6111111111111112,0.046875,0.4444444444444444,0.046875
pc4,1,1,505,unweighted_lr:oof_balanced_accuracy,0.07748214948425457,0.9444444444444444,0.2421875,1.0,0.2578125
pc4,1,1,505,weighted_lr:default,0.5,0.8333333333333334,0.1484375,0.8888888888888888,0.1875
pc4,1,1,505,weighted_lr:oof_macro_f1,0.7040784210511023,0.6666666666666666,0.0625,0.5,0.0859375
pc4,1,1,505,weighted_lr:oof_balanced_accuracy,0.35501306093450263,1.0,0.2109375,0.9444444444444444,0.2265625
pc4,1,1,505,rf:default,0.5,0.3888888888888889,0.03125,0.5,0.0234375
pc4,1,1,505,rf:oof_macro_f1,0.3386309523809524,0.7222222222222222,0.0625,0.7777777777777778,0.046875
pc4,1,1,505,rf:oof_balanced_accuracy,0.15416666666666667,1.0,0.171875,1.0,0.1953125
pc4,1,1,505,balanced_rf:default,0.5,0.8333333333333334,0.125,1.0,0.140625
pc4,1,1,505,balanced_rf:oof_macro_f1,0.6395833333333333,0.7777777777777778,0.0703125,0.8888888888888888,0.09375
pc4,1,1,505,balanced_rf:oof_balanced_accuracy,0.3708333333333333,1.0,0.15625,1.0,0.1953125
pc4,1,2,101,unweighted_lr:default,0.5,0.3333333333333333,0.03125,0.4444444444444444,0.0
pc4,1,2,101,unweighted_lr:oof_macro_f1,0.35549538210019166,0.3333333333333333,0.0625,0.6111111111111112,0.0625
pc4,1,2,101,unweighted_lr:oof_balanced_accuracy,0.15679432598816523,0.5555555555555556,0.234375,0.8888888888888888,0.171875
pc4,1,2,101,weighted_lr:default,0.5,0.7222222222222222,0.2265625,1.0,0.1875
pc4,1,2,101,weighted_lr:oof_macro_f1,0.7853154251757123,0.3333333333333333,0.109375,0.6666666666666666,0.0703125
pc4,1,2,101,weighted_lr:oof_balanced_accuracy,0.3664228531845085,0.7777777777777778,0.3046875,1.0,0.265625
pc4,1,2,101,rf:default,0.5,0.16666666666666666,0.0390625,0.2777777777777778,0.015625
pc4,1,2,101,rf:oof_macro_f1,0.36083333333333334,0.3888888888888889,0.0625,0.5555555555555556,0.046875
pc4,1,2,101,rf:oof_balanced_accuracy,0.16,0.6666666666666666,0.2578125,0.9444444444444444,0.1640625
pc4,1,2,101,balanced_rf:default,0.5,0.6111111111111112,0.2109375,0.9444444444444444,0.1328125
pc4,1,2,101,balanced_rf:oof_macro_f1,0.6083333333333333,0.5555555555555556,0.1484375,0.8888888888888888,0.09375
pc4,1,2,101,balanced_rf:oof_balanced_accuracy,0.4416666666666666,0.6666666666666666,0.2734375,0.9444444444444444,0.1484375
pc4,1,2,202,unweighted_lr:default,0.5,0.3333333333333333,0.03125,0.4444444444444444,0.0
pc4,1,2,202,unweighted_lr:oof_macro_f1,0.35549538210019166,0.3333333333333333,0.0625,0.6111111111111112,0.0625
pc4,1,2,202,unweighted_lr:oof_balanced_accuracy,0.15679432598816523,0.5555555555555556,0.234375,0.8888888888888888,0.171875
pc4,1,2,202,weighted_lr:default,0.5,0.7222222222222222,0.2265625,1.0,0.1875
pc4,1,2,202,weighted_lr:oof_macro_f1,0.7853154251757123,0.3333333333333333,0.109375,0.6666666666666666,0.0703125
pc4,1,2,202,weighted_lr:oof_balanced_accuracy,0.3664228531845085,0.7777777777777778,0.3046875,1.0,0.265625
pc4,1,2,202,rf:default,0.5,0.16666666666666666,0.03125,0.3333333333333333,0.0078125
pc4,1,2,202,rf:oof_macro_f1,0.3241666666666667,0.5,0.140625,0.6111111111111112,0.078125
pc4,1,2,202,rf:oof_balanced_accuracy,0.16458333333333333,0.7777777777777778,0.28125,0.9444444444444444,0.1640625
pc4,1,2,202,balanced_rf:default,0.5,0.6666666666666666,0.1953125,0.7777777777777778,0.1484375
pc4,1,2,202,balanced_rf:oof_macro_f1,0.6333333333333333,0.4444444444444444,0.109375,0.7222222222222222,0.0625
pc4,1,2,202,balanced_rf:oof_balanced_accuracy,0.5041666666666667,0.6666666666666666,0.1953125,0.7777777777777778,0.1484375
pc4,1,2,303,unweighted_lr:default,0.5,0.3333333333333333,0.03125,0.4444444444444444,0.0
pc4,1,2,303,unweighted_lr:oof_macro_f1,0.35549538210019166,0.3333333333333333,0.0625,0.6111111111111112,0.0625
pc4,1,2,303,unweighted_lr:oof_balanced_accuracy,0.15679432598816523,0.5555555555555556,0.234375,0.8888888888888888,0.171875
pc4,1,2,303,weighted_lr:default,0.5,0.7222222222222222,0.2265625,1.0,0.1875
pc4,1,2,303,weighted_lr:oof_macro_f1,0.7853154251757123,0.3333333333333333,0.109375,0.6666666666666666,0.0703125
pc4,1,2,303,weighted_lr:oof_balanced_accuracy,0.3664228531845085,0.7777777777777778,0.3046875,1.0,0.265625
pc4,1,2,303,rf:default,0.5,0.05555555555555555,0.03125,0.3888888888888889,0.0078125
pc4,1,2,303,rf:oof_macro_f1,0.3566666666666667,0.2777777777777778,0.078125,0.4444444444444444,0.0390625
pc4,1,2,303,rf:oof_balanced_accuracy,0.17041666666666666,0.7777777777777778,0.2421875,0.9444444444444444,0.1328125
pc4,1,2,303,balanced_rf:default,0.5,0.6666666666666666,0.2265625,0.9444444444444444,0.140625
pc4,1,2,303,balanced_rf:oof_macro_f1,0.6625,0.3888888888888889,0.109375,0.7222222222222222,0.0703125
pc4,1,2,303,balanced_rf:oof_balanced_accuracy,0.5312500000000001,0.6111111111111112,0.1875,0.9444444444444444,0.125
pc4,1,2,404,unweighted_lr:default,0.5,0.3333333333333333,0.03125,0.4444444444444444,0.0
pc4,1,2,404,unweighted_lr:oof_macro_f1,0.35549538210019166,0.3333333333333333,0.0625,0.6111111111111112,0.0625
pc4,1,2,404,unweighted_lr:oof_balanced_accuracy,0.15679432598816523,0.5555555555555556,0.234375,0.8888888888888888,0.171875
pc4,1,2,404,weighted_lr:default,0.5,0.7222222222222222,0.2265625,1.0,0.1875
pc4,1,2,404,weighted_lr:oof_macro_f1,0.7853154251757123,0.3333333333333333,0.109375,0.6666666666666666,0.0703125
pc4,1,2,404,weighted_lr:oof_balanced_accuracy,0.3664228531845085,0.7777777777777778,0.3046875,1.0,0.265625
pc4,1,2,404,rf:default,0.5,0.1111111111111111,0.046875,0.2777777777777778,0.0078125
pc4,1,2,404,rf:oof_macro_f1,0.3045833333333333,0.5,0.1328125,0.7222222222222222,0.0703125
pc4,1,2,404,rf:oof_balanced_accuracy,0.15,0.7777777777777778,0.2734375,0.9444444444444444,0.1875
pc4,1,2,404,balanced_rf:default,0.5,0.6666666666666666,0.203125,0.9444444444444444,0.1484375
pc4,1,2,404,balanced_rf:oof_macro_f1,0.6229166666666666,0.4444444444444444,0.1796875,0.8333333333333334,0.09375
pc4,1,2,404,balanced_rf:oof_balanced_accuracy,0.5125,0.6666666666666666,0.203125,0.9444444444444444,0.1484375
pc4,1,2,505,unweighted_lr:default,0.5,0.3333333333333333,0.03125,0.4444444444444444,0.0
pc4,1,2,505,unweighted_lr:oof_macro_f1,0.35549538210019166,0.3333333333333333,0.0625,0.6111111111111112,0.0625
pc4,1,2,505,unweighted_lr:oof_balanced_accuracy,0.15679432598816523,0.5555555555555556,0.234375,0.8888888888888888,0.171875
pc4,1,2,505,weighted_lr:default,0.5,0.7222222222222222,0.2265625,1.0,0.1875
pc4,1,2,505,weighted_lr:oof_macro_f1,0.7853154251757123,0.3333333333333333,0.109375,0.6666666666666666,0.0703125
pc4,1,2,505,weighted_lr:oof_balanced_accuracy,0.3664228531845085,0.7777777777777778,0.3046875,1.0,0.265625
pc4,1,2,505,rf:default,0.5,0.16666666666666666,0.0390625,0.3333333333333333,0.0
pc4,1,2,505,rf:oof_macro_f1,0.31226190476190474,0.3888888888888889,0.1171875,0.6666666666666666,0.0390625
pc4,1,2,505,rf:oof_balanced_accuracy,0.1625,0.7777777777777778,0.25,0.9444444444444444,0.15625
pc4,1,2,505,balanced_rf:default,0.5,0.7777777777777778,0.2265625,1.0,0.140625
pc4,1,2,505,balanced_rf:oof_macro_f1,0.5916666666666667,0.6111111111111112,0.15625,0.8888888888888888,0.09375
pc4,1,2,505,balanced_rf:oof_balanced_accuracy,0.5229166666666666,0.7222222222222222,0.21875,0.9444444444444444,0.1171875
pc4,1,3,101,unweighted_lr:default,0.5,0.29411764705882354,0.03125,0.4444444444444444,0.0078125
pc4,1,3,101,unweighted_lr:oof_macro_f1,0.3573692850731165,0.35294117647058826,0.0703125,0.5555555555555556,0.0078125
pc4,1,3,101,unweighted_lr:oof_balanced_accuracy,0.13686390664176606,0.8235294117647058,0.2109375,0.8333333333333334,0.1328125
pc4,1,3,101,weighted_lr:default,0.5,0.7647058823529411,0.1953125,0.8888888888888888,0.15625
pc4,1,3,101,weighted_lr:oof_macro_f1,0.8223918433910654,0.35294117647058826,0.0625,0.6111111111111112,0.0078125
pc4,1,3,101,weighted_lr:oof_balanced_accuracy,0.493859150477764,0.7647058823529411,0.1953125,0.8888888888888888,0.15625
pc4,1,3,101,rf:default,0.5,0.29411764705882354,0.03125,0.3333333333333333,0.015625
pc4,1,3,101,rf:oof_macro_f1,0.27055555555555555,0.8823529411764706,0.1015625,0.8333333333333334,0.0703125
pc4,1,3,101,rf:oof_balanced_accuracy,0.14458333333333334,0.9411764705882353,0.2109375,1.0,0.1953125
pc4,1,3,101,balanced_rf:default,0.5,0.8823529411764706,0.171875,0.9444444444444444,0.140625
pc4,1,3,101,balanced_rf:oof_macro_f1,0.6708333333333334,0.8235294117647058,0.0703125,0.8333333333333334,0.0390625
pc4,1,3,101,balanced_rf:oof_balanced_accuracy,0.4458333333333333,0.9411764705882353,0.1953125,0.9444444444444444,0.171875
pc4,1,3,202,unweighted_lr:default,0.5,0.29411764705882354,0.03125,0.4444444444444444,0.0078125
pc4,1,3,202,unweighted_lr:oof_macro_f1,0.3573692850731165,0.35294117647058826,0.0703125,0.5555555555555556,0.0078125
pc4,1,3,202,unweighted_lr:oof_balanced_accuracy,0.13686390664176606,0.8235294117647058,0.2109375,0.8333333333333334,0.1328125
pc4,1,3,202,weighted_lr:default,0.5,0.7647058823529411,0.1953125,0.8888888888888888,0.15625
pc4,1,3,202,weighted_lr:oof_macro_f1,0.8223918433910654,0.35294117647058826,0.0625,0.6111111111111112,0.0078125
pc4,1,3,202,weighted_lr:oof_balanced_accuracy,0.493859150477764,0.7647058823529411,0.1953125,0.8888888888888888,0.15625
pc4,1,3,202,rf:default,0.5,0.35294117647058826,0.0234375,0.3888888888888889,0.015625
pc4,1,3,202,rf:oof_macro_f1,0.30416666666666664,0.7058823529411765,0.078125,0.8333333333333334,0.046875
pc4,1,3,202,rf:oof_balanced_accuracy,0.17666666666666667,0.9411764705882353,0.1953125,0.8888888888888888,0.140625
pc4,1,3,202,balanced_rf:default,0.5,0.8235294117647058,0.171875,0.8888888888888888,0.109375
pc4,1,3,202,balanced_rf:oof_macro_f1,0.6083333333333334,0.7647058823529411,0.140625,0.8888888888888888,0.0703125
pc4,1,3,202,balanced_rf:oof_balanced_accuracy,0.4208333333333334,0.9411764705882353,0.21875,1.0,0.1796875
pc4,1,3,303,unweighted_lr:default,0.5,0.29411764705882354,0.03125,0.4444444444444444,0.0078125
pc4,1,3,303,unweighted_lr:oof_macro_f1,0.3573692850731165,0.35294117647058826,0.0703125,0.5555555555555556,0.0078125
pc4,1,3,303,unweighted_lr:oof_balanced_accuracy,0.13686390664176606,0.8235294117647058,0.2109375,0.8333333333333334,0.1328125
pc4,1,3,303,weighted_lr:default,0.5,0.7647058823529411,0.1953125,0.8888888888888888,0.15625
pc4,1,3,303,weighted_lr:oof_macro_f1,0.8223918433910654,0.35294117647058826,0.0625,0.6111111111111112,0.0078125
pc4,1,3,303,weighted_lr:oof_balanced_accuracy,0.493859150477764,0.7647058823529411,0.1953125,0.8888888888888888,0.15625
pc4,1,3,303,rf:default,0.5,0.23529411764705882,0.0234375,0.3888888888888889,0.0078125
pc4,1,3,303,rf:oof_macro_f1,0.36190476190476184,0.7058823529411765,0.0703125,0.7777777777777778,0.03125
pc4,1,3,303,rf:oof_balanced_accuracy,0.12,0.8823529411764706,0.2578125,1.0,0.2265625
pc4,1,3,303,balanced_rf:default,0.5,0.9411764705882353,0.171875,1.0,0.1328125
pc4,1,3,303,balanced_rf:oof_macro_f1,0.6104166666666667,0.8235294117647058,0.125,0.8888888888888888,0.078125
pc4,1,3,303,balanced_rf:oof_balanced_accuracy,0.4291666666666666,0.9411764705882353,0.203125,1.0,0.171875
pc4,1,3,404,unweighted_lr:default,0.5,0.29411764705882354,0.03125,0.4444444444444444,0.0078125
pc4,1,3,404,unweighted_lr:oof_macro_f1,0.3573692850731165,0.35294117647058826,0.0703125,0.5555555555555556,0.0078125
pc4,1,3,404,unweighted_lr:oof_balanced_accuracy,0.13686390664176606,0.8235294117647058,0.2109375,0.8333333333333334,0.1328125
pc4,1,3,404,weighted_lr:default,0.5,0.7647058823529411,0.1953125,0.8888888888888888,0.15625
pc4,1,3,404,weighted_lr:oof_macro_f1,0.8223918433910654,0.35294117647058826,0.0625,0.6111111111111112,0.0078125
pc4,1,3,404,weighted_lr:oof_balanced_accuracy,0.493859150477764,0.7647058823529411,0.1953125,0.8888888888888888,0.15625
pc4,1,3,404,rf:default,0.5,0.17647058823529413,0.0234375,0.4444444444444444,0.015625
pc4,1,3,404,rf:oof_macro_f1,0.33916666666666667,0.6470588235294118,0.0703125,0.8888888888888888,0.046875
pc4,1,3,404,rf:oof_balanced_accuracy,0.12083333333333332,0.9411764705882353,0.2265625,1.0,0.21875
pc4,1,3,404,balanced_rf:default,0.5,0.8235294117647058,0.15625,1.0,0.1328125
pc4,1,3,404,balanced_rf:oof_macro_f1,0.6458333333333334,0.7647058823529411,0.1015625,0.6666666666666666,0.0546875
pc4,1,3,404,balanced_rf:oof_balanced_accuracy,0.4958333333333333,0.8235294117647058,0.1640625,1.0,0.1328125
pc4,1,3,505,unweighted_lr:default,0.5,0.29411764705882354,0.03125,0.4444444444444444,0.0078125
pc4,1,3,505,unweighted_lr:oof_macro_f1,0.3573692850731165,0.35294117647058826,0.0703125,0.5555555555555556,0.0078125
pc4,1,3,505,unweighted_lr:oof_balanced_accuracy,0.13686390664176606,0.8235294117647058,0.2109375,0.8333333333333334,0.1328125
pc4,1,3,505,weighted_lr:default,0.5,0.7647058823529411,0.1953125,0.8888888888888888,0.15625
pc4,1,3,505,weighted_lr:oof_macro_f1,0.8223918433910654,0.35294117647058826,0.0625,0.6111111111111112,0.0078125
pc4,1,3,505,weighted_lr:oof_balanced_accuracy,0.493859150477764,0.7647058823529411,0.1953125,0.8888888888888888,0.15625
pc4,1,3,505,rf:default,0.5,0.23529411764705882,0.0234375,0.4444444444444444,0.0234375
pc4,1,3,505,rf:oof_macro_f1,0.36875,0.5294117647058824,0.0859375,0.7777777777777778,0.0234375
pc4,1,3,505,rf:oof_balanced_accuracy,0.12916666666666665,0.9411764705882353,0.2265625,0.9444444444444444,0.234375
pc4,1,3,505,balanced_rf:default,0.5,0.8235294117647058,0.171875,1.0,0.125
pc4,1,3,505,balanced_rf:oof_macro_f1,0.6645833333333333,0.5882352941176471,0.078125,0.6666666666666666,0.0625
pc4,1,3,505,balanced_rf:oof_balanced_accuracy,0.5229166666666666,0.7647058823529411,0.15625,1.0,0.109375
pc4,1,4,101,unweighted_lr:default,0.5,0.47058823529411764,0.0078125,0.4444444444444444,0.0
pc4,1,4,101,unweighted_lr:oof_macro_f1,0.23684717880526343,0.6470588235294118,0.046875,0.7222222222222222,0.0625
pc4,1,4,101,unweighted_lr:oof_balanced_accuracy,0.08559876022629273,0.8823529411764706,0.1953125,0.8888888888888888,0.28125
pc4,1,4,101,weighted_lr:default,0.5,0.7647058823529411,0.1640625,0.8333333333333334,0.1484375
pc4,1,4,101,weighted_lr:oof_macro_f1,0.674699291508689,0.6470588235294118,0.046875,0.7222222222222222,0.0625
pc4,1,4,101,weighted_lr:oof_balanced_accuracy,0.46732960760747927,0.7647058823529411,0.1640625,0.8333333333333334,0.1796875
pc4,1,4,101,rf:default,0.5,0.29411764705882354,0.0078125,0.3888888888888889,0.015625
pc4,1,4,101,rf:oof_macro_f1,0.25625,0.7058823529411765,0.0859375,0.8888888888888888,0.0625
pc4,1,4,101,rf:oof_balanced_accuracy,0.17625,0.8823529411764706,0.1484375,0.9444444444444444,0.15625
pc4,1,4,101,balanced_rf:default,0.5,0.8823529411764706,0.1171875,0.8888888888888888,0.1328125
pc4,1,4,101,balanced_rf:oof_macro_f1,0.6291666666666667,0.6470588235294118,0.0703125,0.7222222222222222,0.0625
pc4,1,4,101,balanced_rf:oof_balanced_accuracy,0.4583333333333333,0.9411764705882353,0.125,0.9444444444444444,0.1484375
pc4,1,4,202,unweighted_lr:default,0.5,0.47058823529411764,0.0078125,0.4444444444444444,0.0
pc4,1,4,202,unweighted_lr:oof_macro_f1,0.23684717880526343,0.6470588235294118,0.046875,0.7222222222222222,0.0625
pc4,1,4,202,unweighted_lr:oof_balanced_accuracy,0.08559876022629273,0.8823529411764706,0.1953125,0.8888888888888888,0.28125
pc4,1,4,202,weighted_lr:default,0.5,0.7647058823529411,0.1640625,0.8333333333333334,0.1484375
pc4,1,4,202,weighted_lr:oof_macro_f1,0.674699291508689,0.6470588235294118,0.046875,0.7222222222222222,0.0625
pc4,1,4,202,weighted_lr:oof_balanced_accuracy,0.46732960760747927,0.7647058823529411,0.1640625,0.8333333333333334,0.1796875
pc4,1,4,202,rf:default,0.5,0.29411764705882354,0.0078125,0.3333333333333333,0.0078125
pc4,1,4,202,rf:oof_macro_f1,0.3458333333333333,0.5882352941176471,0.0546875,0.6111111111111112,0.0390625
pc4,1,4,202,rf:oof_balanced_accuracy,0.18333333333333332,0.8823529411764706,0.1328125,0.8888888888888888,0.1484375
pc4,1,4,202,balanced_rf:default,0.5,0.8235294117647058,0.109375,0.8888888888888888,0.1484375
pc4,1,4,202,balanced_rf:oof_macro_f1,0.6066666666666667,0.7058823529411765,0.0703125,0.7222222222222222,0.078125
pc4,1,4,202,balanced_rf:oof_balanced_accuracy,0.4791666666666667,0.8235294117647058,0.109375,0.9444444444444444,0.1484375
pc4,1,4,303,unweighted_lr:default,0.5,0.47058823529411764,0.0078125,0.4444444444444444,0.0
pc4,1,4,303,unweighted_lr:oof_macro_f1,0.23684717880526343,0.6470588235294118,0.046875,0.7222222222222222,0.0625
pc4,1,4,303,unweighted_lr:oof_balanced_accuracy,0.08559876022629273,0.8823529411764706,0.1953125,0.8888888888888888,0.28125
pc4,1,4,303,weighted_lr:default,0.5,0.7647058823529411,0.1640625,0.8333333333333334,0.1484375
pc4,1,4,303,weighted_lr:oof_macro_f1,0.674699291508689,0.6470588235294118,0.046875,0.7222222222222222,0.0625
pc4,1,4,303,weighted_lr:oof_balanced_accuracy,0.46732960760747927,0.7647058823529411,0.1640625,0.8333333333333334,0.1796875
pc4,1,4,303,rf:default,0.5,0.23529411764705882,0.015625,0.3333333333333333,0.015625
pc4,1,4,303,rf:oof_macro_f1,0.32083333333333336,0.7058823529411765,0.046875,0.7777777777777778,0.0625
pc4,1,4,303,rf:oof_balanced_accuracy,0.2145833333333333,0.9411764705882353,0.09375,0.8888888888888888,0.125
pc4,1,4,303,balanced_rf:default,0.5,0.8235294117647058,0.1328125,0.8333333333333334,0.140625
pc4,1,4,303,balanced_rf:oof_macro_f1,0.6625,0.47058823529411764,0.0625,0.6111111111111112,0.0546875
pc4,1,4,303,balanced_rf:oof_balanced_accuracy,0.4604166666666666,0.8823529411764706,0.140625,0.8888888888888888,0.1484375
pc4,1,4,404,unweighted_lr:default,0.5,0.47058823529411764,0.0078125,0.4444444444444444,0.0
pc4,1,4,404,unweighted_lr:oof_macro_f1,0.23684717880526343,0.6470588235294118,0.046875,0.7222222222222222,0.0625
pc4,1,4,404,unweighted_lr:oof_balanced_accuracy,0.08559876022629273,0.8823529411764706,0.1953125,0.8888888888888888,0.28125
pc4,1,4,404,weighted_lr:default,0.5,0.7647058823529411,0.1640625,0.8333333333333334,0.1484375
pc4,1,4,404,weighted_lr:oof_macro_f1,0.674699291508689,0.6470588235294118,0.046875,0.7222222222222222,0.0625
pc4,1,4,404,weighted_lr:oof_balanced_accuracy,0.46732960760747927,0.7647058823529411,0.1640625,0.8333333333333334,0.1796875
pc4,1,4,404,rf:default,0.5,0.29411764705882354,0.0078125,0.2777777777777778,0.015625
pc4,1,4,404,rf:oof_macro_f1,0.32166666666666666,0.6470588235294118,0.0625,0.6666666666666666,0.046875
pc4,1,4,404,rf:oof_balanced_accuracy,0.16250000000000003,0.9411764705882353,0.1640625,0.8888888888888888,0.1796875
pc4,1,4,404,balanced_rf:default,0.5,0.8235294117647058,0.1171875,0.8888888888888888,0.125
pc4,1,4,404,balanced_rf:oof_macro_f1,0.6416666666666667,0.5882352941176471,0.0625,0.6666666666666666,0.078125
pc4,1,4,404,balanced_rf:oof_balanced_accuracy,0.575,0.8235294117647058,0.0859375,0.8333333333333334,0.09375
pc4,1,4,505,unweighted_lr:default,0.5,0.47058823529411764,0.0078125,0.4444444444444444,0.0
pc4,1,4,505,unweighted_lr:oof_macro_f1,0.23684717880526343,0.6470588235294118,0.046875,0.7222222222222222,0.0625
pc4,1,4,505,unweighted_lr:oof_balanced_accuracy,0.08559876022629273,0.8823529411764706,0.1953125,0.8888888888888888,0.28125
pc4,1,4,505,weighted_lr:default,0.5,0.7647058823529411,0.1640625,0.8333333333333334,0.1484375
pc4,1,4,505,weighted_lr:oof_macro_f1,0.674699291508689,0.6470588235294118,0.046875,0.7222222222222222,0.0625
pc4,1,4,505,weighted_lr:oof_balanced_accuracy,0.46732960760747927,0.7647058823529411,0.1640625,0.8333333333333334,0.1796875
pc4,1,4,505,rf:default,0.5,0.29411764705882354,0.0,0.2222222222222222,0.0078125
pc4,1,4,505,rf:oof_macro_f1,0.29125,0.8235294117647058,0.0625,0.7777777777777778,0.0625
pc4,1,4,505,rf:oof_balanced_accuracy,0.16696428571428573,0.8823529411764706,0.15625,0.9444444444444444,0.1328125
pc4,1,4,505,balanced_rf:default,0.5,0.8823529411764706,0.125,0.8888888888888888,0.125
pc4,1,4,505,balanced_rf:oof_macro_f1,0.6916666666666667,0.5882352941176471,0.0625,0.6666666666666666,0.0546875
pc4,1,4,505,balanced_rf:oof_balanced_accuracy,0.3583333333333334,0.9411764705882353,0.1875,0.9444444444444444,0.21875
pc4,2,0,101,unweighted_lr:default,0.5,0.4444444444444444,0.0078125,0.2777777777777778,0.046875
pc4,2,0,101,unweighted_lr:oof_macro_f1,0.43676219136744937,0.4444444444444444,0.015625,0.3888888888888889,0.046875
pc4,2,0,101,unweighted_lr:oof_balanced_accuracy,0.10377031768689873,1.0,0.3046875,0.7777777777777778,0.25
pc4,2,0,101,weighted_lr:default,0.5,1.0,0.2265625,0.7222222222222222,0.1953125
pc4,2,0,101,weighted_lr:oof_macro_f1,0.849375424976982,0.4444444444444444,0.03125,0.3888888888888889,0.0546875
pc4,2,0,101,weighted_lr:oof_balanced_accuracy,0.4604765425201765,1.0,0.265625,0.7222222222222222,0.203125
pc4,2,0,101,rf:default,0.5,0.4444444444444444,0.03125,0.2777777777777778,0.03125
pc4,2,0,101,rf:oof_macro_f1,0.31666666666666665,0.7222222222222222,0.0703125,0.5555555555555556,0.125
pc4,2,0,101,rf:oof_balanced_accuracy,0.17916666666666667,0.9444444444444444,0.1875,0.8333333333333334,0.2265625
pc4,2,0,101,balanced_rf:default,0.5,0.8888888888888888,0.1796875,0.7777777777777778,0.1796875
pc4,2,0,101,balanced_rf:oof_macro_f1,0.6916666666666667,0.5555555555555556,0.0703125,0.5555555555555556,0.09375
pc4,2,0,101,balanced_rf:oof_balanced_accuracy,0.5166666666666667,0.8888888888888888,0.1484375,0.7777777777777778,0.1796875
pc4,2,0,202,unweighted_lr:default,0.5,0.4444444444444444,0.0078125,0.2777777777777778,0.046875
pc4,2,0,202,unweighted_lr:oof_macro_f1,0.43676219136744937,0.4444444444444444,0.015625,0.3888888888888889,0.046875
pc4,2,0,202,unweighted_lr:oof_balanced_accuracy,0.10377031768689873,1.0,0.3046875,0.7777777777777778,0.25
pc4,2,0,202,weighted_lr:default,0.5,1.0,0.2265625,0.7222222222222222,0.1953125
pc4,2,0,202,weighted_lr:oof_macro_f1,0.849375424976982,0.4444444444444444,0.03125,0.3888888888888889,0.0546875
pc4,2,0,202,weighted_lr:oof_balanced_accuracy,0.4604765425201765,1.0,0.265625,0.7222222222222222,0.203125
pc4,2,0,202,rf:default,0.5,0.3888888888888889,0.015625,0.2777777777777778,0.0390625
pc4,2,0,202,rf:oof_macro_f1,0.35,0.7222222222222222,0.0546875,0.5,0.1015625
pc4,2,0,202,rf:oof_balanced_accuracy,0.2020833333333333,0.9444444444444444,0.1796875,0.7777777777777778,0.203125
pc4,2,0,202,balanced_rf:default,0.5,0.9444444444444444,0.1640625,0.8333333333333334,0.21875
pc4,2,0,202,balanced_rf:oof_macro_f1,0.6520833333333333,0.7222222222222222,0.1015625,0.6666666666666666,0.125
pc4,2,0,202,balanced_rf:oof_balanced_accuracy,0.45,0.9444444444444444,0.1875,0.8888888888888888,0.2734375
pc4,2,0,303,unweighted_lr:default,0.5,0.4444444444444444,0.0078125,0.2777777777777778,0.046875
pc4,2,0,303,unweighted_lr:oof_macro_f1,0.43676219136744937,0.4444444444444444,0.015625,0.3888888888888889,0.046875
pc4,2,0,303,unweighted_lr:oof_balanced_accuracy,0.10377031768689873,1.0,0.3046875,0.7777777777777778,0.25
pc4,2,0,303,weighted_lr:default,0.5,1.0,0.2265625,0.7222222222222222,0.1953125
pc4,2,0,303,weighted_lr:oof_macro_f1,0.849375424976982,0.4444444444444444,0.03125,0.3888888888888889,0.0546875
pc4,2,0,303,weighted_lr:oof_balanced_accuracy,0.4604765425201765,1.0,0.265625,0.7222222222222222,0.203125
pc4,2,0,303,rf:default,0.5,0.3888888888888889,0.03125,0.2777777777777778,0.046875
pc4,2,0,303,rf:oof_macro_f1,0.38249999999999995,0.5,0.0546875,0.4444444444444444,0.0859375
pc4,2,0,303,rf:oof_balanced_accuracy,0.18625,0.8333333333333334,0.1484375,0.8333333333333334,0.2421875
pc4,2,0,303,balanced_rf:default,0.5,1.0,0.15625,0.8888888888888888,0.2265625
pc4,2,0,303,balanced_rf:oof_macro_f1,0.6854166666666666,0.6111111111111112,0.0703125,0.7222222222222222,0.1171875
pc4,2,0,303,balanced_rf:oof_balanced_accuracy,0.4916666666666666,1.0,0.1875,0.8888888888888888,0.234375
pc4,2,0,404,unweighted_lr:default,0.5,0.4444444444444444,0.0078125,0.2777777777777778,0.046875
pc4,2,0,404,unweighted_lr:oof_macro_f1,0.43676219136744937,0.4444444444444444,0.015625,0.3888888888888889,0.046875
pc4,2,0,404,unweighted_lr:oof_balanced_accuracy,0.10377031768689873,1.0,0.3046875,0.7777777777777778,0.25
pc4,2,0,404,weighted_lr:default,0.5,1.0,0.2265625,0.7222222222222222,0.1953125
pc4,2,0,404,weighted_lr:oof_macro_f1,0.849375424976982,0.4444444444444444,0.03125,0.3888888888888889,0.0546875
pc4,2,0,404,weighted_lr:oof_balanced_accuracy,0.4604765425201765,1.0,0.265625,0.7222222222222222,0.203125
pc4,2,0,404,rf:default,0.5,0.2777777777777778,0.0078125,0.2777777777777778,0.0234375
pc4,2,0,404,rf:oof_macro_f1,0.2758333333333334,0.7777777777777778,0.09375,0.6111111111111112,0.1484375
pc4,2,0,404,rf:oof_balanced_accuracy,0.15,0.9444444444444444,0.1953125,0.8888888888888888,0.2578125
pc4,2,0,404,balanced_rf:default,0.5,0.9444444444444444,0.203125,0.8333333333333334,0.21875
pc4,2,0,404,balanced_rf:oof_macro_f1,0.6416666666666667,0.8888888888888888,0.1015625,0.6666666666666666,0.109375
pc4,2,0,404,balanced_rf:oof_balanced_accuracy,0.5125,0.9444444444444444,0.1953125,0.8333333333333334,0.203125
pc4,2,0,505,unweighted_lr:default,0.5,0.4444444444444444,0.0078125,0.2777777777777778,0.046875
pc4,2,0,505,unweighted_lr:oof_macro_f1,0.43676219136744937,0.4444444444444444,0.015625,0.3888888888888889,0.046875
pc4,2,0,505,unweighted_lr:oof_balanced_accuracy,0.10377031768689873,1.0,0.3046875,0.7777777777777778,0.25
pc4,2,0,505,weighted_lr:default,0.5,1.0,0.2265625,0.7222222222222222,0.1953125
pc4,2,0,505,weighted_lr:oof_macro_f1,0.849375424976982,0.4444444444444444,0.03125,0.3888888888888889,0.0546875
pc4,2,0,505,weighted_lr:oof_balanced_accuracy,0.4604765425201765,1.0,0.265625,0.7222222222222222,0.203125
pc4,2,0,505,rf:default,0.5,0.2777777777777778,0.015625,0.2777777777777778,0.015625
pc4,2,0,505,rf:oof_macro_f1,0.26166666666666666,0.7222222222222222,0.109375,0.6111111111111112,0.1484375
pc4,2,0,505,rf:oof_balanced_accuracy,0.2041666666666667,0.8888888888888888,0.1875,0.7222222222222222,0.203125
pc4,2,0,505,balanced_rf:default,0.5,0.9444444444444444,0.1796875,0.8333333333333334,0.2265625
pc4,2,0,505,balanced_rf:oof_macro_f1,0.6208333333333333,0.8333333333333334,0.0859375,0.7222222222222222,0.1328125
pc4,2,0,505,balanced_rf:oof_balanced_accuracy,0.4708333333333333,0.9444444444444444,0.1796875,0.8888888888888888,0.2421875
pc4,2,1,101,unweighted_lr:default,0.5,0.16666666666666666,0.0,0.3333333333333333,0.015625
pc4,2,1,101,unweighted_lr:oof_macro_f1,0.3792305208198516,0.2222222222222222,0.0078125,0.3888888888888889,0.0390625
pc4,2,1,101,unweighted_lr:oof_balanced_accuracy,0.08031310633483404,0.7777777777777778,0.21875,0.9444444444444444,0.2421875
pc4,2,1,101,weighted_lr:default,0.5,0.7222222222222222,0.1171875,0.7777777777777778,0.1171875
pc4,2,1,101,weighted_lr:oof_macro_f1,0.7599360193520671,0.3333333333333333,0.0234375,0.3888888888888889,0.0625
pc4,2,1,101,weighted_lr:oof_balanced_accuracy,0.4176065123598254,0.7777777777777778,0.1484375,0.8888888888888888,0.1796875
pc4,2,1,101,rf:default,0.5,0.2222222222222222,0.0078125,0.3333333333333333,0.0
pc4,2,1,101,rf:oof_macro_f1,0.2802083333333333,0.7222222222222222,0.0625,0.7777777777777778,0.0859375
pc4,2,1,101,rf:oof_balanced_accuracy,0.1358333333333333,0.8888888888888888,0.1796875,0.9444444444444444,0.1796875
pc4,2,1,101,balanced_rf:default,0.5,0.8333333333333334,0.1171875,0.8333333333333334,0.1171875
pc4,2,1,101,balanced_rf:oof_macro_f1,0.5866666666666667,0.7777777777777778,0.0703125,0.8333333333333334,0.078125
pc4,2,1,101,balanced_rf:oof_balanced_accuracy,0.4937499999999999,0.8333333333333334,0.1171875,0.8333333333333334,0.1171875
pc4,2,1,202,unweighted_lr:default,0.5,0.16666666666666666,0.0,0.3333333333333333,0.015625
pc4,2,1,202,unweighted_lr:oof_macro_f1,0.3792305208198516,0.2222222222222222,0.0078125,0.3888888888888889,0.0390625
pc4,2,1,202,unweighted_lr:oof_balanced_accuracy,0.08031310633483404,0.7777777777777778,0.21875,0.9444444444444444,0.2421875
pc4,2,1,202,weighted_lr:default,0.5,0.7222222222222222,0.1171875,0.7777777777777778,0.1171875
pc4,2,1,202,weighted_lr:oof_macro_f1,0.7599360193520671,0.3333333333333333,0.0234375,0.3888888888888889,0.0625
pc4,2,1,202,weighted_lr:oof_balanced_accuracy,0.4176065123598254,0.7777777777777778,0.1484375,0.8888888888888888,0.1796875
pc4,2,1,202,rf:default,0.5,0.2222222222222222,0.0,0.4444444444444444,0.0078125
pc4,2,1,202,rf:oof_macro_f1,0.4145833333333334,0.3888888888888889,0.015625,0.5555555555555556,0.0234375
pc4,2,1,202,rf:oof_balanced_accuracy,0.12708333333333335,0.8888888888888888,0.1875,0.8888888888888888,0.21875
pc4,2,1,202,balanced_rf:default,0.5,0.8333333333333334,0.1484375,0.7777777777777778,0.1484375
pc4,2,1,202,balanced_rf:oof_macro_f1,0.6499999999999999,0.7777777777777778,0.046875,0.6666666666666666,0.078125
pc4,2,1,202,balanced_rf:oof_balanced_accuracy,0.4229166666666666,0.8333333333333334,0.171875,0.8888888888888888,0.1875
pc4,2,1,303,unweighted_lr:default,0.5,0.16666666666666666,0.0,0.3333333333333333,0.015625
pc4,2,1,303,unweighted_lr:oof_macro_f1,0.3792305208198516,0.2222222222222222,0.0078125,0.3888888888888889,0.0390625
pc4,2,1,303,unweighted_lr:oof_balanced_accuracy,0.08031310633483404,0.7777777777777778,0.21875,0.9444444444444444,0.2421875
pc4,2,1,303,weighted_lr:default,0.5,0.7222222222222222,0.1171875,0.7777777777777778,0.1171875
pc4,2,1,303,weighted_lr:oof_macro_f1,0.7599360193520671,0.3333333333333333,0.0234375,0.3888888888888889,0.0625
pc4,2,1,303,weighted_lr:oof_balanced_accuracy,0.4176065123598254,0.7777777777777778,0.1484375,0.8888888888888888,0.1796875
pc4,2,1,303,rf:default,0.5,0.2222222222222222,0.0,0.3888888888888889,0.0078125
pc4,2,1,303,rf:oof_macro_f1,0.275,0.7777777777777778,0.0859375,0.8888888888888888,0.09375
pc4,2,1,303,rf:oof_balanced_accuracy,0.16458333333333333,0.8888888888888888,0.1484375,0.8888888888888888,0.171875
pc4,2,1,303,balanced_rf:default,0.5,0.8333333333333334,0.1328125,0.8888888888888888,0.1171875
pc4,2,1,303,balanced_rf:oof_macro_f1,0.6208333333333333,0.8333333333333334,0.0625,0.7777777777777778,0.0703125
pc4,2,1,303,balanced_rf:oof_balanced_accuracy,0.4375,0.8333333333333334,0.1640625,0.9444444444444444,0.15625
pc4,2,1,404,unweighted_lr:default,0.5,0.16666666666666666,0.0,0.3333333333333333,0.015625
pc4,2,1,404,unweighted_lr:oof_macro_f1,0.3792305208198516,0.2222222222222222,0.0078125,0.3888888888888889,0.0390625
pc4,2,1,404,unweighted_lr:oof_balanced_accuracy,0.08031310633483404,0.7777777777777778,0.21875,0.9444444444444444,0.2421875
pc4,2,1,404,weighted_lr:default,0.5,0.7222222222222222,0.1171875,0.7777777777777778,0.1171875
pc4,2,1,404,weighted_lr:oof_macro_f1,0.7599360193520671,0.3333333333333333,0.0234375,0.3888888888888889,0.0625
pc4,2,1,404,weighted_lr:oof_balanced_accuracy,0.4176065123598254,0.7777777777777778,0.1484375,0.8888888888888888,0.1796875
pc4,2,1,404,rf:default,0.5,0.3333333333333333,0.0078125,0.3333333333333333,0.0234375
pc4,2,1,404,rf:oof_macro_f1,0.2541666666666667,0.7222222222222222,0.078125,0.7222222222222222,0.09375
pc4,2,1,404,rf:oof_balanced_accuracy,0.11374999999999999,0.8888888888888888,0.1953125,0.9444444444444444,0.1953125
pc4,2,1,404,balanced_rf:default,0.5,0.7777777777777778,0.125,0.8333333333333334,0.140625
pc4,2,1,404,balanced_rf:oof_macro_f1,0.6145833333333333,0.7222222222222222,0.0625,0.7777777777777778,0.078125
pc4,2,1,404,balanced_rf:oof_balanced_accuracy,0.475,0.8333333333333334,0.1484375,0.8888888888888888,0.1484375
pc4,2,1,505,unweighted_lr:default,0.5,0.16666666666666666,0.0,0.3333333333333333,0.015625
pc4,2,1,505,unweighted_lr:oof_macro_f1,0.3792305208198516,0.2222222222222222,0.0078125,0.3888888888888889,0.0390625
pc4,2,1,505,unweighted_lr:oof_balanced_accuracy,0.08031310633483404,0.7777777777777778,0.21875,0.9444444444444444,0.2421875
pc4,2,1,505,weighted_lr:default,0.5,0.7222222222222222,0.1171875,0.7777777777777778,0.1171875
pc4,2,1,505,weighted_lr:oof_macro_f1,0.7599360193520671,0.3333333333333333,0.0234375,0.3888888888888889,0.0625
pc4,2,1,505,weighted_lr:oof_balanced_accuracy,0.4176065123598254,0.7777777777777778,0.1484375,0.8888888888888888,0.1796875
pc4,2,1,505,rf:default,0.5,0.16666666666666666,0.0,0.2777777777777778,0.015625
pc4,2,1,505,rf:oof_macro_f1,0.28910714285714284,0.7222222222222222,0.078125,0.7777777777777778,0.078125
pc4,2,1,505,rf:oof_balanced_accuracy,0.17797619047619045,0.8888888888888888,0.171875,0.8333333333333334,0.1484375
pc4,2,1,505,balanced_rf:default,0.5,0.8333333333333334,0.125,0.8888888888888888,0.109375
pc4,2,1,505,balanced_rf:oof_macro_f1,0.6791666666666666,0.6111111111111112,0.0546875,0.7222222222222222,0.046875
pc4,2,1,505,balanced_rf:oof_balanced_accuracy,0.4,0.8888888888888888,0.1640625,0.9444444444444444,0.171875
pc4,2,2,101,unweighted_lr:default,0.5,0.3888888888888889,0.015625,0.5,0.0390625
pc4,2,2,101,unweighted_lr:oof_macro_f1,0.3855447420655527,0.5,0.03125,0.5555555555555556,0.0546875
pc4,2,2,101,unweighted_lr:oof_balanced_accuracy,0.13883014063809582,0.8333333333333334,0.171875,0.9444444444444444,0.1875
pc4,2,2,101,weighted_lr:default,0.5,0.7777777777777778,0.15625,0.9444444444444444,0.1953125
pc4,2,2,101,weighted_lr:oof_macro_f1,0.8271798888784289,0.5555555555555556,0.0234375,0.5555555555555556,0.0625
pc4,2,2,101,weighted_lr:oof_balanced_accuracy,0.5140148015047699,0.7777777777777778,0.140625,0.9444444444444444,0.1875
pc4,2,2,101,rf:default,0.5,0.2777777777777778,0.015625,0.3888888888888889,0.0234375
pc4,2,2,101,rf:oof_macro_f1,0.34875000000000006,0.5555555555555556,0.0546875,0.5,0.0703125
pc4,2,2,101,rf:oof_balanced_accuracy,0.18958333333333333,0.8888888888888888,0.1796875,0.8333333333333334,0.171875
pc4,2,2,101,balanced_rf:default,0.5,0.8888888888888888,0.1640625,0.9444444444444444,0.1328125
pc4,2,2,101,balanced_rf:oof_macro_f1,0.6583333333333334,0.7777777777777778,0.0625,0.6666666666666666,0.078125
pc4,2,2,101,balanced_rf:oof_balanced_accuracy,0.37499999999999994,0.9444444444444444,0.25,0.9444444444444444,0.203125
pc4,2,2,202,unweighted_lr:default,0.5,0.3888888888888889,0.015625,0.5,0.0390625
pc4,2,2,202,unweighted_lr:oof_macro_f1,0.3855447420655527,0.5,0.03125,0.5555555555555556,0.0546875
pc4,2,2,202,unweighted_lr:oof_balanced_accuracy,0.13883014063809582,0.8333333333333334,0.171875,0.9444444444444444,0.1875
pc4,2,2,202,weighted_lr:default,0.5,0.7777777777777778,0.15625,0.9444444444444444,0.1953125
pc4,2,2,202,weighted_lr:oof_macro_f1,0.8271798888784289,0.5555555555555556,0.0234375,0.5555555555555556,0.0625
pc4,2,2,202,weighted_lr:oof_balanced_accuracy,0.5140148015047699,0.7777777777777778,0.140625,0.9444444444444444,0.1875
pc4,2,2,202,rf:default,0.5,0.3333333333333333,0.0078125,0.3888888888888889,0.03125
pc4,2,2,202,rf:oof_macro_f1,0.32375,0.7777777777777778,0.03125,0.7222222222222222,0.0546875
pc4,2,2,202,rf:oof_balanced_accuracy,0.15583333333333332,0.8333333333333334,0.2265625,0.9444444444444444,0.1953125
pc4,2,2,202,balanced_rf:default,0.5,0.9444444444444444,0.15625,0.8888888888888888,0.15625
pc4,2,2,202,balanced_rf:oof_macro_f1,0.6791666666666666,0.6111111111111112,0.0390625,0.7222222222222222,0.078125
pc4,2,2,202,balanced_rf:oof_balanced_accuracy,0.4791666666666667,0.9444444444444444,0.1640625,0.8888888888888888,0.171875
pc4,2,2,303,unweighted_lr:default,0.5,0.3888888888888889,0.015625,0.5,0.0390625
pc4,2,2,303,unweighted_lr:oof_macro_f1,0.3855447420655527,0.5,0.03125,0.5555555555555556,0.0546875
pc4,2,2,303,unweighted_lr:oof_balanced_accuracy,0.13883014063809582,0.8333333333333334,0.171875,0.9444444444444444,0.1875
pc4,2,2,303,weighted_lr:default,0.5,0.7777777777777778,0.15625,0.9444444444444444,0.1953125
pc4,2,2,303,weighted_lr:oof_macro_f1,0.8271798888784289,0.5555555555555556,0.0234375,0.5555555555555556,0.0625
pc4,2,2,303,weighted_lr:oof_balanced_accuracy,0.5140148015047699,0.7777777777777778,0.140625,0.9444444444444444,0.1875
pc4,2,2,303,rf:default,0.5,0.2777777777777778,0.0078125,0.2777777777777778,0.03125
pc4,2,2,303,rf:oof_macro_f1,0.29708333333333337,0.8333333333333334,0.1015625,0.6666666666666666,0.078125
pc4,2,2,303,rf:oof_balanced_accuracy,0.20315476190476192,0.8888888888888888,0.1875,0.8888888888888888,0.140625
pc4,2,2,303,balanced_rf:default,0.5,0.8333333333333334,0.140625,0.9444444444444444,0.15625
pc4,2,2,303,balanced_rf:oof_macro_f1,0.6479166666666667,0.7777777777777778,0.0625,0.7222222222222222,0.0703125
pc4,2,2,303,balanced_rf:oof_balanced_accuracy,0.4333333333333333,0.9444444444444444,0.1875,0.9444444444444444,0.171875
pc4,2,2,404,unweighted_lr:default,0.5,0.3888888888888889,0.015625,0.5,0.0390625
pc4,2,2,404,unweighted_lr:oof_macro_f1,0.3855447420655527,0.5,0.03125,0.5555555555555556,0.0546875
pc4,2,2,404,unweighted_lr:oof_balanced_accuracy,0.13883014063809582,0.8333333333333334,0.171875,0.9444444444444444,0.1875
pc4,2,2,404,weighted_lr:default,0.5,0.7777777777777778,0.15625,0.9444444444444444,0.1953125
pc4,2,2,404,weighted_lr:oof_macro_f1,0.8271798888784289,0.5555555555555556,0.0234375,0.5555555555555556,0.0625
pc4,2,2,404,weighted_lr:oof_balanced_accuracy,0.5140148015047699,0.7777777777777778,0.140625,0.9444444444444444,0.1875
pc4,2,2,404,rf:default,0.5,0.2777777777777778,0.0,0.2777777777777778,0.0234375
pc4,2,2,404,rf:oof_macro_f1,0.3541666666666667,0.6111111111111112,0.046875,0.7222222222222222,0.0625
pc4,2,2,404,rf:oof_balanced_accuracy,0.15208333333333332,0.8888888888888888,0.25,0.8888888888888888,0.1875
pc4,2,2,404,balanced_rf:default,0.5,0.8333333333333334,0.171875,0.8888888888888888,0.1484375
pc4,2,2,404,balanced_rf:oof_macro_f1,0.5854166666666667,0.7222222222222222,0.109375,0.8888888888888888,0.09375
pc4,2,2,404,balanced_rf:oof_balanced_accuracy,0.4833333333333335,0.8888888888888888,0.1875,0.8888888888888888,0.1484375
pc4,2,2,505,unweighted_lr:default,0.5,0.3888888888888889,0.015625,0.5,0.0390625
pc4,2,2,505,unweighted_lr:oof_macro_f1,0.3855447420655527,0.5,0.03125,0.5555555555555556,0.0546875
pc4,2,2,505,unweighted_lr:oof_balanced_accuracy,0.13883014063809582,0.8333333333333334,0.171875,0.9444444444444444,0.1875
pc4,2,2,505,weighted_lr:default,0.5,0.7777777777777778,0.15625,0.9444444444444444,0.1953125
pc4,2,2,505,weighted_lr:oof_macro_f1,0.8271798888784289,0.5555555555555556,0.0234375,0.5555555555555556,0.0625
pc4,2,2,505,weighted_lr:oof_balanced_accuracy,0.5140148015047699,0.7777777777777778,0.140625,0.9444444444444444,0.1875
pc4,2,2,505,rf:default,0.5,0.3888888888888889,0.015625,0.3888888888888889,0.0234375
pc4,2,2,505,rf:oof_macro_f1,0.31,0.8333333333333334,0.09375,0.8333333333333334,0.078125
pc4,2,2,505,rf:oof_balanced_accuracy,0.17624999999999996,0.8888888888888888,0.2265625,0.8888888888888888,0.171875
pc4,2,2,505,balanced_rf:default,0.5,0.8888888888888888,0.109375,0.8888888888888888,0.1484375
pc4,2,2,505,balanced_rf:oof_macro_f1,0.6354166666666667,0.6666666666666666,0.0703125,0.8333333333333334,0.078125
pc4,2,2,505,balanced_rf:oof_balanced_accuracy,0.5041666666666667,0.8888888888888888,0.109375,0.8888888888888888,0.1484375
pc4,2,3,101,unweighted_lr:default,0.5,0.47058823529411764,0.03125,0.5555555555555556,0.03125
pc4,2,3,101,unweighted_lr:oof_macro_f1,0.32657950140957365,0.6470588235294118,0.0546875,0.6666666666666666,0.09375
pc4,2,3,101,unweighted_lr:oof_balanced_accuracy,0.1647754994153393,0.8235294117647058,0.1484375,0.9444444444444444,0.2109375
pc4,2,3,101,weighted_lr:default,0.5,0.9411764705882353,0.15625,0.9444444444444444,0.25
pc4,2,3,101,weighted_lr:oof_macro_f1,0.7854512715586603,0.6470588235294118,0.0625,0.6666666666666666,0.1171875
pc4,2,3,101,weighted_lr:oof_balanced_accuracy,0.4372695946865411,1.0,0.1953125,1.0,0.328125
pc4,2,3,101,rf:default,0.5,0.4117647058823529,0.015625,0.5,0.015625
pc4,2,3,101,rf:oof_macro_f1,0.30625,0.7647058823529411,0.0625,0.8888888888888888,0.09375
pc4,2,3,101,rf:oof_balanced_accuracy,0.17291666666666666,1.0,0.1484375,0.9444444444444444,0.2109375
pc4,2,3,101,balanced_rf:default,0.5,1.0,0.15625,0.9444444444444444,0.25
pc4,2,3,101,balanced_rf:oof_macro_f1,0.6250000000000001,0.8235294117647058,0.078125,0.8888888888888888,0.1015625
pc4,2,3,101,balanced_rf:oof_balanced_accuracy,0.42499999999999993,1.0,0.203125,0.9444444444444444,0.2734375
pc4,2,3,202,unweighted_lr:default,0.5,0.47058823529411764,0.03125,0.5555555555555556,0.03125
pc4,2,3,202,unweighted_lr:oof_macro_f1,0.32657950140957365,0.6470588235294118,0.0546875,0.6666666666666666,0.09375
pc4,2,3,202,unweighted_lr:oof_balanced_accuracy,0.1647754994153393,0.8235294117647058,0.1484375,0.9444444444444444,0.2109375
pc4,2,3,202,weighted_lr:default,0.5,0.9411764705882353,0.15625,0.9444444444444444,0.25
pc4,2,3,202,weighted_lr:oof_macro_f1,0.7854512715586603,0.6470588235294118,0.0625,0.6666666666666666,0.1171875
pc4,2,3,202,weighted_lr:oof_balanced_accuracy,0.4372695946865411,1.0,0.1953125,1.0,0.328125
pc4,2,3,202,rf:default,0.5,0.35294117647058826,0.015625,0.5,0.03125
pc4,2,3,202,rf:oof_macro_f1,0.2583333333333333,0.8823529411764706,0.1015625,0.8888888888888888,0.125
pc4,2,3,202,rf:oof_balanced_accuracy,0.225,0.9411764705882353,0.1328125,0.9444444444444444,0.1484375
pc4,2,3,202,balanced_rf:default,0.5,0.9411764705882353,0.15625,0.8888888888888888,0.2265625
pc4,2,3,202,balanced_rf:oof_macro_f1,0.6208333333333332,0.8823529411764706,0.0703125,0.7777777777777778,0.1328125
pc4,2,3,202,balanced_rf:oof_balanced_accuracy,0.4630952380952381,1.0,0.1796875,0.9444444444444444,0.234375
pc4,2,3,303,unweighted_lr:default,0.5,0.47058823529411764,0.03125,0.5555555555555556,0.03125
pc4,2,3,303,unweighted_lr:oof_macro_f1,0.32657950140957365,0.6470588235294118,0.0546875,0.6666666666666666,0.09375
pc4,2,3,303,unweighted_lr:oof_balanced_accuracy,0.1647754994153393,0.8235294117647058,0.1484375,0.9444444444444444,0.2109375
pc4,2,3,303,weighted_lr:default,0.5,0.9411764705882353,0.15625,0.9444444444444444,0.25
pc4,2,3,303,weighted_lr:oof_macro_f1,0.7854512715586603,0.6470588235294118,0.0625,0.6666666666666666,0.1171875
pc4,2,3,303,weighted_lr:oof_balanced_accuracy,0.4372695946865411,1.0,0.1953125,1.0,0.328125
pc4,2,3,303,rf:default,0.5,0.35294117647058826,0.015625,0.4444444444444444,0.015625
pc4,2,3,303,rf:oof_macro_f1,0.27380952380952384,0.9411764705882353,0.09375,0.8333333333333334,0.1328125
pc4,2,3,303,rf:oof_balanced_accuracy,0.2,1.0,0.15625,0.9444444444444444,0.2109375
pc4,2,3,303,balanced_rf:default,0.5,1.0,0.125,0.9444444444444444,0.203125
pc4,2,3,303,balanced_rf:oof_macro_f1,0.6229166666666666,0.8823529411764706,0.078125,0.8333333333333334,0.140625
pc4,2,3,303,balanced_rf:oof_balanced_accuracy,0.4208333333333334,1.0,0.1796875,0.9444444444444444,0.265625
pc4,2,3,404,unweighted_lr:default,0.5,0.47058823529411764,0.03125,0.5555555555555556,0.03125
pc4,2,3,404,unweighted_lr:oof_macro_f1,0.32657950140957365,0.6470588235294118,0.0546875,0.6666666666666666,0.09375
pc4,2,3,404,unweighted_lr:oof_balanced_accuracy,0.1647754994153393,0.8235294117647058,0.1484375,0.9444444444444444,0.2109375
pc4,2,3,404,weighted_lr:default,0.5,0.9411764705882353,0.15625,0.9444444444444444,0.25
pc4,2,3,404,weighted_lr:oof_macro_f1,0.7854512715586603,0.6470588235294118,0.0625,0.6666666666666666,0.1171875
pc4,2,3,404,weighted_lr:oof_balanced_accuracy,0.4372695946865411,1.0,0.1953125,1.0,0.328125
pc4,2,3,404,rf:default,0.5,0.35294117647058826,0.015625,0.4444444444444444,0.0078125
pc4,2,3,404,rf:oof_macro_f1,0.2895833333333333,0.9411764705882353,0.078125,0.8333333333333334,0.0859375
pc4,2,3,404,rf:oof_balanced_accuracy,0.16916666666666666,1.0,0.171875,0.9444444444444444,0.21875
pc4,2,3,404,balanced_rf:default,0.5,0.8823529411764706,0.1484375,0.9444444444444444,0.203125
pc4,2,3,404,balanced_rf:oof_macro_f1,0.5916666666666667,0.8823529411764706,0.1015625,0.8333333333333334,0.15625
pc4,2,3,404,balanced_rf:oof_balanced_accuracy,0.4020833333333334,1.0,0.1953125,0.9444444444444444,0.234375
pc4,2,3,505,unweighted_lr:default,0.5,0.47058823529411764,0.03125,0.5555555555555556,0.03125
pc4,2,3,505,unweighted_lr:oof_macro_f1,0.32657950140957365,0.6470588235294118,0.0546875,0.6666666666666666,0.09375
pc4,2,3,505,unweighted_lr:oof_balanced_accuracy,0.1647754994153393,0.8235294117647058,0.1484375,0.9444444444444444,0.2109375
pc4,2,3,505,weighted_lr:default,0.5,0.9411764705882353,0.15625,0.9444444444444444,0.25
pc4,2,3,505,weighted_lr:oof_macro_f1,0.7854512715586603,0.6470588235294118,0.0625,0.6666666666666666,0.1171875
pc4,2,3,505,weighted_lr:oof_balanced_accuracy,0.4372695946865411,1.0,0.1953125,1.0,0.328125
pc4,2,3,505,rf:default,0.5,0.35294117647058826,0.015625,0.3888888888888889,0.015625
pc4,2,3,505,rf:oof_macro_f1,0.2770833333333333,0.8823529411764706,0.1015625,0.8888888888888888,0.1171875
pc4,2,3,505,rf:oof_balanced_accuracy,0.1875,1.0,0.1484375,0.9444444444444444,0.21875
pc4,2,3,505,balanced_rf:default,0.5,0.9411764705882353,0.1484375,0.9444444444444444,0.2109375
pc4,2,3,505,balanced_rf:oof_macro_f1,0.6666666666666666,0.8235294117647058,0.0390625,0.7777777777777778,0.109375
pc4,2,3,505,balanced_rf:oof_balanced_accuracy,0.5104166666666667,0.9411764705882353,0.140625,0.9444444444444444,0.2109375
pc4,2,4,101,unweighted_lr:default,0.5,0.4117647058823529,0.015625,0.4444444444444444,0.0
pc4,2,4,101,unweighted_lr:oof_macro_f1,0.4540990365767701,0.5294117647058824,0.0234375,0.5,0.0078125
pc4,2,4,101,unweighted_lr:oof_balanced_accuracy,0.14138685550675073,0.7058823529411765,0.1640625,0.8333333333333334,0.1640625
pc4,2,4,101,weighted_lr:default,0.5,0.6470588235294118,0.171875,0.7777777777777778,0.1328125
pc4,2,4,101,weighted_lr:oof_macro_f1,0.8065566829029489,0.5294117647058824,0.03125,0.4444444444444444,0.03125
pc4,2,4,101,weighted_lr:oof_balanced_accuracy,0.40013208826107693,0.7058823529411765,0.234375,0.8333333333333334,0.234375
pc4,2,4,101,rf:default,0.5,0.23529411764705882,0.0078125,0.2777777777777778,0.0
pc4,2,4,101,rf:oof_macro_f1,0.2816666666666666,0.7058823529411765,0.0859375,0.7777777777777778,0.078125
pc4,2,4,101,rf:oof_balanced_accuracy,0.18166666666666667,0.7647058823529411,0.1328125,0.9444444444444444,0.1328125
pc4,2,4,101,balanced_rf:default,0.5,0.7647058823529411,0.15625,0.8333333333333334,0.1484375
pc4,2,4,101,balanced_rf:oof_macro_f1,0.6208333333333333,0.6470588235294118,0.0859375,0.7777777777777778,0.0703125
pc4,2,4,101,balanced_rf:oof_balanced_accuracy,0.3875,0.8823529411764706,0.1640625,1.0,0.171875
pc4,2,4,202,unweighted_lr:default,0.5,0.4117647058823529,0.015625,0.4444444444444444,0.0
pc4,2,4,202,unweighted_lr:oof_macro_f1,0.4540990365767701,0.5294117647058824,0.0234375,0.5,0.0078125
pc4,2,4,202,unweighted_lr:oof_balanced_accuracy,0.14138685550675073,0.7058823529411765,0.1640625,0.8333333333333334,0.1640625
pc4,2,4,202,weighted_lr:default,0.5,0.6470588235294118,0.171875,0.7777777777777778,0.1328125
pc4,2,4,202,weighted_lr:oof_macro_f1,0.8065566829029489,0.5294117647058824,0.03125,0.4444444444444444,0.03125
pc4,2,4,202,weighted_lr:oof_balanced_accuracy,0.40013208826107693,0.7058823529411765,0.234375,0.8333333333333334,0.234375
pc4,2,4,202,rf:default,0.5,0.11764705882352941,0.0078125,0.4444444444444444,0.0078125
pc4,2,4,202,rf:oof_macro_f1,0.30874999999999997,0.5294117647058824,0.0546875,0.7222222222222222,0.0546875
pc4,2,4,202,rf:oof_balanced_accuracy,0.15416666666666667,0.8235294117647058,0.1953125,1.0,0.1640625
pc4,2,4,202,balanced_rf:default,0.5,0.8235294117647058,0.1171875,0.8333333333333334,0.109375
pc4,2,4,202,balanced_rf:oof_macro_f1,0.65,0.5882352941176471,0.0625,0.7777777777777778,0.0625
pc4,2,4,202,balanced_rf:oof_balanced_accuracy,0.4125,0.8235294117647058,0.171875,1.0,0.1796875
pc4,2,4,303,unweighted_lr:default,0.5,0.4117647058823529,0.015625,0.4444444444444444,0.0
pc4,2,4,303,unweighted_lr:oof_macro_f1,0.4540990365767701,0.5294117647058824,0.0234375,0.5,0.0078125
pc4,2,4,303,unweighted_lr:oof_balanced_accuracy,0.14138685550675073,0.7058823529411765,0.1640625,0.8333333333333334,0.1640625
pc4,2,4,303,weighted_lr:default,0.5,0.6470588235294118,0.171875,0.7777777777777778,0.1328125
pc4,2,4,303,weighted_lr:oof_macro_f1,0.8065566829029489,0.5294117647058824,0.03125,0.4444444444444444,0.03125
pc4,2,4,303,weighted_lr:oof_balanced_accuracy,0.40013208826107693,0.7058823529411765,0.234375,0.8333333333333334,0.234375
pc4,2,4,303,rf:default,0.5,0.29411764705882354,0.015625,0.3888888888888889,0.0
pc4,2,4,303,rf:oof_macro_f1,0.3416666666666667,0.47058823529411764,0.0546875,0.7222222222222222,0.015625
pc4,2,4,303,rf:oof_balanced_accuracy,0.16684523809523807,0.7058823529411765,0.171875,0.8888888888888888,0.1328125
pc4,2,4,303,balanced_rf:default,0.5,0.6470588235294118,0.125,0.7777777777777778,0.1328125
pc4,2,4,303,balanced_rf:oof_macro_f1,0.5729166666666667,0.6470588235294118,0.109375,0.7222222222222222,0.1015625
pc4,2,4,303,balanced_rf:oof_balanced_accuracy,0.4624999999999999,0.7058823529411765,0.140625,0.9444444444444444,0.15625
pc4,2,4,404,unweighted_lr:default,0.5,0.4117647058823529,0.015625,0.4444444444444444,0.0
pc4,2,4,404,unweighted_lr:oof_macro_f1,0.4540990365767701,0.5294117647058824,0.0234375,0.5,0.0078125
pc4,2,4,404,unweighted_lr:oof_balanced_accuracy,0.14138685550675073,0.7058823529411765,0.1640625,0.8333333333333334,0.1640625
pc4,2,4,404,weighted_lr:default,0.5,0.6470588235294118,0.171875,0.7777777777777778,0.1328125
pc4,2,4,404,weighted_lr:oof_macro_f1,0.8065566829029489,0.5294117647058824,0.03125,0.4444444444444444,0.03125
pc4,2,4,404,weighted_lr:oof_balanced_accuracy,0.40013208826107693,0.7058823529411765,0.234375,0.8333333333333334,0.234375
pc4,2,4,404,rf:default,0.5,0.23529411764705882,0.015625,0.4444444444444444,0.0078125
pc4,2,4,404,rf:oof_macro_f1,0.275,0.7058823529411765,0.078125,0.8333333333333334,0.0625
pc4,2,4,404,rf:oof_balanced_accuracy,0.12291666666666667,0.9411764705882353,0.171875,1.0,0.1953125
pc4,2,4,404,balanced_rf:default,0.5,0.5882352941176471,0.1328125,0.8333333333333334,0.125
pc4,2,4,404,balanced_rf:oof_macro_f1,0.6741666666666666,0.47058823529411764,0.0625,0.7777777777777778,0.0703125
pc4,2,4,404,balanced_rf:oof_balanced_accuracy,0.5270833333333333,0.5294117647058824,0.1171875,0.7777777777777778,0.1171875
pc4,2,4,505,unweighted_lr:default,0.5,0.4117647058823529,0.015625,0.4444444444444444,0.0
pc4,2,4,505,unweighted_lr:oof_macro_f1,0.4540990365767701,0.5294117647058824,0.0234375,0.5,0.0078125
pc4,2,4,505,unweighted_lr:oof_balanced_accuracy,0.14138685550675073,0.7058823529411765,0.1640625,0.8333333333333334,0.1640625
pc4,2,4,505,weighted_lr:default,0.5,0.6470588235294118,0.171875,0.7777777777777778,0.1328125
pc4,2,4,505,weighted_lr:oof_macro_f1,0.8065566829029489,0.5294117647058824,0.03125,0.4444444444444444,0.03125
pc4,2,4,505,weighted_lr:oof_balanced_accuracy,0.40013208826107693,0.7058823529411765,0.234375,0.8333333333333334,0.234375
pc4,2,4,505,rf:default,0.5,0.35294117647058826,0.015625,0.3888888888888889,0.0078125
pc4,2,4,505,rf:oof_macro_f1,0.2716071428571428,0.7058823529411765,0.078125,0.7777777777777778,0.078125
pc4,2,4,505,rf:oof_balanced_accuracy,0.155,0.7647058823529411,0.171875,1.0,0.1328125
pc4,2,4,505,balanced_rf:default,0.5,0.5882352941176471,0.109375,0.8333333333333334,0.1015625
pc4,2,4,505,balanced_rf:oof_macro_f1,0.6616666666666666,0.5882352941176471,0.0546875,0.7222222222222222,0.0546875
pc4,2,4,505,balanced_rf:oof_balanced_accuracy,0.38541666666666663,0.7647058823529411,0.171875,0.8333333333333334,0.1953125
sick,0,0,101,unweighted_lr:default,0.5,0.5652173913043478,0.005649717514124294,0.6086956521739131,0.011267605633802818
sick,0,0,101,unweighted_lr:oof_macro_f1,0.27620620136241664,0.6956521739130435,0.01694915254237288,0.782608695652174,0.022535211267605635
sick,0,0,101,unweighted_lr:oof_balanced_accuracy,0.14212158251538323,0.8260869565217391,0.04519774011299435,0.9130434782608695,0.05070422535211268
sick,0,0,101,weighted_lr:default,0.5,0.8260869565217391,0.1016949152542373,0.9565217391304348,0.08732394366197183
sick,0,0,101,weighted_lr:oof_macro_f1,0.8655215958336934,0.6521739130434783,0.014124293785310734,0.6086956521739131,0.014084507042253521
sick,0,0,101,weighted_lr:oof_balanced_accuracy,0.6503570182536215,0.8260869565217391,0.05367231638418079,0.8695652173913043,0.04507042253521127
sick,0,0,101,rf:default,0.5,0.6956521739130435,0.00847457627118644,0.8260869565217391,0.0
sick,0,0,101,rf:oof_macro_f1,0.3535103162267963,0.782608695652174,0.011299435028248588,0.9130434782608695,0.011267605633802818
sick,0,0,101,rf:oof_balanced_accuracy,0.1567995798042064,0.9565217391304348,0.03389830508474576,1.0,0.02535211267605634
sick,0,0,101,balanced_rf:default,0.5,0.9130434782608695,0.025423728813559324,0.9565217391304348,0.016901408450704224
sick,0,0,101,balanced_rf:oof_macro_f1,0.64706870122631,0.8260869565217391,0.011299435028248588,0.8695652173913043,0.011267605633802818
sick,0,0,101,balanced_rf:oof_balanced_accuracy,0.4898863636363636,0.9130434782608695,0.025423728813559324,1.0,0.01971830985915493
sick,0,0,202,unweighted_lr:default,0.5,0.5652173913043478,0.005649717514124294,0.6086956521739131,0.011267605633802818
sick,0,0,202,unweighted_lr:oof_macro_f1,0.27620620136241664,0.6956521739130435,0.01694915254237288,0.782608695652174,0.022535211267605635
sick,0,0,202,unweighted_lr:oof_balanced_accuracy,0.14212158251538323,0.8260869565217391,0.04519774011299435,0.9130434782608695,0.05070422535211268
sick,0,0,202,weighted_lr:default,0.5,0.8260869565217391,0.1016949152542373,0.9565217391304348,0.08732394366197183
sick,0,0,202,weighted_lr:oof_macro_f1,0.8655215958336934,0.6521739130434783,0.014124293785310734,0.6086956521739131,0.014084507042253521
sick,0,0,202,weighted_lr:oof_balanced_accuracy,0.6503570182536215,0.8260869565217391,0.05367231638418079,0.8695652173913043,0.04507042253521127
sick,0,0,202,rf:default,0.5,0.7391304347826086,0.00847457627118644,0.782608695652174,0.0028169014084507044
sick,0,0,202,rf:oof_macro_f1,0.38279540727850586,0.782608695652174,0.011299435028248588,0.9130434782608695,0.008450704225352112
sick,0,0,202,rf:oof_balanced_accuracy,0.1431241433145458,0.9565217391304348,0.031073446327683617,1.0,0.022535211267605635
sick,0,0,202,balanced_rf:default,0.5,0.8695652173913043,0.031073446327683617,1.0,0.016901408450704224
sick,0,0,202,balanced_rf:oof_macro_f1,0.6812115418852873,0.782608695652174,0.014124293785310734,0.9130434782608695,0.014084507042253521
sick,0,0,202,balanced_rf:oof_balanced_accuracy,0.42562846779563424,0.9130434782608695,0.0480225988700565,1.0,0.01971830985915493
sick,0,0,303,unweighted_lr:default,0.5,0.5652173913043478,0.005649717514124294,0.6086956521739131,0.011267605633802818
sick,0,0,303,unweighted_lr:oof_macro_f1,0.27620620136241664,0.6956521739130435,0.01694915254237288,0.782608695652174,0.022535211267605635
sick,0,0,303,unweighted_lr:oof_balanced_accuracy,0.14212158251538323,0.8260869565217391,0.04519774011299435,0.9130434782608695,0.05070422535211268
sick,0,0,303,weighted_lr:default,0.5,0.8260869565217391,0.1016949152542373,0.9565217391304348,0.08732394366197183
sick,0,0,303,weighted_lr:oof_macro_f1,0.8655215958336934,0.6521739130434783,0.014124293785310734,0.6086956521739131,0.014084507042253521
sick,0,0,303,weighted_lr:oof_balanced_accuracy,0.6503570182536215,0.8260869565217391,0.05367231638418079,0.8695652173913043,0.04507042253521127
sick,0,0,303,rf:default,0.5,0.6521739130434783,0.002824858757062147,0.8260869565217391,0.0
sick,0,0,303,rf:oof_macro_f1,0.384425229795403,0.782608695652174,0.011299435028248588,0.9130434782608695,0.005633802816901409
sick,0,0,303,rf:oof_balanced_accuracy,0.13015117171270424,0.9565217391304348,0.0423728813559322,0.9565217391304348,0.030985915492957747
sick,0,0,303,balanced_rf:default,0.5,0.9130434782608695,0.03389830508474576,1.0,0.016901408450704224
sick,0,0,303,balanced_rf:oof_macro_f1,0.731928759646151,0.782608695652174,0.011299435028248588,0.8260869565217391,0.011267605633802818
sick,0,0,303,balanced_rf:oof_balanced_accuracy,0.33187078898545064,0.9565217391304348,0.08757062146892655,1.0,0.07323943661971831
sick,0,0,404,unweighted_lr:default,0.5,0.5652173913043478,0.005649717514124294,0.6086956521739131,0.011267605633802818
sick,0,0,404,unweighted_lr:oof_macro_f1,0.27620620136241664,0.6956521739130435,0.01694915254237288,0.782608695652174,0.022535211267605635
sick,0,0,404,unweighted_lr:oof_balanced_accuracy,0.14212158251538323,0.8260869565217391,0.04519774011299435,0.9130434782608695,0.05070422535211268
sick,0,0,404,weighted_lr:default,0.5,0.8260869565217391,0.1016949152542373,0.9565217391304348,0.08732394366197183
sick,0,0,404,weighted_lr:oof_macro_f1,0.8655215958336934,0.6521739130434783,0.014124293785310734,0.6086956521739131,0.014084507042253521
sick,0,0,404,weighted_lr:oof_balanced_accuracy,0.6503570182536215,0.8260869565217391,0.05367231638418079,0.8695652173913043,0.04507042253521127
sick,0,0,404,rf:default,0.5,0.6956521739130435,0.00847457627118644,0.782608695652174,0.0028169014084507044
sick,0,0,404,rf:oof_macro_f1,0.41912167015139684,0.782608695652174,0.00847457627118644,0.8260869565217391,0.0028169014084507044
sick,0,0,404,rf:oof_balanced_accuracy,0.10813725490196077,0.9565217391304348,0.0480225988700565,1.0,0.05070422535211268
sick,0,0,404,balanced_rf:default,0.5,0.9130434782608695,0.02824858757062147,1.0,0.022535211267605635
sick,0,0,404,balanced_rf:oof_macro_f1,0.7036888853277388,0.782608695652174,0.014124293785310734,0.8260869565217391,0.011267605633802818
sick,0,0,404,balanced_rf:oof_balanced_accuracy,0.33790903768362784,1.0,0.1016949152542373,1.0,0.0647887323943662
sick,0,0,505,unweighted_lr:default,0.5,0.5652173913043478,0.005649717514124294,0.6086956521739131,0.011267605633802818
sick,0,0,505,unweighted_lr:oof_macro_f1,0.27620620136241664,0.6956521739130435,0.01694915254237288,0.782608695652174,0.022535211267605635
sick,0,0,505,unweighted_lr:oof_balanced_accuracy,0.14212158251538323,0.8260869565217391,0.04519774011299435,0.9130434782608695,0.05070422535211268
sick,0,0,505,weighted_lr:default,0.5,0.8260869565217391,0.1016949152542373,0.9565217391304348,0.08732394366197183
sick,0,0,505,weighted_lr:oof_macro_f1,0.8655215958336934,0.6521739130434783,0.014124293785310734,0.6086956521739131,0.014084507042253521
sick,0,0,505,weighted_lr:oof_balanced_accuracy,0.6503570182536215,0.8260869565217391,0.05367231638418079,0.8695652173913043,0.04507042253521127
sick,0,0,505,rf:default,0.5,0.7391304347826086,0.005649717514124294,0.8260869565217391,0.005633802816901409
sick,0,0,505,rf:oof_macro_f1,0.44252314340370297,0.7391304347826086,0.00847457627118644,0.8695652173913043,0.008450704225352112
sick,0,0,505,rf:oof_balanced_accuracy,0.1561712727043998,0.9130434782608695,0.03954802259887006,1.0,0.01971830985915493
sick,0,0,505,balanced_rf:default,0.5,0.9130434782608695,0.03389830508474576,0.9565217391304348,0.016901408450704224
sick,0,0,505,balanced_rf:oof_macro_f1,0.724988344988345,0.782608695652174,0.00847457627118644,0.8695652173913043,0.014084507042253521
sick,0,0,505,balanced_rf:oof_balanced_accuracy,0.4718165168165169,0.9130434782608695,0.03672316384180791,1.0,0.016901408450704224
sick,0,1,101,unweighted_lr:default,0.5,0.6086956521739131,0.00847457627118644,0.7083333333333334,0.005649717514124294
sick,0,1,101,unweighted_lr:oof_macro_f1,0.3141350617854643,0.7391304347826086,0.01694915254237288,0.875,0.01977401129943503
sick,0,1,101,unweighted_lr:oof_balanced_accuracy,0.1289373783447839,0.8260869565217391,0.06779661016949153,1.0,0.07627118644067797
sick,0,1,101,weighted_lr:default,0.5,0.8260869565217391,0.11016949152542373,1.0,0.11016949152542373
sick,0,1,101,weighted_lr:oof_macro_f1,0.8546748098118113,0.6956521739130435,0.01977401129943503,0.875,0.0423728813559322
sick,0,1,101,weighted_lr:oof_balanced_accuracy,0.6051590142951122,0.8260869565217391,0.07344632768361582,1.0,0.08757062146892655
sick,0,1,101,rf:default,0.5,0.6956521739130435,0.0,0.9583333333333334,0.0
sick,0,1,101,rf:oof_macro_f1,0.3723278554949428,0.8695652173913043,0.0,1.0,0.002824858757062147
sick,0,1,101,rf:oof_balanced_accuracy,0.1479090354090354,0.9565217391304348,0.025423728813559324,1.0,0.03954802259887006
sick,0,1,101,balanced_rf:default,0.5,0.9130434782608695,0.025423728813559324,1.0,0.03389830508474576
sick,0,1,101,balanced_rf:oof_macro_f1,0.6795577361468318,0.8260869565217391,0.011299435028248588,1.0,0.00847457627118644
sick,0,1,101,balanced_rf:oof_balanced_accuracy,0.40952051313915233,0.9565217391304348,0.03672316384180791,1.0,0.08192090395480225
sick,0,1,202,unweighted_lr:default,0.5,0.6086956521739131,0.00847457627118644,0.7083333333333334,0.005649717514124294
sick,0,1,202,unweighted_lr:oof_macro_f1,0.3141350617854643,0.7391304347826086,0.01694915254237288,0.875,0.01977401129943503
sick,0,1,202,unweighted_lr:oof_balanced_accuracy,0.1289373783447839,0.8260869565217391,0.06779661016949153,1.0,0.07627118644067797
sick,0,1,202,weighted_lr:default,0.5,0.8260869565217391,0.11016949152542373,1.0,0.11016949152542373
sick,0,1,202,weighted_lr:oof_macro_f1,0.8546748098118113,0.6956521739130435,0.01977401129943503,0.875,0.0423728813559322
sick,0,1,202,weighted_lr:oof_balanced_accuracy,0.6051590142951122,0.8260869565217391,0.07344632768361582,1.0,0.08757062146892655
sick,0,1,202,rf:default,0.5,0.7391304347826086,0.0,0.9583333333333334,0.0
sick,0,1,202,rf:oof_macro_f1,0.4105163353046648,0.8260869565217391,0.0,1.0,0.002824858757062147
sick,0,1,202,rf:oof_balanced_accuracy,0.14718546796544624,0.9565217391304348,0.025423728813559324,1.0,0.0480225988700565
sick,0,1,202,balanced_rf:default,0.5,0.9130434782608695,0.03672316384180791,1.0,0.03954802259887006
sick,0,1,202,balanced_rf:oof_macro_f1,0.6647587064291262,0.7391304347826086,0.005649717514124294,0.9166666666666666,0.011299435028248588
sick,0,1,202,balanced_rf:oof_balanced_accuracy,0.4729265047445431,0.9565217391304348,0.03954802259887006,1.0,0.0480225988700565
sick,0,1,303,unweighted_lr:default,0.5,0.6086956521739131,0.00847457627118644,0.7083333333333334,0.005649717514124294
sick,0,1,303,unweighted_lr:oof_macro_f1,0.3141350617854643,0.7391304347826086,0.01694915254237288,0.875,0.01977401129943503
sick,0,1,303,unweighted_lr:oof_balanced_accuracy,0.1289373783447839,0.8260869565217391,0.06779661016949153,1.0,0.07627118644067797
sick,0,1,303,weighted_lr:default,0.5,0.8260869565217391,0.11016949152542373,1.0,0.11016949152542373
sick,0,1,303,weighted_lr:oof_macro_f1,0.8546748098118113,0.6956521739130435,0.01977401129943503,0.875,0.0423728813559322
sick,0,1,303,weighted_lr:oof_balanced_accuracy,0.6051590142951122,0.8260869565217391,0.07344632768361582,1.0,0.08757062146892655
sick,0,1,303,rf:default,0.5,0.7391304347826086,0.0,1.0,0.002824858757062147
sick,0,1,303,rf:oof_macro_f1,0.3390063973494206,0.9130434782608695,0.005649717514124294,1.0,0.011299435028248588
sick,0,1,303,rf:oof_balanced_accuracy,0.1277777777777778,1.0,0.031073446327683617,1.0,0.0423728813559322
sick,0,1,303,balanced_rf:default,0.5,0.9565217391304348,0.031073446327683617,1.0,0.031073446327683617
sick,0,1,303,balanced_rf:oof_macro_f1,0.6632992054604596,0.8695652173913043,0.005649717514124294,1.0,0.022598870056497175
sick,0,1,303,balanced_rf:oof_balanced_accuracy,0.4444633208928117,0.9565217391304348,0.03389830508474576,1.0,0.03954802259887006
sick,0,1,404,unweighted_lr:default,0.5,0.6086956521739131,0.00847457627118644,0.7083333333333334,0.005649717514124294
sick,0,1,404,unweighted_lr:oof_macro_f1,0.3141350617854643,0.7391304347826086,0.01694915254237288,0.875,0.01977401129943503
sick,0,1,404,unweighted_lr:oof_balanced_accuracy,0.1289373783447839,0.8260869565217391,0.06779661016949153,1.0,0.07627118644067797
sick,0,1,404,weighted_lr:default,0.5,0.8260869565217391,0.11016949152542373,1.0,0.11016949152542373
sick,0,1,404,weighted_lr:oof_macro_f1,0.8546748098118113,0.6956521739130435,0.01977401129943503,0.875,0.0423728813559322
sick,0,1,404,weighted_lr:oof_balanced_accuracy,0.6051590142951122,0.8260869565217391,0.07344632768361582,1.0,0.08757062146892655
sick,0,1,404,rf:default,0.5,0.6521739130434783,0.0,1.0,0.0
sick,0,1,404,rf:oof_macro_f1,0.3946138895274965,0.8260869565217391,0.002824858757062147,1.0,0.005649717514124294
sick,0,1,404,rf:oof_balanced_accuracy,0.09363558606593796,0.9565217391304348,0.05084745762711865,1.0,0.059322033898305086
sick,0,1,404,balanced_rf:default,0.5,1.0,0.01977401129943503,1.0,0.04519774011299435
sick,0,1,404,balanced_rf:oof_macro_f1,0.6304419959370453,0.8695652173913043,0.01977401129943503,1.0,0.022598870056497175
sick,0,1,404,balanced_rf:oof_balanced_accuracy,0.47402012789841735,1.0,0.022598870056497175,1.0,0.05367231638418079
sick,0,1,505,unweighted_lr:default,0.5,0.6086956521739131,0.00847457627118644,0.7083333333333334,0.005649717514124294
sick,0,1,505,unweighted_lr:oof_macro_f1,0.3141350617854643,0.7391304347826086,0.01694915254237288,0.875,0.01977401129943503
sick,0,1,505,unweighted_lr:oof_balanced_accuracy,0.1289373783447839,0.8260869565217391,0.06779661016949153,1.0,0.07627118644067797
sick,0,1,505,weighted_lr:default,0.5,0.8260869565217391,0.11016949152542373,1.0,0.11016949152542373
sick,0,1,505,weighted_lr:oof_macro_f1,0.8546748098118113,0.6956521739130435,0.01977401129943503,0.875,0.0423728813559322
sick,0,1,505,weighted_lr:oof_balanced_accuracy,0.6051590142951122,0.8260869565217391,0.07344632768361582,1.0,0.08757062146892655
sick,0,1,505,rf:default,0.5,0.7391304347826086,0.0,0.9583333333333334,0.002824858757062147
sick,0,1,505,rf:oof_macro_f1,0.4144671063919227,0.8695652173913043,0.0,1.0,0.002824858757062147
sick,0,1,505,rf:oof_balanced_accuracy,0.15172913985413983,1.0,0.01694915254237288,1.0,0.0423728813559322
sick,0,1,505,balanced_rf:default,0.5,0.9130434782608695,0.01694915254237288,1.0,0.031073446327683617
sick,0,1,505,balanced_rf:oof_macro_f1,0.6017467298590523,0.8695652173913043,0.005649717514124294,1.0,0.01694915254237288
sick,0,1,505,balanced_rf:oof_balanced_accuracy,0.40204545454545454,1.0,0.05649717514124294,1.0,0.07627118644067797
sick,0,2,101,unweighted_lr:default,0.5,0.5652173913043478,0.011299435028248588,0.6956521739130435,0.01694915254237288
sick,0,2,101,unweighted_lr:oof_macro_f1,0.31097521056459554,0.6956521739130435,0.01977401129943503,0.7391304347826086,0.025423728813559324
sick,0,2,101,unweighted_lr:oof_balanced_accuracy,0.13564205263850046,0.782608695652174,0.0423728813559322,0.7391304347826086,0.06497175141242938
sick,0,2,101,weighted_lr:default,0.5,0.8695652173913043,0.07909604519774012,0.7391304347826086,0.0847457627118644
sick,0,2,101,weighted_lr:oof_macro_f1,0.867414035603163,0.6521739130434783,0.014124293785310734,0.6956521739130435,0.03389830508474576
sick,0,2,101,weighted_lr:oof_balanced_accuracy,0.6176684919239638,0.8260869565217391,0.059322033898305086,0.7391304347826086,0.06497175141242938
sick,0,2,101,rf:default,0.5,0.6086956521739131,0.005649717514124294,0.6956521739130435,0.011299435028248588
sick,0,2,101,rf:oof_macro_f1,0.40452222047170894,0.6521739130434783,0.005649717514124294,0.6956521739130435,0.014124293785310734
sick,0,2,101,rf:oof_balanced_accuracy,0.1779088900310155,1.0,0.025423728813559324,0.8260869565217391,0.02824858757062147
sick,0,2,101,balanced_rf:default,0.5,0.8695652173913043,0.022598870056497175,0.782608695652174,0.02824858757062147
sick,0,2,101,balanced_rf:oof_macro_f1,0.700145202020202,0.782608695652174,0.011299435028248588,0.6956521739130435,0.01977401129943503
sick,0,2,101,balanced_rf:oof_balanced_accuracy,0.4346150043412619,0.9130434782608695,0.02824858757062147,0.8260869565217391,0.03954802259887006
sick,0,2,202,unweighted_lr:default,0.5,0.5652173913043478,0.011299435028248588,0.6956521739130435,0.01694915254237288
sick,0,2,202,unweighted_lr:oof_macro_f1,0.31097521056459554,0.6956521739130435,0.01977401129943503,0.7391304347826086,0.025423728813559324
sick,0,2,202,unweighted_lr:oof_balanced_accuracy,0.13564205263850046,0.782608695652174,0.0423728813559322,0.7391304347826086,0.06497175141242938
sick,0,2,202,weighted_lr:default,0.5,0.8695652173913043,0.07909604519774012,0.7391304347826086,0.0847457627118644
sick,0,2,202,weighted_lr:oof_macro_f1,0.867414035603163,0.6521739130434783,0.014124293785310734,0.6956521739130435,0.03389830508474576
sick,0,2,202,weighted_lr:oof_balanced_accuracy,0.6176684919239638,0.8260869565217391,0.059322033898305086,0.7391304347826086,0.06497175141242938
sick,0,2,202,rf:default,0.5,0.6086956521739131,0.0,0.6521739130434783,0.011299435028248588
sick,0,2,202,rf:oof_macro_f1,0.4006127450980392,0.6956521739130435,0.005649717514124294,0.6956521739130435,0.011299435028248588
sick,0,2,202,rf:oof_balanced_accuracy,0.2037050235459319,1.0,0.01694915254237288,0.8260869565217391,0.025423728813559324
sick,0,2,202,balanced_rf:default,0.5,0.9565217391304348,0.025423728813559324,0.782608695652174,0.031073446327683617
sick,0,2,202,balanced_rf:oof_macro_f1,0.7016861471861471,0.782608695652174,0.011299435028248588,0.6521739130434783,0.022598870056497175
sick,0,2,202,balanced_rf:oof_balanced_accuracy,0.4954591694234531,0.9565217391304348,0.02824858757062147,0.782608695652174,0.031073446327683617
sick,0,2,303,unweighted_lr:default,0.5,0.5652173913043478,0.011299435028248588,0.6956521739130435,0.01694915254237288
sick,0,2,303,unweighted_lr:oof_macro_f1,0.31097521056459554,0.6956521739130435,0.01977401129943503,0.7391304347826086,0.025423728813559324
sick,0,2,303,unweighted_lr:oof_balanced_accuracy,0.13564205263850046,0.782608695652174,0.0423728813559322,0.7391304347826086,0.06497175141242938
sick,0,2,303,weighted_lr:default,0.5,0.8695652173913043,0.07909604519774012,0.7391304347826086,0.0847457627118644
sick,0,2,303,weighted_lr:oof_macro_f1,0.867414035603163,0.6521739130434783,0.014124293785310734,0.6956521739130435,0.03389830508474576
sick,0,2,303,weighted_lr:oof_balanced_accuracy,0.6176684919239638,0.8260869565217391,0.059322033898305086,0.7391304347826086,0.06497175141242938
sick,0,2,303,rf:default,0.5,0.6521739130434783,0.005649717514124294,0.6521739130434783,0.00847457627118644
sick,0,2,303,rf:oof_macro_f1,0.43522980987266696,0.7391304347826086,0.005649717514124294,0.7391304347826086,0.00847457627118644
sick,0,2,303,rf:oof_balanced_accuracy,0.11453576892924913,1.0,0.0480225988700565,0.9565217391304348,0.03954802259887006
sick,0,2,303,balanced_rf:default,0.5,0.9565217391304348,0.025423728813559324,0.8260869565217391,0.031073446327683617
sick,0,2,303,balanced_rf:oof_macro_f1,0.7174901852533431,0.6956521739130435,0.011299435028248588,0.6956521739130435,0.01694915254237288
sick,0,2,303,balanced_rf:oof_balanced_accuracy,0.4091401058986355,1.0,0.03672316384180791,0.8695652173913043,0.0423728813559322
sick,0,2,404,unweighted_lr:default,0.5,0.5652173913043478,0.011299435028248588,0.6956521739130435,0.01694915254237288
sick,0,2,404,unweighted_lr:oof_macro_f1,0.31097521056459554,0.6956521739130435,0.01977401129943503,0.7391304347826086,0.025423728813559324
sick,0,2,404,unweighted_lr:oof_balanced_accuracy,0.13564205263850046,0.782608695652174,0.0423728813559322,0.7391304347826086,0.06497175141242938
sick,0,2,404,weighted_lr:default,0.5,0.8695652173913043,0.07909604519774012,0.7391304347826086,0.0847457627118644
sick,0,2,404,weighted_lr:oof_macro_f1,0.867414035603163,0.6521739130434783,0.014124293785310734,0.6956521739130435,0.03389830508474576
sick,0,2,404,weighted_lr:oof_balanced_accuracy,0.6176684919239638,0.8260869565217391,0.059322033898305086,0.7391304347826086,0.06497175141242938
sick,0,2,404,rf:default,0.5,0.6521739130434783,0.005649717514124294,0.6521739130434783,0.011299435028248588
sick,0,2,404,rf:oof_macro_f1,0.40765126881952407,0.7391304347826086,0.005649717514124294,0.6956521739130435,0.011299435028248588
sick,0,2,404,rf:oof_balanced_accuracy,0.12288050155226087,1.0,0.03389830508474576,0.9130434782608695,0.0423728813559322
sick,0,2,404,balanced_rf:default,0.5,0.9130434782608695,0.02824858757062147,0.8260869565217391,0.03389830508474576
sick,0,2,404,balanced_rf:oof_macro_f1,0.6296031746031746,0.8260869565217391,0.014124293785310734,0.7391304347826086,0.02824858757062147
sick,0,2,404,balanced_rf:oof_balanced_accuracy,0.4436079545454545,1.0,0.03672316384180791,0.8695652173913043,0.0423728813559322
sick,0,2,505,unweighted_lr:default,0.5,0.5652173913043478,0.011299435028248588,0.6956521739130435,0.01694915254237288
sick,0,2,505,unweighted_lr:oof_macro_f1,0.31097521056459554,0.6956521739130435,0.01977401129943503,0.7391304347826086,0.025423728813559324
sick,0,2,505,unweighted_lr:oof_balanced_accuracy,0.13564205263850046,0.782608695652174,0.0423728813559322,0.7391304347826086,0.06497175141242938
sick,0,2,505,weighted_lr:default,0.5,0.8695652173913043,0.07909604519774012,0.7391304347826086,0.0847457627118644
sick,0,2,505,weighted_lr:oof_macro_f1,0.867414035603163,0.6521739130434783,0.014124293785310734,0.6956521739130435,0.03389830508474576
sick,0,2,505,weighted_lr:oof_balanced_accuracy,0.6176684919239638,0.8260869565217391,0.059322033898305086,0.7391304347826086,0.06497175141242938
sick,0,2,505,rf:default,0.5,0.6086956521739131,0.002824858757062147,0.6521739130434783,0.005649717514124294
sick,0,2,505,rf:oof_macro_f1,0.47979123834314785,0.6086956521739131,0.002824858757062147,0.6521739130434783,0.011299435028248588
sick,0,2,505,rf:oof_balanced_accuracy,0.1722758777170542,0.9565217391304348,0.022598870056497175,0.8695652173913043,0.031073446327683617
sick,0,2,505,balanced_rf:default,0.5,0.8260869565217391,0.01977401129943503,0.8695652173913043,0.031073446327683617
sick,0,2,505,balanced_rf:oof_macro_f1,0.6249381419234361,0.8260869565217391,0.011299435028248588,0.7391304347826086,0.022598870056497175
sick,0,2,505,balanced_rf:oof_balanced_accuracy,0.4570928719972837,0.9130434782608695,0.02824858757062147,0.8695652173913043,0.031073446327683617
sick,0,3,101,unweighted_lr:default,0.5,0.5217391304347826,0.00847457627118644,0.6521739130434783,0.00847457627118644
sick,0,3,101,unweighted_lr:oof_macro_f1,0.3620340545389209,0.6521739130434783,0.01977401129943503,0.6956521739130435,0.011299435028248588
sick,0,3,101,unweighted_lr:oof_balanced_accuracy,0.13285341642768994,0.8695652173913043,0.07344632768361582,0.9130434782608695,0.06497175141242938
sick,0,3,101,weighted_lr:default,0.5,0.8695652173913043,0.11016949152542373,0.9130434782608695,0.11016949152542373
sick,0,3,101,weighted_lr:oof_macro_f1,0.9016178370553057,0.6086956521739131,0.025423728813559324,0.6956521739130435,0.011299435028248588
sick,0,3,101,weighted_lr:oof_balanced_accuracy,0.4905649997446731,0.8695652173913043,0.11581920903954802,0.9130434782608695,0.11016949152542373
sick,0,3,101,rf:default,0.5,0.782608695652174,0.005649717514124294,0.7391304347826086,0.005649717514124294
sick,0,3,101,rf:oof_macro_f1,0.2793740817561144,0.9130434782608695,0.011299435028248588,0.9565217391304348,0.011299435028248588
sick,0,3,101,rf:oof_balanced_accuracy,0.1507764666020185,0.9565217391304348,0.02824858757062147,1.0,0.03954802259887006
sick,0,3,101,balanced_rf:default,0.5,0.9565217391304348,0.022598870056497175,1.0,0.025423728813559324
sick,0,3,101,balanced_rf:oof_macro_f1,0.6544874777999777,0.8260869565217391,0.014124293785310734,0.9565217391304348,0.014124293785310734
sick,0,3,101,balanced_rf:oof_balanced_accuracy,0.5513496260683761,0.9130434782608695,0.01694915254237288,1.0,0.01977401129943503
sick,0,3,202,unweighted_lr:default,0.5,0.5217391304347826,0.00847457627118644,0.6521739130434783,0.00847457627118644
sick,0,3,202,unweighted_lr:oof_macro_f1,0.3620340545389209,0.6521739130434783,0.01977401129943503,0.6956521739130435,0.011299435028248588
sick,0,3,202,unweighted_lr:oof_balanced_accuracy,0.13285341642768994,0.8695652173913043,0.07344632768361582,0.9130434782608695,0.06497175141242938
sick,0,3,202,weighted_lr:default,0.5,0.8695652173913043,0.11016949152542373,0.9130434782608695,0.11016949152542373
sick,0,3,202,weighted_lr:oof_macro_f1,0.9016178370553057,0.6086956521739131,0.025423728813559324,0.6956521739130435,0.011299435028248588
sick,0,3,202,weighted_lr:oof_balanced_accuracy,0.4905649997446731,0.8695652173913043,0.11581920903954802,0.9130434782608695,0.11016949152542373
sick,0,3,202,rf:default,0.5,0.8260869565217391,0.005649717514124294,0.8260869565217391,0.005649717514124294
sick,0,3,202,rf:oof_macro_f1,0.43154876636073547,0.8695652173913043,0.005649717514124294,0.8260869565217391,0.005649717514124294
sick,0,3,202,rf:oof_balanced_accuracy,0.14616053561989623,0.9565217391304348,0.01977401129943503,1.0,0.03954802259887006
sick,0,3,202,balanced_rf:default,0.5,0.9565217391304348,0.02824858757062147,1.0,0.02824858757062147
sick,0,3,202,balanced_rf:oof_macro_f1,0.7142626899511479,0.782608695652174,0.005649717514124294,0.8695652173913043,0.00847457627118644
sick,0,3,202,balanced_rf:oof_balanced_accuracy,0.447824311732013,0.9565217391304348,0.05649717514124294,1.0,0.03389830508474576
sick,0,3,303,unweighted_lr:default,0.5,0.5217391304347826,0.00847457627118644,0.6521739130434783,0.00847457627118644
sick,0,3,303,unweighted_lr:oof_macro_f1,0.3620340545389209,0.6521739130434783,0.01977401129943503,0.6956521739130435,0.011299435028248588
sick,0,3,303,unweighted_lr:oof_balanced_accuracy,0.13285341642768994,0.8695652173913043,0.07344632768361582,0.9130434782608695,0.06497175141242938
sick,0,3,303,weighted_lr:default,0.5,0.8695652173913043,0.11016949152542373,0.9130434782608695,0.11016949152542373
sick,0,3,303,weighted_lr:oof_macro_f1,0.9016178370553057,0.6086956521739131,0.025423728813559324,0.6956521739130435,0.011299435028248588
sick,0,3,303,weighted_lr:oof_balanced_accuracy,0.4905649997446731,0.8695652173913043,0.11581920903954802,0.9130434782608695,0.11016949152542373
sick,0,3,303,rf:default,0.5,0.8260869565217391,0.002824858757062147,0.782608695652174,0.00847457627118644
sick,0,3,303,rf:oof_macro_f1,0.35244248903561665,0.8260869565217391,0.005649717514124294,0.9130434782608695,0.00847457627118644
sick,0,3,303,rf:oof_balanced_accuracy,0.14758876007525004,0.9565217391304348,0.031073446327683617,1.0,0.0423728813559322
sick,0,3,303,balanced_rf:default,0.5,0.9565217391304348,0.025423728813559324,1.0,0.02824858757062147
sick,0,3,303,balanced_rf:oof_macro_f1,0.7040584564324529,0.8260869565217391,0.011299435028248588,0.9130434782608695,0.014124293785310734
sick,0,3,303,balanced_rf:oof_balanced_accuracy,0.5173238411060813,0.9565217391304348,0.022598870056497175,1.0,0.02824858757062147
sick,0,3,404,unweighted_lr:default,0.5,0.5217391304347826,0.00847457627118644,0.6521739130434783,0.00847457627118644
sick,0,3,404,unweighted_lr:oof_macro_f1,0.3620340545389209,0.6521739130434783,0.01977401129943503,0.6956521739130435,0.011299435028248588
sick,0,3,404,unweighted_lr:oof_balanced_accuracy,0.13285341642768994,0.8695652173913043,0.07344632768361582,0.9130434782608695,0.06497175141242938
sick,0,3,404,weighted_lr:default,0.5,0.8695652173913043,0.11016949152542373,0.9130434782608695,0.11016949152542373
sick,0,3,404,weighted_lr:oof_macro_f1,0.9016178370553057,0.6086956521739131,0.025423728813559324,0.6956521739130435,0.011299435028248588
sick,0,3,404,weighted_lr:oof_balanced_accuracy,0.4905649997446731,0.8695652173913043,0.11581920903954802,0.9130434782608695,0.11016949152542373
sick,0,3,404,rf:default,0.5,0.8260869565217391,0.005649717514124294,0.782608695652174,0.005649717514124294
sick,0,3,404,rf:oof_macro_f1,0.35171036227504354,0.8695652173913043,0.00847457627118644,0.9130434782608695,0.00847457627118644
sick,0,3,404,rf:oof_balanced_accuracy,0.15610028445043495,0.9565217391304348,0.022598870056497175,1.0,0.03672316384180791
sick,0,3,404,balanced_rf:default,0.5,0.9565217391304348,0.03389830508474576,0.9565217391304348,0.02824858757062147
sick,0,3,404,balanced_rf:oof_macro_f1,0.6833333333333333,0.8695652173913043,0.00847457627118644,0.9130434782608695,0.00847457627118644
sick,0,3,404,balanced_rf:oof_balanced_accuracy,0.5472896241830065,0.9130434782608695,0.014124293785310734,0.9565217391304348,0.01977401129943503
sick,0,3,505,unweighted_lr:default,0.5,0.5217391304347826,0.00847457627118644,0.6521739130434783,0.00847457627118644
sick,0,3,505,unweighted_lr:oof_macro_f1,0.3620340545389209,0.6521739130434783,0.01977401129943503,0.6956521739130435,0.011299435028248588
sick,0,3,505,unweighted_lr:oof_balanced_accuracy,0.13285341642768994,0.8695652173913043,0.07344632768361582,0.9130434782608695,0.06497175141242938
sick,0,3,505,weighted_lr:default,0.5,0.8695652173913043,0.11016949152542373,0.9130434782608695,0.11016949152542373
sick,0,3,505,weighted_lr:oof_macro_f1,0.9016178370553057,0.6086956521739131,0.025423728813559324,0.6956521739130435,0.011299435028248588
sick,0,3,505,weighted_lr:oof_balanced_accuracy,0.4905649997446731,0.8695652173913043,0.11581920903954802,0.9130434782608695,0.11016949152542373
sick,0,3,505,rf:default,0.5,0.8260869565217391,0.005649717514124294,0.8260869565217391,0.00847457627118644
sick,0,3,505,rf:oof_macro_f1,0.3119637994940736,0.9130434782608695,0.011299435028248588,0.9565217391304348,0.014124293785310734
sick,0,3,505,rf:oof_balanced_accuracy,0.16555732450329314,0.9565217391304348,0.01977401129943503,1.0,0.025423728813559324
sick,0,3,505,balanced_rf:default,0.5,0.9565217391304348,0.025423728813559324,1.0,0.02824858757062147
sick,0,3,505,balanced_rf:oof_macro_f1,0.6706060606060606,0.8695652173913043,0.014124293785310734,0.9565217391304348,0.014124293785310734
sick,0,3,505,balanced_rf:oof_balanced_accuracy,0.4512570714480214,0.9565217391304348,0.031073446327683617,1.0,0.03389830508474576
sick,0,4,101,unweighted_lr:default,0.5,0.5652173913043478,0.00847457627118644,0.6086956521739131,0.005649717514124294
sick,0,4,101,unweighted_lr:oof_macro_f1,0.27876537866362827,0.9130434782608695,0.022598870056497175,0.6956521739130435,0.031073446327683617
sick,0,4,101,unweighted_lr:oof_balanced_accuracy,0.2097510658064994,0.9130434782608695,0.03389830508474576,0.782608695652174,0.05649717514124294
sick,0,4,101,weighted_lr:default,0.5,0.9130434782608695,0.09322033898305085,0.9130434782608695,0.11864406779661017
sick,0,4,101,weighted_lr:oof_macro_f1,0.8675940136290113,0.8260869565217391,0.01694915254237288,0.6521739130434783,0.025423728813559324
sick,0,4,101,weighted_lr:oof_balanced_accuracy,0.5657559056229979,0.9130434782608695,0.0847457627118644,0.8260869565217391,0.10734463276836158
sick,0,4,101,rf:default,0.5,0.7391304347826086,0.00847457627118644,0.7391304347826086,0.0
sick,0,4,101,rf:oof_macro_f1,0.47793959505018807,0.7391304347826086,0.00847457627118644,0.782608695652174,0.0
sick,0,4,101,rf:oof_balanced_accuracy,0.14592561521252795,0.9565217391304348,0.04519774011299435,0.8695652173913043,0.03954802259887006
sick,0,4,101,balanced_rf:default,0.5,0.9565217391304348,0.03672316384180791,0.8695652173913043,0.031073446327683617
sick,0,4,101,balanced_rf:oof_macro_f1,0.6247359831029186,0.9565217391304348,0.022598870056497175,0.8695652173913043,0.01977401129943503
sick,0,4,101,balanced_rf:oof_balanced_accuracy,0.4169763086654529,0.9565217391304348,0.05649717514124294,0.8695652173913043,0.0423728813559322
sick,0,4,202,unweighted_lr:default,0.5,0.5652173913043478,0.00847457627118644,0.6086956521739131,0.005649717514124294
sick,0,4,202,unweighted_lr:oof_macro_f1,0.27876537866362827,0.9130434782608695,0.022598870056497175,0.6956521739130435,0.031073446327683617
sick,0,4,202,unweighted_lr:oof_balanced_accuracy,0.2097510658064994,0.9130434782608695,0.03389830508474576,0.782608695652174,0.05649717514124294
sick,0,4,202,weighted_lr:default,0.5,0.9130434782608695,0.09322033898305085,0.9130434782608695,0.11864406779661017
sick,0,4,202,weighted_lr:oof_macro_f1,0.8675940136290113,0.8260869565217391,0.01694915254237288,0.6521739130434783,0.025423728813559324
sick,0,4,202,weighted_lr:oof_balanced_accuracy,0.5657559056229979,0.9130434782608695,0.0847457627118644,0.8260869565217391,0.10734463276836158
sick,0,4,202,rf:default,0.5,0.6956521739130435,0.002824858757062147,0.6956521739130435,0.0
sick,0,4,202,rf:oof_macro_f1,0.37628927344133534,0.9130434782608695,0.014124293785310734,0.782608695652174,0.0
sick,0,4,202,rf:oof_balanced_accuracy,0.12138013830714736,1.0,0.062146892655367235,0.8695652173913043,0.05367231638418079
sick,0,4,202,balanced_rf:default,0.5,0.9565217391304348,0.0423728813559322,0.8695652173913043,0.025423728813559324
sick,0,4,202,balanced_rf:oof_macro_f1,0.718448717948718,0.8695652173913043,0.014124293785310734,0.8260869565217391,0.005649717514124294
sick,0,4,202,balanced_rf:oof_balanced_accuracy,0.4930358263832841,0.9565217391304348,0.0423728813559322,0.8695652173913043,0.025423728813559324
sick,0,4,303,unweighted_lr:default,0.5,0.5652173913043478,0.00847457627118644,0.6086956521739131,0.005649717514124294
sick,0,4,303,unweighted_lr:oof_macro_f1,0.27876537866362827,0.9130434782608695,0.022598870056497175,0.6956521739130435,0.031073446327683617
sick,0,4,303,unweighted_lr:oof_balanced_accuracy,0.2097510658064994,0.9130434782608695,0.03389830508474576,0.782608695652174,0.05649717514124294
sick,0,4,303,weighted_lr:default,0.5,0.9130434782608695,0.09322033898305085,0.9130434782608695,0.11864406779661017
sick,0,4,303,weighted_lr:oof_macro_f1,0.8675940136290113,0.8260869565217391,0.01694915254237288,0.6521739130434783,0.025423728813559324
sick,0,4,303,weighted_lr:oof_balanced_accuracy,0.5657559056229979,0.9130434782608695,0.0847457627118644,0.8260869565217391,0.10734463276836158
sick,0,4,303,rf:default,0.5,0.782608695652174,0.002824858757062147,0.6956521739130435,0.0
sick,0,4,303,rf:oof_macro_f1,0.35072745104682024,0.8695652173913043,0.014124293785310734,0.782608695652174,0.0
sick,0,4,303,rf:oof_balanced_accuracy,0.1435498382319282,1.0,0.0480225988700565,0.8695652173913043,0.03672316384180791
sick,0,4,303,balanced_rf:default,0.5,0.9565217391304348,0.03954802259887006,0.8695652173913043,0.025423728813559324
sick,0,4,303,balanced_rf:oof_macro_f1,0.6712403449527152,0.9565217391304348,0.01694915254237288,0.8260869565217391,0.00847457627118644
sick,0,4,303,balanced_rf:oof_balanced_accuracy,0.37400883838383836,0.9565217391304348,0.06779661016949153,0.8695652173913043,0.06497175141242938
sick,0,4,404,unweighted_lr:default,0.5,0.5652173913043478,0.00847457627118644,0.6086956521739131,0.005649717514124294
sick,0,4,404,unweighted_lr:oof_macro_f1,0.27876537866362827,0.9130434782608695,0.022598870056497175,0.6956521739130435,0.031073446327683617
sick,0,4,404,unweighted_lr:oof_balanced_accuracy,0.2097510658064994,0.9130434782608695,0.03389830508474576,0.782608695652174,0.05649717514124294
sick,0,4,404,weighted_lr:default,0.5,0.9130434782608695,0.09322033898305085,0.9130434782608695,0.11864406779661017
sick,0,4,404,weighted_lr:oof_macro_f1,0.8675940136290113,0.8260869565217391,0.01694915254237288,0.6521739130434783,0.025423728813559324
sick,0,4,404,weighted_lr:oof_balanced_accuracy,0.5657559056229979,0.9130434782608695,0.0847457627118644,0.8260869565217391,0.10734463276836158
sick,0,4,404,rf:default,0.5,0.7391304347826086,0.00847457627118644,0.7391304347826086,0.0
sick,0,4,404,rf:oof_macro_f1,0.48319585702034396,0.782608695652174,0.00847457627118644,0.7391304347826086,0.0
sick,0,4,404,rf:oof_balanced_accuracy,0.11599974814464235,0.9565217391304348,0.062146892655367235,0.8695652173913043,0.04519774011299435
sick,0,4,404,balanced_rf:default,0.5,0.9565217391304348,0.05367231638418079,0.8695652173913043,0.031073446327683617
sick,0,4,404,balanced_rf:oof_macro_f1,0.6615402375402376,0.9130434782608695,0.025423728813559324,0.8695652173913043,0.022598870056497175
sick,0,4,404,balanced_rf:oof_balanced_accuracy,0.4731159026746018,0.9565217391304348,0.062146892655367235,0.8695652173913043,0.0423728813559322
sick,0,4,505,unweighted_lr:default,0.5,0.5652173913043478,0.00847457627118644,0.6086956521739131,0.005649717514124294
sick,0,4,505,unweighted_lr:oof_macro_f1,0.27876537866362827,0.9130434782608695,0.022598870056497175,0.6956521739130435,0.031073446327683617
sick,0,4,505,unweighted_lr:oof_balanced_accuracy,0.2097510658064994,0.9130434782608695,0.03389830508474576,0.782608695652174,0.05649717514124294
sick,0,4,505,weighted_lr:default,0.5,0.9130434782608695,0.09322033898305085,0.9130434782608695,0.11864406779661017
sick,0,4,505,weighted_lr:oof_macro_f1,0.8675940136290113,0.8260869565217391,0.01694915254237288,0.6521739130434783,0.025423728813559324
sick,0,4,505,weighted_lr:oof_balanced_accuracy,0.5657559056229979,0.9130434782608695,0.0847457627118644,0.8260869565217391,0.10734463276836158
sick,0,4,505,rf:default,0.5,0.782608695652174,0.002824858757062147,0.7391304347826086,0.0
sick,0,4,505,rf:oof_macro_f1,0.3518085177964211,0.9130434782608695,0.014124293785310734,0.8260869565217391,0.00847457627118644
sick,0,4,505,rf:oof_balanced_accuracy,0.12336263736263735,0.9565217391304348,0.05367231638418079,0.8695652173913043,0.03672316384180791
sick,0,4,505,balanced_rf:default,0.5,0.9565217391304348,0.031073446327683617,0.8695652173913043,0.025423728813559324
sick,0,4,505,balanced_rf:oof_macro_f1,0.6739001215645952,0.8695652173913043,0.01694915254237288,0.8260869565217391,0.00847457627118644
sick,0,4,505,balanced_rf:oof_balanced_accuracy,0.3963571234285478,0.9565217391304348,0.062146892655367235,0.8695652173913043,0.04519774011299435
sick,1,0,101,unweighted_lr:default,0.5,0.5217391304347826,0.025423728813559324,0.6521739130434783,0.008450704225352112
sick,1,0,101,unweighted_lr:oof_macro_f1,0.39169379660406767,0.6521739130434783,0.025423728813559324,0.6956521739130435,0.016901408450704224
sick,1,0,101,unweighted_lr:oof_balanced_accuracy,0.2210253338656938,0.8695652173913043,0.05084745762711865,0.7391304347826086,0.030985915492957747
sick,1,0,101,weighted_lr:default,0.5,0.9130434782608695,0.12146892655367232,0.782608695652174,0.09577464788732394
sick,1,0,101,weighted_lr:oof_macro_f1,0.8798024763062977,0.6521739130434783,0.03389830508474576,0.6521739130434783,0.016901408450704224
sick,1,0,101,weighted_lr:oof_balanced_accuracy,0.6120643194664328,0.9130434782608695,0.10451977401129943,0.782608695652174,0.0676056338028169
sick,1,0,101,rf:default,0.5,0.8695652173913043,0.005649717514124294,0.7391304347826086,0.0028169014084507044
sick,1,0,101,rf:oof_macro_f1,0.330651081036223,0.9565217391304348,0.025423728813559324,0.8695652173913043,0.014084507042253521
sick,1,0,101,rf:oof_balanced_accuracy,0.12148746728521469,1.0,0.07062146892655367,1.0,0.05352112676056338
sick,1,0,101,balanced_rf:default,0.5,1.0,0.0423728813559322,0.8260869565217391,0.036619718309859155
sick,1,0,101,balanced_rf:oof_macro_f1,0.6096523350719598,0.9130434782608695,0.03954802259887006,0.8260869565217391,0.028169014084507043
sick,1,0,101,balanced_rf:oof_balanced_accuracy,0.5011762400885118,1.0,0.0423728813559322,0.8260869565217391,0.036619718309859155
sick,1,0,202,unweighted_lr:default,0.5,0.5217391304347826,0.025423728813559324,0.6521739130434783,0.008450704225352112
sick,1,0,202,unweighted_lr:oof_macro_f1,0.39169379660406767,0.6521739130434783,0.025423728813559324,0.6956521739130435,0.016901408450704224
sick,1,0,202,unweighted_lr:oof_balanced_accuracy,0.2210253338656938,0.8695652173913043,0.05084745762711865,0.7391304347826086,0.030985915492957747
sick,1,0,202,weighted_lr:default,0.5,0.9130434782608695,0.12146892655367232,0.782608695652174,0.09577464788732394
sick,1,0,202,weighted_lr:oof_macro_f1,0.8798024763062977,0.6521739130434783,0.03389830508474576,0.6521739130434783,0.016901408450704224
sick,1,0,202,weighted_lr:oof_balanced_accuracy,0.6120643194664328,0.9130434782608695,0.10451977401129943,0.782608695652174,0.0676056338028169
sick,1,0,202,rf:default,0.5,0.782608695652174,0.011299435028248588,0.7391304347826086,0.0028169014084507044
sick,1,0,202,rf:oof_macro_f1,0.3136905736372427,1.0,0.02824858757062147,0.8260869565217391,0.014084507042253521
sick,1,0,202,rf:oof_balanced_accuracy,0.1252083333333333,1.0,0.059322033898305086,0.9565217391304348,0.03943661971830986
sick,1,0,202,balanced_rf:default,0.5,1.0,0.062146892655367235,0.9130434782608695,0.03943661971830986
sick,1,0,202,balanced_rf:oof_macro_f1,0.6306726787705049,0.9130434782608695,0.03672316384180791,0.8260869565217391,0.01971830985915493
sick,1,0,202,balanced_rf:oof_balanced_accuracy,0.47819068120453434,1.0,0.06497175141242938,0.9130434782608695,0.03943661971830986
sick,1,0,303,unweighted_lr:default,0.5,0.5217391304347826,0.025423728813559324,0.6521739130434783,0.008450704225352112
sick,1,0,303,unweighted_lr:oof_macro_f1,0.39169379660406767,0.6521739130434783,0.025423728813559324,0.6956521739130435,0.016901408450704224
sick,1,0,303,unweighted_lr:oof_balanced_accuracy,0.2210253338656938,0.8695652173913043,0.05084745762711865,0.7391304347826086,0.030985915492957747
sick,1,0,303,weighted_lr:default,0.5,0.9130434782608695,0.12146892655367232,0.782608695652174,0.09577464788732394
sick,1,0,303,weighted_lr:oof_macro_f1,0.8798024763062977,0.6521739130434783,0.03389830508474576,0.6521739130434783,0.016901408450704224
sick,1,0,303,weighted_lr:oof_balanced_accuracy,0.6120643194664328,0.9130434782608695,0.10451977401129943,0.782608695652174,0.0676056338028169
sick,1,0,303,rf:default,0.5,0.782608695652174,0.00847457627118644,0.7391304347826086,0.0028169014084507044
sick,1,0,303,rf:oof_macro_f1,0.36019779670428104,0.9130434782608695,0.025423728813559324,0.782608695652174,0.016901408450704224
sick,1,0,303,rf:oof_balanced_accuracy,0.11358753166338306,1.0,0.07062146892655367,0.9565217391304348,0.04788732394366197
sick,1,0,303,balanced_rf:default,0.5,1.0,0.062146892655367235,0.8695652173913043,0.04507042253521127
sick,1,0,303,balanced_rf:oof_macro_f1,0.6247798242774879,0.9565217391304348,0.031073446327683617,0.8260869565217391,0.014084507042253521
sick,1,0,303,balanced_rf:oof_balanced_accuracy,0.468752780255212,1.0,0.06497175141242938,0.8695652173913043,0.04788732394366197
sick,1,0,404,unweighted_lr:default,0.5,0.5217391304347826,0.025423728813559324,0.6521739130434783,0.008450704225352112
sick,1,0,404,unweighted_lr:oof_macro_f1,0.39169379660406767,0.6521739130434783,0.025423728813559324,0.6956521739130435,0.016901408450704224
sick,1,0,404,unweighted_lr:oof_balanced_accuracy,0.2210253338656938,0.8695652173913043,0.05084745762711865,0.7391304347826086,0.030985915492957747
sick,1,0,404,weighted_lr:default,0.5,0.9130434782608695,0.12146892655367232,0.782608695652174,0.09577464788732394
sick,1,0,404,weighted_lr:oof_macro_f1,0.8798024763062977,0.6521739130434783,0.03389830508474576,0.6521739130434783,0.016901408450704224
sick,1,0,404,weighted_lr:oof_balanced_accuracy,0.6120643194664328,0.9130434782608695,0.10451977401129943,0.782608695652174,0.0676056338028169
sick,1,0,404,rf:default,0.5,0.7391304347826086,0.00847457627118644,0.7391304347826086,0.0028169014084507044
sick,1,0,404,rf:oof_macro_f1,0.3479051150414605,0.9130434782608695,0.031073446327683617,0.782608695652174,0.011267605633802818
sick,1,0,404,rf:oof_balanced_accuracy,0.12994128212213318,1.0,0.062146892655367235,0.9565217391304348,0.04225352112676056
sick,1,0,404,balanced_rf:default,0.5,0.9565217391304348,0.05367231638418079,0.9130434782608695,0.03380281690140845
sick,1,0,404,balanced_rf:oof_macro_f1,0.6588691616493342,0.782608695652174,0.03389830508474576,0.8260869565217391,0.01971830985915493
sick,1,0,404,balanced_rf:oof_balanced_accuracy,0.4220245726495727,1.0,0.06497175141242938,0.9130434782608695,0.04225352112676056
sick,1,0,505,unweighted_lr:default,0.5,0.5217391304347826,0.025423728813559324,0.6521739130434783,0.008450704225352112
sick,1,0,505,unweighted_lr:oof_macro_f1,0.39169379660406767,0.6521739130434783,0.025423728813559324,0.6956521739130435,0.016901408450704224
sick,1,0,505,unweighted_lr:oof_balanced_accuracy,0.2210253338656938,0.8695652173913043,0.05084745762711865,0.7391304347826086,0.030985915492957747
sick,1,0,505,weighted_lr:default,0.5,0.9130434782608695,0.12146892655367232,0.782608695652174,0.09577464788732394
sick,1,0,505,weighted_lr:oof_macro_f1,0.8798024763062977,0.6521739130434783,0.03389830508474576,0.6521739130434783,0.016901408450704224
sick,1,0,505,weighted_lr:oof_balanced_accuracy,0.6120643194664328,0.9130434782608695,0.10451977401129943,0.782608695652174,0.0676056338028169
sick,1,0,505,rf:default,0.5,0.782608695652174,0.005649717514124294,0.7391304347826086,0.0028169014084507044
sick,1,0,505,rf:oof_macro_f1,0.3482220416919058,0.9130434782608695,0.02824858757062147,0.782608695652174,0.008450704225352112
sick,1,0,505,rf:oof_balanced_accuracy,0.12196645873055137,1.0,0.0480225988700565,0.9565217391304348,0.04507042253521127
sick,1,0,505,balanced_rf:default,0.5,1.0,0.04519774011299435,0.9130434782608695,0.03380281690140845
sick,1,0,505,balanced_rf:oof_macro_f1,0.654041659920144,0.8695652173913043,0.02824858757062147,0.8260869565217391,0.016901408450704224
sick,1,0,505,balanced_rf:oof_balanced_accuracy,0.4110875597092618,1.0,0.07062146892655367,0.9565217391304348,0.05352112676056338
sick,1,1,101,unweighted_lr:default,0.5,0.6956521739130435,0.002824858757062147,0.7083333333333334,0.0
sick,1,1,101,unweighted_lr:oof_macro_f1,0.3024708719583659,0.8695652173913043,0.01694915254237288,0.875,0.002824858757062147
sick,1,1,101,unweighted_lr:oof_balanced_accuracy,0.1757296209928451,0.8695652173913043,0.05367231638418079,0.9583333333333334,0.01977401129943503
sick,1,1,101,weighted_lr:default,0.5,0.8695652173913043,0.12146892655367232,0.9583333333333334,0.07627118644067797
sick,1,1,101,weighted_lr:oof_macro_f1,0.8461367149175678,0.8695652173913043,0.02824858757062147,0.875,0.002824858757062147
sick,1,1,101,weighted_lr:oof_balanced_accuracy,0.6034035309305283,0.8695652173913043,0.09322033898305085,0.9583333333333334,0.05649717514124294
sick,1,1,101,rf:default,0.5,0.782608695652174,0.002824858757062147,0.8333333333333334,0.002824858757062147
sick,1,1,101,rf:oof_macro_f1,0.3153496588693957,0.8695652173913043,0.005649717514124294,0.9166666666666666,0.002824858757062147
sick,1,1,101,rf:oof_balanced_accuracy,0.13121550288014155,0.9565217391304348,0.04519774011299435,1.0,0.031073446327683617
sick,1,1,101,balanced_rf:default,0.5,0.9565217391304348,0.02824858757062147,1.0,0.022598870056497175
sick,1,1,101,balanced_rf:oof_macro_f1,0.6808731458731458,0.8695652173913043,0.011299435028248588,0.9166666666666666,0.00847457627118644
sick,1,1,101,balanced_rf:oof_balanced_accuracy,0.47998048694580026,0.9565217391304348,0.03672316384180791,1.0,0.031073446327683617
sick,1,1,202,unweighted_lr:default,0.5,0.6956521739130435,0.002824858757062147,0.7083333333333334,0.0
sick,1,1,202,unweighted_lr:oof_macro_f1,0.3024708719583659,0.8695652173913043,0.01694915254237288,0.875,0.002824858757062147
sick,1,1,202,unweighted_lr:oof_balanced_accuracy,0.1757296209928451,0.8695652173913043,0.05367231638418079,0.9583333333333334,0.01977401129943503
sick,1,1,202,weighted_lr:default,0.5,0.8695652173913043,0.12146892655367232,0.9583333333333334,0.07627118644067797
sick,1,1,202,weighted_lr:oof_macro_f1,0.8461367149175678,0.8695652173913043,0.02824858757062147,0.875,0.002824858757062147
sick,1,1,202,weighted_lr:oof_balanced_accuracy,0.6034035309305283,0.8695652173913043,0.09322033898305085,0.9583333333333334,0.05649717514124294
sick,1,1,202,rf:default,0.5,0.8260869565217391,0.0,0.8333333333333334,0.002824858757062147
sick,1,1,202,rf:oof_macro_f1,0.3299282372619411,0.8695652173913043,0.00847457627118644,0.9583333333333334,0.005649717514124294
sick,1,1,202,rf:oof_balanced_accuracy,0.21620896409999935,0.9565217391304348,0.00847457627118644,1.0,0.011299435028248588
sick,1,1,202,balanced_rf:default,0.5,0.9130434782608695,0.025423728813559324,1.0,0.014124293785310734
sick,1,1,202,balanced_rf:oof_macro_f1,0.6305859010270776,0.8695652173913043,0.00847457627118644,0.9166666666666666,0.005649717514124294
sick,1,1,202,balanced_rf:oof_balanced_accuracy,0.45287484482732837,0.9565217391304348,0.03389830508474576,1.0,0.03389830508474576
sick,1,1,303,unweighted_lr:default,0.5,0.6956521739130435,0.002824858757062147,0.7083333333333334,0.0
sick,1,1,303,unweighted_lr:oof_macro_f1,0.3024708719583659,0.8695652173913043,0.01694915254237288,0.875,0.002824858757062147
sick,1,1,303,unweighted_lr:oof_balanced_accuracy,0.1757296209928451,0.8695652173913043,0.05367231638418079,0.9583333333333334,0.01977401129943503
sick,1,1,303,weighted_lr:default,0.5,0.8695652173913043,0.12146892655367232,0.9583333333333334,0.07627118644067797
sick,1,1,303,weighted_lr:oof_macro_f1,0.8461367149175678,0.8695652173913043,0.02824858757062147,0.875,0.002824858757062147
sick,1,1,303,weighted_lr:oof_balanced_accuracy,0.6034035309305283,0.8695652173913043,0.09322033898305085,0.9583333333333334,0.05649717514124294
sick,1,1,303,rf:default,0.5,0.782608695652174,0.002824858757062147,0.8333333333333334,0.002824858757062147
sick,1,1,303,rf:oof_macro_f1,0.30416949625232514,0.9130434782608695,0.005649717514124294,0.9583333333333334,0.002824858757062147
sick,1,1,303,rf:oof_balanced_accuracy,0.11140522660182473,0.9565217391304348,0.0423728813559322,1.0,0.031073446327683617
sick,1,1,303,balanced_rf:default,0.5,0.9565217391304348,0.01977401129943503,1.0,0.01694915254237288
sick,1,1,303,balanced_rf:oof_macro_f1,0.700919251492646,0.8260869565217391,0.005649717514124294,0.9166666666666666,0.005649717514124294
sick,1,1,303,balanced_rf:oof_balanced_accuracy,0.45977281948009796,0.9565217391304348,0.03389830508474576,1.0,0.03389830508474576
sick,1,1,404,unweighted_lr:default,0.5,0.6956521739130435,0.002824858757062147,0.7083333333333334,0.0
sick,1,1,404,unweighted_lr:oof_macro_f1,0.3024708719583659,0.8695652173913043,0.01694915254237288,0.875,0.002824858757062147
sick,1,1,404,unweighted_lr:oof_balanced_accuracy,0.1757296209928451,0.8695652173913043,0.05367231638418079,0.9583333333333334,0.01977401129943503
sick,1,1,404,weighted_lr:default,0.5,0.8695652173913043,0.12146892655367232,0.9583333333333334,0.07627118644067797
sick,1,1,404,weighted_lr:oof_macro_f1,0.8461367149175678,0.8695652173913043,0.02824858757062147,0.875,0.002824858757062147
sick,1,1,404,weighted_lr:oof_balanced_accuracy,0.6034035309305283,0.8695652173913043,0.09322033898305085,0.9583333333333334,0.05649717514124294
sick,1,1,404,rf:default,0.5,0.782608695652174,0.002824858757062147,0.875,0.002824858757062147
sick,1,1,404,rf:oof_macro_f1,0.40042080777744893,0.8695652173913043,0.005649717514124294,0.9166666666666666,0.002824858757062147
sick,1,1,404,rf:oof_balanced_accuracy,0.2132778094167688,0.9565217391304348,0.00847457627118644,0.9583333333333334,0.00847457627118644
sick,1,1,404,balanced_rf:default,0.5,0.9565217391304348,0.01977401129943503,1.0,0.011299435028248588
sick,1,1,404,balanced_rf:oof_macro_f1,0.6316712454212453,0.8695652173913043,0.00847457627118644,0.9166666666666666,0.005649717514124294
sick,1,1,404,balanced_rf:oof_balanced_accuracy,0.4993168673431832,0.9565217391304348,0.01977401129943503,1.0,0.011299435028248588
sick,1,1,505,unweighted_lr:default,0.5,0.6956521739130435,0.002824858757062147,0.7083333333333334,0.0
sick,1,1,505,unweighted_lr:oof_macro_f1,0.3024708719583659,0.8695652173913043,0.01694915254237288,0.875,0.002824858757062147
sick,1,1,505,unweighted_lr:oof_balanced_accuracy,0.1757296209928451,0.8695652173913043,0.05367231638418079,0.9583333333333334,0.01977401129943503
sick,1,1,505,weighted_lr:default,0.5,0.8695652173913043,0.12146892655367232,0.9583333333333334,0.07627118644067797
sick,1,1,505,weighted_lr:oof_macro_f1,0.8461367149175678,0.8695652173913043,0.02824858757062147,0.875,0.002824858757062147
sick,1,1,505,weighted_lr:oof_balanced_accuracy,0.6034035309305283,0.8695652173913043,0.09322033898305085,0.9583333333333334,0.05649717514124294
sick,1,1,505,rf:default,0.5,0.782608695652174,0.002824858757062147,0.8333333333333334,0.002824858757062147
sick,1,1,505,rf:oof_macro_f1,0.3806529069946069,0.8695652173913043,0.005649717514124294,0.9166666666666666,0.002824858757062147
sick,1,1,505,rf:oof_balanced_accuracy,0.1710625418897478,0.9565217391304348,0.014124293785310734,1.0,0.011299435028248588
sick,1,1,505,balanced_rf:default,0.5,0.9565217391304348,0.0423728813559322,1.0,0.022598870056497175
sick,1,1,505,balanced_rf:oof_macro_f1,0.7210204511912293,0.8695652173913043,0.005649717514124294,0.9166666666666666,0.005649717514124294
sick,1,1,505,balanced_rf:oof_balanced_accuracy,0.40676440494988875,0.9565217391304348,0.0847457627118644,1.0,0.059322033898305086
sick,1,2,101,unweighted_lr:default,0.5,0.5652173913043478,0.005649717514124294,0.5652173913043478,0.014124293785310734
sick,1,2,101,unweighted_lr:oof_macro_f1,0.34457955230188975,0.6086956521739131,0.011299435028248588,0.7391304347826086,0.025423728813559324
sick,1,2,101,unweighted_lr:oof_balanced_accuracy,0.1766591648146351,0.8695652173913043,0.03954802259887006,0.8260869565217391,0.05367231638418079
sick,1,2,101,weighted_lr:default,0.5,0.9130434782608695,0.09887005649717515,0.8260869565217391,0.11299435028248588
sick,1,2,101,weighted_lr:oof_macro_f1,0.8899447251670398,0.6086956521739131,0.011299435028248588,0.6956521739130435,0.022598870056497175
sick,1,2,101,weighted_lr:oof_balanced_accuracy,0.5785268298549888,0.9130434782608695,0.07344632768361582,0.8260869565217391,0.09322033898305085
sick,1,2,101,rf:default,0.5,0.6956521739130435,0.00847457627118644,0.7391304347826086,0.002824858757062147
sick,1,2,101,rf:oof_macro_f1,0.46300387112887115,0.7391304347826086,0.00847457627118644,0.7391304347826086,0.002824858757062147
sick,1,2,101,rf:oof_balanced_accuracy,0.16707879127827022,0.9565217391304348,0.03672316384180791,0.9130434782608695,0.02824858757062147
sick,1,2,101,balanced_rf:default,0.5,0.9130434782608695,0.03672316384180791,0.9130434782608695,0.031073446327683617
sick,1,2,101,balanced_rf:oof_macro_f1,0.6418434864513538,0.8260869565217391,0.022598870056497175,0.8260869565217391,0.014124293785310734
sick,1,2,101,balanced_rf:oof_balanced_accuracy,0.474936808056556,0.9130434782608695,0.0480225988700565,0.9130434782608695,0.0423728813559322
sick,1,2,202,unweighted_lr:default,0.5,0.5652173913043478,0.005649717514124294,0.5652173913043478,0.014124293785310734
sick,1,2,202,unweighted_lr:oof_macro_f1,0.34457955230188975,0.6086956521739131,0.011299435028248588,0.7391304347826086,0.025423728813559324
sick,1,2,202,unweighted_lr:oof_balanced_accuracy,0.1766591648146351,0.8695652173913043,0.03954802259887006,0.8260869565217391,0.05367231638418079
sick,1,2,202,weighted_lr:default,0.5,0.9130434782608695,0.09887005649717515,0.8260869565217391,0.11299435028248588
sick,1,2,202,weighted_lr:oof_macro_f1,0.8899447251670398,0.6086956521739131,0.011299435028248588,0.6956521739130435,0.022598870056497175
sick,1,2,202,weighted_lr:oof_balanced_accuracy,0.5785268298549888,0.9130434782608695,0.07344632768361582,0.8260869565217391,0.09322033898305085
sick,1,2,202,rf:default,0.5,0.6956521739130435,0.005649717514124294,0.7391304347826086,0.002824858757062147
sick,1,2,202,rf:oof_macro_f1,0.3448754723264444,0.8695652173913043,0.011299435028248588,0.782608695652174,0.00847457627118644
sick,1,2,202,rf:oof_balanced_accuracy,0.17450909584575655,0.9565217391304348,0.03672316384180791,0.8695652173913043,0.025423728813559324
sick,1,2,202,balanced_rf:default,0.5,0.9130434782608695,0.022598870056497175,0.9130434782608695,0.01694915254237288
sick,1,2,202,balanced_rf:oof_macro_f1,0.6925000000000001,0.8260869565217391,0.011299435028248588,0.7391304347826086,0.014124293785310734
sick,1,2,202,balanced_rf:oof_balanced_accuracy,0.47757867494824013,0.9130434782608695,0.02824858757062147,0.9130434782608695,0.01694915254237288
sick,1,2,303,unweighted_lr:default,0.5,0.5652173913043478,0.005649717514124294,0.5652173913043478,0.014124293785310734
sick,1,2,303,unweighted_lr:oof_macro_f1,0.34457955230188975,0.6086956521739131,0.011299435028248588,0.7391304347826086,0.025423728813559324
sick,1,2,303,unweighted_lr:oof_balanced_accuracy,0.1766591648146351,0.8695652173913043,0.03954802259887006,0.8260869565217391,0.05367231638418079
sick,1,2,303,weighted_lr:default,0.5,0.9130434782608695,0.09887005649717515,0.8260869565217391,0.11299435028248588
sick,1,2,303,weighted_lr:oof_macro_f1,0.8899447251670398,0.6086956521739131,0.011299435028248588,0.6956521739130435,0.022598870056497175
sick,1,2,303,weighted_lr:oof_balanced_accuracy,0.5785268298549888,0.9130434782608695,0.07344632768361582,0.8260869565217391,0.09322033898305085
sick,1,2,303,rf:default,0.5,0.6956521739130435,0.002824858757062147,0.7391304347826086,0.002824858757062147
sick,1,2,303,rf:oof_macro_f1,0.4454203211422252,0.782608695652174,0.00847457627118644,0.7391304347826086,0.002824858757062147
sick,1,2,303,rf:oof_balanced_accuracy,0.14990960020371785,0.9565217391304348,0.031073446327683617,0.9565217391304348,0.031073446327683617
sick,1,2,303,balanced_rf:default,0.5,0.9130434782608695,0.03389830508474576,0.9130434782608695,0.025423728813559324
sick,1,2,303,balanced_rf:oof_macro_f1,0.6713948448251518,0.9130434782608695,0.01694915254237288,0.782608695652174,0.014124293785310734
sick,1,2,303,balanced_rf:oof_balanced_accuracy,0.4301683826683826,0.9130434782608695,0.05649717514124294,0.9565217391304348,0.05084745762711865
sick,1,2,404,unweighted_lr:default,0.5,0.5652173913043478,0.005649717514124294,0.5652173913043478,0.014124293785310734
sick,1,2,404,unweighted_lr:oof_macro_f1,0.34457955230188975,0.6086956521739131,0.011299435028248588,0.7391304347826086,0.025423728813559324
sick,1,2,404,unweighted_lr:oof_balanced_accuracy,0.1766591648146351,0.8695652173913043,0.03954802259887006,0.8260869565217391,0.05367231638418079
sick,1,2,404,weighted_lr:default,0.5,0.9130434782608695,0.09887005649717515,0.8260869565217391,0.11299435028248588
sick,1,2,404,weighted_lr:oof_macro_f1,0.8899447251670398,0.6086956521739131,0.011299435028248588,0.6956521739130435,0.022598870056497175
sick,1,2,404,weighted_lr:oof_balanced_accuracy,0.5785268298549888,0.9130434782608695,0.07344632768361582,0.8260869565217391,0.09322033898305085
sick,1,2,404,rf:default,0.5,0.7391304347826086,0.005649717514124294,0.7391304347826086,0.002824858757062147
sick,1,2,404,rf:oof_macro_f1,0.33666247522225784,0.8260869565217391,0.00847457627118644,0.8260869565217391,0.00847457627118644
sick,1,2,404,rf:oof_balanced_accuracy,0.1605097997649544,0.9565217391304348,0.031073446327683617,0.9565217391304348,0.025423728813559324
sick,1,2,404,balanced_rf:default,0.5,0.9130434782608695,0.031073446327683617,0.8695652173913043,0.025423728813559324
sick,1,2,404,balanced_rf:oof_macro_f1,0.6353472433363738,0.7391304347826086,0.022598870056497175,0.8260869565217391,0.00847457627118644
sick,1,2,404,balanced_rf:oof_balanced_accuracy,0.4859564393939394,0.9130434782608695,0.031073446327683617,0.8695652173913043,0.03389830508474576
sick,1,2,505,unweighted_lr:default,0.5,0.5652173913043478,0.005649717514124294,0.5652173913043478,0.014124293785310734
sick,1,2,505,unweighted_lr:oof_macro_f1,0.34457955230188975,0.6086956521739131,0.011299435028248588,0.7391304347826086,0.025423728813559324
sick,1,2,505,unweighted_lr:oof_balanced_accuracy,0.1766591648146351,0.8695652173913043,0.03954802259887006,0.8260869565217391,0.05367231638418079
sick,1,2,505,weighted_lr:default,0.5,0.9130434782608695,0.09887005649717515,0.8260869565217391,0.11299435028248588
sick,1,2,505,weighted_lr:oof_macro_f1,0.8899447251670398,0.6086956521739131,0.011299435028248588,0.6956521739130435,0.022598870056497175
sick,1,2,505,weighted_lr:oof_balanced_accuracy,0.5785268298549888,0.9130434782608695,0.07344632768361582,0.8260869565217391,0.09322033898305085
sick,1,2,505,rf:default,0.5,0.6956521739130435,0.005649717514124294,0.782608695652174,0.002824858757062147
sick,1,2,505,rf:oof_macro_f1,0.42867383512544804,0.7391304347826086,0.00847457627118644,0.782608695652174,0.00847457627118644
sick,1,2,505,rf:oof_balanced_accuracy,0.10438455063455063,0.9565217391304348,0.062146892655367235,0.9565217391304348,0.03672316384180791
sick,1,2,505,balanced_rf:default,0.5,0.9130434782608695,0.022598870056497175,0.8695652173913043,0.022598870056497175
sick,1,2,505,balanced_rf:oof_macro_f1,0.671167857947777,0.8260869565217391,0.01694915254237288,0.782608695652174,0.011299435028248588
sick,1,2,505,balanced_rf:oof_balanced_accuracy,0.4138818681318681,0.9130434782608695,0.059322033898305086,0.9130434782608695,0.0423728813559322
sick,1,3,101,unweighted_lr:default,0.5,0.6956521739130435,0.00847457627118644,0.5217391304347826,0.011299435028248588
sick,1,3,101,unweighted_lr:oof_macro_f1,0.3326794086164813,0.8695652173913043,0.014124293785310734,0.6521739130434783,0.01977401129943503
sick,1,3,101,unweighted_lr:oof_balanced_accuracy,0.1646377478744871,0.9130434782608695,0.05649717514124294,0.782608695652174,0.059322033898305086
sick,1,3,101,weighted_lr:default,0.5,0.9130434782608695,0.1016949152542373,0.8695652173913043,0.10451977401129943
sick,1,3,101,weighted_lr:oof_macro_f1,0.859946184133006,0.782608695652174,0.01694915254237288,0.4782608695652174,0.02824858757062147
sick,1,3,101,weighted_lr:oof_balanced_accuracy,0.6057895094220935,0.9130434782608695,0.07909604519774012,0.782608695652174,0.08757062146892655
sick,1,3,101,rf:default,0.5,0.8695652173913043,0.005649717514124294,0.6956521739130435,0.005649717514124294
sick,1,3,101,rf:oof_macro_f1,0.3065241228070175,0.9565217391304348,0.014124293785310734,0.8260869565217391,0.00847457627118644
sick,1,3,101,rf:oof_balanced_accuracy,0.1356920948203843,1.0,0.031073446327683617,0.9130434782608695,0.05084745762711865
sick,1,3,101,balanced_rf:default,0.5,1.0,0.022598870056497175,0.9130434782608695,0.022598870056497175
sick,1,3,101,balanced_rf:oof_macro_f1,0.7154123376623378,0.8695652173913043,0.00847457627118644,0.6956521739130435,0.011299435028248588
sick,1,3,101,balanced_rf:oof_balanced_accuracy,0.45220183694193594,1.0,0.03389830508474576,0.9130434782608695,0.03954802259887006
sick,1,3,202,unweighted_lr:default,0.5,0.6956521739130435,0.00847457627118644,0.5217391304347826,0.011299435028248588
sick,1,3,202,unweighted_lr:oof_macro_f1,0.3326794086164813,0.8695652173913043,0.014124293785310734,0.6521739130434783,0.01977401129943503
sick,1,3,202,unweighted_lr:oof_balanced_accuracy,0.1646377478744871,0.9130434782608695,0.05649717514124294,0.782608695652174,0.059322033898305086
sick,1,3,202,weighted_lr:default,0.5,0.9130434782608695,0.1016949152542373,0.8695652173913043,0.10451977401129943
sick,1,3,202,weighted_lr:oof_macro_f1,0.859946184133006,0.782608695652174,0.01694915254237288,0.4782608695652174,0.02824858757062147
sick,1,3,202,weighted_lr:oof_balanced_accuracy,0.6057895094220935,0.9130434782608695,0.07909604519774012,0.782608695652174,0.08757062146892655
sick,1,3,202,rf:default,0.5,0.782608695652174,0.005649717514124294,0.7391304347826086,0.005649717514124294
sick,1,3,202,rf:oof_macro_f1,0.3482717500067227,0.9565217391304348,0.011299435028248588,0.8695652173913043,0.011299435028248588
sick,1,3,202,rf:oof_balanced_accuracy,0.13360006444467504,1.0,0.025423728813559324,0.9130434782608695,0.03389830508474576
sick,1,3,202,balanced_rf:default,0.5,1.0,0.025423728813559324,0.9130434782608695,0.03954802259887006
sick,1,3,202,balanced_rf:oof_macro_f1,0.6438552253055141,0.9565217391304348,0.01977401129943503,0.8260869565217391,0.01694915254237288
sick,1,3,202,balanced_rf:oof_balanced_accuracy,0.502137871803692,1.0,0.025423728813559324,0.8695652173913043,0.03954802259887006
sick,1,3,303,unweighted_lr:default,0.5,0.6956521739130435,0.00847457627118644,0.5217391304347826,0.011299435028248588
sick,1,3,303,unweighted_lr:oof_macro_f1,0.3326794086164813,0.8695652173913043,0.014124293785310734,0.6521739130434783,0.01977401129943503
sick,1,3,303,unweighted_lr:oof_balanced_accuracy,0.1646377478744871,0.9130434782608695,0.05649717514124294,0.782608695652174,0.059322033898305086
sick,1,3,303,weighted_lr:default,0.5,0.9130434782608695,0.1016949152542373,0.8695652173913043,0.10451977401129943
sick,1,3,303,weighted_lr:oof_macro_f1,0.859946184133006,0.782608695652174,0.01694915254237288,0.4782608695652174,0.02824858757062147
sick,1,3,303,weighted_lr:oof_balanced_accuracy,0.6057895094220935,0.9130434782608695,0.07909604519774012,0.782608695652174,0.08757062146892655
sick,1,3,303,rf:default,0.5,0.8695652173913043,0.005649717514124294,0.7391304347826086,0.005649717514124294
sick,1,3,303,rf:oof_macro_f1,0.3791930821371611,0.9130434782608695,0.00847457627118644,0.8260869565217391,0.00847457627118644
sick,1,3,303,rf:oof_balanced_accuracy,0.14167208596556422,1.0,0.031073446327683617,1.0,0.03389830508474576
sick,1,3,303,balanced_rf:default,0.5,1.0,0.02824858757062147,0.8695652173913043,0.031073446327683617
sick,1,3,303,balanced_rf:oof_macro_f1,0.7048109715996884,0.9130434782608695,0.00847457627118644,0.7391304347826086,0.00847457627118644
sick,1,3,303,balanced_rf:oof_balanced_accuracy,0.4086535495840347,1.0,0.03954802259887006,0.9565217391304348,0.05084745762711865
sick,1,3,404,unweighted_lr:default,0.5,0.6956521739130435,0.00847457627118644,0.5217391304347826,0.011299435028248588
sick,1,3,404,unweighted_lr:oof_macro_f1,0.3326794086164813,0.8695652173913043,0.014124293785310734,0.6521739130434783,0.01977401129943503
sick,1,3,404,unweighted_lr:oof_balanced_accuracy,0.1646377478744871,0.9130434782608695,0.05649717514124294,0.782608695652174,0.059322033898305086
sick,1,3,404,weighted_lr:default,0.5,0.9130434782608695,0.1016949152542373,0.8695652173913043,0.10451977401129943
sick,1,3,404,weighted_lr:oof_macro_f1,0.859946184133006,0.782608695652174,0.01694915254237288,0.4782608695652174,0.02824858757062147
sick,1,3,404,weighted_lr:oof_balanced_accuracy,0.6057895094220935,0.9130434782608695,0.07909604519774012,0.782608695652174,0.08757062146892655
sick,1,3,404,rf:default,0.5,0.9130434782608695,0.005649717514124294,0.6956521739130435,0.005649717514124294
sick,1,3,404,rf:oof_macro_f1,0.30666698447133656,0.9565217391304348,0.01977401129943503,0.8260869565217391,0.01977401129943503
sick,1,3,404,rf:oof_balanced_accuracy,0.1599017734911254,1.0,0.022598870056497175,0.9130434782608695,0.03672316384180791
sick,1,3,404,balanced_rf:default,0.5,1.0,0.025423728813559324,0.9130434782608695,0.03389830508474576
sick,1,3,404,balanced_rf:oof_macro_f1,0.7120913324081026,0.9130434782608695,0.011299435028248588,0.7391304347826086,0.011299435028248588
sick,1,3,404,balanced_rf:oof_balanced_accuracy,0.4401944411195564,1.0,0.02824858757062147,0.9565217391304348,0.03954802259887006
sick,1,3,505,unweighted_lr:default,0.5,0.6956521739130435,0.00847457627118644,0.5217391304347826,0.011299435028248588
sick,1,3,505,unweighted_lr:oof_macro_f1,0.3326794086164813,0.8695652173913043,0.014124293785310734,0.6521739130434783,0.01977401129943503
sick,1,3,505,unweighted_lr:oof_balanced_accuracy,0.1646377478744871,0.9130434782608695,0.05649717514124294,0.782608695652174,0.059322033898305086
sick,1,3,505,weighted_lr:default,0.5,0.9130434782608695,0.1016949152542373,0.8695652173913043,0.10451977401129943
sick,1,3,505,weighted_lr:oof_macro_f1,0.859946184133006,0.782608695652174,0.01694915254237288,0.4782608695652174,0.02824858757062147
sick,1,3,505,weighted_lr:oof_balanced_accuracy,0.6057895094220935,0.9130434782608695,0.07909604519774012,0.782608695652174,0.08757062146892655
sick,1,3,505,rf:default,0.5,0.8695652173913043,0.002824858757062147,0.7391304347826086,0.005649717514124294
sick,1,3,505,rf:oof_macro_f1,0.3007284265030744,0.9565217391304348,0.014124293785310734,0.8260869565217391,0.011299435028248588
sick,1,3,505,rf:oof_balanced_accuracy,0.14002314814814815,1.0,0.031073446327683617,0.9565217391304348,0.03672316384180791
sick,1,3,505,balanced_rf:default,0.5,1.0,0.022598870056497175,0.8695652173913043,0.02824858757062147
sick,1,3,505,balanced_rf:oof_macro_f1,0.6612988796139903,0.8695652173913043,0.00847457627118644,0.8260869565217391,0.014124293785310734
sick,1,3,505,balanced_rf:oof_balanced_accuracy,0.5023386172650878,1.0,0.022598870056497175,0.8695652173913043,0.02824858757062147
sick,1,4,101,unweighted_lr:default,0.5,0.5652173913043478,0.014124293785310734,0.4782608695652174,0.005649717514124294
sick,1,4,101,unweighted_lr:oof_macro_f1,0.36098569688183296,0.782608695652174,0.01977401129943503,0.5652173913043478,0.011299435028248588
sick,1,4,101,unweighted_lr:oof_balanced_accuracy,0.10752657481879403,0.9130434782608695,0.07909604519774012,0.8695652173913043,0.0480225988700565
sick,1,4,101,weighted_lr:default,0.5,0.9565217391304348,0.1271186440677966,0.8695652173913043,0.07627118644067797
sick,1,4,101,weighted_lr:oof_macro_f1,0.8717736566083637,0.7391304347826086,0.01694915254237288,0.6956521739130435,0.01977401129943503
sick,1,4,101,weighted_lr:oof_balanced_accuracy,0.4393581049732459,0.9565217391304348,0.13559322033898305,0.8695652173913043,0.08192090395480225
sick,1,4,101,rf:default,0.5,0.7391304347826086,0.005649717514124294,0.782608695652174,0.002824858757062147
sick,1,4,101,rf:oof_macro_f1,0.31484526276814584,0.9130434782608695,0.014124293785310734,0.9565217391304348,0.00847457627118644
sick,1,4,101,rf:oof_balanced_accuracy,0.14305555555555555,1.0,0.03672316384180791,1.0,0.02824858757062147
sick,1,4,101,balanced_rf:default,0.5,0.9565217391304348,0.031073446327683617,0.8695652173913043,0.014124293785310734
sick,1,4,101,balanced_rf:oof_macro_f1,0.7453019444929476,0.8260869565217391,0.011299435028248588,0.8695652173913043,0.005649717514124294
sick,1,4,101,balanced_rf:oof_balanced_accuracy,0.4184636445981555,0.9565217391304348,0.03954802259887006,0.9565217391304348,0.022598870056497175
sick,1,4,202,unweighted_lr:default,0.5,0.5652173913043478,0.014124293785310734,0.4782608695652174,0.005649717514124294
sick,1,4,202,unweighted_lr:oof_macro_f1,0.36098569688183296,0.782608695652174,0.01977401129943503,0.5652173913043478,0.011299435028248588
sick,1,4,202,unweighted_lr:oof_balanced_accuracy,0.10752657481879403,0.9130434782608695,0.07909604519774012,0.8695652173913043,0.0480225988700565
sick,1,4,202,weighted_lr:default,0.5,0.9565217391304348,0.1271186440677966,0.8695652173913043,0.07627118644067797
sick,1,4,202,weighted_lr:oof_macro_f1,0.8717736566083637,0.7391304347826086,0.01694915254237288,0.6956521739130435,0.01977401129943503
sick,1,4,202,weighted_lr:oof_balanced_accuracy,0.4393581049732459,0.9565217391304348,0.13559322033898305,0.8695652173913043,0.08192090395480225
sick,1,4,202,rf:default,0.5,0.6956521739130435,0.002824858757062147,0.6956521739130435,0.002824858757062147
sick,1,4,202,rf:oof_macro_f1,0.4084738365972381,0.6956521739130435,0.005649717514124294,0.8260869565217391,0.002824858757062147
sick,1,4,202,rf:oof_balanced_accuracy,0.15437120445344127,0.9565217391304348,0.03389830508474576,1.0,0.025423728813559324
sick,1,4,202,balanced_rf:default,0.5,0.9130434782608695,0.04519774011299435,0.9130434782608695,0.025423728813559324
sick,1,4,202,balanced_rf:oof_macro_f1,0.6177978338528225,0.8260869565217391,0.014124293785310734,0.8695652173913043,0.011299435028248588
sick,1,4,202,balanced_rf:oof_balanced_accuracy,0.4799148492656003,0.9130434782608695,0.0480225988700565,0.9565217391304348,0.031073446327683617
sick,1,4,303,unweighted_lr:default,0.5,0.5652173913043478,0.014124293785310734,0.4782608695652174,0.005649717514124294
sick,1,4,303,unweighted_lr:oof_macro_f1,0.36098569688183296,0.782608695652174,0.01977401129943503,0.5652173913043478,0.011299435028248588
sick,1,4,303,unweighted_lr:oof_balanced_accuracy,0.10752657481879403,0.9130434782608695,0.07909604519774012,0.8695652173913043,0.0480225988700565
sick,1,4,303,weighted_lr:default,0.5,0.9565217391304348,0.1271186440677966,0.8695652173913043,0.07627118644067797
sick,1,4,303,weighted_lr:oof_macro_f1,0.8717736566083637,0.7391304347826086,0.01694915254237288,0.6956521739130435,0.01977401129943503
sick,1,4,303,weighted_lr:oof_balanced_accuracy,0.4393581049732459,0.9565217391304348,0.13559322033898305,0.8695652173913043,0.08192090395480225
sick,1,4,303,rf:default,0.5,0.6956521739130435,0.002824858757062147,0.8260869565217391,0.002824858757062147
sick,1,4,303,rf:oof_macro_f1,0.34537356766237404,0.8260869565217391,0.00847457627118644,0.8695652173913043,0.005649717514124294
sick,1,4,303,rf:oof_balanced_accuracy,0.11344319114793253,1.0,0.05367231638418079,0.9565217391304348,0.04519774011299435
sick,1,4,303,balanced_rf:default,0.5,0.9565217391304348,0.02824858757062147,0.9130434782608695,0.01977401129943503
sick,1,4,303,balanced_rf:oof_macro_f1,0.6688194130585435,0.8695652173913043,0.00847457627118644,0.8695652173913043,0.00847457627118644
sick,1,4,303,balanced_rf:oof_balanced_accuracy,0.46270746818540937,0.9565217391304348,0.031073446327683617,0.9565217391304348,0.02824858757062147
sick,1,4,404,unweighted_lr:default,0.5,0.5652173913043478,0.014124293785310734,0.4782608695652174,0.005649717514124294
sick,1,4,404,unweighted_lr:oof_macro_f1,0.36098569688183296,0.782608695652174,0.01977401129943503,0.5652173913043478,0.011299435028248588
sick,1,4,404,unweighted_lr:oof_balanced_accuracy,0.10752657481879403,0.9130434782608695,0.07909604519774012,0.8695652173913043,0.0480225988700565
sick,1,4,404,weighted_lr:default,0.5,0.9565217391304348,0.1271186440677966,0.8695652173913043,0.07627118644067797
sick,1,4,404,weighted_lr:oof_macro_f1,0.8717736566083637,0.7391304347826086,0.01694915254237288,0.6956521739130435,0.01977401129943503
sick,1,4,404,weighted_lr:oof_balanced_accuracy,0.4393581049732459,0.9565217391304348,0.13559322033898305,0.8695652173913043,0.08192090395480225
sick,1,4,404,rf:default,0.5,0.7391304347826086,0.002824858757062147,0.8260869565217391,0.002824858757062147
sick,1,4,404,rf:oof_macro_f1,0.3543758568350959,0.782608695652174,0.00847457627118644,0.8695652173913043,0.005649717514124294
sick,1,4,404,rf:oof_balanced_accuracy,0.14426178804855275,0.9565217391304348,0.03389830508474576,1.0,0.025423728813559324
sick,1,4,404,balanced_rf:default,0.5,0.9565217391304348,0.02824858757062147,0.9130434782608695,0.014124293785310734
sick,1,4,404,balanced_rf:oof_macro_f1,0.6749445630673102,0.8260869565217391,0.014124293785310734,0.8695652173913043,0.00847457627118644
sick,1,4,404,balanced_rf:oof_balanced_accuracy,0.424111483060065,0.9565217391304348,0.03672316384180791,0.9565217391304348,0.03389830508474576
sick,1,4,505,unweighted_lr:default,0.5,0.5652173913043478,0.014124293785310734,0.4782608695652174,0.005649717514124294
sick,1,4,505,unweighted_lr:oof_macro_f1,0.36098569688183296,0.782608695652174,0.01977401129943503,0.5652173913043478,0.011299435028248588
sick,1,4,505,unweighted_lr:oof_balanced_accuracy,0.10752657481879403,0.9130434782608695,0.07909604519774012,0.8695652173913043,0.0480225988700565
sick,1,4,505,weighted_lr:default,0.5,0.9565217391304348,0.1271186440677966,0.8695652173913043,0.07627118644067797
sick,1,4,505,weighted_lr:oof_macro_f1,0.8717736566083637,0.7391304347826086,0.01694915254237288,0.6956521739130435,0.01977401129943503
sick,1,4,505,weighted_lr:oof_balanced_accuracy,0.4393581049732459,0.9565217391304348,0.13559322033898305,0.8695652173913043,0.08192090395480225
sick,1,4,505,rf:default,0.5,0.6956521739130435,0.002824858757062147,0.782608695652174,0.002824858757062147
sick,1,4,505,rf:oof_macro_f1,0.3075857011624153,0.8260869565217391,0.011299435028248588,0.8695652173913043,0.005649717514124294
sick,1,4,505,rf:oof_balanced_accuracy,0.1554774768788294,0.9565217391304348,0.03389830508474576,1.0,0.02824858757062147
sick,1,4,505,balanced_rf:default,0.5,0.9565217391304348,0.025423728813559324,0.9130434782608695,0.01694915254237288
sick,1,4,505,balanced_rf:oof_macro_f1,0.6708211233211233,0.8260869565217391,0.01694915254237288,0.8260869565217391,0.011299435028248588
sick,1,4,505,balanced_rf:oof_balanced_accuracy,0.3916484753984754,0.9565217391304348,0.04519774011299435,0.9565217391304348,0.025423728813559324
sick,2,0,101,unweighted_lr:default,0.5,0.4782608695652174,0.011299435028248588,0.5217391304347826,0.005633802816901409
sick,2,0,101,unweighted_lr:oof_macro_f1,0.3002228959849782,0.6956521739130435,0.014124293785310734,0.7391304347826086,0.011267605633802818
sick,2,0,101,unweighted_lr:oof_balanced_accuracy,0.1296439939513111,0.9130434782608695,0.04519774011299435,0.7391304347826086,0.0676056338028169
sick,2,0,101,weighted_lr:default,0.5,0.9565217391304348,0.08757062146892655,0.8260869565217391,0.10704225352112676
sick,2,0,101,weighted_lr:oof_macro_f1,0.8994170095951167,0.5652173913043478,0.011299435028248588,0.5217391304347826,0.011267605633802818
sick,2,0,101,weighted_lr:oof_balanced_accuracy,0.6218005076631092,0.9565217391304348,0.062146892655367235,0.782608695652174,0.07323943661971831
sick,2,0,101,rf:default,0.5,0.782608695652174,0.005649717514124294,0.6086956521739131,0.005633802816901409
sick,2,0,101,rf:oof_macro_f1,0.33764114103497134,0.8695652173913043,0.005649717514124294,0.7391304347826086,0.005633802816901409
sick,2,0,101,rf:oof_balanced_accuracy,0.11330931574956346,0.9565217391304348,0.0423728813559322,0.9130434782608695,0.05070422535211268
sick,2,0,101,balanced_rf:default,0.5,0.9565217391304348,0.01694915254237288,0.8695652173913043,0.028169014084507043
sick,2,0,101,balanced_rf:oof_macro_f1,0.6900324675324676,0.8695652173913043,0.005649717514124294,0.6521739130434783,0.008450704225352112
sick,2,0,101,balanced_rf:oof_balanced_accuracy,0.47100981225981214,0.9565217391304348,0.025423728813559324,0.8695652173913043,0.036619718309859155
sick,2,0,202,unweighted_lr:default,0.5,0.4782608695652174,0.011299435028248588,0.5217391304347826,0.005633802816901409
sick,2,0,202,unweighted_lr:oof_macro_f1,0.3002228959849782,0.6956521739130435,0.014124293785310734,0.7391304347826086,0.011267605633802818
sick,2,0,202,unweighted_lr:oof_balanced_accuracy,0.1296439939513111,0.9130434782608695,0.04519774011299435,0.7391304347826086,0.0676056338028169
sick,2,0,202,weighted_lr:default,0.5,0.9565217391304348,0.08757062146892655,0.8260869565217391,0.10704225352112676
sick,2,0,202,weighted_lr:oof_macro_f1,0.8994170095951167,0.5652173913043478,0.011299435028248588,0.5217391304347826,0.011267605633802818
sick,2,0,202,weighted_lr:oof_balanced_accuracy,0.6218005076631092,0.9565217391304348,0.062146892655367235,0.782608695652174,0.07323943661971831
sick,2,0,202,rf:default,0.5,0.782608695652174,0.002824858757062147,0.6521739130434783,0.005633802816901409
sick,2,0,202,rf:oof_macro_f1,0.40144671170234647,0.9130434782608695,0.005649717514124294,0.7391304347826086,0.005633802816901409
sick,2,0,202,rf:oof_balanced_accuracy,0.17839705433455433,0.9565217391304348,0.00847457627118644,0.8695652173913043,0.03943661971830986
sick,2,0,202,balanced_rf:default,0.5,0.9565217391304348,0.031073446327683617,0.8695652173913043,0.028169014084507043
sick,2,0,202,balanced_rf:oof_macro_f1,0.7098948948948949,0.8695652173913043,0.005649717514124294,0.6956521739130435,0.008450704225352112
sick,2,0,202,balanced_rf:oof_balanced_accuracy,0.4683736999323572,0.9565217391304348,0.03672316384180791,0.8695652173913043,0.030985915492957747
sick,2,0,303,unweighted_lr:default,0.5,0.4782608695652174,0.011299435028248588,0.5217391304347826,0.005633802816901409
sick,2,0,303,unweighted_lr:oof_macro_f1,0.3002228959849782,0.6956521739130435,0.014124293785310734,0.7391304347826086,0.011267605633802818
sick,2,0,303,unweighted_lr:oof_balanced_accuracy,0.1296439939513111,0.9130434782608695,0.04519774011299435,0.7391304347826086,0.0676056338028169
sick,2,0,303,weighted_lr:default,0.5,0.9565217391304348,0.08757062146892655,0.8260869565217391,0.10704225352112676
sick,2,0,303,weighted_lr:oof_macro_f1,0.8994170095951167,0.5652173913043478,0.011299435028248588,0.5217391304347826,0.011267605633802818
sick,2,0,303,weighted_lr:oof_balanced_accuracy,0.6218005076631092,0.9565217391304348,0.062146892655367235,0.782608695652174,0.07323943661971831
sick,2,0,303,rf:default,0.5,0.782608695652174,0.002824858757062147,0.6086956521739131,0.005633802816901409
sick,2,0,303,rf:oof_macro_f1,0.37846534632736795,0.8695652173913043,0.005649717514124294,0.6956521739130435,0.005633802816901409
sick,2,0,303,rf:oof_balanced_accuracy,0.1592134138555042,0.9565217391304348,0.014124293785310734,0.8695652173913043,0.04788732394366197
sick,2,0,303,balanced_rf:default,0.5,0.9565217391304348,0.022598870056497175,0.782608695652174,0.030985915492957747
sick,2,0,303,balanced_rf:oof_macro_f1,0.7357442812064352,0.8260869565217391,0.002824858757062147,0.6521739130434783,0.005633802816901409
sick,2,0,303,balanced_rf:oof_balanced_accuracy,0.3981392045454545,1.0,0.04519774011299435,0.9565217391304348,0.05070422535211268
sick,2,0,404,unweighted_lr:default,0.5,0.4782608695652174,0.011299435028248588,0.5217391304347826,0.005633802816901409
sick,2,0,404,unweighted_lr:oof_macro_f1,0.3002228959849782,0.6956521739130435,0.014124293785310734,0.7391304347826086,0.011267605633802818
sick,2,0,404,unweighted_lr:oof_balanced_accuracy,0.1296439939513111,0.9130434782608695,0.04519774011299435,0.7391304347826086,0.0676056338028169
sick,2,0,404,weighted_lr:default,0.5,0.9565217391304348,0.08757062146892655,0.8260869565217391,0.10704225352112676
sick,2,0,404,weighted_lr:oof_macro_f1,0.8994170095951167,0.5652173913043478,0.011299435028248588,0.5217391304347826,0.011267605633802818
sick,2,0,404,weighted_lr:oof_balanced_accuracy,0.6218005076631092,0.9565217391304348,0.062146892655367235,0.782608695652174,0.07323943661971831
sick,2,0,404,rf:default,0.5,0.782608695652174,0.005649717514124294,0.6521739130434783,0.005633802816901409
sick,2,0,404,rf:oof_macro_f1,0.43321420005807865,0.8695652173913043,0.005649717514124294,0.6521739130434783,0.005633802816901409
sick,2,0,404,rf:oof_balanced_accuracy,0.1566407695153533,0.9565217391304348,0.01694915254237288,0.9130434782608695,0.036619718309859155
sick,2,0,404,balanced_rf:default,0.5,0.9565217391304348,0.014124293785310734,0.8695652173913043,0.02535211267605634
sick,2,0,404,balanced_rf:oof_macro_f1,0.6941394927536233,0.782608695652174,0.005649717514124294,0.6956521739130435,0.014084507042253521
sick,2,0,404,balanced_rf:oof_balanced_accuracy,0.4807232422749664,0.9565217391304348,0.01977401129943503,0.8695652173913043,0.02535211267605634
sick,2,0,505,unweighted_lr:default,0.5,0.4782608695652174,0.011299435028248588,0.5217391304347826,0.005633802816901409
sick,2,0,505,unweighted_lr:oof_macro_f1,0.3002228959849782,0.6956521739130435,0.014124293785310734,0.7391304347826086,0.011267605633802818
sick,2,0,505,unweighted_lr:oof_balanced_accuracy,0.1296439939513111,0.9130434782608695,0.04519774011299435,0.7391304347826086,0.0676056338028169
sick,2,0,505,weighted_lr:default,0.5,0.9565217391304348,0.08757062146892655,0.8260869565217391,0.10704225352112676
sick,2,0,505,weighted_lr:oof_macro_f1,0.8994170095951167,0.5652173913043478,0.011299435028248588,0.5217391304347826,0.011267605633802818
sick,2,0,505,weighted_lr:oof_balanced_accuracy,0.6218005076631092,0.9565217391304348,0.062146892655367235,0.782608695652174,0.07323943661971831
sick,2,0,505,rf:default,0.5,0.8260869565217391,0.005649717514124294,0.6956521739130435,0.005633802816901409
sick,2,0,505,rf:oof_macro_f1,0.4299884960634877,0.8695652173913043,0.005649717514124294,0.6956521739130435,0.008450704225352112
sick,2,0,505,rf:oof_balanced_accuracy,0.15740402979373566,0.9565217391304348,0.01977401129943503,0.8695652173913043,0.036619718309859155
sick,2,0,505,balanced_rf:default,0.5,0.9565217391304348,0.01694915254237288,0.782608695652174,0.028169014084507043
sick,2,0,505,balanced_rf:oof_macro_f1,0.647874503730668,0.8695652173913043,0.005649717514124294,0.6956521739130435,0.022535211267605635
sick,2,0,505,balanced_rf:oof_balanced_accuracy,0.4863596574632612,0.9565217391304348,0.01694915254237288,0.8260869565217391,0.028169014084507043
sick,2,1,101,unweighted_lr:default,0.5,0.6521739130434783,0.00847457627118644,0.625,0.014124293785310734
sick,2,1,101,unweighted_lr:oof_macro_f1,0.33962247836866744,0.6956521739130435,0.025423728813559324,0.75,0.01694915254237288
sick,2,1,101,unweighted_lr:oof_balanced_accuracy,0.15518041059574866,0.782608695652174,0.059322033898305086,0.875,0.03389830508474576
sick,2,1,101,weighted_lr:default,0.5,0.782608695652174,0.11299435028248588,0.875,0.07062146892655367
sick,2,1,101,weighted_lr:oof_macro_f1,0.8766318262386713,0.6521739130434783,0.011299435028248588,0.6666666666666666,0.01977401129943503
sick,2,1,101,weighted_lr:oof_balanced_accuracy,0.509430344134646,0.782608695652174,0.10734463276836158,0.875,0.06497175141242938
sick,2,1,101,rf:default,0.5,0.782608695652174,0.005649717514124294,0.7916666666666666,0.005649717514124294
sick,2,1,101,rf:oof_macro_f1,0.3902968035956322,0.8260869565217391,0.011299435028248588,0.8333333333333334,0.005649717514124294
sick,2,1,101,rf:oof_balanced_accuracy,0.12627452778167933,0.9565217391304348,0.0480225988700565,1.0,0.03954802259887006
sick,2,1,101,balanced_rf:default,0.5,0.9565217391304348,0.03954802259887006,1.0,0.02824858757062147
sick,2,1,101,balanced_rf:oof_macro_f1,0.5977685050461081,0.9130434782608695,0.011299435028248588,0.9583333333333334,0.011299435028248588
sick,2,1,101,balanced_rf:oof_balanced_accuracy,0.458173076923077,0.9565217391304348,0.0480225988700565,1.0,0.03672316384180791
sick,2,1,202,unweighted_lr:default,0.5,0.6521739130434783,0.00847457627118644,0.625,0.014124293785310734
sick,2,1,202,unweighted_lr:oof_macro_f1,0.33962247836866744,0.6956521739130435,0.025423728813559324,0.75,0.01694915254237288
sick,2,1,202,unweighted_lr:oof_balanced_accuracy,0.15518041059574866,0.782608695652174,0.059322033898305086,0.875,0.03389830508474576
sick,2,1,202,weighted_lr:default,0.5,0.782608695652174,0.11299435028248588,0.875,0.07062146892655367
sick,2,1,202,weighted_lr:oof_macro_f1,0.8766318262386713,0.6521739130434783,0.011299435028248588,0.6666666666666666,0.01977401129943503
sick,2,1,202,weighted_lr:oof_balanced_accuracy,0.509430344134646,0.782608695652174,0.10734463276836158,0.875,0.06497175141242938
sick,2,1,202,rf:default,0.5,0.7391304347826086,0.005649717514124294,0.75,0.005649717514124294
sick,2,1,202,rf:oof_macro_f1,0.3999083515406312,0.7391304347826086,0.00847457627118644,0.875,0.00847457627118644
sick,2,1,202,rf:oof_balanced_accuracy,0.1882779454945681,0.9565217391304348,0.02824858757062147,1.0,0.025423728813559324
sick,2,1,202,balanced_rf:default,0.5,0.9130434782608695,0.02824858757062147,0.9583333333333334,0.025423728813559324
sick,2,1,202,balanced_rf:oof_macro_f1,0.6547360505873436,0.7391304347826086,0.01694915254237288,0.875,0.011299435028248588
sick,2,1,202,balanced_rf:oof_balanced_accuracy,0.4227794945064682,0.9565217391304348,0.0480225988700565,1.0,0.0423728813559322
sick,2,1,303,unweighted_lr:default,0.5,0.6521739130434783,0.00847457627118644,0.625,0.014124293785310734
sick,2,1,303,unweighted_lr:oof_macro_f1,0.33962247836866744,0.6956521739130435,0.025423728813559324,0.75,0.01694915254237288
sick,2,1,303,unweighted_lr:oof_balanced_accuracy,0.15518041059574866,0.782608695652174,0.059322033898305086,0.875,0.03389830508474576
sick,2,1,303,weighted_lr:default,0.5,0.782608695652174,0.11299435028248588,0.875,0.07062146892655367
sick,2,1,303,weighted_lr:oof_macro_f1,0.8766318262386713,0.6521739130434783,0.011299435028248588,0.6666666666666666,0.01977401129943503
sick,2,1,303,weighted_lr:oof_balanced_accuracy,0.509430344134646,0.782608695652174,0.10734463276836158,0.875,0.06497175141242938
sick,2,1,303,rf:default,0.5,0.7391304347826086,0.002824858757062147,0.7083333333333334,0.005649717514124294
sick,2,1,303,rf:oof_macro_f1,0.3925497086603945,0.8260869565217391,0.014124293785310734,0.8333333333333334,0.005649717514124294
sick,2,1,303,rf:oof_balanced_accuracy,0.11620039498492034,1.0,0.0480225988700565,1.0,0.03954802259887006
sick,2,1,303,balanced_rf:default,0.5,0.9130434782608695,0.03672316384180791,1.0,0.03389830508474576
sick,2,1,303,balanced_rf:oof_macro_f1,0.617342629682606,0.8260869565217391,0.025423728813559324,0.9583333333333334,0.011299435028248588
sick,2,1,303,balanced_rf:oof_balanced_accuracy,0.4866388668634274,0.9130434782608695,0.03672316384180791,1.0,0.03389830508474576
sick,2,1,404,unweighted_lr:default,0.5,0.6521739130434783,0.00847457627118644,0.625,0.014124293785310734
sick,2,1,404,unweighted_lr:oof_macro_f1,0.33962247836866744,0.6956521739130435,0.025423728813559324,0.75,0.01694915254237288
sick,2,1,404,unweighted_lr:oof_balanced_accuracy,0.15518041059574866,0.782608695652174,0.059322033898305086,0.875,0.03389830508474576
sick,2,1,404,weighted_lr:default,0.5,0.782608695652174,0.11299435028248588,0.875,0.07062146892655367
sick,2,1,404,weighted_lr:oof_macro_f1,0.8766318262386713,0.6521739130434783,0.011299435028248588,0.6666666666666666,0.01977401129943503
sick,2,1,404,weighted_lr:oof_balanced_accuracy,0.509430344134646,0.782608695652174,0.10734463276836158,0.875,0.06497175141242938
sick,2,1,404,rf:default,0.5,0.6521739130434783,0.002824858757062147,0.75,0.005649717514124294
sick,2,1,404,rf:oof_macro_f1,0.38084206491427536,0.782608695652174,0.011299435028248588,0.875,0.00847457627118644
sick,2,1,404,rf:oof_balanced_accuracy,0.15507065272690274,1.0,0.03672316384180791,1.0,0.022598870056497175
sick,2,1,404,balanced_rf:default,0.5,0.9130434782608695,0.02824858757062147,1.0,0.01694915254237288
sick,2,1,404,balanced_rf:oof_macro_f1,0.6576141267391932,0.782608695652174,0.014124293785310734,0.7916666666666666,0.011299435028248588
sick,2,1,404,balanced_rf:oof_balanced_accuracy,0.4593589498736558,0.9565217391304348,0.03672316384180791,1.0,0.025423728813559324
sick,2,1,505,unweighted_lr:default,0.5,0.6521739130434783,0.00847457627118644,0.625,0.014124293785310734
sick,2,1,505,unweighted_lr:oof_macro_f1,0.33962247836866744,0.6956521739130435,0.025423728813559324,0.75,0.01694915254237288
sick,2,1,505,unweighted_lr:oof_balanced_accuracy,0.15518041059574866,0.782608695652174,0.059322033898305086,0.875,0.03389830508474576
sick,2,1,505,weighted_lr:default,0.5,0.782608695652174,0.11299435028248588,0.875,0.07062146892655367
sick,2,1,505,weighted_lr:oof_macro_f1,0.8766318262386713,0.6521739130434783,0.011299435028248588,0.6666666666666666,0.01977401129943503
sick,2,1,505,weighted_lr:oof_balanced_accuracy,0.509430344134646,0.782608695652174,0.10734463276836158,0.875,0.06497175141242938
sick,2,1,505,rf:default,0.5,0.782608695652174,0.005649717514124294,0.7916666666666666,0.002824858757062147
sick,2,1,505,rf:oof_macro_f1,0.40274758391731014,0.8260869565217391,0.00847457627118644,0.9166666666666666,0.005649717514124294
sick,2,1,505,rf:oof_balanced_accuracy,0.11849005199583251,0.9565217391304348,0.05367231638418079,1.0,0.031073446327683617
sick,2,1,505,balanced_rf:default,0.5,0.9565217391304348,0.031073446327683617,1.0,0.025423728813559324
sick,2,1,505,balanced_rf:oof_macro_f1,0.7147308802308802,0.7391304347826086,0.014124293785310734,0.7916666666666666,0.011299435028248588
sick,2,1,505,balanced_rf:oof_balanced_accuracy,0.49548514321763604,0.9565217391304348,0.031073446327683617,1.0,0.025423728813559324
sick,2,2,101,unweighted_lr:default,0.5,0.6086956521739131,0.01694915254237288,0.6086956521739131,0.011299435028248588
sick,2,2,101,unweighted_lr:oof_macro_f1,0.2975153084349563,0.8260869565217391,0.031073446327683617,0.6521739130434783,0.0423728813559322
sick,2,2,101,unweighted_lr:oof_balanced_accuracy,0.14312677341072716,0.9130434782608695,0.059322033898305086,0.7391304347826086,0.07627118644067797
sick,2,2,101,weighted_lr:default,0.5,0.9130434782608695,0.0903954802259887,0.7391304347826086,0.12146892655367232
sick,2,2,101,weighted_lr:oof_macro_f1,0.855560386391337,0.6956521739130435,0.03389830508474576,0.5652173913043478,0.0423728813559322
sick,2,2,101,weighted_lr:oof_balanced_accuracy,0.6846247768897225,0.8695652173913043,0.05367231638418079,0.6956521739130435,0.0903954802259887
sick,2,2,101,rf:default,0.5,0.8260869565217391,0.011299435028248588,0.6956521739130435,0.0
sick,2,2,101,rf:oof_macro_f1,0.410415453750708,0.8695652173913043,0.01694915254237288,0.6956521739130435,0.00847457627118644
sick,2,2,101,rf:oof_balanced_accuracy,0.1274420134789453,0.9565217391304348,0.059322033898305086,1.0,0.05084745762711865
sick,2,2,101,balanced_rf:default,0.5,0.9130434782608695,0.031073446327683617,0.8695652173913043,0.022598870056497175
sick,2,2,101,balanced_rf:oof_macro_f1,0.7159923144488362,0.9130434782608695,0.01977401129943503,0.7391304347826086,0.014124293785310734
sick,2,2,101,balanced_rf:oof_balanced_accuracy,0.4426260371572872,0.9130434782608695,0.03954802259887006,0.9130434782608695,0.03954802259887006
sick,2,2,202,unweighted_lr:default,0.5,0.6086956521739131,0.01694915254237288,0.6086956521739131,0.011299435028248588
sick,2,2,202,unweighted_lr:oof_macro_f1,0.2975153084349563,0.8260869565217391,0.031073446327683617,0.6521739130434783,0.0423728813559322
sick,2,2,202,unweighted_lr:oof_balanced_accuracy,0.14312677341072716,0.9130434782608695,0.059322033898305086,0.7391304347826086,0.07627118644067797
sick,2,2,202,weighted_lr:default,0.5,0.9130434782608695,0.0903954802259887,0.7391304347826086,0.12146892655367232
sick,2,2,202,weighted_lr:oof_macro_f1,0.855560386391337,0.6956521739130435,0.03389830508474576,0.5652173913043478,0.0423728813559322
sick,2,2,202,weighted_lr:oof_balanced_accuracy,0.6846247768897225,0.8695652173913043,0.05367231638418079,0.6956521739130435,0.0903954802259887
sick,2,2,202,rf:default,0.5,0.8260869565217391,0.00847457627118644,0.6521739130434783,0.002824858757062147
sick,2,2,202,rf:oof_macro_f1,0.38254147635173913,0.8260869565217391,0.01694915254237288,0.782608695652174,0.014124293785310734
sick,2,2,202,rf:oof_balanced_accuracy,0.15440822963800907,0.9565217391304348,0.05367231638418079,0.9565217391304348,0.0480225988700565
sick,2,2,202,balanced_rf:default,0.5,0.9565217391304348,0.031073446327683617,0.8695652173913043,0.031073446327683617
sick,2,2,202,balanced_rf:oof_macro_f1,0.704619828700711,0.9130434782608695,0.01694915254237288,0.6956521739130435,0.014124293785310734
sick,2,2,202,balanced_rf:oof_balanced_accuracy,0.45115368291838875,0.9565217391304348,0.03954802259887006,0.8695652173913043,0.03672316384180791
sick,2,2,303,unweighted_lr:default,0.5,0.6086956521739131,0.01694915254237288,0.6086956521739131,0.011299435028248588
sick,2,2,303,unweighted_lr:oof_macro_f1,0.2975153084349563,0.8260869565217391,0.031073446327683617,0.6521739130434783,0.0423728813559322
sick,2,2,303,unweighted_lr:oof_balanced_accuracy,0.14312677341072716,0.9130434782608695,0.059322033898305086,0.7391304347826086,0.07627118644067797
sick,2,2,303,weighted_lr:default,0.5,0.9130434782608695,0.0903954802259887,0.7391304347826086,0.12146892655367232
sick,2,2,303,weighted_lr:oof_macro_f1,0.855560386391337,0.6956521739130435,0.03389830508474576,0.5652173913043478,0.0423728813559322
sick,2,2,303,weighted_lr:oof_balanced_accuracy,0.6846247768897225,0.8695652173913043,0.05367231638418079,0.6956521739130435,0.0903954802259887
sick,2,2,303,rf:default,0.5,0.8260869565217391,0.005649717514124294,0.6956521739130435,0.002824858757062147
sick,2,2,303,rf:oof_macro_f1,0.3868827096994928,0.9130434782608695,0.01694915254237288,0.7391304347826086,0.011299435028248588
sick,2,2,303,rf:oof_balanced_accuracy,0.12704653849443343,0.9565217391304348,0.062146892655367235,1.0,0.0423728813559322
sick,2,2,303,balanced_rf:default,0.5,0.9130434782608695,0.03389830508474576,0.9130434782608695,0.025423728813559324
sick,2,2,303,balanced_rf:oof_macro_f1,0.6704471916971917,0.9130434782608695,0.01977401129943503,0.782608695652174,0.014124293785310734
sick,2,2,303,balanced_rf:oof_balanced_accuracy,0.4184857503607503,0.9565217391304348,0.04519774011299435,1.0,0.03389830508474576
sick,2,2,404,unweighted_lr:default,0.5,0.6086956521739131,0.01694915254237288,0.6086956521739131,0.011299435028248588
sick,2,2,404,unweighted_lr:oof_macro_f1,0.2975153084349563,0.8260869565217391,0.031073446327683617,0.6521739130434783,0.0423728813559322
sick,2,2,404,unweighted_lr:oof_balanced_accuracy,0.14312677341072716,0.9130434782608695,0.059322033898305086,0.7391304347826086,0.07627118644067797
sick,2,2,404,weighted_lr:default,0.5,0.9130434782608695,0.0903954802259887,0.7391304347826086,0.12146892655367232
sick,2,2,404,weighted_lr:oof_macro_f1,0.855560386391337,0.6956521739130435,0.03389830508474576,0.5652173913043478,0.0423728813559322
sick,2,2,404,weighted_lr:oof_balanced_accuracy,0.6846247768897225,0.8695652173913043,0.05367231638418079,0.6956521739130435,0.0903954802259887
sick,2,2,404,rf:default,0.5,0.8695652173913043,0.00847457627118644,0.6956521739130435,0.005649717514124294
sick,2,2,404,rf:oof_macro_f1,0.3726231875359783,0.8695652173913043,0.01977401129943503,0.6956521739130435,0.005649717514124294
sick,2,2,404,rf:oof_balanced_accuracy,0.14864359801144697,0.9565217391304348,0.0423728813559322,0.9565217391304348,0.031073446327683617
sick,2,2,404,balanced_rf:default,0.5,0.9565217391304348,0.031073446327683617,0.9130434782608695,0.03954802259887006
sick,2,2,404,balanced_rf:oof_macro_f1,0.6861068454442848,0.8260869565217391,0.014124293785310734,0.782608695652174,0.011299435028248588
sick,2,2,404,balanced_rf:oof_balanced_accuracy,0.4171153631345662,0.9565217391304348,0.0480225988700565,1.0,0.06497175141242938
sick,2,2,505,unweighted_lr:default,0.5,0.6086956521739131,0.01694915254237288,0.6086956521739131,0.011299435028248588
sick,2,2,505,unweighted_lr:oof_macro_f1,0.2975153084349563,0.8260869565217391,0.031073446327683617,0.6521739130434783,0.0423728813559322
sick,2,2,505,unweighted_lr:oof_balanced_accuracy,0.14312677341072716,0.9130434782608695,0.059322033898305086,0.7391304347826086,0.07627118644067797
sick,2,2,505,weighted_lr:default,0.5,0.9130434782608695,0.0903954802259887,0.7391304347826086,0.12146892655367232
sick,2,2,505,weighted_lr:oof_macro_f1,0.855560386391337,0.6956521739130435,0.03389830508474576,0.5652173913043478,0.0423728813559322
sick,2,2,505,weighted_lr:oof_balanced_accuracy,0.6846247768897225,0.8695652173913043,0.05367231638418079,0.6956521739130435,0.0903954802259887
sick,2,2,505,rf:default,0.5,0.8695652173913043,0.01694915254237288,0.6521739130434783,0.002824858757062147
sick,2,2,505,rf:oof_macro_f1,0.4256386157701947,0.9130434782608695,0.01694915254237288,0.6956521739130435,0.011299435028248588
sick,2,2,505,rf:oof_balanced_accuracy,0.1020253619097797,0.9565217391304348,0.062146892655367235,1.0,0.062146892655367235
sick,2,2,505,balanced_rf:default,0.5,0.9565217391304348,0.03672316384180791,0.8695652173913043,0.03389830508474576
sick,2,2,505,balanced_rf:oof_macro_f1,0.6855654761904761,0.9130434782608695,0.022598870056497175,0.7391304347826086,0.01694915254237288
sick,2,2,505,balanced_rf:oof_balanced_accuracy,0.3851756402253499,1.0,0.059322033898305086,1.0,0.0423728813559322
sick,2,3,101,unweighted_lr:default,0.5,0.6521739130434783,0.014124293785310734,0.5652173913043478,0.005649717514124294
sick,2,3,101,unweighted_lr:oof_macro_f1,0.31016328176559366,0.7391304347826086,0.01694915254237288,0.8260869565217391,0.00847457627118644
sick,2,3,101,unweighted_lr:oof_balanced_accuracy,0.14776091851593195,0.8695652173913043,0.059322033898305086,0.9130434782608695,0.05084745762711865
sick,2,3,101,weighted_lr:default,0.5,0.8695652173913043,0.11016949152542373,0.9565217391304348,0.09887005649717515
sick,2,3,101,weighted_lr:oof_macro_f1,0.90350438016883,0.6521739130434783,0.014124293785310734,0.6086956521739131,0.00847457627118644
sick,2,3,101,weighted_lr:oof_balanced_accuracy,0.6322665064265668,0.8695652173913043,0.07627118644067797,0.9130434782608695,0.07062146892655367
sick,2,3,101,rf:default,0.5,0.6956521739130435,0.011299435028248588,0.8260869565217391,0.002824858757062147
sick,2,3,101,rf:oof_macro_f1,0.383838704539083,0.782608695652174,0.014124293785310734,0.9130434782608695,0.005649717514124294
sick,2,3,101,rf:oof_balanced_accuracy,0.13792525183150184,0.9565217391304348,0.0480225988700565,1.0,0.031073446327683617
sick,2,3,101,balanced_rf:default,0.5,0.9565217391304348,0.04519774011299435,1.0,0.031073446327683617
sick,2,3,101,balanced_rf:oof_macro_f1,0.6853346300385773,0.782608695652174,0.01694915254237288,0.9565217391304348,0.00847457627118644
sick,2,3,101,balanced_rf:oof_balanced_accuracy,0.4422945990241577,0.9565217391304348,0.05084745762711865,1.0,0.03954802259887006
sick,2,3,202,unweighted_lr:default,0.5,0.6521739130434783,0.014124293785310734,0.5652173913043478,0.005649717514124294
sick,2,3,202,unweighted_lr:oof_macro_f1,0.31016328176559366,0.7391304347826086,0.01694915254237288,0.8260869565217391,0.00847457627118644
sick,2,3,202,unweighted_lr:oof_balanced_accuracy,0.14776091851593195,0.8695652173913043,0.059322033898305086,0.9130434782608695,0.05084745762711865
sick,2,3,202,weighted_lr:default,0.5,0.8695652173913043,0.11016949152542373,0.9565217391304348,0.09887005649717515
sick,2,3,202,weighted_lr:oof_macro_f1,0.90350438016883,0.6521739130434783,0.014124293785310734,0.6086956521739131,0.00847457627118644
sick,2,3,202,weighted_lr:oof_balanced_accuracy,0.6322665064265668,0.8695652173913043,0.07627118644067797,0.9130434782608695,0.07062146892655367
sick,2,3,202,rf:default,0.5,0.7391304347826086,0.014124293785310734,0.9130434782608695,0.005649717514124294
sick,2,3,202,rf:oof_macro_f1,0.3549569844342528,0.782608695652174,0.014124293785310734,0.9130434782608695,0.00847457627118644
sick,2,3,202,rf:oof_balanced_accuracy,0.1765115697057837,0.9565217391304348,0.025423728813559324,1.0,0.022598870056497175
sick,2,3,202,balanced_rf:default,0.5,0.9565217391304348,0.03389830508474576,1.0,0.031073446327683617
sick,2,3,202,balanced_rf:oof_macro_f1,0.6795660827563813,0.782608695652174,0.014124293785310734,0.9565217391304348,0.00847457627118644
sick,2,3,202,balanced_rf:oof_balanced_accuracy,0.4290200885770198,0.9565217391304348,0.05649717514124294,1.0,0.0423728813559322
sick,2,3,303,unweighted_lr:default,0.5,0.6521739130434783,0.014124293785310734,0.5652173913043478,0.005649717514124294
sick,2,3,303,unweighted_lr:oof_macro_f1,0.31016328176559366,0.7391304347826086,0.01694915254237288,0.8260869565217391,0.00847457627118644
sick,2,3,303,unweighted_lr:oof_balanced_accuracy,0.14776091851593195,0.8695652173913043,0.059322033898305086,0.9130434782608695,0.05084745762711865
sick,2,3,303,weighted_lr:default,0.5,0.8695652173913043,0.11016949152542373,0.9565217391304348,0.09887005649717515
sick,2,3,303,weighted_lr:oof_macro_f1,0.90350438016883,0.6521739130434783,0.014124293785310734,0.6086956521739131,0.00847457627118644
sick,2,3,303,weighted_lr:oof_balanced_accuracy,0.6322665064265668,0.8695652173913043,0.07627118644067797,0.9130434782608695,0.07062146892655367
sick,2,3,303,rf:default,0.5,0.7391304347826086,0.011299435028248588,0.8695652173913043,0.002824858757062147
sick,2,3,303,rf:oof_macro_f1,0.3785158334320775,0.7391304347826086,0.014124293785310734,0.9130434782608695,0.005649717514124294
sick,2,3,303,rf:oof_balanced_accuracy,0.1274299935949493,0.9565217391304348,0.0423728813559322,1.0,0.03389830508474576
sick,2,3,303,balanced_rf:default,0.5,0.9565217391304348,0.031073446327683617,1.0,0.031073446327683617
sick,2,3,303,balanced_rf:oof_macro_f1,0.6540854978354979,0.9130434782608695,0.01694915254237288,0.9565217391304348,0.014124293785310734
sick,2,3,303,balanced_rf:oof_balanced_accuracy,0.3942080173585928,0.9565217391304348,0.06497175141242938,1.0,0.06497175141242938
sick,2,3,404,unweighted_lr:default,0.5,0.6521739130434783,0.014124293785310734,0.5652173913043478,0.005649717514124294
sick,2,3,404,unweighted_lr:oof_macro_f1,0.31016328176559366,0.7391304347826086,0.01694915254237288,0.8260869565217391,0.00847457627118644
sick,2,3,404,unweighted_lr:oof_balanced_accuracy,0.14776091851593195,0.8695652173913043,0.059322033898305086,0.9130434782608695,0.05084745762711865
sick,2,3,404,weighted_lr:default,0.5,0.8695652173913043,0.11016949152542373,0.9565217391304348,0.09887005649717515
sick,2,3,404,weighted_lr:oof_macro_f1,0.90350438016883,0.6521739130434783,0.014124293785310734,0.6086956521739131,0.00847457627118644
sick,2,3,404,weighted_lr:oof_balanced_accuracy,0.6322665064265668,0.8695652173913043,0.07627118644067797,0.9130434782608695,0.07062146892655367
sick,2,3,404,rf:default,0.5,0.7391304347826086,0.011299435028248588,0.8695652173913043,0.002824858757062147
sick,2,3,404,rf:oof_macro_f1,0.48133848036737703,0.7391304347826086,0.011299435028248588,0.8695652173913043,0.002824858757062147
sick,2,3,404,rf:oof_balanced_accuracy,0.132292503958105,0.9565217391304348,0.0423728813559322,1.0,0.03389830508474576
sick,2,3,404,balanced_rf:default,0.5,0.9565217391304348,0.03389830508474576,1.0,0.025423728813559324
sick,2,3,404,balanced_rf:oof_macro_f1,0.7328621339555874,0.782608695652174,0.014124293785310734,0.9565217391304348,0.005649717514124294
sick,2,3,404,balanced_rf:oof_balanced_accuracy,0.42880876108719085,0.9565217391304348,0.05084745762711865,1.0,0.03954802259887006
sick,2,3,505,unweighted_lr:default,0.5,0.6521739130434783,0.014124293785310734,0.5652173913043478,0.005649717514124294
sick,2,3,505,unweighted_lr:oof_macro_f1,0.31016328176559366,0.7391304347826086,0.01694915254237288,0.8260869565217391,0.00847457627118644
sick,2,3,505,unweighted_lr:oof_balanced_accuracy,0.14776091851593195,0.8695652173913043,0.059322033898305086,0.9130434782608695,0.05084745762711865
sick,2,3,505,weighted_lr:default,0.5,0.8695652173913043,0.11016949152542373,0.9565217391304348,0.09887005649717515
sick,2,3,505,weighted_lr:oof_macro_f1,0.90350438016883,0.6521739130434783,0.014124293785310734,0.6086956521739131,0.00847457627118644
sick,2,3,505,weighted_lr:oof_balanced_accuracy,0.6322665064265668,0.8695652173913043,0.07627118644067797,0.9130434782608695,0.07062146892655367
sick,2,3,505,rf:default,0.5,0.7391304347826086,0.00847457627118644,0.8695652173913043,0.002824858757062147
sick,2,3,505,rf:oof_macro_f1,0.3387554112554112,0.782608695652174,0.014124293785310734,0.9565217391304348,0.00847457627118644
sick,2,3,505,rf:oof_balanced_accuracy,0.1437259769521126,0.9565217391304348,0.03954802259887006,1.0,0.02824858757062147
sick,2,3,505,balanced_rf:default,0.5,0.9565217391304348,0.031073446327683617,1.0,0.022598870056497175
sick,2,3,505,balanced_rf:oof_macro_f1,0.7177507365862973,0.7391304347826086,0.014124293785310734,0.9565217391304348,0.00847457627118644
sick,2,3,505,balanced_rf:oof_balanced_accuracy,0.373261173918887,0.9565217391304348,0.06497175141242938,1.0,0.05367231638418079
sick,2,4,101,unweighted_lr:default,0.5,0.6521739130434783,0.002824858757062147,0.6086956521739131,0.005649717514124294
sick,2,4,101,unweighted_lr:oof_macro_f1,0.3756577864398698,0.6956521739130435,0.014124293785310734,0.7391304347826086,0.00847457627118644
sick,2,4,101,unweighted_lr:oof_balanced_accuracy,0.13220390042671148,0.9565217391304348,0.06497175141242938,0.9130434782608695,0.06779661016949153
sick,2,4,101,weighted_lr:default,0.5,0.9565217391304348,0.12146892655367232,0.9565217391304348,0.10734463276836158
sick,2,4,101,weighted_lr:oof_macro_f1,0.8140136367746608,0.782608695652174,0.0480225988700565,0.6956521739130435,0.02824858757062147
sick,2,4,101,weighted_lr:oof_balanced_accuracy,0.6714062789365405,0.9565217391304348,0.07344632768361582,0.9130434782608695,0.0480225988700565
sick,2,4,101,rf:default,0.5,0.782608695652174,0.0,0.782608695652174,0.0
sick,2,4,101,rf:oof_macro_f1,0.43576487188241886,0.8260869565217391,0.0,0.8260869565217391,0.0
sick,2,4,101,rf:oof_balanced_accuracy,0.13914991024899642,0.9565217391304348,0.03389830508474576,1.0,0.06497175141242938
sick,2,4,101,balanced_rf:default,0.5,0.9565217391304348,0.01694915254237288,0.9565217391304348,0.03672316384180791
sick,2,4,101,balanced_rf:oof_macro_f1,0.6337490908214594,0.9565217391304348,0.005649717514124294,0.9130434782608695,0.014124293785310734
sick,2,4,101,balanced_rf:oof_balanced_accuracy,0.5361309523809524,0.9565217391304348,0.011299435028248588,0.9565217391304348,0.031073446327683617
sick,2,4,202,unweighted_lr:default,0.5,0.6521739130434783,0.002824858757062147,0.6086956521739131,0.005649717514124294
sick,2,4,202,unweighted_lr:oof_macro_f1,0.3756577864398698,0.6956521739130435,0.014124293785310734,0.7391304347826086,0.00847457627118644
sick,2,4,202,unweighted_lr:oof_balanced_accuracy,0.13220390042671148,0.9565217391304348,0.06497175141242938,0.9130434782608695,0.06779661016949153
sick,2,4,202,weighted_lr:default,0.5,0.9565217391304348,0.12146892655367232,0.9565217391304348,0.10734463276836158
sick,2,4,202,weighted_lr:oof_macro_f1,0.8140136367746608,0.782608695652174,0.0480225988700565,0.6956521739130435,0.02824858757062147
sick,2,4,202,weighted_lr:oof_balanced_accuracy,0.6714062789365405,0.9565217391304348,0.07344632768361582,0.9130434782608695,0.0480225988700565
sick,2,4,202,rf:default,0.5,0.8695652173913043,0.0,0.782608695652174,0.0
sick,2,4,202,rf:oof_macro_f1,0.397506132669163,0.9130434782608695,0.0,0.8260869565217391,0.005649717514124294
sick,2,4,202,rf:oof_balanced_accuracy,0.12514675697865352,1.0,0.03672316384180791,1.0,0.05084745762711865
sick,2,4,202,balanced_rf:default,0.5,0.9565217391304348,0.022598870056497175,0.9565217391304348,0.05084745762711865
sick,2,4,202,balanced_rf:oof_macro_f1,0.6730191617462388,0.9565217391304348,0.00847457627118644,0.9565217391304348,0.022598870056497175
sick,2,4,202,balanced_rf:oof_balanced_accuracy,0.40830738705738706,1.0,0.03672316384180791,1.0,0.07627118644067797
sick,2,4,303,unweighted_lr:default,0.5,0.6521739130434783,0.002824858757062147,0.6086956521739131,0.005649717514124294
sick,2,4,303,unweighted_lr:oof_macro_f1,0.3756577864398698,0.6956521739130435,0.014124293785310734,0.7391304347826086,0.00847457627118644
sick,2,4,303,unweighted_lr:oof_balanced_accuracy,0.13220390042671148,0.9565217391304348,0.06497175141242938,0.9130434782608695,0.06779661016949153
sick,2,4,303,weighted_lr:default,0.5,0.9565217391304348,0.12146892655367232,0.9565217391304348,0.10734463276836158
sick,2,4,303,weighted_lr:oof_macro_f1,0.8140136367746608,0.782608695652174,0.0480225988700565,0.6956521739130435,0.02824858757062147
sick,2,4,303,weighted_lr:oof_balanced_accuracy,0.6714062789365405,0.9565217391304348,0.07344632768361582,0.9130434782608695,0.0480225988700565
sick,2,4,303,rf:default,0.5,0.9130434782608695,0.0,0.782608695652174,0.0
sick,2,4,303,rf:oof_macro_f1,0.4059035628324203,0.9130434782608695,0.0,0.8260869565217391,0.0
sick,2,4,303,rf:oof_balanced_accuracy,0.16674390320903293,1.0,0.022598870056497175,1.0,0.03389830508474576
sick,2,4,303,balanced_rf:default,0.5,0.9565217391304348,0.022598870056497175,0.9565217391304348,0.03954802259887006
sick,2,4,303,balanced_rf:oof_macro_f1,0.6412908317041381,0.9565217391304348,0.011299435028248588,0.9565217391304348,0.025423728813559324
sick,2,4,303,balanced_rf:oof_balanced_accuracy,0.5324111210140623,0.9565217391304348,0.01694915254237288,0.9565217391304348,0.03672316384180791
sick,2,4,404,unweighted_lr:default,0.5,0.6521739130434783,0.002824858757062147,0.6086956521739131,0.005649717514124294
sick,2,4,404,unweighted_lr:oof_macro_f1,0.3756577864398698,0.6956521739130435,0.014124293785310734,0.7391304347826086,0.00847457627118644
sick,2,4,404,unweighted_lr:oof_balanced_accuracy,0.13220390042671148,0.9565217391304348,0.06497175141242938,0.9130434782608695,0.06779661016949153
sick,2,4,404,weighted_lr:default,0.5,0.9565217391304348,0.12146892655367232,0.9565217391304348,0.10734463276836158
sick,2,4,404,weighted_lr:oof_macro_f1,0.8140136367746608,0.782608695652174,0.0480225988700565,0.6956521739130435,0.02824858757062147
sick,2,4,404,weighted_lr:oof_balanced_accuracy,0.6714062789365405,0.9565217391304348,0.07344632768361582,0.9130434782608695,0.0480225988700565
sick,2,4,404,rf:default,0.5,0.8695652173913043,0.0,0.782608695652174,0.0
sick,2,4,404,rf:oof_macro_f1,0.4169504015721121,0.9565217391304348,0.0,0.8260869565217391,0.002824858757062147
sick,2,4,404,rf:oof_balanced_accuracy,0.13367607114257135,0.9565217391304348,0.031073446327683617,1.0,0.05367231638418079
sick,2,4,404,balanced_rf:default,0.5,0.9565217391304348,0.022598870056497175,0.9565217391304348,0.0480225988700565
sick,2,4,404,balanced_rf:oof_macro_f1,0.6588845368723417,0.9565217391304348,0.002824858757062147,0.8695652173913043,0.014124293785310734
sick,2,4,404,balanced_rf:oof_balanced_accuracy,0.40913239538239543,1.0,0.05649717514124294,0.9565217391304348,0.07344632768361582
sick,2,4,505,unweighted_lr:default,0.5,0.6521739130434783,0.002824858757062147,0.6086956521739131,0.005649717514124294
sick,2,4,505,unweighted_lr:oof_macro_f1,0.3756577864398698,0.6956521739130435,0.014124293785310734,0.7391304347826086,0.00847457627118644
sick,2,4,505,unweighted_lr:oof_balanced_accuracy,0.13220390042671148,0.9565217391304348,0.06497175141242938,0.9130434782608695,0.06779661016949153
sick,2,4,505,weighted_lr:default,0.5,0.9565217391304348,0.12146892655367232,0.9565217391304348,0.10734463276836158
sick,2,4,505,weighted_lr:oof_macro_f1,0.8140136367746608,0.782608695652174,0.0480225988700565,0.6956521739130435,0.02824858757062147
sick,2,4,505,weighted_lr:oof_balanced_accuracy,0.6714062789365405,0.9565217391304348,0.07344632768361582,0.9130434782608695,0.0480225988700565
sick,2,4,505,rf:default,0.5,0.8260869565217391,0.0,0.8260869565217391,0.002824858757062147
sick,2,4,505,rf:oof_macro_f1,0.4721013535700738,0.9130434782608695,0.0,0.8260869565217391,0.002824858757062147
sick,2,4,505,rf:oof_balanced_accuracy,0.13252898955700987,1.0,0.0480225988700565,1.0,0.05649717514124294
sick,2,4,505,balanced_rf:default,0.5,0.9565217391304348,0.014124293785310734,0.9565217391304348,0.0423728813559322
sick,2,4,505,balanced_rf:oof_macro_f1,0.6784652725846708,0.9565217391304348,0.005649717514124294,0.8260869565217391,0.011299435028248588
sick,2,4,505,balanced_rf:oof_balanced_accuracy,0.4844634507757338,0.9565217391304348,0.01977401129943503,0.9565217391304348,0.04519774011299435
wilt,0,0,101,unweighted_lr:default,0.5,0.2692307692307692,0.00437636761487965,0.18518518518518517,0.0
wilt,0,0,101,unweighted_lr:oof_macro_f1,0.23031515131346894,0.6923076923076923,0.030634573304157548,0.6666666666666666,0.019650655021834062
wilt,0,0,101,unweighted_lr:oof_balanced_accuracy,0.09722567624890092,0.9615384615384616,0.10065645514223195,0.9259259259259259,0.0982532751091703
wilt,0,0,101,weighted_lr:default,0.5,0.9615384615384616,0.07658643326039387,0.9259259259259259,0.08733624454148471
wilt,0,0,101,weighted_lr:oof_macro_f1,0.7772156570437416,0.8076923076923077,0.024070021881838075,0.7037037037037037,0.017467248908296942
wilt,0,0,101,weighted_lr:oof_balanced_accuracy,0.557276585261956,0.9615384615384616,0.0700218818380744,0.9259259259259259,0.06768558951965066
wilt,0,0,101,rf:default,0.5,0.6923076923076923,0.006564551422319475,0.6296296296296297,0.004366812227074236
wilt,0,0,101,rf:oof_macro_f1,0.35666666666666663,0.7692307692307693,0.0175054704595186,0.7777777777777778,0.004366812227074236
wilt,0,0,101,rf:oof_balanced_accuracy,0.0875,1.0,0.03282275711159737,0.9629629629629629,0.04585152838427948
wilt,0,0,101,balanced_rf:default,0.5,0.9230769230769231,0.0525164113785558,0.8518518518518519,0.05458515283842795
wilt,0,0,101,balanced_rf:oof_macro_f1,0.6791666666666668,0.7307692307692307,0.015317286652078774,0.7407407407407407,0.013100436681222707
wilt,0,0,101,balanced_rf:oof_balanced_accuracy,0.39583333333333337,0.9230769230769231,0.07439824945295405,0.8888888888888888,0.08296943231441048
wilt,0,0,202,unweighted_lr:default,0.5,0.2692307692307692,0.00437636761487965,0.18518518518518517,0.0
wilt,0,0,202,unweighted_lr:oof_macro_f1,0.23031515131346894,0.6923076923076923,0.030634573304157548,0.6666666666666666,0.019650655021834062
wilt,0,0,202,unweighted_lr:oof_balanced_accuracy,0.09722567624890092,0.9615384615384616,0.10065645514223195,0.9259259259259259,0.0982532751091703
wilt,0,0,202,weighted_lr:default,0.5,0.9615384615384616,0.07658643326039387,0.9259259259259259,0.08733624454148471
wilt,0,0,202,weighted_lr:oof_macro_f1,0.7772156570437416,0.8076923076923077,0.024070021881838075,0.7037037037037037,0.017467248908296942
wilt,0,0,202,weighted_lr:oof_balanced_accuracy,0.557276585261956,0.9615384615384616,0.0700218818380744,0.9259259259259259,0.06768558951965066
wilt,0,0,202,rf:default,0.5,0.6153846153846154,0.00437636761487965,0.6296296296296297,0.006550218340611353
wilt,0,0,202,rf:oof_macro_f1,0.36124999999999996,0.8461538461538461,0.01312910284463895,0.7777777777777778,0.008733624454148471
wilt,0,0,202,rf:oof_balanced_accuracy,0.0675,1.0,0.05032822757111598,0.9629629629629629,0.07205240174672489
wilt,0,0,202,balanced_rf:default,0.5,0.9230769230769231,0.0350109409190372,0.8888888888888888,0.043668122270742356
wilt,0,0,202,balanced_rf:oof_macro_f1,0.7333333333333334,0.7307692307692307,0.015317286652078774,0.6296296296296297,0.008733624454148471
wilt,0,0,202,balanced_rf:oof_balanced_accuracy,0.4124999999999999,0.9615384615384616,0.06783369803063458,0.9259259259259259,0.06331877729257641
wilt,0,0,303,unweighted_lr:default,0.5,0.2692307692307692,0.00437636761487965,0.18518518518518517,0.0
wilt,0,0,303,unweighted_lr:oof_macro_f1,0.23031515131346894,0.6923076923076923,0.030634573304157548,0.6666666666666666,0.019650655021834062
wilt,0,0,303,unweighted_lr:oof_balanced_accuracy,0.09722567624890092,0.9615384615384616,0.10065645514223195,0.9259259259259259,0.0982532751091703
wilt,0,0,303,weighted_lr:default,0.5,0.9615384615384616,0.07658643326039387,0.9259259259259259,0.08733624454148471
wilt,0,0,303,weighted_lr:oof_macro_f1,0.7772156570437416,0.8076923076923077,0.024070021881838075,0.7037037037037037,0.017467248908296942
wilt,0,0,303,weighted_lr:oof_balanced_accuracy,0.557276585261956,0.9615384615384616,0.0700218818380744,0.9259259259259259,0.06768558951965066
wilt,0,0,303,rf:default,0.5,0.7307692307692307,0.006564551422319475,0.6666666666666666,0.006550218340611353
wilt,0,0,303,rf:oof_macro_f1,0.40041666666666664,0.8076923076923077,0.0087527352297593,0.7407407407407407,0.006550218340611353
wilt,0,0,303,rf:oof_balanced_accuracy,0.04583333333333333,1.0,0.06564551422319474,1.0,0.06768558951965066
wilt,0,0,303,balanced_rf:default,0.5,0.9615384615384616,0.0437636761487965,0.8148148148148148,0.04585152838427948
wilt,0,0,303,balanced_rf:oof_macro_f1,0.7125,0.7692307692307693,0.015317286652078774,0.6666666666666666,0.010917030567685589
wilt,0,0,303,balanced_rf:oof_balanced_accuracy,0.5125,0.9615384615384616,0.03938730853391685,0.8148148148148148,0.04585152838427948
wilt,0,0,404,unweighted_lr:default,0.5,0.2692307692307692,0.00437636761487965,0.18518518518518517,0.0
wilt,0,0,404,unweighted_lr:oof_macro_f1,0.23031515131346894,0.6923076923076923,0.030634573304157548,0.6666666666666666,0.019650655021834062
wilt,0,0,404,unweighted_lr:oof_balanced_accuracy,0.09722567624890092,0.9615384615384616,0.10065645514223195,0.9259259259259259,0.0982532751091703
wilt,0,0,404,weighted_lr:default,0.5,0.9615384615384616,0.07658643326039387,0.9259259259259259,0.08733624454148471
wilt,0,0,404,weighted_lr:oof_macro_f1,0.7772156570437416,0.8076923076923077,0.024070021881838075,0.7037037037037037,0.017467248908296942
wilt,0,0,404,weighted_lr:oof_balanced_accuracy,0.557276585261956,0.9615384615384616,0.0700218818380744,0.9259259259259259,0.06768558951965066
wilt,0,0,404,rf:default,0.5,0.8076923076923077,0.0087527352297593,0.6296296296296297,0.006550218340611353
wilt,0,0,404,rf:oof_macro_f1,0.41666666666666663,0.8076923076923077,0.010940919037199124,0.7037037037037037,0.006550218340611353
wilt,0,0,404,rf:oof_balanced_accuracy,0.12083333333333332,0.9615384615384616,0.0262582056892779,0.9259259259259259,0.039301310043668124
wilt,0,0,404,balanced_rf:default,0.5,0.9615384615384616,0.0350109409190372,0.8518518518518519,0.03711790393013101
wilt,0,0,404,balanced_rf:oof_macro_f1,0.7333333333333333,0.6538461538461539,0.0087527352297593,0.6296296296296297,0.010917030567685589
wilt,0,0,404,balanced_rf:oof_balanced_accuracy,0.38333333333333336,0.9615384615384616,0.06345733041575492,0.8888888888888888,0.06768558951965066
wilt,0,0,505,unweighted_lr:default,0.5,0.2692307692307692,0.00437636761487965,0.18518518518518517,0.0
wilt,0,0,505,unweighted_lr:oof_macro_f1,0.23031515131346894,0.6923076923076923,0.030634573304157548,0.6666666666666666,0.019650655021834062
wilt,0,0,505,unweighted_lr:oof_balanced_accuracy,0.09722567624890092,0.9615384615384616,0.10065645514223195,0.9259259259259259,0.0982532751091703
wilt,0,0,505,weighted_lr:default,0.5,0.9615384615384616,0.07658643326039387,0.9259259259259259,0.08733624454148471
wilt,0,0,505,weighted_lr:oof_macro_f1,0.7772156570437416,0.8076923076923077,0.024070021881838075,0.7037037037037037,0.017467248908296942
wilt,0,0,505,weighted_lr:oof_balanced_accuracy,0.557276585261956,0.9615384615384616,0.0700218818380744,0.9259259259259259,0.06768558951965066
wilt,0,0,505,rf:default,0.5,0.6923076923076923,0.006564551422319475,0.6666666666666666,0.002183406113537118
wilt,0,0,505,rf:oof_macro_f1,0.3708333333333333,0.8461538461538461,0.010940919037199124,0.8148148148148148,0.010917030567685589
wilt,0,0,505,rf:oof_balanced_accuracy,0.05625,1.0,0.06783369803063458,1.0,0.07423580786026202
wilt,0,0,505,balanced_rf:default,0.5,0.9230769230769231,0.03938730853391685,0.8518518518518519,0.039301310043668124
wilt,0,0,505,balanced_rf:oof_macro_f1,0.7375,0.7307692307692307,0.010940919037199124,0.7037037037037037,0.008733624454148471
wilt,0,0,505,balanced_rf:oof_balanced_accuracy,0.29583333333333334,0.9615384615384616,0.09409190371991247,0.9629629629629629,0.10480349344978165
wilt,0,1,101,unweighted_lr:default,0.5,0.38461538461538464,0.006550218340611353,0.2692307692307692,0.004366812227074236
wilt,0,1,101,unweighted_lr:oof_macro_f1,0.20887927940226997,0.8846153846153846,0.019650655021834062,0.7307692307692307,0.021834061135371178
wilt,0,1,101,unweighted_lr:oof_balanced_accuracy,0.10626874392497186,1.0,0.06331877729257641,0.9615384615384616,0.05021834061135371
wilt,0,1,101,weighted_lr:default,0.5,1.0,0.06986899563318777,0.9615384615384616,0.05021834061135371
wilt,0,1,101,weighted_lr:oof_macro_f1,0.8137664102254067,0.8461538461538461,0.013100436681222707,0.6153846153846154,0.017467248908296942
wilt,0,1,101,weighted_lr:oof_balanced_accuracy,0.624364129036499,0.9615384615384616,0.03056768558951965,0.9230769230769231,0.03711790393013101
wilt,0,1,101,rf:default,0.5,0.8846153846153846,0.002183406113537118,0.5769230769230769,0.004366812227074236
wilt,0,1,101,rf:oof_macro_f1,0.3043055555555555,0.9615384615384616,0.006550218340611353,0.6538461538461539,0.006550218340611353
wilt,0,1,101,rf:oof_balanced_accuracy,0.12916666666666668,1.0,0.028384279475982533,0.9230769230769231,0.019650655021834062
wilt,0,1,101,balanced_rf:default,0.5,1.0,0.028384279475982533,0.9615384615384616,0.008733624454148471
wilt,0,1,101,balanced_rf:oof_macro_f1,0.7233333333333334,0.9230769230769231,0.002183406113537118,0.7692307692307693,0.004366812227074236
wilt,0,1,101,balanced_rf:oof_balanced_accuracy,0.3791666666666667,1.0,0.05895196506550218,0.9615384615384616,0.04148471615720524
wilt,0,1,202,unweighted_lr:default,0.5,0.38461538461538464,0.006550218340611353,0.2692307692307692,0.004366812227074236
wilt,0,1,202,unweighted_lr:oof_macro_f1,0.20887927940226997,0.8846153846153846,0.019650655021834062,0.7307692307692307,0.021834061135371178
wilt,0,1,202,unweighted_lr:oof_balanced_accuracy,0.10626874392497186,1.0,0.06331877729257641,0.9615384615384616,0.05021834061135371
wilt,0,1,202,weighted_lr:default,0.5,1.0,0.06986899563318777,0.9615384615384616,0.05021834061135371
wilt,0,1,202,weighted_lr:oof_macro_f1,0.8137664102254067,0.8461538461538461,0.013100436681222707,0.6153846153846154,0.017467248908296942
wilt,0,1,202,weighted_lr:oof_balanced_accuracy,0.624364129036499,0.9615384615384616,0.03056768558951965,0.9230769230769231,0.03711790393013101
wilt,0,1,202,rf:default,0.5,0.8076923076923077,0.002183406113537118,0.5769230769230769,0.002183406113537118
wilt,0,1,202,rf:oof_macro_f1,0.26666666666666666,1.0,0.013100436681222707,0.7692307692307693,0.008733624454148471
wilt,0,1,202,rf:oof_balanced_accuracy,0.12916666666666665,1.0,0.026200873362445413,0.9230769230769231,0.017467248908296942
wilt,0,1,202,balanced_rf:default,0.5,1.0,0.028384279475982533,0.9615384615384616,0.015283842794759825
wilt,0,1,202,balanced_rf:oof_macro_f1,0.6375,0.9615384615384616,0.010917030567685589,0.8461538461538461,0.008733624454148471
wilt,0,1,202,balanced_rf:oof_balanced_accuracy,0.3983333333333334,1.0,0.043668122270742356,0.9615384615384616,0.039301310043668124
wilt,0,1,303,unweighted_lr:default,0.5,0.38461538461538464,0.006550218340611353,0.2692307692307692,0.004366812227074236
wilt,0,1,303,unweighted_lr:oof_macro_f1,0.20887927940226997,0.8846153846153846,0.019650655021834062,0.7307692307692307,0.021834061135371178
wilt,0,1,303,unweighted_lr:oof_balanced_accuracy,0.10626874392497186,1.0,0.06331877729257641,0.9615384615384616,0.05021834061135371
wilt,0,1,303,weighted_lr:default,0.5,1.0,0.06986899563318777,0.9615384615384616,0.05021834061135371
wilt,0,1,303,weighted_lr:oof_macro_f1,0.8137664102254067,0.8461538461538461,0.013100436681222707,0.6153846153846154,0.017467248908296942
wilt,0,1,303,weighted_lr:oof_balanced_accuracy,0.624364129036499,0.9615384615384616,0.03056768558951965,0.9230769230769231,0.03711790393013101
wilt,0,1,303,rf:default,0.5,0.9230769230769231,0.002183406113537118,0.6538461538461539,0.004366812227074236
wilt,0,1,303,rf:oof_macro_f1,0.37499999999999994,0.9230769230769231,0.006550218340611353,0.6538461538461539,0.006550218340611353
wilt,0,1,303,rf:oof_balanced_accuracy,0.08958333333333333,1.0,0.034934497816593885,0.9230769230769231,0.028384279475982533
wilt,0,1,303,balanced_rf:default,0.5,1.0,0.019650655021834062,0.9230769230769231,0.008733624454148471
wilt,0,1,303,balanced_rf:oof_macro_f1,0.7000000000000001,0.9230769230769231,0.002183406113537118,0.6923076923076923,0.006550218340611353
wilt,0,1,303,balanced_rf:oof_balanced_accuracy,0.5041666666666667,1.0,0.019650655021834062,0.9230769230769231,0.008733624454148471
wilt,0,1,404,unweighted_lr:default,0.5,0.38461538461538464,0.006550218340611353,0.2692307692307692,0.004366812227074236
wilt,0,1,404,unweighted_lr:oof_macro_f1,0.20887927940226997,0.8846153846153846,0.019650655021834062,0.7307692307692307,0.021834061135371178
wilt,0,1,404,unweighted_lr:oof_balanced_accuracy,0.10626874392497186,1.0,0.06331877729257641,0.9615384615384616,0.05021834061135371
wilt,0,1,404,weighted_lr:default,0.5,1.0,0.06986899563318777,0.9615384615384616,0.05021834061135371
wilt,0,1,404,weighted_lr:oof_macro_f1,0.8137664102254067,0.8461538461538461,0.013100436681222707,0.6153846153846154,0.017467248908296942
wilt,0,1,404,weighted_lr:oof_balanced_accuracy,0.624364129036499,0.9615384615384616,0.03056768558951965,0.9230769230769231,0.03711790393013101
wilt,0,1,404,rf:default,0.5,0.8846153846153846,0.002183406113537118,0.5384615384615384,0.002183406113537118
wilt,0,1,404,rf:oof_macro_f1,0.26095238095238094,1.0,0.006550218340611353,0.6923076923076923,0.006550218340611353
wilt,0,1,404,rf:oof_balanced_accuracy,0.1325,1.0,0.021834061135371178,0.9230769230769231,0.015283842794759825
wilt,0,1,404,balanced_rf:default,0.5,1.0,0.019650655021834062,0.9615384615384616,0.015283842794759825
wilt,0,1,404,balanced_rf:oof_macro_f1,0.6104166666666666,1.0,0.010917030567685589,0.9615384615384616,0.004366812227074236
wilt,0,1,404,balanced_rf:oof_balanced_accuracy,0.37499999999999994,1.0,0.05895196506550218,0.9615384615384616,0.04148471615720524
wilt,0,1,505,unweighted_lr:default,0.5,0.38461538461538464,0.006550218340611353,0.2692307692307692,0.004366812227074236
wilt,0,1,505,unweighted_lr:oof_macro_f1,0.20887927940226997,0.8846153846153846,0.019650655021834062,0.7307692307692307,0.021834061135371178
wilt,0,1,505,unweighted_lr:oof_balanced_accuracy,0.10626874392497186,1.0,0.06331877729257641,0.9615384615384616,0.05021834061135371
wilt,0,1,505,weighted_lr:default,0.5,1.0,0.06986899563318777,0.9615384615384616,0.05021834061135371
wilt,0,1,505,weighted_lr:oof_macro_f1,0.8137664102254067,0.8461538461538461,0.013100436681222707,0.6153846153846154,0.017467248908296942
wilt,0,1,505,weighted_lr:oof_balanced_accuracy,0.624364129036499,0.9615384615384616,0.03056768558951965,0.9230769230769231,0.03711790393013101
wilt,0,1,505,rf:default,0.5,0.8461538461538461,0.002183406113537118,0.5,0.002183406113537118
wilt,0,1,505,rf:oof_macro_f1,0.31999999999999995,0.9615384615384616,0.004366812227074236,0.7307692307692307,0.006550218340611353
wilt,0,1,505,rf:oof_balanced_accuracy,0.1525,1.0,0.019650655021834062,0.9230769230769231,0.015283842794759825
wilt,0,1,505,balanced_rf:default,0.5,1.0,0.019650655021834062,0.9615384615384616,0.015283842794759825
wilt,0,1,505,balanced_rf:oof_macro_f1,0.6708333333333333,1.0,0.010917030567685589,0.8076923076923077,0.006550218340611353
wilt,0,1,505,balanced_rf:oof_balanced_accuracy,0.37083333333333335,1.0,0.05895196506550218,0.9615384615384616,0.03711790393013101
wilt,0,2,101,unweighted_lr:default,0.5,0.2692307692307692,0.002183406113537118,0.19230769230769232,0.006550218340611353
wilt,0,2,101,unweighted_lr:oof_macro_f1,0.22388125699196162,0.9230769230769231,0.015283842794759825,0.6153846153846154,0.021834061135371178
wilt,0,2,101,unweighted_lr:oof_balanced_accuracy,0.10378277996173212,1.0,0.06331877729257641,0.8846153846153846,0.08733624454148471
wilt,0,2,101,weighted_lr:default,0.5,1.0,0.06550218340611354,0.8846153846153846,0.06768558951965066
wilt,0,2,101,weighted_lr:oof_macro_f1,0.7278946874333069,1.0,0.03056768558951965,0.7692307692307693,0.028384279475982533
wilt,0,2,101,weighted_lr:oof_balanced_accuracy,0.5832813877408916,1.0,0.05021834061135371,0.8846153846153846,0.05021834061135371
wilt,0,2,101,rf:default,0.5,0.6538461538461539,0.004366812227074236,0.6538461538461539,0.006550218340611353
wilt,0,2,101,rf:oof_macro_f1,0.31250000000000006,0.8461538461538461,0.008733624454148471,0.7692307692307693,0.024017467248908297
wilt,0,2,101,rf:oof_balanced_accuracy,0.09345238095238095,0.9615384615384616,0.03275109170305677,0.8846153846153846,0.056768558951965066
wilt,0,2,101,balanced_rf:default,0.5,0.9615384615384616,0.026200873362445413,0.8076923076923077,0.04148471615720524
wilt,0,2,101,balanced_rf:oof_macro_f1,0.6625,0.9230769230769231,0.010917030567685589,0.7692307692307693,0.021834061135371178
wilt,0,2,101,balanced_rf:oof_balanced_accuracy,0.4083333333333334,1.0,0.03275109170305677,0.8461538461538461,0.05895196506550218
wilt,0,2,202,unweighted_lr:default,0.5,0.2692307692307692,0.002183406113537118,0.19230769230769232,0.006550218340611353
wilt,0,2,202,unweighted_lr:oof_macro_f1,0.22388125699196162,0.9230769230769231,0.015283842794759825,0.6153846153846154,0.021834061135371178
wilt,0,2,202,unweighted_lr:oof_balanced_accuracy,0.10378277996173212,1.0,0.06331877729257641,0.8846153846153846,0.08733624454148471
wilt,0,2,202,weighted_lr:default,0.5,1.0,0.06550218340611354,0.8846153846153846,0.06768558951965066
wilt,0,2,202,weighted_lr:oof_macro_f1,0.7278946874333069,1.0,0.03056768558951965,0.7692307692307693,0.028384279475982533
wilt,0,2,202,weighted_lr:oof_balanced_accuracy,0.5832813877408916,1.0,0.05021834061135371,0.8846153846153846,0.05021834061135371
wilt,0,2,202,rf:default,0.5,0.6538461538461539,0.002183406113537118,0.6538461538461539,0.010917030567685589
wilt,0,2,202,rf:oof_macro_f1,0.29375,0.9230769230769231,0.013100436681222707,0.8076923076923077,0.021834061135371178
wilt,0,2,202,rf:oof_balanced_accuracy,0.09458333333333332,0.9615384615384616,0.03056768558951965,0.8846153846153846,0.05240174672489083
wilt,0,2,202,balanced_rf:default,0.5,1.0,0.026200873362445413,0.8461538461538461,0.039301310043668124
wilt,0,2,202,balanced_rf:oof_macro_f1,0.7416666666666667,0.8076923076923077,0.006550218340611353,0.6538461538461539,0.021834061135371178
wilt,0,2,202,balanced_rf:oof_balanced_accuracy,0.36249999999999993,1.0,0.07641921397379912,0.8846153846153846,0.1091703056768559
wilt,0,2,303,unweighted_lr:default,0.5,0.2692307692307692,0.002183406113537118,0.19230769230769232,0.006550218340611353
wilt,0,2,303,unweighted_lr:oof_macro_f1,0.22388125699196162,0.9230769230769231,0.015283842794759825,0.6153846153846154,0.021834061135371178
wilt,0,2,303,unweighted_lr:oof_balanced_accuracy,0.10378277996173212,1.0,0.06331877729257641,0.8846153846153846,0.08733624454148471
wilt,0,2,303,weighted_lr:default,0.5,1.0,0.06550218340611354,0.8846153846153846,0.06768558951965066
wilt,0,2,303,weighted_lr:oof_macro_f1,0.7278946874333069,1.0,0.03056768558951965,0.7692307692307693,0.028384279475982533
wilt,0,2,303,weighted_lr:oof_balanced_accuracy,0.5832813877408916,1.0,0.05021834061135371,0.8846153846153846,0.05021834061135371
wilt,0,2,303,rf:default,0.5,0.6923076923076923,0.004366812227074236,0.6923076923076923,0.008733624454148471
wilt,0,2,303,rf:oof_macro_f1,0.3285416666666667,0.8076923076923077,0.010917030567685589,0.7692307692307693,0.019650655021834062
wilt,0,2,303,rf:oof_balanced_accuracy,0.075,0.9615384615384616,0.05021834061135371,0.8846153846153846,0.06550218340611354
wilt,0,2,303,balanced_rf:default,0.5,0.9615384615384616,0.03056768558951965,0.8461538461538461,0.04585152838427948
wilt,0,2,303,balanced_rf:oof_macro_f1,0.7166666666666667,0.8076923076923077,0.013100436681222707,0.7692307692307693,0.021834061135371178
wilt,0,2,303,balanced_rf:oof_balanced_accuracy,0.38125,1.0,0.048034934497816595,0.8461538461538461,0.0851528384279476
wilt,0,2,404,unweighted_lr:default,0.5,0.2692307692307692,0.002183406113537118,0.19230769230769232,0.006550218340611353
wilt,0,2,404,unweighted_lr:oof_macro_f1,0.22388125699196162,0.9230769230769231,0.015283842794759825,0.6153846153846154,0.021834061135371178
wilt,0,2,404,unweighted_lr:oof_balanced_accuracy,0.10378277996173212,1.0,0.06331877729257641,0.8846153846153846,0.08733624454148471
wilt,0,2,404,weighted_lr:default,0.5,1.0,0.06550218340611354,0.8846153846153846,0.06768558951965066
wilt,0,2,404,weighted_lr:oof_macro_f1,0.7278946874333069,1.0,0.03056768558951965,0.7692307692307693,0.028384279475982533
wilt,0,2,404,weighted_lr:oof_balanced_accuracy,0.5832813877408916,1.0,0.05021834061135371,0.8846153846153846,0.05021834061135371
wilt,0,2,404,rf:default,0.5,0.6923076923076923,0.002183406113537118,0.5769230769230769,0.008733624454148471
wilt,0,2,404,rf:oof_macro_f1,0.33125,0.8846153846153846,0.010917030567685589,0.7692307692307693,0.024017467248908297
wilt,0,2,404,rf:oof_balanced_accuracy,0.0875,1.0,0.034934497816593885,0.8846153846153846,0.05021834061135371
wilt,0,2,404,balanced_rf:default,0.5,1.0,0.028384279475982533,0.8846153846153846,0.04148471615720524
wilt,0,2,404,balanced_rf:oof_macro_f1,0.6416666666666667,0.8846153846153846,0.015283842794759825,0.7692307692307693,0.03056768558951965
wilt,0,2,404,balanced_rf:oof_balanced_accuracy,0.35833333333333334,1.0,0.0611353711790393,0.8846153846153846,0.08296943231441048
wilt,0,2,505,unweighted_lr:default,0.5,0.2692307692307692,0.002183406113537118,0.19230769230769232,0.006550218340611353
wilt,0,2,505,unweighted_lr:oof_macro_f1,0.22388125699196162,0.9230769230769231,0.015283842794759825,0.6153846153846154,0.021834061135371178
wilt,0,2,505,unweighted_lr:oof_balanced_accuracy,0.10378277996173212,1.0,0.06331877729257641,0.8846153846153846,0.08733624454148471
wilt,0,2,505,weighted_lr:default,0.5,1.0,0.06550218340611354,0.8846153846153846,0.06768558951965066
wilt,0,2,505,weighted_lr:oof_macro_f1,0.7278946874333069,1.0,0.03056768558951965,0.7692307692307693,0.028384279475982533
wilt,0,2,505,weighted_lr:oof_balanced_accuracy,0.5832813877408916,1.0,0.05021834061135371,0.8846153846153846,0.05021834061135371
wilt,0,2,505,rf:default,0.5,0.7307692307692307,0.002183406113537118,0.6923076923076923,0.013100436681222707
wilt,0,2,505,rf:oof_macro_f1,0.28541666666666665,0.8846153846153846,0.010917030567685589,0.7692307692307693,0.024017467248908297
wilt,0,2,505,rf:oof_balanced_accuracy,0.07666666666666666,1.0,0.03275109170305677,0.8846153846153846,0.05240174672489083
wilt,0,2,505,balanced_rf:default,0.5,1.0,0.028384279475982533,0.8076923076923077,0.039301310043668124
wilt,0,2,505,balanced_rf:oof_macro_f1,0.6875,0.8846153846153846,0.008733624454148471,0.8076923076923077,0.024017467248908297
wilt,0,2,505,balanced_rf:oof_balanced_accuracy,0.4625,1.0,0.03275109170305677,0.8076923076923077,0.05021834061135371
wilt,0,3,101,unweighted_lr:default,0.5,0.2692307692307692,0.010917030567685589,0.23076923076923078,0.006550218340611353
wilt,0,3,101,unweighted_lr:oof_macro_f1,0.23134986607800412,0.7692307692307693,0.034934497816593885,0.7307692307692307,0.03275109170305677
wilt,0,3,101,unweighted_lr:oof_balanced_accuracy,0.09746868061540866,1.0,0.08951965065502183,0.9230769230769231,0.0851528384279476
wilt,0,3,101,weighted_lr:default,0.5,1.0,0.07860262008733625,0.9230769230769231,0.07860262008733625
wilt,0,3,101,weighted_lr:oof_macro_f1,0.7944328856971652,0.8076923076923077,0.026200873362445413,0.7692307692307693,0.028384279475982533
wilt,0,3,101,weighted_lr:oof_balanced_accuracy,0.5443032892473781,1.0,0.06331877729257641,0.8846153846153846,0.06550218340611354
wilt,0,3,101,rf:default,0.5,0.7307692307692307,0.004366812227074236,0.6538461538461539,0.0
wilt,0,3,101,rf:oof_macro_f1,0.28541666666666665,0.8461538461538461,0.006550218340611353,0.7692307692307693,0.0
wilt,0,3,101,rf:oof_balanced_accuracy,0.08916666666666666,0.8846153846153846,0.034934497816593885,0.9615384615384616,0.03275109170305677
wilt,0,3,101,balanced_rf:default,0.5,0.8076923076923077,0.019650655021834062,0.8461538461538461,0.021834061135371178
wilt,0,3,101,balanced_rf:oof_macro_f1,0.7333333333333333,0.6153846153846154,0.006550218340611353,0.7307692307692307,0.002183406113537118
wilt,0,3,101,balanced_rf:oof_balanced_accuracy,0.4208333333333334,0.8461538461538461,0.028384279475982533,0.8846153846153846,0.04148471615720524
wilt,0,3,202,unweighted_lr:default,0.5,0.2692307692307692,0.010917030567685589,0.23076923076923078,0.006550218340611353
wilt,0,3,202,unweighted_lr:oof_macro_f1,0.23134986607800412,0.7692307692307693,0.034934497816593885,0.7307692307692307,0.03275109170305677
wilt,0,3,202,unweighted_lr:oof_balanced_accuracy,0.09746868061540866,1.0,0.08951965065502183,0.9230769230769231,0.0851528384279476
wilt,0,3,202,weighted_lr:default,0.5,1.0,0.07860262008733625,0.9230769230769231,0.07860262008733625
wilt,0,3,202,weighted_lr:oof_macro_f1,0.7944328856971652,0.8076923076923077,0.026200873362445413,0.7692307692307693,0.028384279475982533
wilt,0,3,202,weighted_lr:oof_balanced_accuracy,0.5443032892473781,1.0,0.06331877729257641,0.8846153846153846,0.06550218340611354
wilt,0,3,202,rf:default,0.5,0.6923076923076923,0.004366812227074236,0.6153846153846154,0.0
wilt,0,3,202,rf:oof_macro_f1,0.27499999999999997,0.8461538461538461,0.004366812227074236,0.8076923076923077,0.0
wilt,0,3,202,rf:oof_balanced_accuracy,0.08541666666666667,0.9230769230769231,0.034934497816593885,0.9615384615384616,0.04148471615720524
wilt,0,3,202,balanced_rf:default,0.5,0.8461538461538461,0.024017467248908297,0.8461538461538461,0.015283842794759825
wilt,0,3,202,balanced_rf:oof_macro_f1,0.6375,0.7307692307692307,0.010917030567685589,0.7692307692307693,0.008733624454148471
wilt,0,3,202,balanced_rf:oof_balanced_accuracy,0.3875,0.9230769230769231,0.03275109170305677,0.8461538461538461,0.05021834061135371
wilt,0,3,303,unweighted_lr:default,0.5,0.2692307692307692,0.010917030567685589,0.23076923076923078,0.006550218340611353
wilt,0,3,303,unweighted_lr:oof_macro_f1,0.23134986607800412,0.7692307692307693,0.034934497816593885,0.7307692307692307,0.03275109170305677
wilt,0,3,303,unweighted_lr:oof_balanced_accuracy,0.09746868061540866,1.0,0.08951965065502183,0.9230769230769231,0.0851528384279476
wilt,0,3,303,weighted_lr:default,0.5,1.0,0.07860262008733625,0.9230769230769231,0.07860262008733625
wilt,0,3,303,weighted_lr:oof_macro_f1,0.7944328856971652,0.8076923076923077,0.026200873362445413,0.7692307692307693,0.028384279475982533
wilt,0,3,303,weighted_lr:oof_balanced_accuracy,0.5443032892473781,1.0,0.06331877729257641,0.8846153846153846,0.06550218340611354
wilt,0,3,303,rf:default,0.5,0.6923076923076923,0.002183406113537118,0.6538461538461539,0.0
wilt,0,3,303,rf:oof_macro_f1,0.3345833333333334,0.8076923076923077,0.004366812227074236,0.8076923076923077,0.002183406113537118
wilt,0,3,303,rf:oof_balanced_accuracy,0.10958333333333332,0.9230769230769231,0.026200873362445413,0.9230769230769231,0.03056768558951965
wilt,0,3,303,balanced_rf:default,0.5,0.8846153846153846,0.021834061135371178,0.8461538461538461,0.03056768558951965
wilt,0,3,303,balanced_rf:oof_macro_f1,0.5875,0.8076923076923077,0.015283842794759825,0.8076923076923077,0.013100436681222707
wilt,0,3,303,balanced_rf:oof_balanced_accuracy,0.4,0.9615384615384616,0.039301310043668124,0.8846153846153846,0.04585152838427948
wilt,0,3,404,unweighted_lr:default,0.5,0.2692307692307692,0.010917030567685589,0.23076923076923078,0.006550218340611353
wilt,0,3,404,unweighted_lr:oof_macro_f1,0.23134986607800412,0.7692307692307693,0.034934497816593885,0.7307692307692307,0.03275109170305677
wilt,0,3,404,unweighted_lr:oof_balanced_accuracy,0.09746868061540866,1.0,0.08951965065502183,0.9230769230769231,0.0851528384279476
wilt,0,3,404,weighted_lr:default,0.5,1.0,0.07860262008733625,0.9230769230769231,0.07860262008733625
wilt,0,3,404,weighted_lr:oof_macro_f1,0.7944328856971652,0.8076923076923077,0.026200873362445413,0.7692307692307693,0.028384279475982533
wilt,0,3,404,weighted_lr:oof_balanced_accuracy,0.5443032892473781,1.0,0.06331877729257641,0.8846153846153846,0.06550218340611354
wilt,0,3,404,rf:default,0.5,0.6923076923076923,0.002183406113537118,0.6538461538461539,0.0
wilt,0,3,404,rf:oof_macro_f1,0.34666666666666673,0.8076923076923077,0.004366812227074236,0.7307692307692307,0.0
wilt,0,3,404,rf:oof_balanced_accuracy,0.0925,0.9230769230769231,0.03711790393013101,0.9230769230769231,0.03275109170305677
wilt,0,3,404,balanced_rf:default,0.5,0.8461538461538461,0.021834061135371178,0.8461538461538461,0.026200873362445413
wilt,0,3,404,balanced_rf:oof_macro_f1,0.6583333333333334,0.6923076923076923,0.010917030567685589,0.8076923076923077,0.006550218340611353
wilt,0,3,404,balanced_rf:oof_balanced_accuracy,0.41666666666666663,0.8846153846153846,0.03275109170305677,0.8461538461538461,0.039301310043668124
wilt,0,3,505,unweighted_lr:default,0.5,0.2692307692307692,0.010917030567685589,0.23076923076923078,0.006550218340611353
wilt,0,3,505,unweighted_lr:oof_macro_f1,0.23134986607800412,0.7692307692307693,0.034934497816593885,0.7307692307692307,0.03275109170305677
wilt,0,3,505,unweighted_lr:oof_balanced_accuracy,0.09746868061540866,1.0,0.08951965065502183,0.9230769230769231,0.0851528384279476
wilt,0,3,505,weighted_lr:default,0.5,1.0,0.07860262008733625,0.9230769230769231,0.07860262008733625
wilt,0,3,505,weighted_lr:oof_macro_f1,0.7944328856971652,0.8076923076923077,0.026200873362445413,0.7692307692307693,0.028384279475982533
wilt,0,3,505,weighted_lr:oof_balanced_accuracy,0.5443032892473781,1.0,0.06331877729257641,0.8846153846153846,0.06550218340611354
wilt,0,3,505,rf:default,0.5,0.7307692307692307,0.004366812227074236,0.6538461538461539,0.0
wilt,0,3,505,rf:oof_macro_f1,0.3270833333333333,0.8076923076923077,0.004366812227074236,0.7307692307692307,0.0
wilt,0,3,505,rf:oof_balanced_accuracy,0.06875,0.9615384615384616,0.05240174672489083,0.9615384615384616,0.05240174672489083
wilt,0,3,505,balanced_rf:default,0.5,0.9230769230769231,0.026200873362445413,0.8461538461538461,0.028384279475982533
wilt,0,3,505,balanced_rf:oof_macro_f1,0.6104166666666667,0.8076923076923077,0.013100436681222707,0.7692307692307693,0.015283842794759825
wilt,0,3,505,balanced_rf:oof_balanced_accuracy,0.4041666666666667,0.9230769230769231,0.039301310043668124,0.8846153846153846,0.04585152838427948
wilt,0,4,101,unweighted_lr:default,0.5,0.34615384615384615,0.0,0.23076923076923078,0.006550218340611353
wilt,0,4,101,unweighted_lr:oof_macro_f1,0.18455824372823723,0.8076923076923077,0.0175054704595186,0.7692307692307693,0.034934497816593885
wilt,0,4,101,unweighted_lr:oof_balanced_accuracy,0.10906824096486677,0.9615384615384616,0.05908096280087528,0.8846153846153846,0.08078602620087336
wilt,0,4,101,weighted_lr:default,0.5,0.9615384615384616,0.06564551422319474,0.8846153846153846,0.07860262008733625
wilt,0,4,101,weighted_lr:oof_macro_f1,0.7328554667482806,0.8076923076923077,0.024070021881838075,0.8076923076923077,0.026200873362445413
wilt,0,4,101,weighted_lr:oof_balanced_accuracy,0.5715374523394963,0.9615384615384616,0.04814004376367615,0.8846153846153846,0.056768558951965066
wilt,0,4,101,rf:default,0.5,0.8076923076923077,0.0,0.8461538461538461,0.004366812227074236
wilt,0,4,101,rf:oof_macro_f1,0.32875,0.8846153846153846,0.002188183807439825,0.9230769230769231,0.006550218340611353
wilt,0,4,101,rf:oof_balanced_accuracy,0.1625,0.9230769230769231,0.0175054704595186,1.0,0.019650655021834062
wilt,0,4,101,balanced_rf:default,0.5,0.9230769230769231,0.0262582056892779,1.0,0.034934497816593885
wilt,0,4,101,balanced_rf:oof_macro_f1,0.6791666666666667,0.8846153846153846,0.0087527352297593,1.0,0.010917030567685589
wilt,0,4,101,balanced_rf:oof_balanced_accuracy,0.5,0.9230769230769231,0.0262582056892779,1.0,0.034934497816593885
wilt,0,4,202,unweighted_lr:default,0.5,0.34615384615384615,0.0,0.23076923076923078,0.006550218340611353
wilt,0,4,202,unweighted_lr:oof_macro_f1,0.18455824372823723,0.8076923076923077,0.0175054704595186,0.7692307692307693,0.034934497816593885
wilt,0,4,202,unweighted_lr:oof_balanced_accuracy,0.10906824096486677,0.9615384615384616,0.05908096280087528,0.8846153846153846,0.08078602620087336
wilt,0,4,202,weighted_lr:default,0.5,0.9615384615384616,0.06564551422319474,0.8846153846153846,0.07860262008733625
wilt,0,4,202,weighted_lr:oof_macro_f1,0.7328554667482806,0.8076923076923077,0.024070021881838075,0.8076923076923077,0.026200873362445413
wilt,0,4,202,weighted_lr:oof_balanced_accuracy,0.5715374523394963,0.9615384615384616,0.04814004376367615,0.8846153846153846,0.056768558951965066
wilt,0,4,202,rf:default,0.5,0.8461538461538461,0.0,0.8076923076923077,0.004366812227074236
wilt,0,4,202,rf:oof_macro_f1,0.3590277777777778,0.8846153846153846,0.00437636761487965,0.8846153846153846,0.004366812227074236
wilt,0,4,202,rf:oof_balanced_accuracy,0.09791666666666667,0.9615384615384616,0.0262582056892779,1.0,0.03275109170305677
wilt,0,4,202,balanced_rf:default,0.5,0.8846153846153846,0.0350109409190372,1.0,0.03275109170305677
wilt,0,4,202,balanced_rf:oof_macro_f1,0.6416666666666666,0.8846153846153846,0.010940919037199124,1.0,0.013100436681222707
wilt,0,4,202,balanced_rf:oof_balanced_accuracy,0.4270833333333333,0.9615384615384616,0.04814004376367615,1.0,0.05458515283842795
wilt,0,4,303,unweighted_lr:default,0.5,0.34615384615384615,0.0,0.23076923076923078,0.006550218340611353
wilt,0,4,303,unweighted_lr:oof_macro_f1,0.18455824372823723,0.8076923076923077,0.0175054704595186,0.7692307692307693,0.034934497816593885
wilt,0,4,303,unweighted_lr:oof_balanced_accuracy,0.10906824096486677,0.9615384615384616,0.05908096280087528,0.8846153846153846,0.08078602620087336
wilt,0,4,303,weighted_lr:default,0.5,0.9615384615384616,0.06564551422319474,0.8846153846153846,0.07860262008733625
wilt,0,4,303,weighted_lr:oof_macro_f1,0.7328554667482806,0.8076923076923077,0.024070021881838075,0.8076923076923077,0.026200873362445413
wilt,0,4,303,weighted_lr:oof_balanced_accuracy,0.5715374523394963,0.9615384615384616,0.04814004376367615,0.8846153846153846,0.056768558951965066
wilt,0,4,303,rf:default,0.5,0.8846153846153846,0.0,0.8461538461538461,0.004366812227074236
wilt,0,4,303,rf:oof_macro_f1,0.34750000000000003,0.8846153846153846,0.002188183807439825,0.8846153846153846,0.006550218340611353
wilt,0,4,303,rf:oof_balanced_accuracy,0.0875,0.9615384615384616,0.037199124726477024,1.0,0.03275109170305677
wilt,0,4,303,balanced_rf:default,0.5,0.9230769230769231,0.030634573304157548,1.0,0.024017467248908297
wilt,0,4,303,balanced_rf:oof_macro_f1,0.6833333333333333,0.8846153846153846,0.0087527352297593,1.0,0.015283842794759825
wilt,0,4,303,balanced_rf:oof_balanced_accuracy,0.4833333333333333,0.9230769230769231,0.0350109409190372,1.0,0.028384279475982533
wilt,0,4,404,unweighted_lr:default,0.5,0.34615384615384615,0.0,0.23076923076923078,0.006550218340611353
wilt,0,4,404,unweighted_lr:oof_macro_f1,0.18455824372823723,0.8076923076923077,0.0175054704595186,0.7692307692307693,0.034934497816593885
wilt,0,4,404,unweighted_lr:oof_balanced_accuracy,0.10906824096486677,0.9615384615384616,0.05908096280087528,0.8846153846153846,0.08078602620087336
wilt,0,4,404,weighted_lr:default,0.5,0.9615384615384616,0.06564551422319474,0.8846153846153846,0.07860262008733625
wilt,0,4,404,weighted_lr:oof_macro_f1,0.7328554667482806,0.8076923076923077,0.024070021881838075,0.8076923076923077,0.026200873362445413
wilt,0,4,404,weighted_lr:oof_balanced_accuracy,0.5715374523394963,0.9615384615384616,0.04814004376367615,0.8846153846153846,0.056768558951965066
wilt,0,4,404,rf:default,0.5,0.8461538461538461,0.0,0.8461538461538461,0.004366812227074236
wilt,0,4,404,rf:oof_macro_f1,0.2770833333333333,0.9230769230769231,0.006564551422319475,0.9230769230769231,0.008733624454148471
wilt,0,4,404,rf:oof_balanced_accuracy,0.18958333333333333,0.9230769230769231,0.0087527352297593,0.9615384615384616,0.017467248908296942
wilt,0,4,404,balanced_rf:default,0.5,0.9230769230769231,0.028446389496717725,1.0,0.03056768558951965
wilt,0,4,404,balanced_rf:oof_macro_f1,0.6833333333333333,0.8846153846153846,0.01312910284463895,1.0,0.008733624454148471
wilt,0,4,404,balanced_rf:oof_balanced_accuracy,0.4416666666666666,0.9230769230769231,0.037199124726477024,1.0,0.05021834061135371
wilt,0,4,505,unweighted_lr:default,0.5,0.34615384615384615,0.0,0.23076923076923078,0.006550218340611353
wilt,0,4,505,unweighted_lr:oof_macro_f1,0.18455824372823723,0.8076923076923077,0.0175054704595186,0.7692307692307693,0.034934497816593885
wilt,0,4,505,unweighted_lr:oof_balanced_accuracy,0.10906824096486677,0.9615384615384616,0.05908096280087528,0.8846153846153846,0.08078602620087336
wilt,0,4,505,weighted_lr:default,0.5,0.9615384615384616,0.06564551422319474,0.8846153846153846,0.07860262008733625
wilt,0,4,505,weighted_lr:oof_macro_f1,0.7328554667482806,0.8076923076923077,0.024070021881838075,0.8076923076923077,0.026200873362445413
wilt,0,4,505,weighted_lr:oof_balanced_accuracy,0.5715374523394963,0.9615384615384616,0.04814004376367615,0.8846153846153846,0.056768558951965066
wilt,0,4,505,rf:default,0.5,0.8461538461538461,0.0,0.8461538461538461,0.002183406113537118
wilt,0,4,505,rf:oof_macro_f1,0.3470833333333333,0.8846153846153846,0.002188183807439825,0.8846153846153846,0.004366812227074236
wilt,0,4,505,rf:oof_balanced_accuracy,0.10625,0.9230769230769231,0.02188183807439825,1.0,0.026200873362445413
wilt,0,4,505,balanced_rf:default,0.5,0.9615384615384616,0.0262582056892779,1.0,0.03275109170305677
wilt,0,4,505,balanced_rf:oof_macro_f1,0.6354166666666667,0.8846153846153846,0.01312910284463895,0.9615384615384616,0.015283842794759825
wilt,0,4,505,balanced_rf:oof_balanced_accuracy,0.4166666666666667,0.9615384615384616,0.0437636761487965,1.0,0.043668122270742356
wilt,1,0,101,unweighted_lr:default,0.5,0.38461538461538464,0.002188183807439825,0.2222222222222222,0.002183406113537118
wilt,1,0,101,unweighted_lr:oof_macro_f1,0.19162323308316817,0.8461538461538461,0.0262582056892779,0.8888888888888888,0.03711790393013101
wilt,1,0,101,unweighted_lr:oof_balanced_accuracy,0.10596132300945782,0.9230769230769231,0.08096280087527352,1.0,0.07860262008733625
wilt,1,0,101,weighted_lr:default,0.5,0.9230769230769231,0.08533916849015317,1.0,0.09170305676855896
wilt,1,0,101,weighted_lr:oof_macro_f1,0.756987902606229,0.8846153846153846,0.02188183807439825,0.8888888888888888,0.034934497816593885
wilt,1,0,101,weighted_lr:oof_balanced_accuracy,0.601770072765684,0.9230769230769231,0.061269146608315096,1.0,0.0611353711790393
wilt,1,0,101,rf:default,0.5,0.7307692307692307,0.0,0.8148148148148148,0.0
wilt,1,0,101,rf:oof_macro_f1,0.20833333333333334,0.9230769230769231,0.015317286652078774,0.8888888888888888,0.021834061135371178
wilt,1,0,101,rf:oof_balanced_accuracy,0.09583333333333333,0.9615384615384616,0.0437636761487965,0.9629629629629629,0.04148471615720524
wilt,1,0,101,balanced_rf:default,0.5,0.9230769230769231,0.0262582056892779,0.8518518518518519,0.028384279475982533
wilt,1,0,101,balanced_rf:oof_macro_f1,0.6958333333333333,0.7692307692307693,0.010940919037199124,0.8148148148148148,0.010917030567685589
wilt,1,0,101,balanced_rf:oof_balanced_accuracy,0.45833333333333337,0.9230769230769231,0.037199124726477024,0.8518518518518519,0.03275109170305677
wilt,1,0,202,unweighted_lr:default,0.5,0.38461538461538464,0.002188183807439825,0.2222222222222222,0.002183406113537118
wilt,1,0,202,unweighted_lr:oof_macro_f1,0.19162323308316817,0.8461538461538461,0.0262582056892779,0.8888888888888888,0.03711790393013101
wilt,1,0,202,unweighted_lr:oof_balanced_accuracy,0.10596132300945782,0.9230769230769231,0.08096280087527352,1.0,0.07860262008733625
wilt,1,0,202,weighted_lr:default,0.5,0.9230769230769231,0.08533916849015317,1.0,0.09170305676855896
wilt,1,0,202,weighted_lr:oof_macro_f1,0.756987902606229,0.8846153846153846,0.02188183807439825,0.8888888888888888,0.034934497816593885
wilt,1,0,202,weighted_lr:oof_balanced_accuracy,0.601770072765684,0.9230769230769231,0.061269146608315096,1.0,0.0611353711790393
wilt,1,0,202,rf:default,0.5,0.7307692307692307,0.00437636761487965,0.7777777777777778,0.002183406113537118
wilt,1,0,202,rf:oof_macro_f1,0.2666666666666667,0.8461538461538461,0.010940919037199124,0.9259259259259259,0.013100436681222707
wilt,1,0,202,rf:oof_balanced_accuracy,0.09375,0.9615384615384616,0.03938730853391685,0.9629629629629629,0.03711790393013101
wilt,1,0,202,balanced_rf:default,0.5,0.9230769230769231,0.030634573304157548,0.8888888888888888,0.024017467248908297
wilt,1,0,202,balanced_rf:oof_macro_f1,0.6833333333333333,0.8076923076923077,0.00437636761487965,0.7777777777777778,0.013100436681222707
wilt,1,0,202,balanced_rf:oof_balanced_accuracy,0.3458333333333333,0.9615384615384616,0.0787746170678337,0.8888888888888888,0.06768558951965066
wilt,1,0,303,unweighted_lr:default,0.5,0.38461538461538464,0.002188183807439825,0.2222222222222222,0.002183406113537118
wilt,1,0,303,unweighted_lr:oof_macro_f1,0.19162323308316817,0.8461538461538461,0.0262582056892779,0.8888888888888888,0.03711790393013101
wilt,1,0,303,unweighted_lr:oof_balanced_accuracy,0.10596132300945782,0.9230769230769231,0.08096280087527352,1.0,0.07860262008733625
wilt,1,0,303,weighted_lr:default,0.5,0.9230769230769231,0.08533916849015317,1.0,0.09170305676855896
wilt,1,0,303,weighted_lr:oof_macro_f1,0.756987902606229,0.8846153846153846,0.02188183807439825,0.8888888888888888,0.034934497816593885
wilt,1,0,303,weighted_lr:oof_balanced_accuracy,0.601770072765684,0.9230769230769231,0.061269146608315096,1.0,0.0611353711790393
wilt,1,0,303,rf:default,0.5,0.6538461538461539,0.00437636761487965,0.7407407407407407,0.002183406113537118
wilt,1,0,303,rf:oof_macro_f1,0.25416666666666665,0.8846153846153846,0.0175054704595186,0.9259259259259259,0.008733624454148471
wilt,1,0,303,rf:oof_balanced_accuracy,0.1,0.9615384615384616,0.0437636761487965,0.9629629629629629,0.034934497816593885
wilt,1,0,303,balanced_rf:default,0.5,0.8846153846153846,0.03282275711159737,0.8888888888888888,0.026200873362445413
wilt,1,0,303,balanced_rf:oof_macro_f1,0.64,0.8076923076923077,0.01312910284463895,0.8518518518518519,0.019650655021834062
wilt,1,0,303,balanced_rf:oof_balanced_accuracy,0.4,0.9615384615384616,0.05470459518599562,0.9259259259259259,0.03711790393013101
wilt,1,0,404,unweighted_lr:default,0.5,0.38461538461538464,0.002188183807439825,0.2222222222222222,0.002183406113537118
wilt,1,0,404,unweighted_lr:oof_macro_f1,0.19162323308316817,0.8461538461538461,0.0262582056892779,0.8888888888888888,0.03711790393013101
wilt,1,0,404,unweighted_lr:oof_balanced_accuracy,0.10596132300945782,0.9230769230769231,0.08096280087527352,1.0,0.07860262008733625
wilt,1,0,404,weighted_lr:default,0.5,0.9230769230769231,0.08533916849015317,1.0,0.09170305676855896
wilt,1,0,404,weighted_lr:oof_macro_f1,0.756987902606229,0.8846153846153846,0.02188183807439825,0.8888888888888888,0.034934497816593885
wilt,1,0,404,weighted_lr:oof_balanced_accuracy,0.601770072765684,0.9230769230769231,0.061269146608315096,1.0,0.0611353711790393
wilt,1,0,404,rf:default,0.5,0.7307692307692307,0.0,0.7777777777777778,0.0
wilt,1,0,404,rf:oof_macro_f1,0.2125,0.8846153846153846,0.0175054704595186,0.8888888888888888,0.015283842794759825
wilt,1,0,404,rf:oof_balanced_accuracy,0.09583333333333334,0.9230769230769231,0.0350109409190372,0.9629629629629629,0.03275109170305677
wilt,1,0,404,balanced_rf:default,0.5,0.8846153846153846,0.030634573304157548,0.8888888888888888,0.03056768558951965
wilt,1,0,404,balanced_rf:oof_macro_f1,0.6416666666666667,0.8076923076923077,0.0175054704595186,0.8518518518518519,0.019650655021834062
wilt,1,0,404,balanced_rf:oof_balanced_accuracy,0.36666666666666664,0.9230769230769231,0.061269146608315096,0.9259259259259259,0.05240174672489083
wilt,1,0,505,unweighted_lr:default,0.5,0.38461538461538464,0.002188183807439825,0.2222222222222222,0.002183406113537118
wilt,1,0,505,unweighted_lr:oof_macro_f1,0.19162323308316817,0.8461538461538461,0.0262582056892779,0.8888888888888888,0.03711790393013101
wilt,1,0,505,unweighted_lr:oof_balanced_accuracy,0.10596132300945782,0.9230769230769231,0.08096280087527352,1.0,0.07860262008733625
wilt,1,0,505,weighted_lr:default,0.5,0.9230769230769231,0.08533916849015317,1.0,0.09170305676855896
wilt,1,0,505,weighted_lr:oof_macro_f1,0.756987902606229,0.8846153846153846,0.02188183807439825,0.8888888888888888,0.034934497816593885
wilt,1,0,505,weighted_lr:oof_balanced_accuracy,0.601770072765684,0.9230769230769231,0.061269146608315096,1.0,0.0611353711790393
wilt,1,0,505,rf:default,0.5,0.7692307692307693,0.002188183807439825,0.8148148148148148,0.0
wilt,1,0,505,rf:oof_macro_f1,0.24375,0.8461538461538461,0.015317286652078774,0.9259259259259259,0.010917030567685589
wilt,1,0,505,rf:oof_balanced_accuracy,0.10208333333333333,0.9615384615384616,0.03282275711159737,0.9629629629629629,0.03056768558951965
wilt,1,0,505,balanced_rf:default,0.5,0.9230769230769231,0.037199124726477024,0.8888888888888888,0.028384279475982533
wilt,1,0,505,balanced_rf:oof_macro_f1,0.7166666666666666,0.8076923076923077,0.010940919037199124,0.7777777777777778,0.010917030567685589
wilt,1,0,505,balanced_rf:oof_balanced_accuracy,0.39166666666666666,0.9230769230769231,0.0525164113785558,0.8888888888888888,0.048034934497816595
wilt,1,1,101,unweighted_lr:default,0.5,0.2692307692307692,0.004366812227074236,0.19230769230769232,0.002183406113537118
wilt,1,1,101,unweighted_lr:oof_macro_f1,0.23888686749145377,0.8076923076923077,0.019650655021834062,0.5769230769230769,0.008733624454148471
wilt,1,1,101,unweighted_lr:oof_balanced_accuracy,0.10661406724083677,0.9230769230769231,0.06331877729257641,1.0,0.05895196506550218
wilt,1,1,101,weighted_lr:default,0.5,0.9615384615384616,0.06331877729257641,1.0,0.05895196506550218
wilt,1,1,101,weighted_lr:oof_macro_f1,0.7792125218363879,0.8461538461538461,0.024017467248908297,0.5769230769230769,0.004366812227074236
wilt,1,1,101,weighted_lr:oof_balanced_accuracy,0.5776540674075327,0.9230769230769231,0.05021834061135371,0.9615384615384616,0.039301310043668124
wilt,1,1,101,rf:default,0.5,0.7692307692307693,0.004366812227074236,0.5,0.0
wilt,1,1,101,rf:oof_macro_f1,0.3770833333333333,0.8846153846153846,0.008733624454148471,0.7692307692307693,0.002183406113537118
wilt,1,1,101,rf:oof_balanced_accuracy,0.08125,1.0,0.04585152838427948,0.9230769230769231,0.039301310043668124
wilt,1,1,101,balanced_rf:default,0.5,1.0,0.03056768558951965,0.8076923076923077,0.03056768558951965
wilt,1,1,101,balanced_rf:oof_macro_f1,0.7625000000000001,0.9230769230769231,0.008733624454148471,0.6538461538461539,0.004366812227074236
wilt,1,1,101,balanced_rf:oof_balanced_accuracy,0.4,1.0,0.048034934497816595,0.8846153846153846,0.05021834061135371
wilt,1,1,202,unweighted_lr:default,0.5,0.2692307692307692,0.004366812227074236,0.19230769230769232,0.002183406113537118
wilt,1,1,202,unweighted_lr:oof_macro_f1,0.23888686749145377,0.8076923076923077,0.019650655021834062,0.5769230769230769,0.008733624454148471
wilt,1,1,202,unweighted_lr:oof_balanced_accuracy,0.10661406724083677,0.9230769230769231,0.06331877729257641,1.0,0.05895196506550218
wilt,1,1,202,weighted_lr:default,0.5,0.9615384615384616,0.06331877729257641,1.0,0.05895196506550218
wilt,1,1,202,weighted_lr:oof_macro_f1,0.7792125218363879,0.8461538461538461,0.024017467248908297,0.5769230769230769,0.004366812227074236
wilt,1,1,202,weighted_lr:oof_balanced_accuracy,0.5776540674075327,0.9230769230769231,0.05021834061135371,0.9615384615384616,0.039301310043668124
wilt,1,1,202,rf:default,0.5,0.7692307692307693,0.004366812227074236,0.5384615384615384,0.0
wilt,1,1,202,rf:oof_macro_f1,0.3179166666666666,0.8846153846153846,0.008733624454148471,0.7692307692307693,0.006550218340611353
wilt,1,1,202,rf:oof_balanced_accuracy,0.09583333333333334,1.0,0.03056768558951965,0.9230769230769231,0.03275109170305677
wilt,1,1,202,balanced_rf:default,0.5,1.0,0.03056768558951965,0.8461538461538461,0.03711790393013101
wilt,1,1,202,balanced_rf:oof_macro_f1,0.68125,0.9230769230769231,0.010917030567685589,0.7692307692307693,0.019650655021834062
wilt,1,1,202,balanced_rf:oof_balanced_accuracy,0.4416666666666666,1.0,0.043668122270742356,0.8461538461538461,0.043668122270742356
wilt,1,1,303,unweighted_lr:default,0.5,0.2692307692307692,0.004366812227074236,0.19230769230769232,0.002183406113537118
wilt,1,1,303,unweighted_lr:oof_macro_f1,0.23888686749145377,0.8076923076923077,0.019650655021834062,0.5769230769230769,0.008733624454148471
wilt,1,1,303,unweighted_lr:oof_balanced_accuracy,0.10661406724083677,0.9230769230769231,0.06331877729257641,1.0,0.05895196506550218
wilt,1,1,303,weighted_lr:default,0.5,0.9615384615384616,0.06331877729257641,1.0,0.05895196506550218
wilt,1,1,303,weighted_lr:oof_macro_f1,0.7792125218363879,0.8461538461538461,0.024017467248908297,0.5769230769230769,0.004366812227074236
wilt,1,1,303,weighted_lr:oof_balanced_accuracy,0.5776540674075327,0.9230769230769231,0.05021834061135371,0.9615384615384616,0.039301310043668124
wilt,1,1,303,rf:default,0.5,0.7307692307692307,0.004366812227074236,0.5769230769230769,0.0
wilt,1,1,303,rf:oof_macro_f1,0.31375,0.8846153846153846,0.008733624454148471,0.7692307692307693,0.006550218340611353
wilt,1,1,303,rf:oof_balanced_accuracy,0.08125,1.0,0.043668122270742356,1.0,0.039301310043668124
wilt,1,1,303,balanced_rf:default,0.5,1.0,0.028384279475982533,0.8076923076923077,0.034934497816593885
wilt,1,1,303,balanced_rf:oof_macro_f1,0.6416666666666666,0.9615384615384616,0.010917030567685589,0.7692307692307693,0.017467248908296942
wilt,1,1,303,balanced_rf:oof_balanced_accuracy,0.41666666666666663,1.0,0.05021834061135371,0.9230769230769231,0.04148471615720524
wilt,1,1,404,unweighted_lr:default,0.5,0.2692307692307692,0.004366812227074236,0.19230769230769232,0.002183406113537118
wilt,1,1,404,unweighted_lr:oof_macro_f1,0.23888686749145377,0.8076923076923077,0.019650655021834062,0.5769230769230769,0.008733624454148471
wilt,1,1,404,unweighted_lr:oof_balanced_accuracy,0.10661406724083677,0.9230769230769231,0.06331877729257641,1.0,0.05895196506550218
wilt,1,1,404,weighted_lr:default,0.5,0.9615384615384616,0.06331877729257641,1.0,0.05895196506550218
wilt,1,1,404,weighted_lr:oof_macro_f1,0.7792125218363879,0.8461538461538461,0.024017467248908297,0.5769230769230769,0.004366812227074236
wilt,1,1,404,weighted_lr:oof_balanced_accuracy,0.5776540674075327,0.9230769230769231,0.05021834061135371,0.9615384615384616,0.039301310043668124
wilt,1,1,404,rf:default,0.5,0.8076923076923077,0.004366812227074236,0.6538461538461539,0.002183406113537118
wilt,1,1,404,rf:oof_macro_f1,0.2791666666666667,0.9615384615384616,0.013100436681222707,0.7692307692307693,0.015283842794759825
wilt,1,1,404,rf:oof_balanced_accuracy,0.07416666666666667,1.0,0.043668122270742356,0.9615384615384616,0.039301310043668124
wilt,1,1,404,balanced_rf:default,0.5,0.9615384615384616,0.04148471615720524,0.8076923076923077,0.03711790393013101
wilt,1,1,404,balanced_rf:oof_macro_f1,0.6729166666666667,0.8461538461538461,0.015283842794759825,0.7307692307692307,0.021834061135371178
wilt,1,1,404,balanced_rf:oof_balanced_accuracy,0.4125,0.9615384615384616,0.056768558951965066,0.8846153846153846,0.06550218340611354
wilt,1,1,505,unweighted_lr:default,0.5,0.2692307692307692,0.004366812227074236,0.19230769230769232,0.002183406113537118
wilt,1,1,505,unweighted_lr:oof_macro_f1,0.23888686749145377,0.8076923076923077,0.019650655021834062,0.5769230769230769,0.008733624454148471
wilt,1,1,505,unweighted_lr:oof_balanced_accuracy,0.10661406724083677,0.9230769230769231,0.06331877729257641,1.0,0.05895196506550218
wilt,1,1,505,weighted_lr:default,0.5,0.9615384615384616,0.06331877729257641,1.0,0.05895196506550218
wilt,1,1,505,weighted_lr:oof_macro_f1,0.7792125218363879,0.8461538461538461,0.024017467248908297,0.5769230769230769,0.004366812227074236
wilt,1,1,505,weighted_lr:oof_balanced_accuracy,0.5776540674075327,0.9230769230769231,0.05021834061135371,0.9615384615384616,0.039301310043668124
wilt,1,1,505,rf:default,0.5,0.6923076923076923,0.006550218340611353,0.5384615384615384,0.006550218340611353
wilt,1,1,505,rf:oof_macro_f1,0.39249999999999996,0.9230769230769231,0.008733624454148471,0.7307692307692307,0.006550218340611353
wilt,1,1,505,rf:oof_balanced_accuracy,0.0875,1.0,0.03275109170305677,0.9230769230769231,0.03711790393013101
wilt,1,1,505,balanced_rf:default,0.5,0.9615384615384616,0.03056768558951965,0.8461538461538461,0.03275109170305677
wilt,1,1,505,balanced_rf:oof_macro_f1,0.6125,0.9615384615384616,0.010917030567685589,0.7692307692307693,0.017467248908296942
wilt,1,1,505,balanced_rf:oof_balanced_accuracy,0.4666666666666667,0.9615384615384616,0.03056768558951965,0.8461538461538461,0.034934497816593885
wilt,1,2,101,unweighted_lr:default,0.5,0.34615384615384615,0.008733624454148471,0.15384615384615385,0.006550218340611353
wilt,1,2,101,unweighted_lr:oof_macro_f1,0.23921282021218693,0.8461538461538461,0.026200873362445413,0.7307692307692307,0.019650655021834062
wilt,1,2,101,unweighted_lr:oof_balanced_accuracy,0.09799139516836279,0.9615384615384616,0.10043668122270742,0.9615384615384616,0.07860262008733625
wilt,1,2,101,weighted_lr:default,0.5,0.9615384615384616,0.06550218340611354,0.9615384615384616,0.06986899563318777
wilt,1,2,101,weighted_lr:oof_macro_f1,0.7945108390934591,0.8846153846153846,0.024017467248908297,0.8076923076923077,0.021834061135371178
wilt,1,2,101,weighted_lr:oof_balanced_accuracy,0.5219636890041833,0.9615384615384616,0.05895196506550218,0.9615384615384616,0.0611353711790393
wilt,1,2,101,rf:default,0.5,0.8076923076923077,0.004366812227074236,0.7307692307692307,0.010917030567685589
wilt,1,2,101,rf:oof_macro_f1,0.3541666666666667,0.8846153846153846,0.010917030567685589,0.8076923076923077,0.010917030567685589
wilt,1,2,101,rf:oof_balanced_accuracy,0.07916666666666666,0.9615384615384616,0.04585152838427948,0.9230769230769231,0.03711790393013101
wilt,1,2,101,balanced_rf:default,0.5,0.8846153846153846,0.028384279475982533,0.8846153846153846,0.024017467248908297
wilt,1,2,101,balanced_rf:oof_macro_f1,0.75,0.8846153846153846,0.008733624454148471,0.7307692307692307,0.013100436681222707
wilt,1,2,101,balanced_rf:oof_balanced_accuracy,0.4458333333333333,0.9230769230769231,0.04148471615720524,0.9230769230769231,0.03275109170305677
wilt,1,2,202,unweighted_lr:default,0.5,0.34615384615384615,0.008733624454148471,0.15384615384615385,0.006550218340611353
wilt,1,2,202,unweighted_lr:oof_macro_f1,0.23921282021218693,0.8461538461538461,0.026200873362445413,0.7307692307692307,0.019650655021834062
wilt,1,2,202,unweighted_lr:oof_balanced_accuracy,0.09799139516836279,0.9615384615384616,0.10043668122270742,0.9615384615384616,0.07860262008733625
wilt,1,2,202,weighted_lr:default,0.5,0.9615384615384616,0.06550218340611354,0.9615384615384616,0.06986899563318777
wilt,1,2,202,weighted_lr:oof_macro_f1,0.7945108390934591,0.8846153846153846,0.024017467248908297,0.8076923076923077,0.021834061135371178
wilt,1,2,202,weighted_lr:oof_balanced_accuracy,0.5219636890041833,0.9615384615384616,0.05895196506550218,0.9615384615384616,0.0611353711790393
wilt,1,2,202,rf:default,0.5,0.8461538461538461,0.004366812227074236,0.7692307692307693,0.010917030567685589
wilt,1,2,202,rf:oof_macro_f1,0.4375,0.8461538461538461,0.006550218340611353,0.7692307692307693,0.010917030567685589
wilt,1,2,202,rf:oof_balanced_accuracy,0.06666666666666667,0.9615384615384616,0.05458515283842795,0.8846153846153846,0.048034934497816595
wilt,1,2,202,balanced_rf:default,0.5,0.8846153846153846,0.03056768558951965,0.8461538461538461,0.03275109170305677
wilt,1,2,202,balanced_rf:oof_macro_f1,0.7375,0.8076923076923077,0.004366812227074236,0.6538461538461539,0.013100436681222707
wilt,1,2,202,balanced_rf:oof_balanced_accuracy,0.4458333333333334,0.8846153846153846,0.05240174672489083,0.8846153846153846,0.039301310043668124
wilt,1,2,303,unweighted_lr:default,0.5,0.34615384615384615,0.008733624454148471,0.15384615384615385,0.006550218340611353
wilt,1,2,303,unweighted_lr:oof_macro_f1,0.23921282021218693,0.8461538461538461,0.026200873362445413,0.7307692307692307,0.019650655021834062
wilt,1,2,303,unweighted_lr:oof_balanced_accuracy,0.09799139516836279,0.9615384615384616,0.10043668122270742,0.9615384615384616,0.07860262008733625
wilt,1,2,303,weighted_lr:default,0.5,0.9615384615384616,0.06550218340611354,0.9615384615384616,0.06986899563318777
wilt,1,2,303,weighted_lr:oof_macro_f1,0.7945108390934591,0.8846153846153846,0.024017467248908297,0.8076923076923077,0.021834061135371178
wilt,1,2,303,weighted_lr:oof_balanced_accuracy,0.5219636890041833,0.9615384615384616,0.05895196506550218,0.9615384615384616,0.0611353711790393
wilt,1,2,303,rf:default,0.5,0.8076923076923077,0.002183406113537118,0.7692307692307693,0.008733624454148471
wilt,1,2,303,rf:oof_macro_f1,0.3416666666666667,0.8846153846153846,0.008733624454148471,0.8076923076923077,0.013100436681222707
wilt,1,2,303,rf:oof_balanced_accuracy,0.08958333333333333,0.9615384615384616,0.03275109170305677,0.8846153846153846,0.03711790393013101
wilt,1,2,303,balanced_rf:default,0.5,0.8846153846153846,0.026200873362445413,0.8846153846153846,0.024017467248908297
wilt,1,2,303,balanced_rf:oof_macro_f1,0.7479166666666667,0.8846153846153846,0.013100436681222707,0.7307692307692307,0.013100436681222707
wilt,1,2,303,balanced_rf:oof_balanced_accuracy,0.4583333333333333,0.9230769230769231,0.039301310043668124,0.8846153846153846,0.03275109170305677
wilt,1,2,404,unweighted_lr:default,0.5,0.34615384615384615,0.008733624454148471,0.15384615384615385,0.006550218340611353
wilt,1,2,404,unweighted_lr:oof_macro_f1,0.23921282021218693,0.8461538461538461,0.026200873362445413,0.7307692307692307,0.019650655021834062
wilt,1,2,404,unweighted_lr:oof_balanced_accuracy,0.09799139516836279,0.9615384615384616,0.10043668122270742,0.9615384615384616,0.07860262008733625
wilt,1,2,404,weighted_lr:default,0.5,0.9615384615384616,0.06550218340611354,0.9615384615384616,0.06986899563318777
wilt,1,2,404,weighted_lr:oof_macro_f1,0.7945108390934591,0.8846153846153846,0.024017467248908297,0.8076923076923077,0.021834061135371178
wilt,1,2,404,weighted_lr:oof_balanced_accuracy,0.5219636890041833,0.9615384615384616,0.05895196506550218,0.9615384615384616,0.0611353711790393
wilt,1,2,404,rf:default,0.5,0.8076923076923077,0.002183406113537118,0.6153846153846154,0.008733624454148471
wilt,1,2,404,rf:oof_macro_f1,0.3375,0.9230769230769231,0.010917030567685589,0.8076923076923077,0.013100436681222707
wilt,1,2,404,rf:oof_balanced_accuracy,0.09999999999999999,0.9615384615384616,0.03056768558951965,0.8846153846153846,0.03056768558951965
wilt,1,2,404,balanced_rf:default,0.5,0.9230769230769231,0.028384279475982533,0.8846153846153846,0.03056768558951965
wilt,1,2,404,balanced_rf:oof_macro_f1,0.7208333333333333,0.8846153846153846,0.013100436681222707,0.7692307692307693,0.013100436681222707
wilt,1,2,404,balanced_rf:oof_balanced_accuracy,0.3208333333333333,0.9615384615384616,0.08951965065502183,0.9230769230769231,0.05895196506550218
wilt,1,2,505,unweighted_lr:default,0.5,0.34615384615384615,0.008733624454148471,0.15384615384615385,0.006550218340611353
wilt,1,2,505,unweighted_lr:oof_macro_f1,0.23921282021218693,0.8461538461538461,0.026200873362445413,0.7307692307692307,0.019650655021834062
wilt,1,2,505,unweighted_lr:oof_balanced_accuracy,0.09799139516836279,0.9615384615384616,0.10043668122270742,0.9615384615384616,0.07860262008733625
wilt,1,2,505,weighted_lr:default,0.5,0.9615384615384616,0.06550218340611354,0.9615384615384616,0.06986899563318777
wilt,1,2,505,weighted_lr:oof_macro_f1,0.7945108390934591,0.8846153846153846,0.024017467248908297,0.8076923076923077,0.021834061135371178
wilt,1,2,505,weighted_lr:oof_balanced_accuracy,0.5219636890041833,0.9615384615384616,0.05895196506550218,0.9615384615384616,0.0611353711790393
wilt,1,2,505,rf:default,0.5,0.8461538461538461,0.004366812227074236,0.7307692307692307,0.008733624454148471
wilt,1,2,505,rf:oof_macro_f1,0.4025,0.8461538461538461,0.004366812227074236,0.8076923076923077,0.010917030567685589
wilt,1,2,505,rf:oof_balanced_accuracy,0.0875,0.9615384615384616,0.034934497816593885,0.9230769230769231,0.04148471615720524
wilt,1,2,505,balanced_rf:default,0.5,0.9615384615384616,0.034934497816593885,0.9230769230769231,0.03275109170305677
wilt,1,2,505,balanced_rf:oof_macro_f1,0.6375000000000001,0.8846153846153846,0.013100436681222707,0.8076923076923077,0.021834061135371178
wilt,1,2,505,balanced_rf:oof_balanced_accuracy,0.4366666666666667,0.9615384615384616,0.039301310043668124,0.9230769230769231,0.039301310043668124
wilt,1,3,101,unweighted_lr:default,0.5,0.3076923076923077,0.002183406113537118,0.2692307692307692,0.008733624454148471
wilt,1,3,101,unweighted_lr:oof_macro_f1,0.21035667942371689,0.7692307692307693,0.019650655021834062,0.7307692307692307,0.04585152838427948
wilt,1,3,101,unweighted_lr:oof_balanced_accuracy,0.11510223806793288,0.9615384615384616,0.04148471615720524,0.9230769230769231,0.0851528384279476
wilt,1,3,101,weighted_lr:default,0.5,1.0,0.039301310043668124,0.9230769230769231,0.08951965065502183
wilt,1,3,101,weighted_lr:oof_macro_f1,0.7545877281198506,0.8076923076923077,0.021834061135371178,0.8076923076923077,0.04148471615720524
wilt,1,3,101,weighted_lr:oof_balanced_accuracy,0.6326109836932545,0.9230769230769231,0.026200873362445413,0.8846153846153846,0.06986899563318777
wilt,1,3,101,rf:default,0.5,0.8846153846153846,0.0,0.8076923076923077,0.006550218340611353
wilt,1,3,101,rf:oof_macro_f1,0.35625,0.8846153846153846,0.0,0.8846153846153846,0.013100436681222707
wilt,1,3,101,rf:oof_balanced_accuracy,0.13541666666666666,0.9615384615384616,0.021834061135371178,0.9615384615384616,0.04148471615720524
wilt,1,3,101,balanced_rf:default,0.5,0.9230769230769231,0.021834061135371178,0.9615384615384616,0.03711790393013101
wilt,1,3,101,balanced_rf:oof_macro_f1,0.6833333333333333,0.8076923076923077,0.004366812227074236,0.9615384615384616,0.017467248908296942
wilt,1,3,101,balanced_rf:oof_balanced_accuracy,0.4625,0.9230769230769231,0.03056768558951965,0.9615384615384616,0.043668122270742356
wilt,1,3,202,unweighted_lr:default,0.5,0.3076923076923077,0.002183406113537118,0.2692307692307692,0.008733624454148471
wilt,1,3,202,unweighted_lr:oof_macro_f1,0.21035667942371689,0.7692307692307693,0.019650655021834062,0.7307692307692307,0.04585152838427948
wilt,1,3,202,unweighted_lr:oof_balanced_accuracy,0.11510223806793288,0.9615384615384616,0.04148471615720524,0.9230769230769231,0.0851528384279476
wilt,1,3,202,weighted_lr:default,0.5,1.0,0.039301310043668124,0.9230769230769231,0.08951965065502183
wilt,1,3,202,weighted_lr:oof_macro_f1,0.7545877281198506,0.8076923076923077,0.021834061135371178,0.8076923076923077,0.04148471615720524
wilt,1,3,202,weighted_lr:oof_balanced_accuracy,0.6326109836932545,0.9230769230769231,0.026200873362445413,0.8846153846153846,0.06986899563318777
wilt,1,3,202,rf:default,0.5,0.8076923076923077,0.0,0.7692307692307693,0.006550218340611353
wilt,1,3,202,rf:oof_macro_f1,0.27291666666666664,0.9230769230769231,0.002183406113537118,0.8846153846153846,0.021834061135371178
wilt,1,3,202,rf:oof_balanced_accuracy,0.18541666666666665,0.9615384615384616,0.006550218340611353,0.9230769230769231,0.021834061135371178
wilt,1,3,202,balanced_rf:default,0.5,0.9230769230769231,0.015283842794759825,0.9615384615384616,0.034934497816593885
wilt,1,3,202,balanced_rf:oof_macro_f1,0.68125,0.8846153846153846,0.004366812227074236,0.8461538461538461,0.015283842794759825
wilt,1,3,202,balanced_rf:oof_balanced_accuracy,0.5041666666666667,0.9230769230769231,0.015283842794759825,0.9615384615384616,0.034934497816593885
wilt,1,3,303,unweighted_lr:default,0.5,0.3076923076923077,0.002183406113537118,0.2692307692307692,0.008733624454148471
wilt,1,3,303,unweighted_lr:oof_macro_f1,0.21035667942371689,0.7692307692307693,0.019650655021834062,0.7307692307692307,0.04585152838427948
wilt,1,3,303,unweighted_lr:oof_balanced_accuracy,0.11510223806793288,0.9615384615384616,0.04148471615720524,0.9230769230769231,0.0851528384279476
wilt,1,3,303,weighted_lr:default,0.5,1.0,0.039301310043668124,0.9230769230769231,0.08951965065502183
wilt,1,3,303,weighted_lr:oof_macro_f1,0.7545877281198506,0.8076923076923077,0.021834061135371178,0.8076923076923077,0.04148471615720524
wilt,1,3,303,weighted_lr:oof_balanced_accuracy,0.6326109836932545,0.9230769230769231,0.026200873362445413,0.8846153846153846,0.06986899563318777
wilt,1,3,303,rf:default,0.5,0.8076923076923077,0.0,0.6923076923076923,0.004366812227074236
wilt,1,3,303,rf:oof_macro_f1,0.31000000000000005,0.9230769230769231,0.002183406113537118,0.9230769230769231,0.013100436681222707
wilt,1,3,303,rf:oof_balanced_accuracy,0.08125,0.9615384615384616,0.04585152838427948,0.9615384615384616,0.048034934497816595
wilt,1,3,303,balanced_rf:default,0.5,0.9230769230769231,0.015283842794759825,0.9615384615384616,0.039301310043668124
wilt,1,3,303,balanced_rf:oof_macro_f1,0.6875000000000001,0.8461538461538461,0.006550218340611353,0.8846153846153846,0.017467248908296942
wilt,1,3,303,balanced_rf:oof_balanced_accuracy,0.3708333333333333,0.9615384615384616,0.05240174672489083,0.9615384615384616,0.07641921397379912
wilt,1,3,404,unweighted_lr:default,0.5,0.3076923076923077,0.002183406113537118,0.2692307692307692,0.008733624454148471
wilt,1,3,404,unweighted_lr:oof_macro_f1,0.21035667942371689,0.7692307692307693,0.019650655021834062,0.7307692307692307,0.04585152838427948
wilt,1,3,404,unweighted_lr:oof_balanced_accuracy,0.11510223806793288,0.9615384615384616,0.04148471615720524,0.9230769230769231,0.0851528384279476
wilt,1,3,404,weighted_lr:default,0.5,1.0,0.039301310043668124,0.9230769230769231,0.08951965065502183
wilt,1,3,404,weighted_lr:oof_macro_f1,0.7545877281198506,0.8076923076923077,0.021834061135371178,0.8076923076923077,0.04148471615720524
wilt,1,3,404,weighted_lr:oof_balanced_accuracy,0.6326109836932545,0.9230769230769231,0.026200873362445413,0.8846153846153846,0.06986899563318777
wilt,1,3,404,rf:default,0.5,0.8076923076923077,0.0,0.6923076923076923,0.004366812227074236
wilt,1,3,404,rf:oof_macro_f1,0.3625,0.8846153846153846,0.0,0.8076923076923077,0.010917030567685589
wilt,1,3,404,rf:oof_balanced_accuracy,0.11875,0.9615384615384616,0.026200873362445413,0.9615384615384616,0.048034934497816595
wilt,1,3,404,balanced_rf:default,0.5,0.8846153846153846,0.019650655021834062,0.9615384615384616,0.043668122270742356
wilt,1,3,404,balanced_rf:oof_macro_f1,0.7158333333333333,0.8461538461538461,0.004366812227074236,0.9230769230769231,0.015283842794759825
wilt,1,3,404,balanced_rf:oof_balanced_accuracy,0.35,0.9615384615384616,0.07423580786026202,0.9615384615384616,0.08078602620087336
wilt,1,3,505,unweighted_lr:default,0.5,0.3076923076923077,0.002183406113537118,0.2692307692307692,0.008733624454148471
wilt,1,3,505,unweighted_lr:oof_macro_f1,0.21035667942371689,0.7692307692307693,0.019650655021834062,0.7307692307692307,0.04585152838427948
wilt,1,3,505,unweighted_lr:oof_balanced_accuracy,0.11510223806793288,0.9615384615384616,0.04148471615720524,0.9230769230769231,0.0851528384279476
wilt,1,3,505,weighted_lr:default,0.5,1.0,0.039301310043668124,0.9230769230769231,0.08951965065502183
wilt,1,3,505,weighted_lr:oof_macro_f1,0.7545877281198506,0.8076923076923077,0.021834061135371178,0.8076923076923077,0.04148471615720524
wilt,1,3,505,weighted_lr:oof_balanced_accuracy,0.6326109836932545,0.9230769230769231,0.026200873362445413,0.8846153846153846,0.06986899563318777
wilt,1,3,505,rf:default,0.5,0.8461538461538461,0.0,0.6923076923076923,0.004366812227074236
wilt,1,3,505,rf:oof_macro_f1,0.2791666666666667,0.9230769230769231,0.004366812227074236,0.9615384615384616,0.015283842794759825
wilt,1,3,505,rf:oof_balanced_accuracy,0.08333333333333334,0.9615384615384616,0.04148471615720524,0.9615384615384616,0.05458515283842795
wilt,1,3,505,balanced_rf:default,0.5,0.9615384615384616,0.017467248908296942,0.9615384615384616,0.04148471615720524
wilt,1,3,505,balanced_rf:oof_macro_f1,0.7166666666666666,0.8461538461538461,0.006550218340611353,0.9230769230769231,0.015283842794759825
wilt,1,3,505,balanced_rf:oof_balanced_accuracy,0.39166666666666666,0.9615384615384616,0.04148471615720524,0.9615384615384616,0.06550218340611354
wilt,1,4,101,unweighted_lr:default,0.5,0.38461538461538464,0.002188183807439825,0.23076923076923078,0.006550218340611353
wilt,1,4,101,unweighted_lr:oof_macro_f1,0.22234193333468882,0.8076923076923077,0.024070021881838075,0.7307692307692307,0.019650655021834062
wilt,1,4,101,unweighted_lr:oof_balanced_accuracy,0.10181214893592988,0.9615384615384616,0.07658643326039387,0.8461538461538461,0.06986899563318777
wilt,1,4,101,weighted_lr:default,0.5,0.9615384615384616,0.08315098468271334,0.8461538461538461,0.06986899563318777
wilt,1,4,101,weighted_lr:oof_macro_f1,0.7807247604528637,0.8461538461538461,0.02188183807439825,0.7307692307692307,0.017467248908296942
wilt,1,4,101,weighted_lr:oof_balanced_accuracy,0.5452389485656581,0.9615384615384616,0.07221006564551423,0.8076923076923077,0.05458515283842795
wilt,1,4,101,rf:default,0.5,0.6153846153846154,0.002188183807439825,0.5769230769230769,0.004366812227074236
wilt,1,4,101,rf:oof_macro_f1,0.2779166666666667,0.7692307692307693,0.006564551422319475,0.7692307692307693,0.006550218340611353
wilt,1,4,101,rf:oof_balanced_accuracy,0.10416666666666666,0.8461538461538461,0.030634573304157548,0.9615384615384616,0.026200873362445413
wilt,1,4,101,balanced_rf:default,0.5,0.9230769230769231,0.03938730853391685,0.9230769230769231,0.034934497816593885
wilt,1,4,101,balanced_rf:oof_macro_f1,0.7333333333333333,0.6153846153846154,0.002188183807439825,0.8076923076923077,0.004366812227074236
wilt,1,4,101,balanced_rf:oof_balanced_accuracy,0.42499999999999993,0.9230769230769231,0.05908096280087528,0.9230769230769231,0.048034934497816595
wilt,1,4,202,unweighted_lr:default,0.5,0.38461538461538464,0.002188183807439825,0.23076923076923078,0.006550218340611353
wilt,1,4,202,unweighted_lr:oof_macro_f1,0.22234193333468882,0.8076923076923077,0.024070021881838075,0.7307692307692307,0.019650655021834062
wilt,1,4,202,unweighted_lr:oof_balanced_accuracy,0.10181214893592988,0.9615384615384616,0.07658643326039387,0.8461538461538461,0.06986899563318777
wilt,1,4,202,weighted_lr:default,0.5,0.9615384615384616,0.08315098468271334,0.8461538461538461,0.06986899563318777
wilt,1,4,202,weighted_lr:oof_macro_f1,0.7807247604528637,0.8461538461538461,0.02188183807439825,0.7307692307692307,0.017467248908296942
wilt,1,4,202,weighted_lr:oof_balanced_accuracy,0.5452389485656581,0.9615384615384616,0.07221006564551423,0.8076923076923077,0.05458515283842795
wilt,1,4,202,rf:default,0.5,0.6538461538461539,0.002188183807439825,0.6153846153846154,0.004366812227074236
wilt,1,4,202,rf:oof_macro_f1,0.3541666666666667,0.7307692307692307,0.002188183807439825,0.7307692307692307,0.004366812227074236
wilt,1,4,202,rf:oof_balanced_accuracy,0.07708333333333332,0.8846153846153846,0.04157549234135667,0.9230769230769231,0.048034934497816595
wilt,1,4,202,balanced_rf:default,0.5,0.8461538461538461,0.03282275711159737,0.8846153846153846,0.015283842794759825
wilt,1,4,202,balanced_rf:oof_macro_f1,0.775,0.5384615384615384,0.002188183807439825,0.5,0.004366812227074236
wilt,1,4,202,balanced_rf:oof_balanced_accuracy,0.35833333333333334,0.9230769230769231,0.07439824945295405,0.9230769230769231,0.06550218340611354
wilt,1,4,303,unweighted_lr:default,0.5,0.38461538461538464,0.002188183807439825,0.23076923076923078,0.006550218340611353
wilt,1,4,303,unweighted_lr:oof_macro_f1,0.22234193333468882,0.8076923076923077,0.024070021881838075,0.7307692307692307,0.019650655021834062
wilt,1,4,303,unweighted_lr:oof_balanced_accuracy,0.10181214893592988,0.9615384615384616,0.07658643326039387,0.8461538461538461,0.06986899563318777
wilt,1,4,303,weighted_lr:default,0.5,0.9615384615384616,0.08315098468271334,0.8461538461538461,0.06986899563318777
wilt,1,4,303,weighted_lr:oof_macro_f1,0.7807247604528637,0.8461538461538461,0.02188183807439825,0.7307692307692307,0.017467248908296942
wilt,1,4,303,weighted_lr:oof_balanced_accuracy,0.5452389485656581,0.9615384615384616,0.07221006564551423,0.8076923076923077,0.05458515283842795
wilt,1,4,303,rf:default,0.5,0.6538461538461539,0.002188183807439825,0.6153846153846154,0.004366812227074236
wilt,1,4,303,rf:oof_macro_f1,0.35934523809523805,0.7307692307692307,0.006564551422319475,0.7307692307692307,0.006550218340611353
wilt,1,4,303,rf:oof_balanced_accuracy,0.1,0.9230769230769231,0.024070021881838075,0.9230769230769231,0.026200873362445413
wilt,1,4,303,balanced_rf:default,0.5,0.8461538461538461,0.0262582056892779,0.8846153846153846,0.021834061135371178
wilt,1,4,303,balanced_rf:oof_macro_f1,0.6708333333333334,0.7307692307692307,0.006564551422319475,0.8461538461538461,0.008733624454148471
wilt,1,4,303,balanced_rf:oof_balanced_accuracy,0.425,0.8846153846153846,0.03938730853391685,0.8846153846153846,0.03056768558951965
wilt,1,4,404,unweighted_lr:default,0.5,0.38461538461538464,0.002188183807439825,0.23076923076923078,0.006550218340611353
wilt,1,4,404,unweighted_lr:oof_macro_f1,0.22234193333468882,0.8076923076923077,0.024070021881838075,0.7307692307692307,0.019650655021834062
wilt,1,4,404,unweighted_lr:oof_balanced_accuracy,0.10181214893592988,0.9615384615384616,0.07658643326039387,0.8461538461538461,0.06986899563318777
wilt,1,4,404,weighted_lr:default,0.5,0.9615384615384616,0.08315098468271334,0.8461538461538461,0.06986899563318777
wilt,1,4,404,weighted_lr:oof_macro_f1,0.7807247604528637,0.8461538461538461,0.02188183807439825,0.7307692307692307,0.017467248908296942
wilt,1,4,404,weighted_lr:oof_balanced_accuracy,0.5452389485656581,0.9615384615384616,0.07221006564551423,0.8076923076923077,0.05458515283842795
wilt,1,4,404,rf:default,0.5,0.6538461538461539,0.0,0.5384615384615384,0.004366812227074236
wilt,1,4,404,rf:oof_macro_f1,0.35277777777777775,0.7692307692307693,0.00437636761487965,0.6923076923076923,0.006550218340611353
wilt,1,4,404,rf:oof_balanced_accuracy,0.11666666666666665,0.8846153846153846,0.024070021881838075,0.9230769230769231,0.024017467248908297
wilt,1,4,404,balanced_rf:default,0.5,0.8846153846153846,0.030634573304157548,0.8846153846153846,0.021834061135371178
wilt,1,4,404,balanced_rf:oof_macro_f1,0.6895833333333333,0.6923076923076923,0.002188183807439825,0.8461538461538461,0.006550218340611353
wilt,1,4,404,balanced_rf:oof_balanced_accuracy,0.4374999999999999,0.8846153846153846,0.05470459518599562,0.9230769230769231,0.05240174672489083
wilt,1,4,505,unweighted_lr:default,0.5,0.38461538461538464,0.002188183807439825,0.23076923076923078,0.006550218340611353
wilt,1,4,505,unweighted_lr:oof_macro_f1,0.22234193333468882,0.8076923076923077,0.024070021881838075,0.7307692307692307,0.019650655021834062
wilt,1,4,505,unweighted_lr:oof_balanced_accuracy,0.10181214893592988,0.9615384615384616,0.07658643326039387,0.8461538461538461,0.06986899563318777
wilt,1,4,505,weighted_lr:default,0.5,0.9615384615384616,0.08315098468271334,0.8461538461538461,0.06986899563318777
wilt,1,4,505,weighted_lr:oof_macro_f1,0.7807247604528637,0.8461538461538461,0.02188183807439825,0.7307692307692307,0.017467248908296942
wilt,1,4,505,weighted_lr:oof_balanced_accuracy,0.5452389485656581,0.9615384615384616,0.07221006564551423,0.8076923076923077,0.05458515283842795
wilt,1,4,505,rf:default,0.5,0.6153846153846154,0.0,0.6153846153846154,0.004366812227074236
wilt,1,4,505,rf:oof_macro_f1,0.38875000000000004,0.7307692307692307,0.002188183807439825,0.6923076923076923,0.004366812227074236
wilt,1,4,505,rf:oof_balanced_accuracy,0.12232142857142858,0.8461538461538461,0.019693654266958426,0.9615384615384616,0.019650655021834062
wilt,1,4,505,balanced_rf:default,0.5,0.8461538461538461,0.024070021881838075,0.9230769230769231,0.017467248908296942
wilt,1,4,505,balanced_rf:oof_macro_f1,0.6833333333333333,0.7692307692307693,0.00437636761487965,0.8076923076923077,0.008733624454148471
wilt,1,4,505,balanced_rf:oof_balanced_accuracy,0.4145833333333334,0.9230769230769231,0.04814004376367615,0.9230769230769231,0.034934497816593885
wilt,2,0,101,unweighted_lr:default,0.5,0.4230769230769231,0.0,0.2222222222222222,0.002183406113537118
wilt,2,0,101,unweighted_lr:oof_macro_f1,0.21145972371403168,0.8076923076923077,0.030634573304157548,0.8148148148148148,0.021834061135371178
wilt,2,0,101,unweighted_lr:oof_balanced_accuracy,0.10927724086226467,0.9615384615384616,0.10284463894967177,0.9259259259259259,0.06986899563318777
wilt,2,0,101,weighted_lr:default,0.5,0.9615384615384616,0.09190371991247265,0.9259259259259259,0.06768558951965066
wilt,2,0,101,weighted_lr:oof_macro_f1,0.762868939646902,0.8846153846153846,0.0262582056892779,0.8148148148148148,0.019650655021834062
wilt,2,0,101,weighted_lr:oof_balanced_accuracy,0.6229894065837824,0.9230769230769231,0.05470459518599562,0.8888888888888888,0.039301310043668124
wilt,2,0,101,rf:default,0.5,0.7692307692307693,0.002188183807439825,0.7777777777777778,0.004366812227074236
wilt,2,0,101,rf:oof_macro_f1,0.33749999999999997,0.9230769230769231,0.006564551422319475,0.8518518518518519,0.010917030567685589
wilt,2,0,101,rf:oof_balanced_accuracy,0.08249999999999999,1.0,0.0437636761487965,0.9629629629629629,0.04585152838427948
wilt,2,0,101,balanced_rf:default,0.5,0.9615384615384616,0.03938730853391685,0.8888888888888888,0.04148471615720524
wilt,2,0,101,balanced_rf:oof_macro_f1,0.6708333333333334,0.8846153846153846,0.010940919037199124,0.8148148148148148,0.015283842794759825
wilt,2,0,101,balanced_rf:oof_balanced_accuracy,0.3416666666666667,1.0,0.10940919037199125,0.9259259259259259,0.0851528384279476
wilt,2,0,202,unweighted_lr:default,0.5,0.4230769230769231,0.0,0.2222222222222222,0.002183406113537118
wilt,2,0,202,unweighted_lr:oof_macro_f1,0.21145972371403168,0.8076923076923077,0.030634573304157548,0.8148148148148148,0.021834061135371178
wilt,2,0,202,unweighted_lr:oof_balanced_accuracy,0.10927724086226467,0.9615384615384616,0.10284463894967177,0.9259259259259259,0.06986899563318777
wilt,2,0,202,weighted_lr:default,0.5,0.9615384615384616,0.09190371991247265,0.9259259259259259,0.06768558951965066
wilt,2,0,202,weighted_lr:oof_macro_f1,0.762868939646902,0.8846153846153846,0.0262582056892779,0.8148148148148148,0.019650655021834062
wilt,2,0,202,weighted_lr:oof_balanced_accuracy,0.6229894065837824,0.9230769230769231,0.05470459518599562,0.8888888888888888,0.039301310043668124
wilt,2,0,202,rf:default,0.5,0.7692307692307693,0.002188183807439825,0.7037037037037037,0.006550218340611353
wilt,2,0,202,rf:oof_macro_f1,0.30624999999999997,0.8846153846153846,0.00437636761487965,0.8148148148148148,0.010917030567685589
wilt,2,0,202,rf:oof_balanced_accuracy,0.08333333333333333,1.0,0.04157549234135667,0.9259259259259259,0.04585152838427948
wilt,2,0,202,balanced_rf:default,0.5,0.9615384615384616,0.03282275711159737,0.8888888888888888,0.03275109170305677
wilt,2,0,202,balanced_rf:oof_macro_f1,0.6666666666666667,0.8846153846153846,0.01312910284463895,0.8148148148148148,0.013100436681222707
wilt,2,0,202,balanced_rf:oof_balanced_accuracy,0.34375,0.9615384615384616,0.11159737417943107,0.9629629629629629,0.08733624454148471
wilt,2,0,303,unweighted_lr:default,0.5,0.4230769230769231,0.0,0.2222222222222222,0.002183406113537118
wilt,2,0,303,unweighted_lr:oof_macro_f1,0.21145972371403168,0.8076923076923077,0.030634573304157548,0.8148148148148148,0.021834061135371178
wilt,2,0,303,unweighted_lr:oof_balanced_accuracy,0.10927724086226467,0.9615384615384616,0.10284463894967177,0.9259259259259259,0.06986899563318777
wilt,2,0,303,weighted_lr:default,0.5,0.9615384615384616,0.09190371991247265,0.9259259259259259,0.06768558951965066
wilt,2,0,303,weighted_lr:oof_macro_f1,0.762868939646902,0.8846153846153846,0.0262582056892779,0.8148148148148148,0.019650655021834062
wilt,2,0,303,weighted_lr:oof_balanced_accuracy,0.6229894065837824,0.9230769230769231,0.05470459518599562,0.8888888888888888,0.039301310043668124
wilt,2,0,303,rf:default,0.5,0.8076923076923077,0.002188183807439825,0.7777777777777778,0.008733624454148471
wilt,2,0,303,rf:oof_macro_f1,0.37124999999999997,0.8846153846153846,0.00437636761487965,0.8148148148148148,0.010917030567685589
wilt,2,0,303,rf:oof_balanced_accuracy,0.10708333333333334,0.9615384615384616,0.028446389496717725,0.9629629629629629,0.028384279475982533
wilt,2,0,303,balanced_rf:default,0.5,0.9615384615384616,0.04157549234135667,0.8888888888888888,0.039301310043668124
wilt,2,0,303,balanced_rf:oof_macro_f1,0.7291666666666667,0.8846153846153846,0.00437636761487965,0.7777777777777778,0.015283842794759825
wilt,2,0,303,balanced_rf:oof_balanced_accuracy,0.35,0.9615384615384616,0.0962800875273523,0.9259259259259259,0.08733624454148471
wilt,2,0,404,unweighted_lr:default,0.5,0.4230769230769231,0.0,0.2222222222222222,0.002183406113537118
wilt,2,0,404,unweighted_lr:oof_macro_f1,0.21145972371403168,0.8076923076923077,0.030634573304157548,0.8148148148148148,0.021834061135371178
wilt,2,0,404,unweighted_lr:oof_balanced_accuracy,0.10927724086226467,0.9615384615384616,0.10284463894967177,0.9259259259259259,0.06986899563318777
wilt,2,0,404,weighted_lr:default,0.5,0.9615384615384616,0.09190371991247265,0.9259259259259259,0.06768558951965066
wilt,2,0,404,weighted_lr:oof_macro_f1,0.762868939646902,0.8846153846153846,0.0262582056892779,0.8148148148148148,0.019650655021834062
wilt,2,0,404,weighted_lr:oof_balanced_accuracy,0.6229894065837824,0.9230769230769231,0.05470459518599562,0.8888888888888888,0.039301310043668124
wilt,2,0,404,rf:default,0.5,0.8076923076923077,0.0,0.7777777777777778,0.004366812227074236
wilt,2,0,404,rf:oof_macro_f1,0.40791666666666676,0.8846153846153846,0.002188183807439825,0.8148148148148148,0.010917030567685589
wilt,2,0,404,rf:oof_balanced_accuracy,0.1,0.9615384615384616,0.03938730853391685,0.9629629629629629,0.034934497816593885
wilt,2,0,404,balanced_rf:default,0.5,0.9615384615384616,0.0350109409190372,0.8888888888888888,0.05021834061135371
wilt,2,0,404,balanced_rf:oof_macro_f1,0.6208333333333333,0.9230769230769231,0.015317286652078774,0.8518518518518519,0.034934497816593885
wilt,2,0,404,balanced_rf:oof_balanced_accuracy,0.5191666666666667,0.9615384615384616,0.03282275711159737,0.8888888888888888,0.04585152838427948
wilt,2,0,505,unweighted_lr:default,0.5,0.4230769230769231,0.0,0.2222222222222222,0.002183406113537118
wilt,2,0,505,unweighted_lr:oof_macro_f1,0.21145972371403168,0.8076923076923077,0.030634573304157548,0.8148148148148148,0.021834061135371178
wilt,2,0,505,unweighted_lr:oof_balanced_accuracy,0.10927724086226467,0.9615384615384616,0.10284463894967177,0.9259259259259259,0.06986899563318777
wilt,2,0,505,weighted_lr:default,0.5,0.9615384615384616,0.09190371991247265,0.9259259259259259,0.06768558951965066
wilt,2,0,505,weighted_lr:oof_macro_f1,0.762868939646902,0.8846153846153846,0.0262582056892779,0.8148148148148148,0.019650655021834062
wilt,2,0,505,weighted_lr:oof_balanced_accuracy,0.6229894065837824,0.9230769230769231,0.05470459518599562,0.8888888888888888,0.039301310043668124
wilt,2,0,505,rf:default,0.5,0.8076923076923077,0.002188183807439825,0.7777777777777778,0.004366812227074236
wilt,2,0,505,rf:oof_macro_f1,0.4,0.8461538461538461,0.00437636761487965,0.7777777777777778,0.010917030567685589
wilt,2,0,505,rf:oof_balanced_accuracy,0.08958333333333332,0.9615384615384616,0.03938730853391685,0.9629629629629629,0.034934497816593885
wilt,2,0,505,balanced_rf:default,0.5,0.9615384615384616,0.03938730853391685,0.9259259259259259,0.04585152838427948
wilt,2,0,505,balanced_rf:oof_macro_f1,0.7333333333333334,0.8461538461538461,0.006564551422319475,0.8148148148148148,0.010917030567685589
wilt,2,0,505,balanced_rf:oof_balanced_accuracy,0.35208333333333336,1.0,0.08971553610503283,0.9259259259259259,0.08296943231441048
wilt,2,1,101,unweighted_lr:default,0.5,0.2692307692307692,0.013100436681222707,0.3076923076923077,0.002183406113537118
wilt,2,1,101,unweighted_lr:oof_macro_f1,0.2236397420615057,0.8076923076923077,0.026200873362445413,0.7307692307692307,0.013100436681222707
wilt,2,1,101,unweighted_lr:oof_balanced_accuracy,0.10431175839044247,1.0,0.08733624454148471,0.8846153846153846,0.05895196506550218
wilt,2,1,101,weighted_lr:default,0.5,1.0,0.08733624454148471,0.8846153846153846,0.05021834061135371
wilt,2,1,101,weighted_lr:oof_macro_f1,0.8011254186310676,0.8461538461538461,0.026200873362445413,0.7692307692307693,0.013100436681222707
wilt,2,1,101,weighted_lr:oof_balanced_accuracy,0.602584636017691,1.0,0.05240174672489083,0.8846153846153846,0.026200873362445413
wilt,2,1,101,rf:default,0.5,0.7307692307692307,0.004366812227074236,0.7692307692307693,0.0
wilt,2,1,101,rf:oof_macro_f1,0.2708333333333333,0.9230769230769231,0.019650655021834062,0.8846153846153846,0.0
wilt,2,1,101,rf:oof_balanced_accuracy,0.1125,0.9230769230769231,0.03275109170305677,0.9230769230769231,0.008733624454148471
wilt,2,1,101,balanced_rf:default,0.5,0.9615384615384616,0.026200873362445413,0.8846153846153846,0.010917030567685589
wilt,2,1,101,balanced_rf:oof_macro_f1,0.6833333333333333,0.8846153846153846,0.013100436681222707,0.8461538461538461,0.0
wilt,2,1,101,balanced_rf:oof_balanced_accuracy,0.4583333333333333,0.9615384615384616,0.039301310043668124,0.8846153846153846,0.021834061135371178
wilt,2,1,202,unweighted_lr:default,0.5,0.2692307692307692,0.013100436681222707,0.3076923076923077,0.002183406113537118
wilt,2,1,202,unweighted_lr:oof_macro_f1,0.2236397420615057,0.8076923076923077,0.026200873362445413,0.7307692307692307,0.013100436681222707
wilt,2,1,202,unweighted_lr:oof_balanced_accuracy,0.10431175839044247,1.0,0.08733624454148471,0.8846153846153846,0.05895196506550218
wilt,2,1,202,weighted_lr:default,0.5,1.0,0.08733624454148471,0.8846153846153846,0.05021834061135371
wilt,2,1,202,weighted_lr:oof_macro_f1,0.8011254186310676,0.8461538461538461,0.026200873362445413,0.7692307692307693,0.013100436681222707
wilt,2,1,202,weighted_lr:oof_balanced_accuracy,0.602584636017691,1.0,0.05240174672489083,0.8846153846153846,0.026200873362445413
wilt,2,1,202,rf:default,0.5,0.7307692307692307,0.004366812227074236,0.6538461538461539,0.0
wilt,2,1,202,rf:oof_macro_f1,0.28125,0.8076923076923077,0.013100436681222707,0.8846153846153846,0.002183406113537118
wilt,2,1,202,rf:oof_balanced_accuracy,0.08541666666666667,0.9615384615384616,0.043668122270742356,1.0,0.013100436681222707
wilt,2,1,202,balanced_rf:default,0.5,0.9615384615384616,0.034934497816593885,0.8846153846153846,0.013100436681222707
wilt,2,1,202,balanced_rf:oof_macro_f1,0.7333333333333334,0.8461538461538461,0.008733624454148471,0.7692307692307693,0.0
wilt,2,1,202,balanced_rf:oof_balanced_accuracy,0.4708333333333333,0.9615384615384616,0.039301310043668124,0.8846153846153846,0.024017467248908297
wilt,2,1,303,unweighted_lr:default,0.5,0.2692307692307692,0.013100436681222707,0.3076923076923077,0.002183406113537118
wilt,2,1,303,unweighted_lr:oof_macro_f1,0.2236397420615057,0.8076923076923077,0.026200873362445413,0.7307692307692307,0.013100436681222707
wilt,2,1,303,unweighted_lr:oof_balanced_accuracy,0.10431175839044247,1.0,0.08733624454148471,0.8846153846153846,0.05895196506550218
wilt,2,1,303,weighted_lr:default,0.5,1.0,0.08733624454148471,0.8846153846153846,0.05021834061135371
wilt,2,1,303,weighted_lr:oof_macro_f1,0.8011254186310676,0.8461538461538461,0.026200873362445413,0.7692307692307693,0.013100436681222707
wilt,2,1,303,weighted_lr:oof_balanced_accuracy,0.602584636017691,1.0,0.05240174672489083,0.8846153846153846,0.026200873362445413
wilt,2,1,303,rf:default,0.5,0.8461538461538461,0.004366812227074236,0.8076923076923077,0.0
wilt,2,1,303,rf:oof_macro_f1,0.2991666666666667,0.8846153846153846,0.015283842794759825,0.8846153846153846,0.0
wilt,2,1,303,rf:oof_balanced_accuracy,0.08083333333333334,0.9615384615384616,0.048034934497816595,1.0,0.017467248908296942
wilt,2,1,303,balanced_rf:default,0.5,0.9230769230769231,0.03275109170305677,0.8846153846153846,0.010917030567685589
wilt,2,1,303,balanced_rf:oof_macro_f1,0.7041666666666667,0.8461538461538461,0.010917030567685589,0.8461538461538461,0.0
wilt,2,1,303,balanced_rf:oof_balanced_accuracy,0.4333333333333333,0.9615384615384616,0.034934497816593885,0.9230769230769231,0.021834061135371178
wilt,2,1,404,unweighted_lr:default,0.5,0.2692307692307692,0.013100436681222707,0.3076923076923077,0.002183406113537118
wilt,2,1,404,unweighted_lr:oof_macro_f1,0.2236397420615057,0.8076923076923077,0.026200873362445413,0.7307692307692307,0.013100436681222707
wilt,2,1,404,unweighted_lr:oof_balanced_accuracy,0.10431175839044247,1.0,0.08733624454148471,0.8846153846153846,0.05895196506550218
wilt,2,1,404,weighted_lr:default,0.5,1.0,0.08733624454148471,0.8846153846153846,0.05021834061135371
wilt,2,1,404,weighted_lr:oof_macro_f1,0.8011254186310676,0.8461538461538461,0.026200873362445413,0.7692307692307693,0.013100436681222707
wilt,2,1,404,weighted_lr:oof_balanced_accuracy,0.602584636017691,1.0,0.05240174672489083,0.8846153846153846,0.026200873362445413
wilt,2,1,404,rf:default,0.5,0.7692307692307693,0.002183406113537118,0.7307692307692307,0.0
wilt,2,1,404,rf:oof_macro_f1,0.31833333333333336,0.8846153846153846,0.015283842794759825,0.8846153846153846,0.0
wilt,2,1,404,rf:oof_balanced_accuracy,0.05327380952380952,1.0,0.048034934497816595,1.0,0.04585152838427948
wilt,2,1,404,balanced_rf:default,0.5,0.9615384615384616,0.03275109170305677,0.9230769230769231,0.010917030567685589
wilt,2,1,404,balanced_rf:oof_macro_f1,0.6958333333333334,0.9230769230769231,0.015283842794759825,0.8461538461538461,0.0
wilt,2,1,404,balanced_rf:oof_balanced_accuracy,0.5,0.9615384615384616,0.03275109170305677,0.9230769230769231,0.010917030567685589
wilt,2,1,505,unweighted_lr:default,0.5,0.2692307692307692,0.013100436681222707,0.3076923076923077,0.002183406113537118
wilt,2,1,505,unweighted_lr:oof_macro_f1,0.2236397420615057,0.8076923076923077,0.026200873362445413,0.7307692307692307,0.013100436681222707
wilt,2,1,505,unweighted_lr:oof_balanced_accuracy,0.10431175839044247,1.0,0.08733624454148471,0.8846153846153846,0.05895196506550218
wilt,2,1,505,weighted_lr:default,0.5,1.0,0.08733624454148471,0.8846153846153846,0.05021834061135371
wilt,2,1,505,weighted_lr:oof_macro_f1,0.8011254186310676,0.8461538461538461,0.026200873362445413,0.7692307692307693,0.013100436681222707
wilt,2,1,505,weighted_lr:oof_balanced_accuracy,0.602584636017691,1.0,0.05240174672489083,0.8846153846153846,0.026200873362445413
wilt,2,1,505,rf:default,0.5,0.7307692307692307,0.0,0.7307692307692307,0.0
wilt,2,1,505,rf:oof_macro_f1,0.2925,0.9230769230769231,0.010917030567685589,0.8846153846153846,0.0
wilt,2,1,505,rf:oof_balanced_accuracy,0.08875000000000001,0.9230769230769231,0.03056768558951965,0.9230769230769231,0.010917030567685589
wilt,2,1,505,balanced_rf:default,0.5,0.9615384615384616,0.034934497816593885,0.8846153846153846,0.013100436681222707
wilt,2,1,505,balanced_rf:oof_macro_f1,0.7,0.9230769230769231,0.010917030567685589,0.8461538461538461,0.0
wilt,2,1,505,balanced_rf:oof_balanced_accuracy,0.4125,0.9615384615384616,0.05021834061135371,0.9230769230769231,0.026200873362445413
wilt,2,2,101,unweighted_lr:default,0.5,0.23076923076923078,0.008733624454148471,0.19230769230769232,0.002183406113537118
wilt,2,2,101,unweighted_lr:oof_macro_f1,0.24691663414939732,0.8076923076923077,0.03056768558951965,0.6538461538461539,0.019650655021834062
wilt,2,2,101,unweighted_lr:oof_balanced_accuracy,0.10715514449115081,0.9615384615384616,0.07423580786026202,0.9615384615384616,0.07205240174672489
wilt,2,2,101,weighted_lr:default,0.5,1.0,0.07860262008733625,1.0,0.0851528384279476
wilt,2,2,101,weighted_lr:oof_macro_f1,0.7721307478302878,0.8461538461538461,0.03275109170305677,0.8076923076923077,0.024017467248908297
wilt,2,2,101,weighted_lr:oof_balanced_accuracy,0.6102546020383675,1.0,0.05458515283842795,0.9615384615384616,0.05240174672489083
wilt,2,2,101,rf:default,0.5,0.7692307692307693,0.004366812227074236,0.8076923076923077,0.004366812227074236
wilt,2,2,101,rf:oof_macro_f1,0.32708333333333334,0.9615384615384616,0.013100436681222707,0.8846153846153846,0.008733624454148471
wilt,2,2,101,rf:oof_balanced_accuracy,0.10124999999999999,1.0,0.04585152838427948,1.0,0.05895196506550218
wilt,2,2,101,balanced_rf:default,0.5,0.9615384615384616,0.03711790393013101,0.9230769230769231,0.03275109170305677
wilt,2,2,101,balanced_rf:oof_macro_f1,0.6666666666666666,0.8461538461538461,0.013100436681222707,0.8846153846153846,0.015283842794759825
wilt,2,2,101,balanced_rf:oof_balanced_accuracy,0.4083333333333333,0.9615384615384616,0.06768558951965066,0.9230769230769231,0.05240174672489083
wilt,2,2,202,unweighted_lr:default,0.5,0.23076923076923078,0.008733624454148471,0.19230769230769232,0.002183406113537118
wilt,2,2,202,unweighted_lr:oof_macro_f1,0.24691663414939732,0.8076923076923077,0.03056768558951965,0.6538461538461539,0.019650655021834062
wilt,2,2,202,unweighted_lr:oof_balanced_accuracy,0.10715514449115081,0.9615384615384616,0.07423580786026202,0.9615384615384616,0.07205240174672489
wilt,2,2,202,weighted_lr:default,0.5,1.0,0.07860262008733625,1.0,0.0851528384279476
wilt,2,2,202,weighted_lr:oof_macro_f1,0.7721307478302878,0.8461538461538461,0.03275109170305677,0.8076923076923077,0.024017467248908297
wilt,2,2,202,weighted_lr:oof_balanced_accuracy,0.6102546020383675,1.0,0.05458515283842795,0.9615384615384616,0.05240174672489083
wilt,2,2,202,rf:default,0.5,0.7692307692307693,0.004366812227074236,0.7307692307692307,0.002183406113537118
wilt,2,2,202,rf:oof_macro_f1,0.36666666666666664,0.8461538461538461,0.008733624454148471,0.8461538461538461,0.006550218340611353
wilt,2,2,202,rf:oof_balanced_accuracy,0.09374999999999999,1.0,0.04585152838427948,1.0,0.04148471615720524
wilt,2,2,202,balanced_rf:default,0.5,1.0,0.03711790393013101,0.9230769230769231,0.03056768558951965
wilt,2,2,202,balanced_rf:oof_macro_f1,0.7041666666666667,0.8461538461538461,0.013100436681222707,0.8461538461538461,0.006550218340611353
wilt,2,2,202,balanced_rf:oof_balanced_accuracy,0.45833333333333337,1.0,0.05021834061135371,0.9615384615384616,0.039301310043668124
wilt,2,2,303,unweighted_lr:default,0.5,0.23076923076923078,0.008733624454148471,0.19230769230769232,0.002183406113537118
wilt,2,2,303,unweighted_lr:oof_macro_f1,0.24691663414939732,0.8076923076923077,0.03056768558951965,0.6538461538461539,0.019650655021834062
wilt,2,2,303,unweighted_lr:oof_balanced_accuracy,0.10715514449115081,0.9615384615384616,0.07423580786026202,0.9615384615384616,0.07205240174672489
wilt,2,2,303,weighted_lr:default,0.5,1.0,0.07860262008733625,1.0,0.0851528384279476
wilt,2,2,303,weighted_lr:oof_macro_f1,0.7721307478302878,0.8461538461538461,0.03275109170305677,0.8076923076923077,0.024017467248908297
wilt,2,2,303,weighted_lr:oof_balanced_accuracy,0.6102546020383675,1.0,0.05458515283842795,0.9615384615384616,0.05240174672489083
wilt,2,2,303,rf:default,0.5,0.6923076923076923,0.004366812227074236,0.6923076923076923,0.004366812227074236
wilt,2,2,303,rf:oof_macro_f1,0.2979166666666667,0.9230769230769231,0.017467248908296942,0.8846153846153846,0.008733624454148471
wilt,2,2,303,rf:oof_balanced_accuracy,0.08125,1.0,0.048034934497816595,1.0,0.04585152838427948
wilt,2,2,303,balanced_rf:default,0.5,0.9615384615384616,0.039301310043668124,0.9230769230769231,0.028384279475982533
wilt,2,2,303,balanced_rf:oof_macro_f1,0.6875,0.8461538461538461,0.017467248908296942,0.8846153846153846,0.013100436681222707
wilt,2,2,303,balanced_rf:oof_balanced_accuracy,0.45,0.9615384615384616,0.04585152838427948,0.9615384615384616,0.039301310043668124
wilt,2,2,404,unweighted_lr:default,0.5,0.23076923076923078,0.008733624454148471,0.19230769230769232,0.002183406113537118
wilt,2,2,404,unweighted_lr:oof_macro_f1,0.24691663414939732,0.8076923076923077,0.03056768558951965,0.6538461538461539,0.019650655021834062
wilt,2,2,404,unweighted_lr:oof_balanced_accuracy,0.10715514449115081,0.9615384615384616,0.07423580786026202,0.9615384615384616,0.07205240174672489
wilt,2,2,404,weighted_lr:default,0.5,1.0,0.07860262008733625,1.0,0.0851528384279476
wilt,2,2,404,weighted_lr:oof_macro_f1,0.7721307478302878,0.8461538461538461,0.03275109170305677,0.8076923076923077,0.024017467248908297
wilt,2,2,404,weighted_lr:oof_balanced_accuracy,0.6102546020383675,1.0,0.05458515283842795,0.9615384615384616,0.05240174672489083
wilt,2,2,404,rf:default,0.5,0.8076923076923077,0.006550218340611353,0.7692307692307693,0.002183406113537118
wilt,2,2,404,rf:oof_macro_f1,0.26916666666666667,0.9230769230769231,0.015283842794759825,0.9230769230769231,0.013100436681222707
wilt,2,2,404,rf:oof_balanced_accuracy,0.12083333333333332,1.0,0.04148471615720524,1.0,0.028384279475982533
wilt,2,2,404,balanced_rf:default,0.5,1.0,0.039301310043668124,0.9230769230769231,0.03275109170305677
wilt,2,2,404,balanced_rf:oof_macro_f1,0.6416666666666666,0.8461538461538461,0.021834061135371178,0.8846153846153846,0.017467248908296942
wilt,2,2,404,balanced_rf:oof_balanced_accuracy,0.4125,1.0,0.05895196506550218,0.9615384615384616,0.048034934497816595
wilt,2,2,505,unweighted_lr:default,0.5,0.23076923076923078,0.008733624454148471,0.19230769230769232,0.002183406113537118
wilt,2,2,505,unweighted_lr:oof_macro_f1,0.24691663414939732,0.8076923076923077,0.03056768558951965,0.6538461538461539,0.019650655021834062
wilt,2,2,505,unweighted_lr:oof_balanced_accuracy,0.10715514449115081,0.9615384615384616,0.07423580786026202,0.9615384615384616,0.07205240174672489
wilt,2,2,505,weighted_lr:default,0.5,1.0,0.07860262008733625,1.0,0.0851528384279476
wilt,2,2,505,weighted_lr:oof_macro_f1,0.7721307478302878,0.8461538461538461,0.03275109170305677,0.8076923076923077,0.024017467248908297
wilt,2,2,505,weighted_lr:oof_balanced_accuracy,0.6102546020383675,1.0,0.05458515283842795,0.9615384615384616,0.05240174672489083
wilt,2,2,505,rf:default,0.5,0.8076923076923077,0.006550218340611353,0.8461538461538461,0.004366812227074236
wilt,2,2,505,rf:oof_macro_f1,0.3516666666666667,0.9230769230769231,0.008733624454148471,0.8846153846153846,0.008733624454148471
wilt,2,2,505,rf:oof_balanced_accuracy,0.11458333333333333,1.0,0.039301310043668124,1.0,0.03056768558951965
wilt,2,2,505,balanced_rf:default,0.5,0.9615384615384616,0.039301310043668124,0.9615384615384616,0.03056768558951965
wilt,2,2,505,balanced_rf:oof_macro_f1,0.6304166666666667,0.8846153846153846,0.019650655021834062,0.8846153846153846,0.019650655021834062
wilt,2,2,505,balanced_rf:oof_balanced_accuracy,0.4458333333333334,0.9615384615384616,0.048034934497816595,0.9615384615384616,0.043668122270742356
wilt,2,3,101,unweighted_lr:default,0.5,0.2692307692307692,0.004366812227074236,0.23076923076923078,0.006550218340611353
wilt,2,3,101,unweighted_lr:oof_macro_f1,0.21464214498828954,0.6923076923076923,0.03275109170305677,0.6923076923076923,0.028384279475982533
wilt,2,3,101,unweighted_lr:oof_balanced_accuracy,0.11218809295698078,0.9615384615384616,0.07205240174672489,0.9230769230769231,0.056768558951965066
wilt,2,3,101,weighted_lr:default,0.5,0.9230769230769231,0.07423580786026202,0.9230769230769231,0.06986899563318777
wilt,2,3,101,weighted_lr:oof_macro_f1,0.8127881205399834,0.6538461538461539,0.021834061135371178,0.6923076923076923,0.019650655021834062
wilt,2,3,101,weighted_lr:oof_balanced_accuracy,0.6028256465169882,0.9230769230769231,0.05240174672489083,0.9230769230769231,0.043668122270742356
wilt,2,3,101,rf:default,0.5,0.6538461538461539,0.004366812227074236,0.8076923076923077,0.006550218340611353
wilt,2,3,101,rf:oof_macro_f1,0.3083333333333333,0.6923076923076923,0.010917030567685589,0.8846153846153846,0.019650655021834062
wilt,2,3,101,rf:oof_balanced_accuracy,0.06583333333333333,0.9230769230769231,0.05021834061135371,0.9615384615384616,0.056768558951965066
wilt,2,3,101,balanced_rf:default,0.5,0.7692307692307693,0.021834061135371178,0.8846153846153846,0.028384279475982533
wilt,2,3,101,balanced_rf:oof_macro_f1,0.6708333333333334,0.6538461538461539,0.015283842794759825,0.8076923076923077,0.017467248908296942
wilt,2,3,101,balanced_rf:oof_balanced_accuracy,0.5166666666666667,0.7307692307692307,0.019650655021834062,0.8846153846153846,0.024017467248908297
wilt,2,3,202,unweighted_lr:default,0.5,0.2692307692307692,0.004366812227074236,0.23076923076923078,0.006550218340611353
wilt,2,3,202,unweighted_lr:oof_macro_f1,0.21464214498828954,0.6923076923076923,0.03275109170305677,0.6923076923076923,0.028384279475982533
wilt,2,3,202,unweighted_lr:oof_balanced_accuracy,0.11218809295698078,0.9615384615384616,0.07205240174672489,0.9230769230769231,0.056768558951965066
wilt,2,3,202,weighted_lr:default,0.5,0.9230769230769231,0.07423580786026202,0.9230769230769231,0.06986899563318777
wilt,2,3,202,weighted_lr:oof_macro_f1,0.8127881205399834,0.6538461538461539,0.021834061135371178,0.6923076923076923,0.019650655021834062
wilt,2,3,202,weighted_lr:oof_balanced_accuracy,0.6028256465169882,0.9230769230769231,0.05240174672489083,0.9230769230769231,0.043668122270742356
wilt,2,3,202,rf:default,0.5,0.6538461538461539,0.004366812227074236,0.8076923076923077,0.004366812227074236
wilt,2,3,202,rf:oof_macro_f1,0.325,0.6923076923076923,0.010917030567685589,0.8846153846153846,0.010917030567685589
wilt,2,3,202,rf:oof_balanced_accuracy,0.09166666666666667,0.8846153846153846,0.04148471615720524,0.8846153846153846,0.048034934497816595
wilt,2,3,202,balanced_rf:default,0.5,0.7307692307692307,0.03056768558951965,0.8846153846153846,0.04585152838427948
wilt,2,3,202,balanced_rf:oof_macro_f1,0.6583333333333333,0.6923076923076923,0.015283842794759825,0.8461538461538461,0.017467248908296942
wilt,2,3,202,balanced_rf:oof_balanced_accuracy,0.4750000000000001,0.7692307692307693,0.03711790393013101,0.8846153846153846,0.04585152838427948
wilt,2,3,303,unweighted_lr:default,0.5,0.2692307692307692,0.004366812227074236,0.23076923076923078,0.006550218340611353
wilt,2,3,303,unweighted_lr:oof_macro_f1,0.21464214498828954,0.6923076923076923,0.03275109170305677,0.6923076923076923,0.028384279475982533
wilt,2,3,303,unweighted_lr:oof_balanced_accuracy,0.11218809295698078,0.9615384615384616,0.07205240174672489,0.9230769230769231,0.056768558951965066
wilt,2,3,303,weighted_lr:default,0.5,0.9230769230769231,0.07423580786026202,0.9230769230769231,0.06986899563318777
wilt,2,3,303,weighted_lr:oof_macro_f1,0.8127881205399834,0.6538461538461539,0.021834061135371178,0.6923076923076923,0.019650655021834062
wilt,2,3,303,weighted_lr:oof_balanced_accuracy,0.6028256465169882,0.9230769230769231,0.05240174672489083,0.9230769230769231,0.043668122270742356
wilt,2,3,303,rf:default,0.5,0.6538461538461539,0.006550218340611353,0.7307692307692307,0.002183406113537118
wilt,2,3,303,rf:oof_macro_f1,0.2975,0.6538461538461539,0.010917030567685589,0.8461538461538461,0.013100436681222707
wilt,2,3,303,rf:oof_balanced_accuracy,0.09166666666666666,0.9230769230769231,0.03711790393013101,0.8846153846153846,0.05240174672489083
wilt,2,3,303,balanced_rf:default,0.5,0.7692307692307693,0.028384279475982533,0.8846153846153846,0.028384279475982533
wilt,2,3,303,balanced_rf:oof_macro_f1,0.69375,0.6923076923076923,0.010917030567685589,0.7692307692307693,0.021834061135371178
wilt,2,3,303,balanced_rf:oof_balanced_accuracy,0.4625000000000001,0.7692307692307693,0.03711790393013101,0.8846153846153846,0.03711790393013101
wilt,2,3,404,unweighted_lr:default,0.5,0.2692307692307692,0.004366812227074236,0.23076923076923078,0.006550218340611353
wilt,2,3,404,unweighted_lr:oof_macro_f1,0.21464214498828954,0.6923076923076923,0.03275109170305677,0.6923076923076923,0.028384279475982533
wilt,2,3,404,unweighted_lr:oof_balanced_accuracy,0.11218809295698078,0.9615384615384616,0.07205240174672489,0.9230769230769231,0.056768558951965066
wilt,2,3,404,weighted_lr:default,0.5,0.9230769230769231,0.07423580786026202,0.9230769230769231,0.06986899563318777
wilt,2,3,404,weighted_lr:oof_macro_f1,0.8127881205399834,0.6538461538461539,0.021834061135371178,0.6923076923076923,0.019650655021834062
wilt,2,3,404,weighted_lr:oof_balanced_accuracy,0.6028256465169882,0.9230769230769231,0.05240174672489083,0.9230769230769231,0.043668122270742356
wilt,2,3,404,rf:default,0.5,0.6538461538461539,0.004366812227074236,0.7692307692307693,0.002183406113537118
wilt,2,3,404,rf:oof_macro_f1,0.2791666666666667,0.6923076923076923,0.015283842794759825,0.8846153846153846,0.017467248908296942
wilt,2,3,404,rf:oof_balanced_accuracy,0.08333333333333333,0.8846153846153846,0.04148471615720524,0.9230769230769231,0.04148471615720524
wilt,2,3,404,balanced_rf:default,0.5,0.7307692307692307,0.03056768558951965,0.8846153846153846,0.028384279475982533
wilt,2,3,404,balanced_rf:oof_macro_f1,0.6583333333333333,0.6538461538461539,0.013100436681222707,0.8846153846153846,0.019650655021834062
wilt,2,3,404,balanced_rf:oof_balanced_accuracy,0.4833333333333333,0.7307692307692307,0.03056768558951965,0.8846153846153846,0.039301310043668124
wilt,2,3,505,unweighted_lr:default,0.5,0.2692307692307692,0.004366812227074236,0.23076923076923078,0.006550218340611353
wilt,2,3,505,unweighted_lr:oof_macro_f1,0.21464214498828954,0.6923076923076923,0.03275109170305677,0.6923076923076923,0.028384279475982533
wilt,2,3,505,unweighted_lr:oof_balanced_accuracy,0.11218809295698078,0.9615384615384616,0.07205240174672489,0.9230769230769231,0.056768558951965066
wilt,2,3,505,weighted_lr:default,0.5,0.9230769230769231,0.07423580786026202,0.9230769230769231,0.06986899563318777
wilt,2,3,505,weighted_lr:oof_macro_f1,0.8127881205399834,0.6538461538461539,0.021834061135371178,0.6923076923076923,0.019650655021834062
wilt,2,3,505,weighted_lr:oof_balanced_accuracy,0.6028256465169882,0.9230769230769231,0.05240174672489083,0.9230769230769231,0.043668122270742356
wilt,2,3,505,rf:default,0.5,0.6923076923076923,0.006550218340611353,0.8461538461538461,0.006550218340611353
wilt,2,3,505,rf:oof_macro_f1,0.3383333333333333,0.6923076923076923,0.013100436681222707,0.8461538461538461,0.006550218340611353
wilt,2,3,505,rf:oof_balanced_accuracy,0.08125,0.9230769230769231,0.04148471615720524,0.8846153846153846,0.04585152838427948
wilt,2,3,505,balanced_rf:default,0.5,0.8076923076923077,0.026200873362445413,0.8846153846153846,0.03275109170305677
wilt,2,3,505,balanced_rf:oof_macro_f1,0.6541666666666666,0.7307692307692307,0.013100436681222707,0.8846153846153846,0.017467248908296942
wilt,2,3,505,balanced_rf:oof_balanced_accuracy,0.4708333333333333,0.8076923076923077,0.028384279475982533,0.8846153846153846,0.034934497816593885
wilt,2,4,101,unweighted_lr:default,0.5,0.34615384615384615,0.0,0.2692307692307692,0.008733624454148471
wilt,2,4,101,unweighted_lr:oof_macro_f1,0.24392579680822285,0.6923076923076923,0.010940919037199124,0.8461538461538461,0.017467248908296942
wilt,2,4,101,unweighted_lr:oof_balanced_accuracy,0.11438054588902412,0.8461538461538461,0.04814004376367615,0.9615384615384616,0.06331877729257641
wilt,2,4,101,weighted_lr:default,0.5,0.8846153846153846,0.05689277899343545,1.0,0.07205240174672489
wilt,2,4,101,weighted_lr:oof_macro_f1,0.7406867502960494,0.7692307692307693,0.024070021881838075,0.8846153846153846,0.024017467248908297
wilt,2,4,101,weighted_lr:oof_balanced_accuracy,0.6247746191764747,0.8461538461538461,0.04157549234135667,0.9615384615384616,0.034934497816593885
wilt,2,4,101,rf:default,0.5,0.7307692307692307,0.00437636761487965,0.8461538461538461,0.004366812227074236
wilt,2,4,101,rf:oof_macro_f1,0.2895833333333333,0.8846153846153846,0.006564551422319475,0.9615384615384616,0.006550218340611353
wilt,2,4,101,rf:oof_balanced_accuracy,0.10625,1.0,0.024070021881838075,1.0,0.026200873362445413
wilt,2,4,101,balanced_rf:default,0.5,0.9615384615384616,0.0262582056892779,1.0,0.024017467248908297
wilt,2,4,101,balanced_rf:oof_macro_f1,0.6625,0.8846153846153846,0.006564551422319475,0.9230769230769231,0.008733624454148471
wilt,2,4,101,balanced_rf:oof_balanced_accuracy,0.5583333333333333,0.9615384615384616,0.01312910284463895,0.9615384615384616,0.019650655021834062
wilt,2,4,202,unweighted_lr:default,0.5,0.34615384615384615,0.0,0.2692307692307692,0.008733624454148471
wilt,2,4,202,unweighted_lr:oof_macro_f1,0.24392579680822285,0.6923076923076923,0.010940919037199124,0.8461538461538461,0.017467248908296942
wilt,2,4,202,unweighted_lr:oof_balanced_accuracy,0.11438054588902412,0.8461538461538461,0.04814004376367615,0.9615384615384616,0.06331877729257641
wilt,2,4,202,weighted_lr:default,0.5,0.8846153846153846,0.05689277899343545,1.0,0.07205240174672489
wilt,2,4,202,weighted_lr:oof_macro_f1,0.7406867502960494,0.7692307692307693,0.024070021881838075,0.8846153846153846,0.024017467248908297
wilt,2,4,202,weighted_lr:oof_balanced_accuracy,0.6247746191764747,0.8461538461538461,0.04157549234135667,0.9615384615384616,0.034934497816593885
wilt,2,4,202,rf:default,0.5,0.6923076923076923,0.00437636761487965,0.8076923076923077,0.002183406113537118
wilt,2,4,202,rf:oof_macro_f1,0.27375000000000005,0.9230769230769231,0.0087527352297593,0.9615384615384616,0.006550218340611353
wilt,2,4,202,rf:oof_balanced_accuracy,0.05750000000000001,1.0,0.0525164113785558,1.0,0.05895196506550218
wilt,2,4,202,balanced_rf:default,0.5,1.0,0.0262582056892779,0.9615384615384616,0.028384279475982533
wilt,2,4,202,balanced_rf:oof_macro_f1,0.75,0.8076923076923077,0.00437636761487965,0.8076923076923077,0.002183406113537118
wilt,2,4,202,balanced_rf:oof_balanced_accuracy,0.4395833333333334,1.0,0.03938730853391685,1.0,0.034934497816593885
wilt,2,4,303,unweighted_lr:default,0.5,0.34615384615384615,0.0,0.2692307692307692,0.008733624454148471
wilt,2,4,303,unweighted_lr:oof_macro_f1,0.24392579680822285,0.6923076923076923,0.010940919037199124,0.8461538461538461,0.017467248908296942
wilt,2,4,303,unweighted_lr:oof_balanced_accuracy,0.11438054588902412,0.8461538461538461,0.04814004376367615,0.9615384615384616,0.06331877729257641
wilt,2,4,303,weighted_lr:default,0.5,0.8846153846153846,0.05689277899343545,1.0,0.07205240174672489
wilt,2,4,303,weighted_lr:oof_macro_f1,0.7406867502960494,0.7692307692307693,0.024070021881838075,0.8846153846153846,0.024017467248908297
wilt,2,4,303,weighted_lr:oof_balanced_accuracy,0.6247746191764747,0.8461538461538461,0.04157549234135667,0.9615384615384616,0.034934497816593885
wilt,2,4,303,rf:default,0.5,0.6538461538461539,0.00437636761487965,0.8461538461538461,0.004366812227074236
wilt,2,4,303,rf:oof_macro_f1,0.4374999999999999,0.6923076923076923,0.00437636761487965,0.8461538461538461,0.004366812227074236
wilt,2,4,303,rf:oof_balanced_accuracy,0.073125,0.9615384615384616,0.03938730853391685,1.0,0.04148471615720524
wilt,2,4,303,balanced_rf:default,0.5,0.9230769230769231,0.019693654266958426,0.9615384615384616,0.03056768558951965
wilt,2,4,303,balanced_rf:oof_macro_f1,0.7041666666666666,0.8846153846153846,0.006564551422319475,0.9230769230769231,0.006550218340611353
wilt,2,4,303,balanced_rf:oof_balanced_accuracy,0.41666666666666663,0.9615384615384616,0.03282275711159737,1.0,0.04148471615720524
wilt,2,4,404,unweighted_lr:default,0.5,0.34615384615384615,0.0,0.2692307692307692,0.008733624454148471
wilt,2,4,404,unweighted_lr:oof_macro_f1,0.24392579680822285,0.6923076923076923,0.010940919037199124,0.8461538461538461,0.017467248908296942
wilt,2,4,404,unweighted_lr:oof_balanced_accuracy,0.11438054588902412,0.8461538461538461,0.04814004376367615,0.9615384615384616,0.06331877729257641
wilt,2,4,404,weighted_lr:default,0.5,0.8846153846153846,0.05689277899343545,1.0,0.07205240174672489
wilt,2,4,404,weighted_lr:oof_macro_f1,0.7406867502960494,0.7692307692307693,0.024070021881838075,0.8846153846153846,0.024017467248908297
wilt,2,4,404,weighted_lr:oof_balanced_accuracy,0.6247746191764747,0.8461538461538461,0.04157549234135667,0.9615384615384616,0.034934497816593885
wilt,2,4,404,rf:default,0.5,0.6538461538461539,0.002188183807439825,0.8461538461538461,0.004366812227074236
wilt,2,4,404,rf:oof_macro_f1,0.31875,0.8076923076923077,0.00437636761487965,0.9230769230769231,0.006550218340611353
wilt,2,4,404,rf:oof_balanced_accuracy,0.075,1.0,0.030634573304157548,1.0,0.05458515283842795
wilt,2,4,404,balanced_rf:default,0.5,0.9615384615384616,0.024070021881838075,1.0,0.024017467248908297
wilt,2,4,404,balanced_rf:oof_macro_f1,0.6458333333333333,0.9230769230769231,0.006564551422319475,1.0,0.015283842794759825
wilt,2,4,404,balanced_rf:oof_balanced_accuracy,0.4333333333333333,1.0,0.0350109409190372,1.0,0.034934497816593885
wilt,2,4,505,unweighted_lr:default,0.5,0.34615384615384615,0.0,0.2692307692307692,0.008733624454148471
wilt,2,4,505,unweighted_lr:oof_macro_f1,0.24392579680822285,0.6923076923076923,0.010940919037199124,0.8461538461538461,0.017467248908296942
wilt,2,4,505,unweighted_lr:oof_balanced_accuracy,0.11438054588902412,0.8461538461538461,0.04814004376367615,0.9615384615384616,0.06331877729257641
wilt,2,4,505,weighted_lr:default,0.5,0.8846153846153846,0.05689277899343545,1.0,0.07205240174672489
wilt,2,4,505,weighted_lr:oof_macro_f1,0.7406867502960494,0.7692307692307693,0.024070021881838075,0.8846153846153846,0.024017467248908297
wilt,2,4,505,weighted_lr:oof_balanced_accuracy,0.6247746191764747,0.8461538461538461,0.04157549234135667,0.9615384615384616,0.034934497816593885
wilt,2,4,505,rf:default,0.5,0.7307692307692307,0.00437636761487965,0.8461538461538461,0.004366812227074236
wilt,2,4,505,rf:oof_macro_f1,0.3870833333333334,0.7307692307692307,0.00437636761487965,0.9615384615384616,0.004366812227074236
wilt,2,4,505,rf:oof_balanced_accuracy,0.07708333333333332,1.0,0.03282275711159737,1.0,0.03711790393013101
wilt,2,4,505,balanced_rf:default,0.5,0.9230769230769231,0.019693654266958426,1.0,0.026200873362445413
wilt,2,4,505,balanced_rf:oof_macro_f1,0.7916666666666667,0.7307692307692307,0.00437636761487965,0.8076923076923077,0.004366812227074236
wilt,2,4,505,balanced_rf:oof_balanced_accuracy,0.4875,0.9615384615384616,0.019693654266958426,1.0,0.026200873362445413
