scenario,n1,n0,ratio,alpha,dependence,rep,band,rate_coverage,metric_coverage,regret_coverage,strict_cert_fraction,learner_cert_fraction,strict_cert_any,learner_cert_any,mean_actual_regret,max_actual_regret,mean_regret_bound,max_regret_bound
identical,100,400,4.0,0.01,0.7,0,cp,1.0,1.0,1.0,0.0,0.0,0.0,0.0,0.002901021712777148,0.020785319753783726,0.25122970990588894,0.2591192369725007
identical,100,400,4.0,0.01,0.7,0,dkw,1.0,1.0,1.0,0.0,0.0,0.0,0.0,0.011026174902435988,0.11894881676848862,0.30812921945255095,0.37065041998806747
identical,100,400,4.0,0.01,0.7,1,cp,0.0,1.0,1.0,0.0,0.0,0.0,0.0,0.008084057424642053,0.04176029527269276,0.24073865907952327,0.29980642614012465
identical,100,400,4.0,0.01,0.7,1,dkw,1.0,1.0,1.0,0.0,0.0,0.0,0.0,0.01539569982519477,0.06250998947403474,0.31431022348531806,0.43298111085903557
identical,100,400,4.0,0.01,0.7,2,cp,1.0,1.0,1.0,0.0,0.0,0.0,0.0,0.0011474603972888796,0.012487854631607953,0.2569565620808597,0.2812906223086107
identical,100,400,4.0,0.01,0.7,2,dkw,1.0,1.0,1.0,0.0,0.0,0.0,0.0,0.011026174902435988,0.11894881676848862,0.31773199265882707,0.41468574788606577
identical,100,400,4.0,0.01,0.7,3,cp,1.0,1.0,1.0,0.0,0.0,0.0,0.0,0.0012091426551313633,0.008715449497363581,0.2441397506693582,0.271513245807655
identical,100,400,4.0,0.01,0.7,3,dkw,1.0,1.0,1.0,0.0,0.0,0.0,0.0,0.008927432741936985,0.11894881676848862,0.3072112133893888,0.3730619458381871
identical,100,400,4.0,0.01,0.7,4,cp,1.0,1.0,1.0,0.0,0.0,0.0,0.0,0.003515915507528522,0.023297235102748615,0.25585716435857264,0.2841579148042863
identical,100,400,4.0,0.01,0.7,4,dkw,1.0,1.0,1.0,0.0,0.0,0.0,0.0,0.014948415468881657,0.11894881676848862,0.31224007965607203,0.4111472994889694
identical,100,400,4.0,0.01,0.7,5,cp,1.0,1.0,1.0,0.0,0.0,0.0,0.0,0.006268222231696443,0.034795353607292356,0.2473921705235644,0.26139595658467196
identical,100,400,4.0,0.01,0.7,5,dkw,1.0,1.0,1.0,0.0,0.0,0.0,0.0,0.01411046845380189,0.11894881676848862,0.31515449552898084,0.4284383582990467
identical,100,400,4.0,0.01,0.7,6,cp,1.0,1.0,1.0,0.0,0.0,0.0,0.0,0.0013910360905831087,0.020785319753783726,0.2497494695163518,0.27760936644783096
identical,100,400,4.0,0.01,0.7,6,dkw,1.0,1.0,1.0,0.0,0.0,0.0,0.0,0.008927432741936985,0.11894881676848862,0.3123836068330957,0.4284383582990467
identical,100,400,4.0,0.01,0.7,7,cp,1.0,1.0,1.0,0.0,0.0,0.0,0.0,0.014450419711942258,0.045028271833033484,0.24567240317009978,0.26091140421641834
identical,100,400,4.0,0.01,0.7,7,dkw,1.0,1.0,1.0,0.0,0.0,0.0,0.0,0.023198222692876726,0.11894881676848862,0.307430370704526,0.4181833732435712
identical,100,400,4.0,0.01,0.7,8,cp,1.0,1.0,1.0,0.0,0.0,0.0,0.0,0.0010365090262141497,0.012487854631607953,0.2569971164119298,0.2668403632193832
identical,100,400,4.0,0.01,0.7,8,dkw,1.0,1.0,1.0,0.0,0.0,0.0,0.0,0.016137677103172796,0.16258290862571256,0.30730822632334814,0.3569399900030015
identical,100,400,4.0,0.01,0.7,9,cp,1.0,1.0,1.0,0.0,0.0,0.0,0.0,0.0009358300414818111,0.009979499305010187,0.25213852263777153,0.2876656370521775
identical,100,400,4.0,0.01,0.7,9,dkw,1.0,1.0,1.0,0.0,0.0,0.0,0.0,0.0012782984103097395,0.020785319753783726,0.31873696430473336,0.44090226458853
identical,100,400,4.0,0.01,0.7,10,cp,1.0,1.0,1.0,0.0,0.0,0.0,0.0,0.0024095958788604888,0.017644614765563227,0.25380208693564865,0.27891960549542383
identical,100,400,4.0,0.01,0.7,10,dkw,1.0,1.0,1.0,0.0,0.0,0.0,0.0,0.007607052351804849,0.11894881676848862,0.32222639332027847,0.43835063645674294
identical,100,400,4.0,0.01,0.7,11,cp,1.0,1.0,1.0,0.0,0.0,0.0,0.0,0.0021914516506524873,0.020785319753783726,0.2462914589757203,0.27177481774480583
identical,100,400,4.0,0.01,0.7,11,dkw,1.0,1.0,1.0,0.0,0.0,0.0,0.0,0.00985932214604693,0.11894881676848862,0.3162824102974088,0.4317796581002849
identical,100,400,4.0,0.01,0.7,12,cp,1.0,1.0,1.0,0.0,0.0,0.0,0.0,0.006290289827862941,0.03534704351145479,0.24475429047258468,0.27244992839427096
identical,100,400,4.0,0.01,0.7,12,dkw,1.0,1.0,1.0,0.0,0.0,0.0,0.0,0.01604026787575732,0.11894881676848862,0.31089894873176305,0.4216408884861312
identical,100,400,4.0,0.01,0.7,13,cp,1.0,1.0,1.0,0.0,0.0,0.0,0.0,0.0031684095750354625,0.027737801106930804,0.2582110280760305,0.26581562580319684
identical,100,400,4.0,0.01,0.7,13,dkw,1.0,1.0,1.0,0.0,0.0,0.0,0.0,0.014797659998883772,0.16258290862571256,0.32051387530493863,0.3998749755104045
identical,100,400,4.0,0.01,0.7,14,cp,1.0,1.0,1.0,0.0,0.0,0.0,0.0,0.002972455466936705,0.034795353607292356,0.2504104068227367,0.2871196802367354
identical,100,400,4.0,0.01,0.7,14,dkw,1.0,1.0,1.0,0.0,0.0,0.0,0.0,0.004596009324505994,0.04841287188756482,0.3102936312811886,0.4312908810007646
identical,100,400,4.0,0.01,0.7,15,cp,1.0,1.0,1.0,0.0,0.0,0.0,0.0,0.011266387748712968,0.03534704351145479,0.2520252598001119,0.2753158441532534
identical,100,400,4.0,0.01,0.7,15,dkw,1.0,1.0,1.0,0.0,0.0,0.0,0.0,0.018861340169290534,0.11894881676848862,0.30843995793934864,0.3965704114785092
identical,100,400,4.0,0.01,0.7,16,cp,1.0,1.0,1.0,0.0,0.0,0.0,0.0,0.0041290421124037914,0.024794299588397184,0.25596233215886555,0.2634356497422444
identical,100,400,4.0,0.01,0.7,16,dkw,1.0,1.0,1.0,0.0,0.0,0.0,0.0,0.013673137308285954,0.16258290862571256,0.30657659982437196,0.3421282941850051
identical,100,400,4.0,0.01,0.7,17,cp,1.0,1.0,1.0,0.0,0.0,0.0,0.0,0.003269556126039803,0.023297235102748615,0.25662099512812697,0.2735187982869388
identical,100,400,4.0,0.01,0.7,17,dkw,1.0,1.0,1.0,0.0,0.0,0.0,0.0,0.011048242498602485,0.11894881676848862,0.30441214218689017,0.35560239285114964
identical,100,400,4.0,0.01,0.7,18,cp,1.0,1.0,1.0,0.0,0.0,0.0,0.0,0.00030031504818625707,0.003083894646785046,0.24843953705032903,0.281302478242053
identical,100,400,4.0,0.01,0.7,18,dkw,1.0,1.0,1.0,0.0,0.0,0.0,0.0,0.006025632975451251,0.11894881676848862,0.30916928456353676,0.37733776268496194
identical,100,400,4.0,0.01,0.7,19,cp,1.0,1.0,1.0,0.0,0.0,0.0,0.0,0.0004468856201583904,0.008088245857174714,0.25270646999992746,0.2717760309705822
identical,100,400,4.0,0.01,0.7,19,dkw,1.0,1.0,1.0,0.0,0.0,0.0,0.0,0.007718348494548007,0.11894881676848862,0.3186107048753965,0.4250589900382791
identical,100,400,4.0,0.01,0.7,20,cp,1.0,1.0,1.0,0.0,0.0,0.0,0.0,0.004292835857068842,0.034795353607292356,0.25525277120050377,0.26572876634399756
identical,100,400,4.0,0.01,0.7,20,dkw,1.0,1.0,1.0,0.0,0.0,0.0,0.0,0.01244005664289418,0.11894881676848862,0.31070057465775774,0.4039449964097234
identical,100,400,4.0,0.01,0.7,21,cp,1.0,1.0,1.0,0.0,0.0,0.0,0.0,0.0018059035166681525,0.020785319753783726,0.25790097516315297,0.26628642525071733
identical,100,400,4.0,0.01,0.7,21,dkw,1.0,1.0,1.0,0.0,0.0,0.0,0.0,0.00806696647444255,0.11894881676848862,0.31599475024913437,0.37065041998806747
identical,100,400,4.0,0.01,0.7,22,cp,1.0,1.0,1.0,0.0,0.0,0.0,0.0,0.0027776659269057456,0.020785319753783726,0.24509652096868922,0.27979246715469264
identical,100,400,4.0,0.01,0.7,22,dkw,1.0,1.0,1.0,0.0,0.0,0.0,0.0,0.011026174902435988,0.11894881676848862,0.31257998932088754,0.4317796581002849
identical,100,400,4.0,0.01,0.7,23,cp,1.0,1.0,1.0,0.0,0.0,0.0,0.0,0.0010365090262141497,0.012487854631607953,0.23832344471424652,0.28281788328809665
identical,100,400,4.0,0.01,0.7,23,dkw,1.0,1.0,1.0,0.0,0.0,0.0,0.0,0.007535618597645291,0.11894881676848862,0.3031104589925885,0.3765737946496659
identical,100,400,4.0,0.01,0.7,24,cp,1.0,1.0,1.0,0.0,0.0,0.0,0.0,0.0015806413226450112,0.020785319753783726,0.24961510460311515,0.27729454273004783
identical,100,400,4.0,0.01,0.7,24,dkw,1.0,1.0,1.0,0.0,0.0,0.0,0.0,0.0073047094394695766,0.11894881676848862,0.3179851558089723,0.43835063645674294
identical,100,400,4.0,0.01,0.7,25,cp,1.0,1.0,1.0,0.0,0.0,0.0,0.0,0.0017043885844794104,0.015758702581371797,0.2549261175061475,0.26527785266990067
identical,100,400,4.0,0.01,0.7,25,dkw,1.0,1.0,1.0,0.0,0.0,0.0,0.0,0.009055809694892092,0.11894881676848862,0.3098722286152288,0.3600469736617481
identical,100,400,4.0,0.01,0.7,26,cp,1.0,1.0,1.0,0.0,0.0,0.0,0.0,0.013275679688370335,0.033747494697199065,0.25093582824143146,0.26567657606208395
identical,100,400,4.0,0.01,0.7,26,dkw,1.0,1.0,1.0,0.0,0.0,0.0,0.0,0.015420348371064792,0.11894881676848862,0.300482760247668,0.3733478674350517
identical,100,400,4.0,0.01,0.7,27,cp,1.0,1.0,1.0,0.0,0.0,0.0,0.0,0.005718272340265278,0.03534704351145479,0.25029309931005167,0.2696187754552276
identical,100,400,4.0,0.01,0.7,27,dkw,1.0,1.0,1.0,0.0,0.0,0.0,0.0,0.014648453731465626,0.11894881676848862,0.30113252039452026,0.35262814791794406
identical,100,400,4.0,0.01,0.7,28,cp,1.0,1.0,1.0,0.0,0.0,0.0,0.0,0.008189116653676902,0.03287591574474946,0.26232151916534696,0.2746975544716772
identical,100,400,4.0,0.01,0.7,28,dkw,1.0,1.0,1.0,0.0,0.0,0.0,0.0,0.00791269622842506,0.11894881676848862,0.3159118543237095,0.36521739659706537
identical,100,400,4.0,0.01,0.7,29,cp,1.0,1.0,1.0,0.0,0.0,0.0,0.0,0.001622723302467408,0.01773925155311651,0.25015981299358564,0.26612596908986286
identical,100,400,4.0,0.01,0.7,29,dkw,1.0,1.0,1.0,0.0,0.0,0.0,0.0,0.01244005664289418,0.11894881676848862,0.3079508610719969,0.3819788966813297
identical,100,400,4.0,0.01,0.7,30,cp,1.0,1.0,1.0,0.0,0.0,0.0,0.0,0.001374597084361171,0.012233225879630605,0.256313402727827,0.2828467457583228
identical,100,400,4.0,0.01,0.7,30,dkw,1.0,1.0,1.0,0.0,0.0,0.0,0.0,0.005912895295177883,0.11894881676848862,0.3151258919283071,0.3764769248800377
identical,100,400,4.0,0.01,0.7,31,cp,1.0,1.0,1.0,0.0,0.0,0.0,0.0,0.00197186908754202,0.013885069588597254,0.259330313871343,0.2981473537689139
identical,100,400,4.0,0.01,0.7,31,dkw,1.0,1.0,1.0,0.0,0.0,0.0,0.0,0.005912895295177883,0.11894881676848862,0.320207394558327,0.4250589900382791
identical,100,400,4.0,0.01,0.7,32,cp,1.0,1.0,1.0,0.0,0.0,0.0,0.0,0.009177865206231784,0.033747494697199065,0.2513722896267819,0.27253493552911734
identical,100,400,4.0,0.01,0.7,32,dkw,1.0,1.0,1.0,0.0,0.0,0.0,0.0,0.014373049265518724,0.11894881676848862,0.3189826279048942,0.4284383582990467
identical,100,400,4.0,0.01,0.7,33,cp,1.0,1.0,1.0,0.0,0.0,0.0,0.0,0.007214384764560648,0.02645357200348475,0.2520485118422134,0.26960275193417205
identical,100,400,4.0,0.01,0.7,33,dkw,1.0,1.0,1.0,0.0,0.0,0.0,0.0,0.018323354891626797,0.11894881676848862,0.30901933554258215,0.40027962886438634
identical,100,400,4.0,0.01,0.7,34,cp,1.0,1.0,1.0,0.0,0.0,0.0,0.0,0.0026779684924487547,0.023297235102748615,0.24829245533888866,0.2735187982869388
identical,100,400,4.0,0.01,0.7,34,dkw,1.0,1.0,1.0,0.0,0.0,0.0,0.0,0.01244005664289418,0.11894881676848862,0.31151239706735606,0.4111472994889694
identical,100,400,4.0,0.01,0.7,35,cp,1.0,1.0,1.0,0.0,0.0,0.0,0.0,0.0021162454253895067,0.020785319753783726,0.25942111368290377,0.26777264659415423
identical,100,400,4.0,0.01,0.7,35,dkw,1.0,1.0,1.0,0.0,0.0,0.0,0.0,0.009765379757016752,0.11894881676848862,0.3140857931264168,0.40027962886438634
identical,100,400,4.0,0.01,0.7,36,cp,1.0,1.0,1.0,0.0,0.0,0.0,0.0,0.004208489886460649,0.02682646462440441,0.256942330661098,0.2683200449929788
identical,100,400,4.0,0.01,0.7,36,dkw,1.0,1.0,1.0,0.0,0.0,0.0,0.0,0.010216829708451136,0.11894881676848862,0.3112147570143307,0.38680643574414514
identical,100,400,4.0,0.01,0.7,37,cp,1.0,1.0,1.0,0.0,0.0,0.0,0.0,0.007783283245511598,0.033747494697199065,0.25936734994142385,0.296966236060097
identical,100,400,4.0,0.01,0.7,37,dkw,1.0,1.0,1.0,0.0,0.0,0.0,0.0,0.016482245539647514,0.11894881676848862,0.3140076639271256,0.40756729813594844
identical,100,400,4.0,0.01,0.7,38,cp,1.0,1.0,1.0,0.0,0.0,0.0,0.0,0.00012335578587140182,0.003083894646785046,0.2582280809544425,0.296966236060097
identical,100,400,4.0,0.01,0.7,38,dkw,1.0,1.0,1.0,0.0,0.0,0.0,0.0,0.008217862679812324,0.11894881676848862,0.3143346874436835,0.4181833732435712
identical,100,400,4.0,0.01,0.7,39,cp,1.0,1.0,1.0,0.0,0.0,0.0,0.0,0.004309686182123853,0.02286196311469213,0.2576483907990405,0.27701109449867223
identical,100,400,4.0,0.01,0.7,39,dkw,1.0,1.0,1.0,0.0,0.0,0.0,0.0,0.0120821762996225,0.11894881676848862,0.30873932069660975,0.40027962886438634
identical,100,400,4.0,0.01,0.7,40,cp,1.0,1.0,1.0,0.0,0.0,0.0,0.0,0.0037095553310156903,0.023297235102748615,0.24671826942286323,0.2762548600253715
identical,100,400,4.0,0.01,0.7,40,dkw,1.0,1.0,1.0,0.0,0.0,0.0,0.0,0.01244005664289418,0.11894881676848862,0.3114039548394166,0.4216408884861312
identical,100,400,4.0,0.01,0.7,41,cp,1.0,1.0,1.0,0.0,0.0,0.0,0.0,0.000189363677111527,0.003083894646785046,0.25734809345871895,0.2789829133582825
identical,100,400,4.0,0.01,0.7,41,dkw,1.0,1.0,1.0,0.0,0.0,0.0,0.0,0.007718348494548007,0.11894881676848862,0.3220869843395404,0.4250589900382791
identical,100,400,4.0,0.01,0.7,42,cp,1.0,1.0,1.0,0.0,0.0,0.0,0.0,0.0070836116216737195,0.024794299588397184,0.25851404712387527,0.2719258720788761
identical,100,400,4.0,0.01,0.7,42,dkw,1.0,1.0,1.0,0.0,0.0,0.0,0.0,0.010246497357103085,0.11894881676848862,0.32506681087150224,0.4181833732435712
identical,100,400,4.0,0.01,0.7,43,cp,1.0,1.0,1.0,0.0,0.0,0.0,0.0,0.009723132639674338,0.03534704351145479,0.25016909315018576,0.2584209614486406
identical,100,400,4.0,0.01,0.7,43,dkw,1.0,1.0,1.0,0.0,0.0,0.0,0.0,0.02430651363417964,0.16258290862571256,0.30337217384472576,0.3627884187828766
identical,100,400,4.0,0.01,0.7,44,cp,1.0,1.0,1.0,0.0,0.0,0.0,0.0,0.004092038704890655,0.021275750896970425,0.2531716327910084,0.27891960549542383
identical,100,400,4.0,0.01,0.7,44,dkw,1.0,1.0,1.0,0.0,0.0,0.0,0.0,0.008006232324005255,0.11894881676848862,0.3199963535205998,0.43835063645674294
identical,100,400,4.0,0.01,0.7,45,cp,1.0,1.0,1.0,0.0,0.0,0.0,0.0,0.002504804144548789,0.015758702581371797,0.2527643961705969,0.29469990239954813
identical,100,400,4.0,0.01,0.7,45,dkw,1.0,1.0,1.0,0.0,0.0,0.0,0.0,0.011864121917515756,0.11894881676848862,0.31348941960281673,0.4216408884861312
identical,100,400,4.0,0.01,0.7,46,cp,1.0,1.0,1.0,0.0,0.0,0.0,0.0,0.0012676803047117068,0.020785319753783726,0.2467695172699168,0.2685157561509044
identical,100,400,4.0,0.01,0.7,46,dkw,1.0,1.0,1.0,0.0,0.0,0.0,0.0,0.008217862679812324,0.11894881676848862,0.32064812872626464,0.44158157074938204
identical,100,400,4.0,0.01,0.7,47,cp,1.0,1.0,1.0,0.0,0.0,0.0,0.0,0.005140379290570593,0.02682646462440441,0.24555518583928554,0.31011333640503047
identical,100,400,4.0,0.01,0.7,47,dkw,1.0,1.0,1.0,0.0,0.0,0.0,0.0,0.007040066171278445,0.04176029527269276,0.3075958009198743,0.4191924788936592
identical,100,400,4.0,0.01,0.7,48,cp,1.0,1.0,1.0,0.0,0.0,0.0,0.0,0.015097465869038405,0.05691504894951327,0.2642246034907894,0.2828467457583228
identical,100,400,4.0,0.01,0.7,48,dkw,1.0,1.0,1.0,0.0,0.0,0.0,0.0,0.008801208972061467,0.11894881676848862,0.31087365061294675,0.36521739659706537
identical,100,400,4.0,0.01,0.7,49,cp,1.0,1.0,1.0,0.0,0.0,0.0,0.0,0.003371635439137113,0.034795353607292356,0.256605247777729,0.2680575764625672
identical,100,400,4.0,0.01,0.7,49,dkw,1.0,1.0,1.0,0.0,0.0,0.0,0.0,0.007417447119742946,0.11894881676848862,0.3165295926375338,0.4181833732435712
identical,100,400,4.0,0.01,0.7,50,cp,1.0,1.0,1.0,0.0,0.0,0.0,0.0,0.007708747973497925,0.031548767557991075,0.2572555845819622,0.31192035148086883
identical,100,400,4.0,0.01,0.7,50,dkw,1.0,1.0,1.0,0.0,0.0,0.0,0.0,0.0032606259147393056,0.021275750896970425,0.32081943700368265,0.4306725522771149
identical,100,400,4.0,0.01,0.7,51,cp,1.0,1.0,1.0,0.0,0.0,0.0,0.0,0.0019292593025395544,0.020785319753783726,0.2601957629234577,0.28244781500252825
identical,100,400,4.0,0.01,0.7,51,dkw,1.0,1.0,1.0,0.0,0.0,0.0,0.0,0.00806696647444255,0.11894881676848862,0.312026446080485,0.4039449964097234
identical,100,400,4.0,0.01,0.7,52,cp,1.0,1.0,1.0,0.0,0.0,0.0,0.0,0.0019462531367543967,0.01773925155311651,0.25121275457161646,0.2649463734345756
identical,100,400,4.0,0.01,0.7,52,dkw,1.0,1.0,1.0,0.0,0.0,0.0,0.0,0.011026174902435988,0.11894881676848862,0.31704463458375665,0.4114351961688168
identical,100,400,4.0,0.01,0.7,53,cp,1.0,1.0,1.0,0.0,0.0,0.0,0.0,0.003844821248837813,0.029171318909726462,0.25206413680818823,0.2684130312797458
identical,100,400,4.0,0.01,0.7,53,dkw,1.0,1.0,1.0,0.0,0.0,0.0,0.0,0.01604026787575732,0.11894881676848862,0.31251108447345066,0.40335764624120907
identical,100,400,4.0,0.01,0.7,54,cp,1.0,1.0,1.0,0.0,0.0,0.0,0.0,0.000189363677111527,0.003083894646785046,0.25819144921484966,0.28822330893702497
identical,100,400,4.0,0.01,0.7,54,dkw,1.0,1.0,1.0,0.0,0.0,0.0,0.0,0.008217862679812324,0.11894881676848862,0.3131160940082724,0.41468574788606577
identical,100,400,4.0,0.01,0.7,55,cp,1.0,1.0,1.0,0.0,0.0,0.0,0.0,0.008471862306857543,0.030080267200025212,0.2478701095528947,0.26585188298237594
identical,100,400,4.0,0.01,0.7,55,dkw,1.0,1.0,1.0,0.0,0.0,0.0,0.0,0.015239061340260894,0.11894881676848862,0.30764628083850676,0.383757408027423
identical,100,400,4.0,0.01,0.7,56,cp,1.0,1.0,1.0,0.0,0.0,0.0,0.0,0.010988561263350696,0.04114303450992218,0.25746793285925323,0.3037328331665491
identical,100,400,4.0,0.01,0.7,56,dkw,1.0,1.0,1.0,0.0,0.0,0.0,0.0,0.012032552516714303,0.04114303450992218,0.3226581614599263,0.43495039539109515
identical,100,400,4.0,0.01,0.7,57,cp,1.0,1.0,1.0,0.0,0.0,0.0,0.0,0.012345470059526367,0.06250998947403474,0.2423208047905266,0.26379420439681056
identical,100,400,4.0,0.01,0.7,57,dkw,1.0,1.0,1.0,0.0,0.0,0.0,0.0,0.020594996995055192,0.11894881676848862,0.305213721451223,0.4032778467619962
identical,100,400,4.0,0.01,0.7,58,cp,1.0,1.0,1.0,0.0,0.0,0.0,0.0,0.016255400887748017,0.04888337594135195,0.2490207904801755,0.27760936644783096
identical,100,400,4.0,0.01,0.7,58,dkw,1.0,1.0,1.0,0.0,0.0,0.0,0.0,0.019664270049124057,0.11894881676848862,0.309243183732753,0.3852965546989445
identical,100,400,4.0,0.01,0.7,59,cp,1.0,1.0,1.0,0.0,0.0,0.0,0.0,0.0026655640776520827,0.023297235102748615,0.24849898311792637,0.2714711159435105
identical,100,400,4.0,0.01,0.7,59,dkw,1.0,1.0,1.0,0.0,0.0,0.0,0.0,0.011048242498602485,0.11894881676848862,0.30640418180357715,0.37435190814902075
identical,100,400,4.0,0.01,0.7,60,cp,1.0,1.0,1.0,0.0,0.0,0.0,0.0,0.0016254456792904337,0.01994411448886535,0.25706330633941304,0.28819846684778105
identical,100,400,4.0,0.01,0.7,60,dkw,1.0,1.0,1.0,0.0,0.0,0.0,0.0,0.007535618597645291,0.11894881676848862,0.3156437874801306,0.4181833732435712
identical,100,400,4.0,0.01,0.7,61,cp,1.0,1.0,1.0,0.0,0.0,0.0,0.0,0.014568585965895355,0.08023180411937048,0.24097621245821516,0.2570239585257479
identical,100,400,4.0,0.01,0.7,61,dkw,1.0,1.0,1.0,0.0,0.0,0.0,0.0,0.023050753112289647,0.11894881676848862,0.30099867458547086,0.3755196336896871
identical,100,400,4.0,0.01,0.7,62,cp,1.0,1.0,1.0,0.0,0.0,0.0,0.0,0.0065645056305199834,0.030080267200025212,0.25267829701649425,0.2801111905243847
identical,100,400,4.0,0.01,0.7,62,dkw,1.0,1.0,1.0,0.0,0.0,0.0,0.0,0.011517595877294482,0.11894881676848862,0.3192760377853422,0.4317796581002849
identical,100,400,4.0,0.01,0.7,63,cp,1.0,1.0,1.0,0.0,0.0,0.0,0.0,0.005844738086178216,0.038257395432914176,0.25453493014854134,0.2786999912659762
identical,100,400,4.0,0.01,0.7,63,dkw,1.0,1.0,1.0,0.0,0.0,0.0,0.0,0.007423516748391628,0.11894881676848862,0.3171872291250828,0.4148297053128747
identical,100,400,4.0,0.01,0.7,64,cp,1.0,1.0,1.0,0.0,0.0,0.0,0.0,0.002584026103418577,0.01773925155311651,0.25488080135310653,0.271513245807655
identical,100,400,4.0,0.01,0.7,64,dkw,1.0,1.0,1.0,0.0,0.0,0.0,0.0,0.011026174902435988,0.11894881676848862,0.3126931449256867,0.4039449964097234
identical,100,400,4.0,0.01,0.7,65,cp,1.0,1.0,1.0,0.0,0.0,0.0,0.0,0.009483417831420331,0.030080267200025212,0.253565026745409,0.296966236060097
identical,100,400,4.0,0.01,0.7,65,dkw,1.0,1.0,1.0,0.0,0.0,0.0,0.0,0.01813475143533611,0.11894881676848862,0.31015081971450953,0.40756729813594844
identical,100,400,4.0,0.01,0.7,66,cp,1.0,1.0,1.0,0.0,0.0,0.0,0.0,0.0025667975810508416,0.027737801106930804,0.25281243904080375,0.2759415947370891
identical,100,400,4.0,0.01,0.7,66,dkw,1.0,1.0,1.0,0.0,0.0,0.0,0.0,0.0073047094394695766,0.11894881676848862,0.3174692486178794,0.3921983374942125
identical,100,400,4.0,0.01,0.7,67,cp,1.0,1.0,1.0,0.0,0.0,0.0,0.0,0.003935694868388091,0.02286196311469213,0.25823580872538043,0.2841579148042863
identical,100,400,4.0,0.01,0.7,67,dkw,1.0,1.0,1.0,0.0,0.0,0.0,0.0,0.009481277907941827,0.11894881676848862,0.318778234028352,0.4181833732435712
identical,100,400,4.0,0.01,0.7,68,cp,1.0,1.0,1.0,0.0,0.0,0.0,0.0,0.0040398194350629345,0.024794299588397184,0.25378491964052347,0.2936863112295135
identical,100,400,4.0,0.01,0.7,68,dkw,1.0,1.0,1.0,0.0,0.0,0.0,0.0,0.0032410086690118378,0.020785319753783726,0.32228550618376295,0.442493945276385
identical,100,400,4.0,0.01,0.7,69,cp,1.0,1.0,1.0,0.0,0.0,0.0,0.0,0.005249395464039055,0.02645357200348475,0.24791463153463644,0.28240079616166336
identical,100,400,4.0,0.01,0.7,69,dkw,1.0,1.0,1.0,0.0,0.0,0.0,0.0,0.01209958717914476,0.11894881676848862,0.3131179892649792,0.4250589900382791
identical,100,400,4.0,0.01,0.7,70,cp,1.0,1.0,1.0,0.0,0.0,0.0,0.0,0.005234173461983476,0.029171318909726462,0.25346998184051467,0.27701109449867223
identical,100,400,4.0,0.01,0.7,70,dkw,1.0,1.0,1.0,0.0,0.0,0.0,0.0,0.011887241519358847,0.11894881676848862,0.3014382192932961,0.3502907745711329
identical,100,400,4.0,0.01,0.7,71,cp,1.0,1.0,1.0,0.0,0.0,0.0,0.0,0.0026655640776520827,0.023297235102748615,0.2539471880235818,0.26815770301681363
identical,100,400,4.0,0.01,0.7,71,dkw,1.0,1.0,1.0,0.0,0.0,0.0,0.0,0.011048242498602485,0.11894881676848862,0.30722093118758637,0.3610748866787488
identical,100,400,4.0,0.01,0.7,72,cp,1.0,1.0,1.0,0.0,0.0,0.0,0.0,0.002736120445841559,0.034795353607292356,0.25215043927229613,0.2707146194681006
identical,100,400,4.0,0.01,0.7,72,dkw,1.0,1.0,1.0,0.0,0.0,0.0,0.0,0.007718348494548007,0.11894881676848862,0.31980071617044376,0.4317796581002849
identical,100,400,4.0,0.01,0.7,73,cp,1.0,1.0,1.0,0.0,0.0,0.0,0.0,0.0021914516506524873,0.020785319753783726,0.24599902437384563,0.2743664279473236
identical,100,400,4.0,0.01,0.7,73,dkw,1.0,1.0,1.0,0.0,0.0,0.0,0.0,0.00985932214604693,0.11894881676848862,0.31674211809592223,0.435083539149346
identical,100,400,4.0,0.01,0.7,74,cp,1.0,1.0,1.0,0.0,0.0,0.0,0.0,0.005975720426257674,0.030080267200025212,0.259470432681576,0.26777264659415423
identical,100,400,4.0,0.01,0.7,74,dkw,1.0,1.0,1.0,0.0,0.0,0.0,0.0,0.016625319059760807,0.11894881676848862,0.31146559748036773,0.3864089957098367
identical,100,400,4.0,0.01,0.7,75,cp,1.0,1.0,1.0,0.0,0.0,0.0,0.0,0.01885837626983803,0.07198685116836501,0.25370562947792513,0.2729847176709663
identical,100,400,4.0,0.01,0.7,75,dkw,1.0,1.0,1.0,0.0,0.0,0.0,0.0,0.011116233771628087,0.05153258447061271,0.3070856279764319,0.4122208760682765
identical,100,400,4.0,0.01,0.7,76,cp,1.0,1.0,1.0,0.0,0.0,0.0,0.0,0.0005128935113985156,0.008088245857174714,0.25311056775549673,0.2762164863702058
identical,100,400,4.0,0.01,0.7,76,dkw,1.0,1.0,1.0,0.0,0.0,0.0,0.0,0.007417447119742946,0.11894881676848862,0.32195848699754026,0.4317796581002849
identical,100,400,4.0,0.01,0.7,77,cp,1.0,1.0,1.0,0.0,0.0,0.0,0.0,0.0020696089226257984,0.01773925155311651,0.249005955522209,0.26333184892645134
identical,100,400,4.0,0.01,0.7,77,dkw,1.0,1.0,1.0,0.0,0.0,0.0,0.0,0.011026174902435988,0.11894881676848862,0.30695873896252196,0.36512815778820357
identical,100,400,4.0,0.01,0.7,78,cp,1.0,1.0,1.0,0.0,0.0,0.0,0.0,0.0004468856201583904,0.008088245857174714,0.2409983158682711,0.2868708282172292
identical,100,400,4.0,0.01,0.7,78,dkw,1.0,1.0,1.0,0.0,0.0,0.0,0.0,0.002782850234874803,0.034795353607292356,0.3182745752806463,0.4559790938755277
identical,100,400,4.0,0.01,0.7,79,cp,1.0,1.0,1.0,0.0,0.0,0.0,0.0,0.006290289827862941,0.03534704351145479,0.24994582474117627,0.25938881164488714
identical,100,400,4.0,0.01,0.7,79,dkw,1.0,1.0,1.0,0.0,0.0,0.0,0.0,0.01604026787575732,0.11894881676848862,0.31140109296968627,0.4032778467619962
identical,100,400,4.0,0.01,0.7,80,cp,1.0,1.0,1.0,0.0,0.0,0.0,0.0,0.004168351083124802,0.029171318909726462,0.2527525936061346,0.2669395776303437
identical,100,400,4.0,0.01,0.7,80,dkw,1.0,1.0,1.0,0.0,0.0,0.0,0.0,0.01604026787575732,0.11894881676848862,0.3039998058878393,0.3851715293780967
identical,100,400,4.0,0.01,0.7,81,cp,1.0,1.0,1.0,0.0,0.0,0.0,0.0,0.007040066171278445,0.04176029527269276,0.2478160774558802,0.27701109449867223
identical,100,400,4.0,0.01,0.7,81,dkw,1.0,1.0,1.0,0.0,0.0,0.0,0.0,0.01682532347614003,0.11894881676848862,0.30520259031543767,0.40027962886438634
identical,100,400,4.0,0.01,0.7,82,cp,1.0,1.0,1.0,0.0,0.0,0.0,0.0,0.011765760786990027,0.033747494697199065,0.24353594444530077,0.26532722077216175
identical,100,400,4.0,0.01,0.7,82,dkw,1.0,1.0,1.0,0.0,0.0,0.0,0.0,0.019526565579627803,0.11894881676848862,0.3069234976396596,0.40756729813594844
identical,100,400,4.0,0.01,0.7,83,cp,1.0,1.0,1.0,0.0,0.0,0.0,0.0,0.010949677418993508,0.0412196383236042,0.2462754471700416,0.2735187982869388
identical,100,400,4.0,0.01,0.7,83,dkw,1.0,1.0,1.0,0.0,0.0,0.0,0.0,0.017792171816149865,0.11894881676848862,0.3102255816688999,0.40525527112784654
identical,100,400,4.0,0.01,0.7,84,cp,1.0,1.0,1.0,0.0,0.0,0.0,0.0,0.005078194963296485,0.027737801106930804,0.2458070935667556,0.2765513651887751
identical,100,400,4.0,0.01,0.7,84,dkw,1.0,1.0,1.0,0.0,0.0,0.0,0.0,0.008561635107549146,0.11894881676848862,0.3112930955333139,0.38127868061810205
identical,100,400,4.0,0.01,0.7,85,cp,1.0,1.0,1.0,0.0,0.0,0.0,0.0,0.004876408087404749,0.029171318909726462,0.2507289186467932,0.26119321039217924
identical,100,400,4.0,0.01,0.7,85,dkw,1.0,1.0,1.0,0.0,0.0,0.0,0.0,0.021151770076494127,0.16258290862571256,0.3103612704094205,0.39606912061558497
identical,100,400,4.0,0.01,0.7,86,cp,1.0,1.0,1.0,0.0,0.0,0.0,0.0,0.0019798212948454186,0.020785319753783726,0.2597004194515571,0.2743664279473236
identical,100,400,4.0,0.01,0.7,86,dkw,1.0,1.0,1.0,0.0,0.0,0.0,0.0,0.007417447119742946,0.11894881676848862,0.3166448756105615,0.4111472994889694
identical,100,400,4.0,0.01,0.7,87,cp,1.0,1.0,1.0,0.0,0.0,0.0,0.0,0.007393809289801885,0.038257395432914176,0.2501376992041374,0.2990480479291956
identical,100,400,4.0,0.01,0.7,87,dkw,1.0,1.0,1.0,0.0,0.0,0.0,0.0,0.0009358300414818111,0.009979499305010187,0.3190300713397376,0.4068964340238027
identical,100,400,4.0,0.01,0.7,88,cp,1.0,1.0,1.0,0.0,0.0,0.0,0.0,0.007040066171278445,0.04176029527269276,0.24756783939672902,0.27860835527015926
identical,100,400,4.0,0.01,0.7,88,dkw,1.0,1.0,1.0,0.0,0.0,0.0,0.0,0.01682532347614003,0.11894881676848862,0.30732900543921854,0.40756729813594844
identical,100,400,4.0,0.01,0.7,89,cp,1.0,1.0,1.0,0.0,0.0,0.0,0.0,0.002670112554601434,0.034795353607292356,0.24884487484110734,0.29180544087746685
identical,100,400,4.0,0.01,0.7,89,dkw,1.0,1.0,1.0,0.0,0.0,0.0,0.0,0.006105994946700033,0.04841287188756482,0.3089582500554146,0.42999300445473826
identical,100,400,4.0,0.01,0.7,90,cp,1.0,1.0,1.0,0.0,0.0,0.0,0.0,0.003277767710483066,0.04611814579797113,0.24010266083876508,0.2685955618050435
identical,100,400,4.0,0.01,0.7,90,dkw,1.0,1.0,1.0,0.0,0.0,0.0,0.0,0.007417447119742946,0.11894881676848862,0.31571843675486866,0.4042619535522137
identical,100,400,4.0,0.01,0.7,91,cp,1.0,1.0,1.0,0.0,0.0,0.0,0.0,0.0028760498532002686,0.02682646462440441,0.25824207817256145,0.28152294187618687
identical,100,400,4.0,0.01,0.7,91,dkw,1.0,1.0,1.0,0.0,0.0,0.0,0.0,0.007636095211603886,0.11894881676848862,0.31770753108289584,0.4111472994889694
identical,100,400,4.0,0.01,0.7,92,cp,1.0,1.0,1.0,0.0,0.0,0.0,0.0,0.0020696089226257984,0.01773925155311651,0.2516868369485337,0.2596132058070175
identical,100,400,4.0,0.01,0.7,92,dkw,1.0,1.0,1.0,0.0,0.0,0.0,0.0,0.016137677103172796,0.16258290862571256,0.30601524242460704,0.3627884187828766
identical,100,400,4.0,0.01,0.7,93,cp,1.0,1.0,1.0,0.0,0.0,0.0,0.0,0.01669392881347653,0.05559697374130934,0.2467320199005433,0.262411105023174
identical,100,400,4.0,0.01,0.7,93,dkw,1.0,1.0,1.0,0.0,0.0,0.0,0.0,0.03191845267630658,0.16258290862571256,0.3010990660570474,0.3570884135501429
identical,100,400,4.0,0.01,0.7,94,cp,1.0,1.0,1.0,0.0,0.0,0.0,0.0,0.0027776659269057456,0.020785319753783726,0.24855391069558513,0.2597232249240634
identical,100,400,4.0,0.01,0.7,94,dkw,1.0,1.0,1.0,0.0,0.0,0.0,0.0,0.01244005664289418,0.11894881676848862,0.31577573267937675,0.4181833732435712
identical,100,400,4.0,0.01,0.7,95,cp,1.0,1.0,1.0,0.0,0.0,0.0,0.0,0.0012848326352381577,0.012233225879630605,0.2542038358049579,0.2775349288705563
identical,100,400,4.0,0.01,0.7,95,dkw,1.0,1.0,1.0,0.0,0.0,0.0,0.0,0.008566480659706867,0.11894881676848862,0.31809576453642086,0.4250589900382791
identical,100,400,4.0,0.01,0.7,96,cp,1.0,1.0,1.0,0.0,0.0,0.0,0.0,0.0021914516506524873,0.020785319753783726,0.25446669271474426,0.2700242189641553
identical,100,400,4.0,0.01,0.7,96,dkw,1.0,1.0,1.0,0.0,0.0,0.0,0.0,0.011026174902435988,0.11894881676848862,0.31700315647239147,0.41468574788606577
identical,100,400,4.0,0.01,0.7,97,cp,1.0,1.0,1.0,0.0,0.0,0.0,0.0,0.0011295692905971188,0.012015906562907963,0.25585785818982665,0.28524212142208893
identical,100,400,4.0,0.01,0.7,97,dkw,1.0,1.0,1.0,0.0,0.0,0.0,0.0,0.006326534350256312,0.11894881676848862,0.32042498043460715,0.4284383582990467
identical,100,400,4.0,0.01,0.7,98,cp,1.0,1.0,1.0,0.0,0.0,0.0,0.0,0.0018570304594135402,0.01773925155311651,0.2550373403706453,0.29233517996426617
identical,100,400,4.0,0.01,0.7,98,dkw,1.0,1.0,1.0,0.0,0.0,0.0,0.0,0.01244005664289418,0.11894881676848862,0.3094768871612228,0.4039449964097234
identical,100,400,4.0,0.01,0.7,99,cp,1.0,1.0,1.0,0.0,0.0,0.0,0.0,0.008428172641438985,0.030080267200025212,0.25773996919333186,0.27081179505457265
identical,100,400,4.0,0.01,0.7,99,dkw,1.0,1.0,1.0,0.0,0.0,0.0,0.0,0.0164643396244284,0.11894881676848862,0.3083765197629427,0.38405589447280364
identical,100,400,4.0,0.01,0.7,100,cp,1.0,1.0,1.0,0.0,0.0,0.0,0.0,0.0015806413226450112,0.020785319753783726,0.2571879473799656,0.27701109449867223
identical,100,400,4.0,0.01,0.7,100,dkw,1.0,1.0,1.0,0.0,0.0,0.0,0.0,0.007718348494548007,0.11894881676848862,0.31564164238085624,0.4181833732435712
identical,100,400,4.0,0.01,0.7,101,cp,1.0,1.0,1.0,0.0,0.0,0.0,0.0,0.0019798212948454186,0.020785319753783726,0.2488671924047244,0.27891960549542383
identical,100,400,4.0,0.01,0.7,101,dkw,1.0,1.0,1.0,0.0,0.0,0.0,0.0,0.0073707173307097015,0.11894881676848862,0.31763443806290864,0.44158157074938204
identical,100,400,4.0,0.01,0.7,102,cp,1.0,1.0,1.0,0.0,0.0,0.0,0.0,0.002782850234874803,0.034795353607292356,0.2547184886422349,0.26092195872921864
identical,100,400,4.0,0.01,0.7,102,dkw,1.0,1.0,1.0,0.0,0.0,0.0,0.0,0.008927432741936985,0.11894881676848862,0.3176257707567434,0.41468574788606577
identical,100,400,4.0,0.01,0.7,103,cp,1.0,1.0,1.0,0.0,0.0,0.0,0.0,0.0031462003401684013,0.023297235102748615,0.25261491738996567,0.2663548603859255
identical,100,400,4.0,0.01,0.7,103,dkw,1.0,1.0,1.0,0.0,0.0,0.0,0.0,0.011048242498602485,0.11894881676848862,0.297837127098692,0.3506692740319075
identical,100,400,4.0,0.01,0.7,104,cp,1.0,1.0,1.0,0.0,0.0,0.0,0.0,0.005361294942518975,0.02645357200348475,0.24890764662677659,0.28014982163619684
identical,100,400,4.0,0.01,0.7,104,dkw,1.0,1.0,1.0,0.0,0.0,0.0,0.0,0.008773004557804215,0.11894881676848862,0.32167206600093146,0.44158157074938204
identical,100,400,4.0,0.01,0.7,105,cp,1.0,1.0,1.0,0.0,0.0,0.0,0.0,0.010215511305114632,0.0412196383236042,0.25720533221228975,0.2721203006838888
identical,100,400,4.0,0.01,0.7,105,dkw,1.0,1.0,1.0,0.0,0.0,0.0,0.0,0.023198222692876726,0.11894881676848862,0.3140712808519614,0.3929468137701941
identical,100,400,4.0,0.01,0.7,106,cp,1.0,1.0,1.0,0.0,0.0,0.0,0.0,0.004596009324505994,0.04841287188756482,0.2509122501516182,0.2640411626336826
identical,100,400,4.0,0.01,0.7,106,dkw,1.0,1.0,1.0,0.0,0.0,0.0,0.0,0.008927432741936985,0.11894881676848862,0.30939563935708597,0.4181833732435712
identical,100,400,4.0,0.01,0.7,107,cp,1.0,1.0,1.0,0.0,0.0,0.0,0.0,0.00517785044935033,0.023297235102748615,0.24232686710597715,0.2627939516602742
identical,100,400,4.0,0.01,0.7,107,dkw,1.0,1.0,1.0,0.0,0.0,0.0,0.0,0.012788674622788723,0.11894881676848862,0.3070955803469006,0.38072444143186013
identical,100,400,4.0,0.01,0.7,108,cp,1.0,1.0,1.0,0.0,0.0,0.0,0.0,0.00394407632133579,0.019299247869079772,0.25901697313723654,0.2793827908818515
identical,100,400,4.0,0.01,0.7,108,dkw,1.0,1.0,1.0,0.0,0.0,0.0,0.0,0.009544974472567407,0.11894881676848862,0.31678225942185445,0.41468574788606577
identical,100,400,4.0,0.01,0.7,109,cp,1.0,1.0,1.0,0.0,0.0,0.0,0.0,0.004292835857068842,0.034795353607292356,0.2495128797415039,0.2595554285037601
identical,100,400,4.0,0.01,0.7,109,dkw,1.0,1.0,1.0,0.0,0.0,0.0,0.0,0.01244005664289418,0.11894881676848862,0.31088569234412133,0.4111472994889694
identical,100,400,4.0,0.01,0.7,110,cp,1.0,1.0,1.0,0.0,0.0,0.0,0.0,0.00372605651140828,0.02682646462440441,0.264143116348815,0.2789829133582825
identical,100,400,4.0,0.01,0.7,110,dkw,1.0,1.0,1.0,0.0,0.0,0.0,0.0,0.006832582760449049,0.11894881676848862,0.3187605167739063,0.40027962886438634
identical,100,400,4.0,0.01,0.7,111,cp,1.0,1.0,1.0,0.0,0.0,0.0,0.0,0.023184172580590804,0.06422377947093705,0.24089865028957372,0.2611876197959908
identical,100,400,4.0,0.01,0.7,111,dkw,1.0,1.0,1.0,0.0,0.0,0.0,0.0,0.03693254564962791,0.16258290862571256,0.29652558590978406,0.38038272534540474
identical,100,400,4.0,0.01,0.7,112,cp,1.0,1.0,1.0,0.0,0.0,0.0,0.0,0.0013802814539509711,0.013885069588597254,0.2523222907150653,0.27148541604443277
identical,100,400,4.0,0.01,0.7,112,dkw,1.0,1.0,1.0,0.0,0.0,0.0,0.0,0.007607052351804849,0.11894881676848862,0.32138454287552676,0.40766692645537317
identical,100,400,4.0,0.01,0.7,113,cp,1.0,1.0,1.0,0.0,0.0,0.0,0.0,0.0025857665839932407,0.02682646462440441,0.25788924956493636,0.28281788328809665
identical,100,400,4.0,0.01,0.7,113,dkw,1.0,1.0,1.0,0.0,0.0,0.0,0.0,0.005994635745369281,0.11894881676848862,0.3149588880347349,0.37601200304026927
identical,100,400,4.0,0.01,0.7,114,cp,1.0,1.0,1.0,0.0,0.0,0.0,0.0,0.003137537843418028,0.023297235102748615,0.2534424049490115,0.2726391983970151
identical,100,400,4.0,0.01,0.7,114,dkw,1.0,1.0,1.0,0.0,0.0,0.0,0.0,0.011048242498602485,0.11894881676848862,0.3131893661093726,0.4031427109349763
identical,100,400,4.0,0.01,0.7,115,cp,1.0,1.0,1.0,0.0,0.0,0.0,0.0,0.0008605246752368201,0.008088245857174714,0.2560338089106051,0.27701109449867223
identical,100,400,4.0,0.01,0.7,115,dkw,1.0,1.0,1.0,0.0,0.0,0.0,0.0,0.00985932214604693,0.11894881676848862,0.3150868988335547,0.41468574788606577
identical,100,400,4.0,0.01,0.7,116,cp,1.0,1.0,1.0,0.0,0.0,0.0,0.0,0.0032606259147393056,0.021275750896970425,0.25705297803690974,0.2759971832416438
identical,100,400,4.0,0.01,0.7,116,dkw,1.0,1.0,1.0,0.0,0.0,0.0,0.0,0.007607052351804849,0.11894881676848862,0.3179451508044875,0.38072444143186013
identical,100,400,4.0,0.01,0.7,117,cp,1.0,1.0,1.0,0.0,0.0,0.0,0.0,0.009532063164546897,0.03745964865303286,0.2517158027475838,0.2743177519102291
identical,100,400,4.0,0.01,0.7,117,dkw,1.0,1.0,1.0,0.0,0.0,0.0,0.0,0.01812370500588212,0.11894881676848862,0.3083840935027012,0.4039449964097234
identical,100,400,4.0,0.01,0.7,118,cp,1.0,1.0,1.0,0.0,0.0,0.0,0.0,0.0011484085046940696,0.009979499305010187,0.2559434982778744,0.2846297324891327
identical,100,400,4.0,0.01,0.7,118,dkw,1.0,1.0,1.0,0.0,0.0,0.0,0.0,0.0073047094394695766,0.11894881676848862,0.3238406540436133,0.4215066950119846
identical,100,400,4.0,0.01,0.7,119,cp,1.0,1.0,1.0,0.0,0.0,0.0,0.0,0.006929114800203715,0.04176029527269276,0.24602051763857952,0.27081179505457265
identical,100,400,4.0,0.01,0.7,119,dkw,1.0,1.0,1.0,0.0,0.0,0.0,0.0,0.01604026787575732,0.11894881676848862,0.3025486157797586,0.38016898574285873
identical,100,400,4.0,0.01,0.7,120,cp,1.0,1.0,1.0,0.0,0.0,0.0,0.0,0.009696861237238914,0.04824498554888579,0.2460464955373412,0.27081179505457265
identical,100,400,4.0,0.01,0.7,120,dkw,1.0,1.0,1.0,0.0,0.0,0.0,0.0,0.018565755600326264,0.11894881676848862,0.3081489148409036,0.40756729813594844
identical,100,400,4.0,0.01,0.7,121,cp,1.0,1.0,1.0,0.0,0.0,0.0,0.0,0.011370453929552968,0.0412196383236042,0.24582800344748726,0.27701109449867223
identical,100,400,4.0,0.01,0.7,121,dkw,1.0,1.0,1.0,0.0,0.0,0.0,0.0,0.015681829979578135,0.11894881676848862,0.3086441625413251,0.4216408884861312
identical,100,400,4.0,0.01,0.7,122,cp,1.0,1.0,1.0,0.0,0.0,0.0,0.0,0.012986326634103183,0.033747494697199065,0.2493501329002897,0.27905708995033673
identical,100,400,4.0,0.01,0.7,122,dkw,1.0,1.0,1.0,0.0,0.0,0.0,0.0,0.01813475143533611,0.11894881676848862,0.30863588722114976,0.4039449964097234
identical,100,400,4.0,0.01,0.7,123,cp,1.0,1.0,1.0,0.0,0.0,0.0,0.0,0.004483271644232625,0.04841287188756482,0.2454838283282842,0.25889990442282007
identical,100,400,4.0,0.01,0.7,123,dkw,1.0,1.0,1.0,0.0,0.0,0.0,0.0,0.008217862679812324,0.11894881676848862,0.31299114773867,0.435083539149346
identical,100,400,4.0,0.01,0.7,124,cp,1.0,1.0,1.0,0.0,0.0,0.0,0.0,0.003018730534495977,0.034795353607292356,0.2499921063755177,0.25696812703819927
identical,100,400,4.0,0.01,0.7,124,dkw,1.0,1.0,1.0,0.0,0.0,0.0,0.0,0.007718348494548007,0.11894881676848862,0.31673298716401505,0.4250589900382791
identical,100,400,4.0,0.01,0.7,125,cp,1.0,1.0,1.0,0.0,0.0,0.0,0.0,0.0009965641919191049,0.008715449497363581,0.2561026562132035,0.2803441859138537
identical,100,400,4.0,0.01,0.7,125,dkw,1.0,1.0,1.0,0.0,0.0,0.0,0.0,0.008467508001755235,0.11894881676848862,0.3182211626045963,0.4216408884861312
identical,100,400,4.0,0.01,0.7,126,cp,1.0,1.0,1.0,0.0,0.0,0.0,0.0,0.013105335356683807,0.045028271833033484,0.2479796741937442,0.26747471708646264
identical,100,400,4.0,0.01,0.7,126,dkw,1.0,1.0,1.0,0.0,0.0,0.0,0.0,0.018840601134716344,0.11894881676848862,0.30948334064833644,0.40756729813594844
identical,100,400,4.0,0.01,0.7,127,cp,1.0,1.0,1.0,0.0,0.0,0.0,0.0,0.002286240092989087,0.017644614765563227,0.2537727468498759,0.269868660575058
identical,100,400,4.0,0.01,0.7,127,dkw,1.0,1.0,1.0,0.0,0.0,0.0,0.0,0.007607052351804849,0.11894881676848862,0.313173398044753,0.3613981742263245
identical,100,400,4.0,0.01,0.7,128,cp,1.0,1.0,1.0,0.0,0.0,0.0,0.0,0.0026779684924487547,0.023297235102748615,0.24822767870628848,0.2803441859138537
identical,100,400,4.0,0.01,0.7,128,dkw,1.0,1.0,1.0,0.0,0.0,0.0,0.0,0.01411046845380189,0.11894881676848862,0.3094139870354866,0.4181833732435712
identical,100,400,4.0,0.01,0.7,129,cp,1.0,1.0,1.0,0.0,0.0,0.0,0.0,0.011201139726562954,0.04114303450992218,0.2538943305190315,0.2962598271611049
identical,100,400,4.0,0.01,0.7,129,dkw,1.0,1.0,1.0,0.0,0.0,0.0,0.0,0.007604201826762651,0.034795353607292356,0.31681538963483885,0.4409064453892228
identical,100,400,4.0,0.01,0.7,130,cp,1.0,1.0,1.0,0.0,0.0,0.0,0.0,0.02098219968107167,0.11894881676848862,0.24476666671997033,0.25826352187553825
identical,100,400,4.0,0.01,0.7,130,dkw,1.0,1.0,1.0,0.0,0.0,0.0,0.0,0.03956981603649759,0.1877405967088866,0.2919186076827521,0.3391015555120112
identical,100,400,4.0,0.01,0.7,131,cp,1.0,1.0,1.0,0.0,0.0,0.0,0.0,0.007296638047504769,0.034795353607292356,0.2517064794481816,0.25907157041243534
identical,100,400,4.0,0.01,0.7,131,dkw,1.0,1.0,1.0,0.0,0.0,0.0,0.0,0.014072208583871836,0.11894881676848862,0.3138122128192059,0.4111472994889694
identical,100,400,4.0,0.01,0.7,132,cp,1.0,1.0,1.0,0.0,0.0,0.0,0.0,0.0029994056390716707,0.02682646462440441,0.25156641438287697,0.3165523416918311
identical,100,400,4.0,0.01,0.7,132,dkw,1.0,1.0,1.0,0.0,0.0,0.0,0.0,0.003832911116887092,0.023297235102748615,0.3090113283846953,0.4161603104918191
identical,100,400,4.0,0.01,0.7,133,cp,1.0,1.0,1.0,0.0,0.0,0.0,0.0,0.010334447647416933,0.034795353607292356,0.25500704490221626,0.2595948556072162
identical,100,400,4.0,0.01,0.7,133,dkw,1.0,1.0,1.0,0.0,0.0,0.0,0.0,0.01158674485238513,0.11894881676848862,0.31842917837901086,0.4250589900382791
identical,100,400,4.0,0.01,0.7,134,cp,1.0,1.0,1.0,0.0,0.0,0.0,0.0,0.002670112554601434,0.034795353607292356,0.25076413902649336,0.2860033282988006
identical,100,400,4.0,0.01,0.7,134,dkw,1.0,1.0,1.0,0.0,0.0,0.0,0.0,0.008217862679812324,0.11894881676848862,0.31410648216596887,0.435083539149346
identical,100,400,4.0,0.01,0.7,135,cp,1.0,1.0,1.0,0.0,0.0,0.0,0.0,0.006344252271442534,0.038257395432914176,0.25190850360246825,0.28594438894997287
identical,100,400,4.0,0.01,0.7,135,dkw,1.0,1.0,1.0,0.0,0.0,0.0,0.0,0.0027889198635234844,0.023297235102748615,0.3153679101803377,0.4170451471427816
identical,100,400,4.0,0.01,0.7,136,cp,1.0,1.0,1.0,0.0,0.0,0.0,0.0,0.005118407573962171,0.023297235102748615,0.24804763490287815,0.26706732182824633
identical,100,400,4.0,0.01,0.7,136,dkw,1.0,1.0,1.0,0.0,0.0,0.0,0.0,0.01557876357213653,0.11894881676848862,0.310337864147465,0.3959107989490965
identical,100,400,4.0,0.01,0.7,137,cp,1.0,1.0,1.0,0.0,0.0,0.0,0.0,0.0004468856201583904,0.008088245857174714,0.2566386888337969,0.27879151072628905
identical,100,400,4.0,0.01,0.7,137,dkw,1.0,1.0,1.0,0.0,0.0,0.0,0.0,0.008927432741936985,0.11894881676848862,0.32059258511715427,0.4216408884861312
identical,100,400,4.0,0.01,0.7,138,cp,1.0,1.0,1.0,0.0,0.0,0.0,0.0,0.016179653918444736,0.04176029527269276,0.24639382004187024,0.25788272049809413
identical,100,400,4.0,0.01,0.7,138,dkw,1.0,1.0,1.0,0.0,0.0,0.0,0.0,0.03159302268100372,0.16258290862571256,0.2964740046854124,0.36148281667845455
identical,100,400,4.0,0.01,0.7,139,cp,1.0,1.0,1.0,0.0,0.0,0.0,0.0,0.012162421798289249,0.04841287188756482,0.25267709213599887,0.2655601535161769
identical,100,400,4.0,0.01,0.7,139,dkw,1.0,1.0,1.0,0.0,0.0,0.0,0.0,0.020704439502729367,0.11894881676848862,0.305910583226513,0.3928165410882239
identical,100,400,4.0,0.01,0.7,140,cp,1.0,1.0,1.0,0.0,0.0,0.0,0.0,0.01804396862021087,0.07014381592348318,0.24667299739428927,0.2625876735784217
identical,100,400,4.0,0.01,0.7,140,dkw,1.0,1.0,1.0,0.0,0.0,0.0,0.0,0.029807311406927574,0.16258290862571256,0.3073280836204875,0.37695760014429613
identical,100,400,4.0,0.01,0.7,141,cp,1.0,1.0,1.0,0.0,0.0,0.0,0.0,0.003932202498485999,0.020785319753783726,0.24524703854578273,0.29437207645323715
identical,100,400,4.0,0.01,0.7,141,dkw,1.0,1.0,1.0,0.0,0.0,0.0,0.0,0.008506179469144616,0.04841287188756482,0.30879986239749363,0.43478439727530643
identical,100,400,4.0,0.01,0.7,142,cp,1.0,1.0,1.0,0.0,0.0,0.0,0.0,0.0008605246752368201,0.008088245857174714,0.2569719952797198,0.26557063226758126
identical,100,400,4.0,0.01,0.7,142,dkw,1.0,1.0,1.0,0.0,0.0,0.0,0.0,0.014970824346783738,0.16258290862571256,0.31272838382992674,0.3747470773464928
identical,100,400,4.0,0.01,0.7,143,cp,1.0,1.0,1.0,0.0,0.0,0.0,0.0,0.004392986783990285,0.021275750896970425,0.25819788871528354,0.28393553619757883
identical,100,400,4.0,0.01,0.7,143,dkw,1.0,1.0,1.0,0.0,0.0,0.0,0.0,0.007683533325847793,0.11894881676848862,0.32056315844164424,0.4284383582990467
identical,100,400,4.0,0.01,0.7,144,cp,1.0,1.0,1.0,0.0,0.0,0.0,0.0,0.013723259897546781,0.03745964865303286,0.24406015590582789,0.260304580645887
identical,100,400,4.0,0.01,0.7,144,dkw,1.0,1.0,1.0,0.0,0.0,0.0,0.0,0.02791776699020801,0.16258290862571256,0.2987424003679624,0.35825005635962814
identical,100,400,4.0,0.01,0.7,145,cp,1.0,1.0,1.0,0.0,0.0,0.0,0.0,0.0013443063015498647,0.020785319753783726,0.2396979788581124,0.2884233224824626
identical,100,400,4.0,0.01,0.7,145,dkw,1.0,1.0,1.0,0.0,0.0,0.0,0.0,0.002782850234874803,0.034795353607292356,0.3095577459763775,0.4489196995991015
identical,100,400,4.0,0.01,0.7,146,cp,1.0,1.0,1.0,0.0,0.0,0.0,0.0,0.0023291798401054685,0.013885069588597254,0.25507851284427746,0.283384253323799
identical,100,400,4.0,0.01,0.7,146,dkw,1.0,1.0,1.0,0.0,0.0,0.0,0.0,0.0063275211663125506,0.11894881676848862,0.32073782897780495,0.435083539149346
identical,100,400,4.0,0.01,0.7,147,cp,1.0,1.0,1.0,0.0,0.0,0.0,0.0,0.0032780993435569173,0.02286196311469213,0.2494649774182816,0.2691814551057141
identical,100,400,4.0,0.01,0.7,147,dkw,1.0,1.0,1.0,0.0,0.0,0.0,0.0,0.009686157798146964,0.11894881676848862,0.30785209230599203,0.36521739659706537
identical,100,400,4.0,0.01,0.7,148,cp,1.0,1.0,1.0,0.0,0.0,0.0,0.0,0.002659494449003401,0.034795353607292356,0.24527124727688943,0.2543870764295386
identical,100,400,4.0,0.01,0.7,148,dkw,1.0,1.0,1.0,0.0,0.0,0.0,0.0,0.008927432741936985,0.11894881676848862,0.3179119338796307,0.435083539149346
identical,100,400,4.0,0.01,0.7,149,cp,1.0,1.0,1.0,0.0,0.0,0.0,0.0,0.0028283339788357773,0.015758702581371797,0.2529706067539527,0.2759971832416438
identical,100,400,4.0,0.01,0.7,149,dkw,1.0,1.0,1.0,0.0,0.0,0.0,0.0,0.011374792882330531,0.11894881676848862,0.3133664539978668,0.41468574788606577
identical,100,400,4.0,0.01,0.7,150,cp,1.0,1.0,1.0,0.0,0.0,0.0,0.0,0.006105994946700033,0.04841287188756482,0.24617326357173763,0.2606751611880622
identical,100,400,4.0,0.01,0.7,150,dkw,1.0,1.0,1.0,0.0,0.0,0.0,0.0,0.011026174902435988,0.11894881676848862,0.3094755378428616,0.4216408884861312
identical,100,400,4.0,0.01,0.7,151,cp,1.0,1.0,1.0,0.0,0.0,0.0,0.0,0.011538614072069792,0.0412196383236042,0.24653462281497654,0.2786999912659762
identical,100,400,4.0,0.01,0.7,151,dkw,1.0,1.0,1.0,0.0,0.0,0.0,0.0,0.014968588667329133,0.11894881676848862,0.3148709745973743,0.4317796581002849
identical,100,400,4.0,0.01,0.7,152,cp,1.0,1.0,1.0,0.0,0.0,0.0,0.0,0.007290587339867036,0.033747494697199065,0.24636887870853144,0.28281788328809665
identical,100,400,4.0,0.01,0.7,152,dkw,1.0,1.0,1.0,0.0,0.0,0.0,0.0,0.013883605127581149,0.11894881676848862,0.31672239750929143,0.4280384398933457
identical,100,400,4.0,0.01,0.7,153,cp,1.0,1.0,1.0,0.0,0.0,0.0,0.0,0.0010365090262141497,0.012487854631607953,0.2511549080260548,0.3051122228548251
identical,100,400,4.0,0.01,0.7,153,dkw,1.0,1.0,1.0,0.0,0.0,0.0,0.0,0.006391578017567845,0.034795353607292356,0.3070784014232388,0.41994197439577585
identical,100,400,4.0,0.01,0.7,154,cp,1.0,1.0,1.0,0.0,0.0,0.0,0.0,0.0011402899274150391,0.012233225879630605,0.24951267355007611,0.2742984265277453
identical,100,400,4.0,0.01,0.7,154,dkw,1.0,1.0,1.0,0.0,0.0,0.0,0.0,0.005912895295177883,0.11894881676848862,0.3073199139708402,0.3733478674350517
identical,100,400,4.0,0.01,0.7,155,cp,1.0,1.0,1.0,0.0,0.0,0.0,0.0,0.0013600388605011383,0.012487854631607953,0.24690210821333156,0.29469990239954813
identical,100,400,4.0,0.01,0.7,155,dkw,1.0,1.0,1.0,0.0,0.0,0.0,0.0,0.00985932214604693,0.11894881676848862,0.31015904890622537,0.4284383582990467
identical,100,400,4.0,0.01,0.7,156,cp,1.0,1.0,1.0,0.0,0.0,0.0,0.0,0.005234173461983476,0.029171318909726462,0.24664023244483807,0.2742984265277453
identical,100,400,4.0,0.01,0.7,156,dkw,1.0,1.0,1.0,0.0,0.0,0.0,0.0,0.011887241519358847,0.11894881676848862,0.30539058004765707,0.3768406978939953
identical,100,400,4.0,0.01,0.7,157,cp,1.0,1.0,1.0,0.0,0.0,0.0,0.0,0.005234173461983476,0.029171318909726462,0.2526045737588784,0.2684130312797458
identical,100,400,4.0,0.01,0.7,157,dkw,1.0,1.0,1.0,0.0,0.0,0.0,0.0,0.018390557864387348,0.16258290862571256,0.29614453112462047,0.3421282941850051
identical,100,400,4.0,0.01,0.7,158,cp,1.0,1.0,1.0,0.0,0.0,0.0,0.0,0.005234173461983476,0.029171318909726462,0.2409997906663502,0.28896313013632224
identical,100,400,4.0,0.01,0.7,158,dkw,1.0,1.0,1.0,0.0,0.0,0.0,0.0,0.008858914222159146,0.04824498554888579,0.30466725637842945,0.38275995409040503
identical,100,400,4.0,0.01,0.7,159,cp,1.0,1.0,1.0,0.0,0.0,0.0,0.0,0.009581272238899579,0.03480856562251533,0.25561167666097284,0.27891960549542383
identical,100,400,4.0,0.01,0.7,159,dkw,1.0,1.0,1.0,0.0,0.0,0.0,0.0,0.013707093829965433,0.11894881676848862,0.32210069915014683,0.435083539149346
identical,100,400,4.0,0.01,0.7,160,cp,1.0,1.0,1.0,0.0,0.0,0.0,0.0,0.015517027494325895,0.04176029527269276,0.252115368905641,0.2818164760402666
identical,100,400,4.0,0.01,0.7,160,dkw,1.0,1.0,1.0,0.0,0.0,0.0,0.0,0.030508165387834553,0.11894881676848862,0.3066999361084673,0.3851715293780967
identical,100,400,4.0,0.01,0.7,161,cp,1.0,1.0,1.0,0.0,0.0,0.0,0.0,0.0005128935113985156,0.008088245857174714,0.24406155649202066,0.2701230322428717
identical,100,400,4.0,0.01,0.7,161,dkw,1.0,1.0,1.0,0.0,0.0,0.0,0.0,0.0073047094394695766,0.11894881676848862,0.3094624176977,0.3693080637088339
identical,100,400,4.0,0.01,0.7,162,cp,1.0,1.0,1.0,0.0,0.0,0.0,0.0,0.005073411113061726,0.02645357200348475,0.25567569119168077,0.28203690389174496
identical,100,400,4.0,0.01,0.7,162,dkw,1.0,1.0,1.0,0.0,0.0,0.0,0.0,0.014072208583871836,0.11894881676848862,0.3135577651621129,0.4111472994889694
identical,100,400,4.0,0.01,0.7,163,cp,1.0,1.0,1.0,0.0,0.0,0.0,0.0,0.003955772619912543,0.029171318909726462,0.2510517096118336,0.2743664279473236
identical,100,400,4.0,0.01,0.7,163,dkw,1.0,1.0,1.0,0.0,0.0,0.0,0.0,0.012718654309510196,0.11894881676848862,0.30785468168881885,0.3835946645679759
identical,100,400,4.0,0.01,0.7,164,cp,1.0,1.0,1.0,0.0,0.0,0.0,0.0,0.0026779684924487547,0.023297235102748615,0.2523807713704072,0.27860835527015926
identical,100,400,4.0,0.01,0.7,164,dkw,1.0,1.0,1.0,0.0,0.0,0.0,0.0,0.01411046845380189,0.11894881676848862,0.30751523716837287,0.4039449964097234
identical,100,400,4.0,0.01,0.7,165,cp,1.0,1.0,1.0,0.0,0.0,0.0,0.0,0.0018570304594135402,0.01773925155311651,0.24978734963217875,0.29180544087746685
identical,100,400,4.0,0.01,0.7,165,dkw,1.0,1.0,1.0,0.0,0.0,0.0,0.0,0.011026174902435988,0.11894881676848862,0.31066423816635275,0.4181833732435712
identical,100,400,4.0,0.01,0.7,166,cp,1.0,1.0,1.0,0.0,0.0,0.0,0.0,0.010168600314851966,0.04824498554888579,0.24584687096000316,0.2627939516602742
identical,100,400,4.0,0.01,0.7,166,dkw,1.0,1.0,1.0,0.0,0.0,0.0,0.0,0.025706499195791998,0.16258290862571256,0.3030523813678759,0.38439356374894695
identical,100,400,4.0,0.01,0.7,167,cp,1.0,1.0,1.0,0.0,0.0,0.0,0.0,0.008858914222159146,0.04824498554888579,0.2484746484076422,0.26197510475915753
identical,100,400,4.0,0.01,0.7,167,dkw,1.0,1.0,1.0,0.0,0.0,0.0,0.0,0.025706499195791998,0.16258290862571256,0.2979449862757242,0.359988655039132
identical,100,400,4.0,0.01,0.7,168,cp,1.0,1.0,1.0,0.0,0.0,0.0,0.0,0.0031462003401684013,0.023297235102748615,0.24996758693197849,0.27891960549542383
identical,100,400,4.0,0.01,0.7,168,dkw,1.0,1.0,1.0,0.0,0.0,0.0,0.0,0.011048242498602485,0.11894881676848862,0.31000644570722835,0.41468574788606577
identical,100,400,4.0,0.01,0.7,169,cp,1.0,1.0,1.0,0.0,0.0,0.0,0.0,0.013424366661005998,0.04114303450992218,0.2564505389236656,0.2700555221601809
identical,100,400,4.0,0.01,0.7,169,dkw,1.0,1.0,1.0,0.0,0.0,0.0,0.0,0.01111022171758638,0.11894881676848862,0.32333463063113904,0.4284383582990467
identical,100,400,4.0,0.01,0.7,170,cp,1.0,1.0,1.0,0.0,0.0,0.0,0.0,0.0011549426244383376,0.020785319753783726,0.24702625263947503,0.26359163363237037
identical,100,400,4.0,0.01,0.7,170,dkw,1.0,1.0,1.0,0.0,0.0,0.0,0.0,0.007718348494548007,0.11894881676848862,0.30827801925747605,0.36291185295544093
identical,100,400,4.0,0.01,0.7,171,cp,1.0,1.0,1.0,0.0,0.0,0.0,0.0,0.0004146258711346684,0.008715449497363581,0.2570848365596187,0.271513245807655
identical,100,400,4.0,0.01,0.7,171,dkw,1.0,1.0,1.0,0.0,0.0,0.0,0.0,0.00806696647444255,0.11894881676848862,0.3130047630527422,0.36512815778820357
identical,100,400,4.0,0.01,0.7,172,cp,1.0,1.0,1.0,0.0,0.0,0.0,0.0,0.0025667975810508416,0.027737801106930804,0.2542234153218311,0.27962583573479716
identical,100,400,4.0,0.01,0.7,172,dkw,1.0,1.0,1.0,0.0,0.0,0.0,0.0,0.007417447119742946,0.11894881676848862,0.31582590038007197,0.4284383582990467
identical,100,400,4.0,0.01,0.7,173,cp,1.0,1.0,1.0,0.0,0.0,0.0,0.0,0.008205016989349398,0.030080267200025212,0.2461424927378303,0.26742334747198027
identical,100,400,4.0,0.01,0.7,173,dkw,1.0,1.0,1.0,0.0,0.0,0.0,0.0,0.015261128936427391,0.11894881676848862,0.3092209823720646,0.3890171947994114
identical,100,400,4.0,0.01,0.7,174,cp,1.0,1.0,1.0,0.0,0.0,0.0,0.0,0.0002343071569461319,0.003083894646785046,0.2550367789370457,0.29010197702904095
identical,100,400,4.0,0.01,0.7,174,dkw,1.0,1.0,1.0,0.0,0.0,0.0,0.0,0.00682604853552063,0.11894881676848862,0.3163711175216574,0.4284383582990467
identical,100,400,4.0,0.01,0.7,175,cp,1.0,1.0,1.0,0.0,0.0,0.0,0.0,0.0011474603972888796,0.012487854631607953,0.25882033381369846,0.2991375591024623
identical,100,400,4.0,0.01,0.7,175,dkw,1.0,1.0,1.0,0.0,0.0,0.0,0.0,0.01244005664289418,0.11894881676848862,0.3119488286011751,0.40756729813594844
identical,100,400,4.0,0.01,0.7,176,cp,1.0,1.0,1.0,0.0,0.0,0.0,0.0,0.0005245904261531598,0.00752253437012651,0.2523044768669768,0.2789829133582825
identical,100,400,4.0,0.01,0.7,176,dkw,1.0,1.0,1.0,0.0,0.0,0.0,0.0,0.008927432741936985,0.11894881676848862,0.31800064779095116,0.4250589900382791
identical,100,400,4.0,0.01,0.7,177,cp,1.0,1.0,1.0,0.0,0.0,0.0,0.0,0.003413095493474976,0.02682646462440441,0.2616729889885711,0.2961574983987515
identical,100,400,4.0,0.01,0.7,177,dkw,1.0,1.0,1.0,0.0,0.0,0.0,0.0,0.009104390329938525,0.11894881676848862,0.31431834595615266,0.40027962886438634
identical,100,400,4.0,0.01,0.7,178,cp,1.0,1.0,1.0,0.0,0.0,0.0,0.0,0.004314442268861649,0.03287591574474946,0.25604087694875455,0.27729454273004783
identical,100,400,4.0,0.01,0.7,178,dkw,1.0,1.0,1.0,0.0,0.0,0.0,0.0,0.007312565377316897,0.11894881676848862,0.30870503234908087,0.3733478674350517
identical,100,400,4.0,0.01,0.7,179,cp,1.0,1.0,1.0,0.0,0.0,0.0,0.0,0.0031462003401684013,0.023297235102748615,0.24715925444448422,0.27729454273004783
identical,100,400,4.0,0.01,0.7,179,dkw,1.0,1.0,1.0,0.0,0.0,0.0,0.0,0.011048242498602485,0.11894881676848862,0.3082387440912563,0.3855075550397873
identical,100,400,4.0,0.01,0.7,180,cp,1.0,1.0,1.0,0.0,0.0,0.0,0.0,0.003832911116887092,0.023297235102748615,0.25577820069300655,0.27721762696405894
identical,100,400,4.0,0.01,0.7,180,dkw,1.0,1.0,1.0,0.0,0.0,0.0,0.0,0.01411046845380189,0.11894881676848862,0.3009243590152183,0.37733776268496194
identical,100,400,4.0,0.01,0.7,181,cp,1.0,1.0,1.0,0.0,0.0,0.0,0.0,0.0032606259147393056,0.021275750896970425,0.25596464212490805,0.28631907028435477
identical,100,400,4.0,0.01,0.7,181,dkw,1.0,1.0,1.0,0.0,0.0,0.0,0.0,0.007607052351804849,0.11894881676848862,0.31316266661978664,0.4284383582990467
identical,100,400,4.0,0.01,0.7,182,cp,1.0,1.0,1.0,0.0,0.0,0.0,0.0,0.005057445058032619,0.028214424851110365,0.2626768988745589,0.27596677494670074
identical,100,400,4.0,0.01,0.7,182,dkw,1.0,1.0,1.0,0.0,0.0,0.0,0.0,0.008561635107549146,0.11894881676848862,0.32811029536562486,0.40711752048399835
identical,100,400,4.0,0.01,0.7,183,cp,1.0,1.0,1.0,0.0,0.0,0.0,0.0,0.0025298844804679367,0.020785319753783726,0.2580555382738155,0.2644768263800594
identical,100,400,4.0,0.01,0.7,183,dkw,1.0,1.0,1.0,0.0,0.0,0.0,0.0,0.011864121917515756,0.11894881676848862,0.31301979399081525,0.3928165410882239
identical,100,400,4.0,0.01,0.7,184,cp,1.0,1.0,1.0,0.0,0.0,0.0,0.0,0.011862079028760637,0.04841287188756482,0.2418021788258226,0.2892090940942432
identical,100,400,4.0,0.01,0.7,184,dkw,1.0,1.0,1.0,0.0,0.0,0.0,0.0,0.011156294438138108,0.04841287188756482,0.3053359577463339,0.4357617447182416
identical,100,400,4.0,0.01,0.7,185,cp,1.0,1.0,1.0,0.0,0.0,0.0,0.0,0.0028760498532002686,0.02682646462440441,0.2469925121397616,0.27592169364800156
identical,100,400,4.0,0.01,0.7,185,dkw,1.0,1.0,1.0,0.0,0.0,0.0,0.0,0.006380675973206953,0.11894881676848862,0.30916010723236015,0.40027962886438634
identical,100,400,4.0,0.01,0.7,186,cp,1.0,1.0,1.0,0.0,0.0,0.0,0.0,0.006608674408905233,0.02682646462440441,0.25009289948562097,0.2742984265277453
identical,100,400,4.0,0.01,0.7,186,dkw,1.0,1.0,1.0,0.0,0.0,0.0,0.0,0.010241917854058692,0.11894881676848862,0.311675629218811,0.4045309298315985
identical,100,400,4.0,0.01,0.7,187,cp,1.0,1.0,1.0,0.0,0.0,0.0,0.0,0.003001498326735743,0.023297235102748615,0.2486056956621783,0.2903563044790217
identical,100,400,4.0,0.01,0.7,187,dkw,1.0,1.0,1.0,0.0,0.0,0.0,0.0,0.01411046845380189,0.11894881676848862,0.3103497615417497,0.4250589900382791
identical,100,400,4.0,0.01,0.7,188,cp,1.0,1.0,1.0,0.0,0.0,0.0,0.0,0.019794437101131476,0.11894881676848862,0.2550065193016992,0.267276479699039
identical,100,400,4.0,0.01,0.7,188,dkw,1.0,1.0,1.0,0.0,0.0,0.0,0.0,0.030665153918509075,0.1877405967088866,0.3014168487486823,0.3447329281571379
identical,100,400,4.0,0.01,0.7,189,cp,1.0,1.0,1.0,0.0,0.0,0.0,0.0,0.001350840526478283,0.012233225879630605,0.2509624853356704,0.27243450542193826
identical,100,400,4.0,0.01,0.7,189,dkw,1.0,1.0,1.0,0.0,0.0,0.0,0.0,0.007766065099637489,0.11894881676848862,0.31895162591465054,0.40607718856219166
identical,100,400,4.0,0.01,0.7,190,cp,1.0,1.0,1.0,0.0,0.0,0.0,0.0,0.005975720426257674,0.030080267200025212,0.25509840579238147,0.2966431015649341
identical,100,400,4.0,0.01,0.7,190,dkw,1.0,1.0,1.0,0.0,0.0,0.0,0.0,0.014343529867762899,0.11894881676848862,0.3094923724501928,0.4111472994889694
identical,100,400,4.0,0.01,0.7,191,cp,1.0,1.0,1.0,0.0,0.0,0.0,0.0,0.005651903469205735,0.03287591574474946,0.25072798127808094,0.28237989423641563
identical,100,400,4.0,0.01,0.7,191,dkw,1.0,1.0,1.0,0.0,0.0,0.0,0.0,0.007312565377316897,0.11894881676848862,0.3144430717848725,0.4148297053128747
identical,100,400,4.0,0.01,0.7,192,cp,1.0,1.0,1.0,0.0,0.0,0.0,0.0,0.007234533897932605,0.03287591574474946,0.2605570058710021,0.2708638223486227
identical,100,400,4.0,0.01,0.7,192,dkw,1.0,1.0,1.0,0.0,0.0,0.0,0.0,0.00832633528350349,0.11894881676848862,0.3109916664190589,0.36521739659706537
identical,100,400,4.0,0.01,0.7,193,cp,1.0,1.0,1.0,0.0,0.0,0.0,0.0,0.005369654360370735,0.03534704351145479,0.24748137135243767,0.2691814551057141
identical,100,400,4.0,0.01,0.7,193,dkw,1.0,1.0,1.0,0.0,0.0,0.0,0.0,0.014648453731465626,0.11894881676848862,0.3080733479775601,0.40756729813594844
identical,100,400,4.0,0.01,0.7,194,cp,1.0,1.0,1.0,0.0,0.0,0.0,0.0,0.0004468856201583904,0.008088245857174714,0.2605646102496336,0.2684130312797458
identical,100,400,4.0,0.01,0.7,194,dkw,1.0,1.0,1.0,0.0,0.0,0.0,0.0,0.008927432741936985,0.11894881676848862,0.31786489856293015,0.40027962886438634
identical,100,400,4.0,0.01,0.7,195,cp,1.0,1.0,1.0,0.0,0.0,0.0,0.0,0.0031602325837228086,0.020785319753783726,0.2556727822664388,0.26194696400520834
identical,100,400,4.0,0.01,0.7,195,dkw,1.0,1.0,1.0,0.0,0.0,0.0,0.0,0.016439119465118376,0.16258290862571256,0.3178586444500726,0.3998749755104045
identical,100,400,4.0,0.01,0.7,196,cp,1.0,1.0,1.0,0.0,0.0,0.0,0.0,0.007500175906353826,0.02682646462440441,0.2536585074685787,0.30862634117916177
identical,100,400,4.0,0.01,0.7,196,dkw,1.0,1.0,1.0,0.0,0.0,0.0,0.0,0.003714366858117275,0.02286196311469213,0.3100397342755226,0.4172683501713762
identical,100,400,4.0,0.01,0.7,197,cp,1.0,1.0,1.0,0.0,0.0,0.0,0.0,0.0020696089226257984,0.01773925155311651,0.2506967939695659,0.2735187982869388
identical,100,400,4.0,0.01,0.7,197,dkw,1.0,1.0,1.0,0.0,0.0,0.0,0.0,0.01244005664289418,0.11894881676848862,0.31294321077745235,0.41468574788606577
identical,100,400,4.0,0.01,0.7,198,cp,1.0,1.0,1.0,0.0,0.0,0.0,0.0,0.005006298098204569,0.029171318909726462,0.24499878397992447,0.2612871475372921
identical,100,400,4.0,0.01,0.7,198,dkw,1.0,1.0,1.0,0.0,0.0,0.0,0.0,0.01411046845380189,0.11894881676848862,0.306415984083353,0.39039813557783026
identical,100,400,4.0,0.01,0.7,199,cp,1.0,1.0,1.0,0.0,0.0,0.0,0.0,0.010807098938705679,0.0412196383236042,0.2533865793588151,0.2691814551057141
identical,100,400,4.0,0.01,0.7,199,dkw,1.0,1.0,1.0,0.0,0.0,0.0,0.0,0.01582606368795724,0.11894881676848862,0.3128279264031894,0.37715029853781046
identical,100,400,4.0,0.01,0.7,200,cp,1.0,1.0,1.0,0.0,0.0,0.0,0.0,0.0006479462120245616,0.00752253437012651,0.25390542777854974,0.2801111905243847
identical,100,400,4.0,0.01,0.7,200,dkw,1.0,1.0,1.0,0.0,0.0,0.0,0.0,0.008927432741936985,0.11894881676848862,0.31574359008222186,0.4181833732435712
identical,100,400,4.0,0.01,0.7,201,cp,1.0,1.0,1.0,0.0,0.0,0.0,0.0,0.011310478716145713,0.04176029527269276,0.24083577824435673,0.26690524822797534
identical,100,400,4.0,0.01,0.7,201,dkw,1.0,1.0,1.0,0.0,0.0,0.0,0.0,0.019685432738766363,0.11894881676848862,0.30556183115162083,0.40756729813594844
identical,100,400,4.0,0.01,0.7,202,cp,1.0,1.0,1.0,0.0,0.0,0.0,0.0,0.0002360934661447711,0.003083894646785046,0.25891139519229134,0.2775349288705563
identical,100,400,4.0,0.01,0.7,202,dkw,1.0,1.0,1.0,0.0,0.0,0.0,0.0,0.008927432741936985,0.11894881676848862,0.3146522054592782,0.40756729813594844
identical,100,400,4.0,0.01,0.7,203,cp,1.0,1.0,1.0,0.0,0.0,0.0,0.0,0.0003470448372195012,0.003083894646785046,0.25268327830068765,0.30897139154735076
identical,100,400,4.0,0.01,0.7,203,dkw,1.0,1.0,1.0,0.0,0.0,0.0,0.0,0.004292835857068842,0.034795353607292356,0.31272870120023394,0.4260648213346363
identical,100,400,4.0,0.01,0.7,204,cp,1.0,1.0,1.0,0.0,0.0,0.0,0.0,0.003373171093469076,0.020785319753783726,0.25797492867407074,0.2812906223086107
identical,100,400,4.0,0.01,0.7,204,dkw,1.0,1.0,1.0,0.0,0.0,0.0,0.0,0.008142656454549344,0.11894881676848862,0.31844168960702435,0.4216408884861312
identical,100,400,4.0,0.01,0.7,205,cp,1.0,1.0,1.0,0.0,0.0,0.0,0.0,0.005141286745874978,0.020785319753783726,0.2457772986600258,0.29180544087746685
identical,100,400,4.0,0.01,0.7,205,dkw,1.0,1.0,1.0,0.0,0.0,0.0,0.0,0.012494470020770627,0.11894881676848862,0.312563431704481,0.435083539149346
identical,100,400,4.0,0.01,0.7,206,cp,1.0,1.0,1.0,0.0,0.0,0.0,0.0,0.007485706048451712,0.030080267200025212,0.2525065607461685,0.27081179505457265
identical,100,400,4.0,0.01,0.7,206,dkw,1.0,1.0,1.0,0.0,0.0,0.0,0.0,0.016652943080719084,0.11894881676848862,0.3103351330137469,0.4039449964097234
identical,100,400,4.0,0.01,0.7,207,cp,1.0,1.0,1.0,0.0,0.0,0.0,0.0,0.013266439935533818,0.11894881676848862,0.24389809924608408,0.25615642639481184
identical,100,400,4.0,0.01,0.7,207,dkw,1.0,1.0,1.0,0.0,0.0,0.0,0.0,0.020690265772873334,0.16258290862571256,0.30146735170675254,0.3657787148970879
identical,100,400,4.0,0.01,0.7,208,cp,1.0,1.0,1.0,0.0,0.0,0.0,0.0,0.0013910360905831087,0.020785319753783726,0.24427783266736572,0.2962598271611049
identical,100,400,4.0,0.01,0.7,208,dkw,1.0,1.0,1.0,0.0,0.0,0.0,0.0,0.0053964248845753725,0.04841287188756482,0.31127821197235855,0.44384223134449624
identical,100,400,4.0,0.01,0.7,209,cp,1.0,1.0,1.0,0.0,0.0,0.0,0.0,0.006864660913058271,0.02682646462440441,0.260256950910953,0.2860033282988006
identical,100,400,4.0,0.01,0.7,209,dkw,1.0,1.0,1.0,0.0,0.0,0.0,0.0,0.009149379303054796,0.11894881676848862,0.3181747418998725,0.4039449964097234
identical,100,400,4.0,0.01,0.7,210,cp,1.0,1.0,1.0,0.0,0.0,0.0,0.0,0.007914405418407947,0.033747494697199065,0.25644611151749425,0.26398156039222576
identical,100,400,4.0,0.01,0.7,210,dkw,1.0,1.0,1.0,0.0,0.0,0.0,0.0,0.014183444033456822,0.11894881676848862,0.3210850158352866,0.4014239477066723
identical,100,400,4.0,0.01,0.7,211,cp,1.0,1.0,1.0,0.0,0.0,0.0,0.0,0.005011209066659532,0.02286196311469213,0.2535856660497622,0.25738114897155195
identical,100,400,4.0,0.01,0.7,211,dkw,1.0,1.0,1.0,0.0,0.0,0.0,0.0,0.010459452997155092,0.11894881676848862,0.3239374743096004,0.4250589900382791
identical,100,400,4.0,0.01,0.7,212,cp,1.0,1.0,1.0,0.0,0.0,0.0,0.0,0.009475871568933748,0.04176029527269276,0.2443324730468857,0.2638235223515002
identical,100,400,4.0,0.01,0.7,212,dkw,1.0,1.0,1.0,0.0,0.0,0.0,0.0,0.01821713762043172,0.11894881676848862,0.3065580292040023,0.4111472994889694
identical,100,400,4.0,0.01,0.7,213,cp,1.0,1.0,1.0,0.0,0.0,0.0,0.0,0.006391578017567845,0.034795353607292356,0.24409359859039814,0.25650552328995624
identical,100,400,4.0,0.01,0.7,213,dkw,1.0,1.0,1.0,0.0,0.0,0.0,0.0,0.01411046845380189,0.11894881676848862,0.3129865693091239,0.4250589900382791
identical,100,400,4.0,0.01,0.7,214,cp,1.0,1.0,1.0,0.0,0.0,0.0,0.0,0.0064756248327182365,0.034795353607292356,0.24818883870194652,0.27770450716509376
identical,100,400,4.0,0.01,0.7,214,dkw,1.0,1.0,1.0,0.0,0.0,0.0,0.0,0.005740197312312194,0.04841287188756482,0.31617356348848125,0.4472534176198454
identical,100,400,4.0,0.01,0.7,215,cp,1.0,1.0,1.0,0.0,0.0,0.0,0.0,0.011469197525867014,0.04114303450992218,0.2595776347721934,0.3108925643490287
identical,100,400,4.0,0.01,0.7,215,dkw,1.0,1.0,1.0,0.0,0.0,0.0,0.0,0.01073544911621196,0.038003753165655074,0.3196262052212057,0.42394702664567974
identical,100,400,4.0,0.01,0.7,216,cp,1.0,1.0,1.0,0.0,0.0,0.0,0.0,0.004092038704890655,0.021275750896970425,0.25220965159473735,0.2701844160925376
identical,100,400,4.0,0.01,0.7,216,dkw,1.0,1.0,1.0,0.0,0.0,0.0,0.0,0.008006232324005255,0.11894881676848862,0.3252827991088628,0.4280384398933457
identical,100,400,4.0,0.01,0.7,217,cp,1.0,1.0,1.0,0.0,0.0,0.0,0.0,0.011113482540900494,0.03745964865303286,0.24662903362159877,0.2724367839822285
identical,100,400,4.0,0.01,0.7,217,dkw,1.0,1.0,1.0,0.0,0.0,0.0,0.0,0.01283354424556886,0.11894881676848862,0.3121991915736311,0.4284383582990467
identical,100,400,4.0,0.01,0.7,218,cp,1.0,1.0,1.0,0.0,0.0,0.0,0.0,0.00797039501811906,0.030080267200025212,0.256272292200257,0.29077650670389465
identical,100,400,4.0,0.01,0.7,218,dkw,1.0,1.0,1.0,0.0,0.0,0.0,0.0,0.013380415093427437,0.11894881676848862,0.31939379357454717,0.4216408884861312
identical,100,400,4.0,0.01,0.7,219,cp,1.0,1.0,1.0,0.0,0.0,0.0,0.0,0.005564339436546004,0.02286196311469213,0.2545079733911669,0.27042100210278663
identical,100,400,4.0,0.01,0.7,219,dkw,1.0,1.0,1.0,0.0,0.0,0.0,0.0,0.009847317384902679,0.11894881676848862,0.3251841706690051,0.4284383582990467
identical,100,400,4.0,0.01,0.7,220,cp,1.0,1.0,1.0,0.0,0.0,0.0,0.0,0.012259363511686328,0.0412196383236042,0.24399047576553984,0.26804750409330236
identical,100,400,4.0,0.01,0.7,220,dkw,1.0,1.0,1.0,0.0,0.0,0.0,0.0,0.01929055776227118,0.11894881676848862,0.31203186180370346,0.4114351961688168
identical,100,400,4.0,0.01,0.7,221,cp,1.0,1.0,1.0,0.0,0.0,0.0,0.0,0.006805759014332313,0.04176029527269276,0.24953364677581905,0.26009681882723856
identical,100,400,4.0,0.01,0.7,221,dkw,1.0,1.0,1.0,0.0,0.0,0.0,0.0,0.023328639821168534,0.16258290862571256,0.3020350992573292,0.3708569960418061
identical,100,400,4.0,0.01,0.7,222,cp,1.0,1.0,1.0,0.0,0.0,0.0,0.0,0.0013600388605011383,0.012487854631607953,0.2530596763144341,0.2775349288705563
identical,100,400,4.0,0.01,0.7,222,dkw,1.0,1.0,1.0,0.0,0.0,0.0,0.0,0.011026174902435988,0.11894881676848862,0.3129718654078913,0.4181833732435712
identical,100,400,4.0,0.01,0.7,223,cp,1.0,1.0,1.0,0.0,0.0,0.0,0.0,0.017379189634770465,0.04888337594135195,0.24397757877151727,0.2610328229740527
identical,100,400,4.0,0.01,0.7,223,dkw,1.0,1.0,1.0,0.0,0.0,0.0,0.0,0.02582476771990259,0.11894881676848862,0.3023991030424089,0.3942200132809885
identical,100,400,4.0,0.01,0.7,224,cp,1.0,1.0,1.0,0.0,0.0,0.0,0.0,0.0005128935113985156,0.008088245857174714,0.25471896602308,0.2759971832416438
identical,100,400,4.0,0.01,0.7,224,dkw,1.0,1.0,1.0,0.0,0.0,0.0,0.0,0.007417447119742946,0.11894881676848862,0.3199079275154953,0.4250589900382791
identical,100,400,4.0,0.01,0.7,225,cp,1.0,1.0,1.0,0.0,0.0,0.0,0.0,0.0007371688893654183,0.008088245857174714,0.25151435095212327,0.2663548603859255
identical,100,400,4.0,0.01,0.7,225,dkw,1.0,1.0,1.0,0.0,0.0,0.0,0.0,0.008927432741936985,0.11894881676848862,0.31177398667281986,0.3855050854101967
identical,100,400,4.0,0.01,0.7,226,cp,1.0,1.0,1.0,0.0,0.0,0.0,0.0,0.0002343071569461319,0.003083894646785046,0.25510181041232083,0.3069333589097517
identical,100,400,4.0,0.01,0.7,226,dkw,1.0,1.0,1.0,0.0,0.0,0.0,0.0,0.0035832657949441816,0.034795353607292356,0.31303312681165685,0.4252381812410242
identical,100,400,4.0,0.01,0.7,227,cp,1.0,1.0,1.0,0.0,0.0,0.0,0.0,0.005921757703506309,0.024794299588397184,0.2485195223664899,0.27760936644783096
identical,100,400,4.0,0.01,0.7,227,dkw,1.0,1.0,1.0,0.0,0.0,0.0,0.0,0.010118449734050492,0.11894881676848862,0.31984769963781956,0.40140190920197183
identical,100,400,4.0,0.01,0.7,228,cp,1.0,1.0,1.0,0.0,0.0,0.0,0.0,0.005017023504699192,0.02682646462440441,0.2521018513396522,0.2746975544716772
identical,100,400,4.0,0.01,0.7,228,dkw,1.0,1.0,1.0,0.0,0.0,0.0,0.0,0.011674663056146587,0.11894881676848862,0.3003627145163421,0.36521739659706537
identical,100,400,4.0,0.01,0.7,229,cp,1.0,1.0,1.0,0.0,0.0,0.0,0.0,0.003475418257719163,0.01994411448886535,0.253621939891411,0.28683995160748577
identical,100,400,4.0,0.01,0.7,229,dkw,1.0,1.0,1.0,0.0,0.0,0.0,0.0,0.0011484085046940696,0.009979499305010187,0.31608663443379265,0.3865073056814487
identical,100,400,4.0,0.01,0.7,230,cp,1.0,1.0,1.0,0.0,0.0,0.0,0.0,0.004191252583899665,0.02286196311469213,0.25076296789604674,0.27860835527015926
identical,100,400,4.0,0.01,0.7,230,dkw,1.0,1.0,1.0,0.0,0.0,0.0,0.0,0.011327617264381569,0.11894881676848862,0.3148853512097332,0.4216408884861312
identical,100,400,4.0,0.01,0.7,231,cp,1.0,1.0,1.0,0.0,0.0,0.0,0.0,0.0035363909831157246,0.020785319753783726,0.2540057173665642,0.26888026209806093
identical,100,400,4.0,0.01,0.7,231,dkw,1.0,1.0,1.0,0.0,0.0,0.0,0.0,0.011864121917515756,0.11894881676848862,0.31479021203549923,0.4111472994889694
identical,100,400,4.0,0.01,0.7,232,cp,1.0,1.0,1.0,0.0,0.0,0.0,0.0,0.006227919618239403,0.027737801106930804,0.24230591140801683,0.2825960297170098
identical,100,400,4.0,0.01,0.7,232,dkw,1.0,1.0,1.0,0.0,0.0,0.0,0.0,0.013278003657973946,0.11894881676848862,0.3093912139239531,0.4284383582990467
identical,100,400,4.0,0.01,0.7,233,cp,1.0,1.0,1.0,0.0,0.0,0.0,0.0,0.0003470448372195012,0.003083894646785046,0.2522431558016715,0.28631907028435477
identical,100,400,4.0,0.01,0.7,233,dkw,1.0,1.0,1.0,0.0,0.0,0.0,0.0,0.008927432741936985,0.11894881676848862,0.31313377673768505,0.4284383582990467
identical,100,400,4.0,0.01,0.7,234,cp,1.0,1.0,1.0,0.0,0.0,0.0,0.0,0.006836446881292884,0.03534704351145479,0.24657190321638353,0.284819827377768
identical,100,400,4.0,0.01,0.7,234,dkw,1.0,1.0,1.0,0.0,0.0,0.0,0.0,0.014648453731465626,0.11894881676848862,0.3128119101623284,0.4317796581002849
identical,100,400,4.0,0.01,0.7,235,cp,1.0,1.0,1.0,0.0,0.0,0.0,0.0,0.006290289827862941,0.03534704351145479,0.23974395001982984,0.2553044252469452
identical,100,400,4.0,0.01,0.7,235,dkw,1.0,1.0,1.0,0.0,0.0,0.0,0.0,0.01411046845380189,0.11894881676848862,0.3086534393515409,0.40894507581070155
identical,100,400,4.0,0.01,0.7,236,cp,1.0,1.0,1.0,0.0,0.0,0.0,0.0,0.000749228532493662,0.008088245857174714,0.2471749901755396,0.273079143074099
identical,100,400,4.0,0.01,0.7,236,dkw,1.0,1.0,1.0,0.0,0.0,0.0,0.0,0.007417447119742946,0.11894881676848862,0.3180737893109611,0.44477694886992863
identical,100,400,4.0,0.01,0.7,237,cp,1.0,1.0,1.0,0.0,0.0,0.0,0.0,0.010988561263350696,0.04114303450992218,0.255223574555849,0.27467401512445444
identical,100,400,4.0,0.01,0.7,237,dkw,1.0,1.0,1.0,0.0,0.0,0.0,0.0,0.013501277894559356,0.11894881676848862,0.3157709605089161,0.3851715293780967
identical,100,400,4.0,0.01,0.7,238,cp,1.0,1.0,1.0,0.0,0.0,0.0,0.0,0.0003895377255271137,0.008088245857174714,0.2462017197704417,0.27729454273004783
identical,100,400,4.0,0.01,0.7,238,dkw,1.0,1.0,1.0,0.0,0.0,0.0,0.0,0.007417447119742946,0.11894881676848862,0.31939449218741073,0.41596287391403025
identical,100,400,4.0,0.01,0.7,239,cp,1.0,1.0,1.0,0.0,0.0,0.0,0.0,0.0024095958788604888,0.017644614765563227,0.24929196395970402,0.29437207645323715
identical,100,400,4.0,0.01,0.7,239,dkw,1.0,1.0,1.0,0.0,0.0,0.0,0.0,0.008006232324005255,0.11894881676848862,0.32001750360071257,0.45106339684764457
identical,100,400,4.0,0.01,0.7,240,cp,1.0,1.0,1.0,0.0,0.0,0.0,0.0,0.0016280966598051982,0.012487854631607953,0.2539084867764463,0.28240079616166336
identical,100,400,4.0,0.01,0.7,240,dkw,1.0,1.0,1.0,0.0,0.0,0.0,0.0,0.008467508001755235,0.11894881676848862,0.3091326379136819,0.3704768383555722
identical,100,400,4.0,0.01,0.7,241,cp,1.0,1.0,1.0,0.0,0.0,0.0,0.0,0.007297710091130449,0.028214424851110365,0.25750352037984603,0.28819846684778105
identical,100,400,4.0,0.01,0.7,241,dkw,1.0,1.0,1.0,0.0,0.0,0.0,0.0,0.011507684731269506,0.11894881676848862,0.3222570789899429,0.4317796581002849
identical,100,400,4.0,0.01,0.7,242,cp,1.0,1.0,1.0,0.0,0.0,0.0,0.0,0.000189363677111527,0.003083894646785046,0.2597219918733286,0.2860033282988006
identical,100,400,4.0,0.01,0.7,242,dkw,1.0,1.0,1.0,0.0,0.0,0.0,0.0,0.008217862679812324,0.11894881676848862,0.31209855216719135,0.40756729813594844
identical,100,400,4.0,0.01,0.7,243,cp,1.0,1.0,1.0,0.0,0.0,0.0,0.0,0.009412791364529261,0.03745964865303286,0.25630573162224607,0.2726391983970151
identical,100,400,4.0,0.01,0.7,243,dkw,1.0,1.0,1.0,0.0,0.0,0.0,0.0,0.019131746385843643,0.11894881676848862,0.31339626161174566,0.40027962886438634
identical,100,400,4.0,0.01,0.7,244,cp,1.0,1.0,1.0,0.0,0.0,0.0,0.0,0.001862999733902435,0.012233225879630605,0.2551101003929487,0.27098515923738875
identical,100,400,4.0,0.01,0.7,244,dkw,1.0,1.0,1.0,0.0,0.0,0.0,0.0,0.0076533274193641195,0.11894881676848862,0.32453444698150435,0.4317796581002849
identical,100,400,4.0,0.01,0.7,245,cp,1.0,1.0,1.0,0.0,0.0,0.0,0.0,0.002782850234874803,0.034795353607292356,0.2504510739343848,0.25616838115187035
identical,100,400,4.0,0.01,0.7,245,dkw,1.0,1.0,1.0,0.0,0.0,0.0,0.0,0.008927432741936985,0.11894881676848862,0.3179275791966496,0.40113187718083176
identical,100,400,4.0,0.01,0.7,246,cp,1.0,1.0,1.0,0.0,0.0,0.0,0.0,0.004436408882428862,0.029171318909726462,0.2540570092787811,0.27596677494670074
identical,100,400,4.0,0.01,0.7,246,dkw,1.0,1.0,1.0,0.0,0.0,0.0,0.0,0.012718654309510196,0.11894881676848862,0.3093077745433546,0.3971786080771693
identical,100,400,4.0,0.01,0.7,247,cp,1.0,1.0,1.0,0.0,0.0,0.0,0.0,0.00154577955883759,0.027737801106930804,0.24428844569964478,0.28512621751507583
identical,100,400,4.0,0.01,0.7,247,dkw,1.0,1.0,1.0,0.0,0.0,0.0,0.0,0.007718348494548007,0.11894881676848862,0.319459392388788,0.43757408471602416
identical,100,400,4.0,0.01,0.7,248,cp,1.0,1.0,1.0,0.0,0.0,0.0,0.0,0.012013657779844662,0.04824498554888579,0.24771928876794408,0.26960275193417205
identical,100,400,4.0,0.01,0.7,248,dkw,1.0,1.0,1.0,0.0,0.0,0.0,0.0,0.027946764228889833,0.16258290862571256,0.3022515693444905,0.38832023628807055
identical,100,400,4.0,0.01,0.7,249,cp,1.0,1.0,1.0,0.0,0.0,0.0,0.0,0.015329120209452993,0.05153258447061271,0.2588515042859203,0.2803441859138537
identical,100,400,4.0,0.01,0.7,249,dkw,1.0,1.0,1.0,0.0,0.0,0.0,0.0,0.012914804028287465,0.11894881676848862,0.3070616907448313,0.36521739659706537
identical,100,400,4.0,0.05,0.7,0,cp,1.0,1.0,1.0,0.0,0.0,0.0,0.0,0.00112858247454088,0.012015906562907963,0.23057879959226285,0.2509932314504649
identical,100,400,4.0,0.05,0.7,0,dkw,1.0,1.0,1.0,0.0,0.0,0.0,0.0,0.008467508001755235,0.11894881676848862,0.27268810829298035,0.34275971474481376
identical,100,400,4.0,0.05,0.7,1,cp,1.0,1.0,1.0,0.0,0.0,0.0,0.0,0.002670112554601434,0.034795353607292356,0.22806012029913517,0.2432130071492029
identical,100,400,4.0,0.05,0.7,1,dkw,1.0,1.0,1.0,0.0,0.0,0.0,0.0,0.008217862679812324,0.11894881676848862,0.2818473083612947,0.40294367818820903
identical,100,400,4.0,0.05,0.7,2,cp,1.0,1.0,1.0,0.0,0.0,0.0,0.0,0.006836446881292884,0.03534704351145479,0.22533471052337486,0.2413378208688186
identical,100,400,4.0,0.05,0.7,2,dkw,1.0,1.0,1.0,0.0,0.0,0.0,0.0,0.013817040941314277,0.11894881676848862,0.26885575985550164,0.35571910742017515
identical,100,400,4.0,0.05,0.7,3,cp,1.0,1.0,1.0,0.0,0.0,0.0,0.0,0.00174607908833881,0.01773925155311651,0.22356025211293573,0.2509932314504649
identical,100,400,4.0,0.05,0.7,3,dkw,1.0,1.0,1.0,0.0,0.0,0.0,0.0,0.011026174902435988,0.11894881676848862,0.2724569615342867,0.34275971474481376
identical,100,400,4.0,0.05,0.7,4,cp,1.0,1.0,1.0,0.0,0.0,0.0,0.0,0.0038859944666068146,0.021275750896970425,0.23542212102573032,0.25378566289053983
identical,100,400,4.0,0.05,0.7,4,dkw,1.0,1.0,1.0,0.0,0.0,0.0,0.0,0.002328439274739962,0.020785319753783726,0.2874768864564119,0.34991152337863585
identical,100,400,4.0,0.05,0.7,5,cp,1.0,1.0,1.0,0.0,0.0,0.0,0.0,0.006276621801062734,0.030080267200025212,0.22568263461280552,0.23463076849376974
identical,100,400,4.0,0.05,0.7,5,dkw,1.0,1.0,1.0,0.0,0.0,0.0,0.0,0.014072208583871836,0.11894881676848862,0.2645376405153225,0.3012426147420345
identical,100,400,4.0,0.05,0.7,6,cp,1.0,1.0,1.0,0.0,0.0,0.0,0.0,0.0024185883377247784,0.020785319753783726,0.2309433627304748,0.2515427443984479
identical,100,400,4.0,0.05,0.7,6,dkw,1.0,1.0,1.0,0.0,0.0,0.0,0.0,0.0076533274193641195,0.11894881676848862,0.28609446074664385,0.40657771857262787
identical,100,400,4.0,0.05,0.7,7,cp,1.0,1.0,1.0,0.0,0.0,0.0,0.0,0.0012782984103097395,0.020785319753783726,0.22828912659910722,0.25473763626208856
identical,100,400,4.0,0.05,0.7,7,dkw,1.0,1.0,1.0,0.0,0.0,0.0,0.0,0.007718348494548007,0.11894881676848862,0.28977354963866037,0.4206962298570252
identical,100,400,4.0,0.05,0.7,8,cp,1.0,1.0,1.0,0.0,0.0,0.0,0.0,0.006244859247701835,0.03534704351145479,0.22053330458680398,0.2559260891250634
identical,100,400,4.0,0.05,0.7,8,dkw,1.0,1.0,1.0,0.0,0.0,0.0,0.0,0.012718654309510196,0.11894881676848862,0.2660315318570155,0.3514549056375818
identical,100,400,4.0,0.05,0.7,9,cp,1.0,1.0,1.0,0.0,0.0,0.0,0.0,0.0025400696305470307,0.020785319753783726,0.22190990077987,0.24894920300174006
identical,100,400,4.0,0.05,0.7,9,dkw,1.0,1.0,1.0,0.0,0.0,0.0,0.0,0.00985932214604693,0.11894881676848862,0.27604538545645724,0.3488243622108962
identical,100,400,4.0,0.05,0.7,10,cp,1.0,1.0,1.0,0.0,0.0,0.0,0.0,0.010433120630525105,0.030080267200025212,0.23159423080298405,0.24315108643382866
identical,100,400,4.0,0.05,0.7,10,dkw,1.0,1.0,1.0,0.0,0.0,0.0,0.0,0.018909608232853203,0.11894881676848862,0.2691620069121371,0.3383265095700831
identical,100,400,4.0,0.05,0.7,11,cp,1.0,1.0,1.0,0.0,0.0,0.0,0.0,0.0009082412803263029,0.008715449497363581,0.22961607702607842,0.2506312273337107
identical,100,400,4.0,0.05,0.7,11,dkw,1.0,1.0,1.0,0.0,0.0,0.0,0.0,0.009276050721831528,0.11894881676848862,0.27928967532062715,0.34403044130688165
identical,100,400,4.0,0.05,0.7,12,cp,1.0,1.0,1.0,0.0,0.0,0.0,0.0,0.007482442563864708,0.02645357200348475,0.22843845694785364,0.24614016172016895
identical,100,400,4.0,0.05,0.7,12,dkw,1.0,1.0,1.0,0.0,0.0,0.0,0.0,0.014202986056288001,0.11894881676848862,0.2680434143557128,0.3292831158395085
identical,100,400,4.0,0.05,0.7,13,cp,1.0,1.0,1.0,0.0,0.0,0.0,0.0,0.0028781425408643414,0.023297235102748615,0.22524185631418203,0.2424551995741211
identical,100,400,4.0,0.05,0.7,13,dkw,1.0,1.0,1.0,0.0,0.0,0.0,0.0,0.01244005664289418,0.11894881676848862,0.2746901834754684,0.3555276955198703
identical,100,400,4.0,0.05,0.7,14,cp,0.0,0.0,1.0,0.0,0.0,0.0,0.0,0.013395330494271041,0.04824498554888579,0.21083303372423182,0.24797751600913986
identical,100,400,4.0,0.05,0.7,14,dkw,0.0,0.0,1.0,0.0,0.0,0.0,0.0,0.02137188117811724,0.11894881676848862,0.2743377003313691,0.41016925039189617
identical,100,400,4.0,0.05,0.7,15,cp,1.0,1.0,1.0,0.0,0.0,0.0,0.0,0.0008605246752368201,0.008088245857174714,0.22363002736239396,0.24930499063005995
identical,100,400,4.0,0.05,0.7,15,dkw,1.0,1.0,1.0,0.0,0.0,0.0,0.0,0.004292835857068842,0.034795353607292356,0.2795088423780122,0.35964505968062144
identical,100,400,4.0,0.05,0.7,16,cp,1.0,1.0,1.0,0.0,0.0,0.0,0.0,0.0008856128208443747,0.008715449497363581,0.22869096443807824,0.25473763626208856
identical,100,400,4.0,0.05,0.7,16,dkw,1.0,1.0,1.0,0.0,0.0,0.0,0.0,0.00985932214604693,0.11894881676848862,0.2812732804514666,0.36456333593351686
identical,100,400,4.0,0.05,0.7,17,cp,1.0,1.0,1.0,0.0,0.0,0.0,0.0,0.015159466967278691,0.0412196383236042,0.22146753348107695,0.2340835077509773
identical,100,400,4.0,0.05,0.7,17,dkw,1.0,1.0,1.0,0.0,0.0,0.0,0.0,0.029416152936329317,0.16258290862571256,0.25855339280628326,0.30779021024085573
identical,100,400,4.0,0.05,0.7,18,cp,1.0,1.0,1.0,0.0,0.0,0.0,0.0,0.0032606259147393056,0.021275750896970425,0.2318326650304313,0.2689289330002328
identical,100,400,4.0,0.05,0.7,18,dkw,1.0,1.0,1.0,0.0,0.0,0.0,0.0,0.003371635439137113,0.034795353607292356,0.28965955354980616,0.41557967347078983
identical,100,400,4.0,0.05,0.7,19,cp,1.0,1.0,1.0,0.0,0.0,0.0,0.0,0.00030031504818625707,0.003083894646785046,0.22906057560136897,0.25882893729102663
identical,100,400,4.0,0.05,0.7,19,dkw,1.0,1.0,1.0,0.0,0.0,0.0,0.0,0.0013910360905831087,0.020785319753783726,0.2795636067252806,0.3540979981253026
identical,100,400,4.0,0.05,0.7,20,cp,1.0,1.0,1.0,0.0,0.0,0.0,0.0,0.0012676803047117068,0.020785319753783726,0.22454512251097175,0.24508345226504868
identical,100,400,4.0,0.05,0.7,20,dkw,1.0,1.0,1.0,0.0,0.0,0.0,0.0,0.008217862679812324,0.11894881676848862,0.28685991178068454,0.3985214342157007
identical,100,400,4.0,0.05,0.7,21,cp,1.0,1.0,1.0,0.0,0.0,0.0,0.0,0.0036019117740293495,0.027737801106930804,0.22889490247379668,0.2526870552600686
identical,100,400,4.0,0.05,0.7,21,dkw,1.0,1.0,1.0,0.0,0.0,0.0,0.0,0.009305455016835003,0.11894881676848862,0.2716890780019018,0.3514549056375818
identical,100,400,4.0,0.05,0.7,22,cp,1.0,1.0,1.0,0.0,0.0,0.0,0.0,0.004469793445070382,0.023297235102748615,0.22439696420070157,0.253188928148387
identical,100,400,4.0,0.05,0.7,22,dkw,1.0,1.0,1.0,0.0,0.0,0.0,0.0,0.012788674622788723,0.11894881676848862,0.27904806452405395,0.36627217877816853
identical,100,400,4.0,0.05,0.7,23,cp,1.0,1.0,1.0,0.0,0.0,0.0,0.0,0.005140379290570593,0.02682646462440441,0.2209849131022763,0.2618452885126158
identical,100,400,4.0,0.05,0.7,23,dkw,1.0,1.0,1.0,0.0,0.0,0.0,0.0,0.007040066171278445,0.04176029527269276,0.2734487977890084,0.36190982325114096
identical,100,400,4.0,0.05,0.7,24,cp,1.0,1.0,1.0,0.0,0.0,0.0,0.0,0.015701953851242272,0.045028271833033484,0.22595657453147117,0.23689639597645418
identical,100,400,4.0,0.05,0.7,24,dkw,1.0,1.0,1.0,0.0,0.0,0.0,0.0,0.02582476771990259,0.11894881676848862,0.27599360845620624,0.36408605149056744
identical,100,400,4.0,0.05,0.7,25,cp,1.0,1.0,1.0,0.0,0.0,0.0,0.0,0.009573383501135853,0.034795353607292356,0.22667514788628693,0.23225197343495774
identical,100,400,4.0,0.05,0.7,25,dkw,1.0,1.0,1.0,0.0,0.0,0.0,0.0,0.012774521545374052,0.11894881676848862,0.28663631768941467,0.35642747182421197
identical,100,400,4.0,0.05,0.7,26,cp,1.0,1.0,1.0,0.0,0.0,0.0,0.0,0.007489758755602743,0.030080267200025212,0.2327991166563044,0.2506312273337107
identical,100,400,4.0,0.05,0.7,26,dkw,1.0,1.0,1.0,0.0,0.0,0.0,0.0,0.014878801039548752,0.11894881676848862,0.2798912641143118,0.3338347044741225
identical,100,400,4.0,0.05,0.7,27,cp,1.0,1.0,1.0,0.0,0.0,0.0,0.0,0.002330462559955695,0.027737801106930804,0.2279384707964573,0.24256631900527992
identical,100,400,4.0,0.05,0.7,27,dkw,1.0,1.0,1.0,0.0,0.0,0.0,0.0,0.004896910699311054,0.04841287188756482,0.28315580975310867,0.4070183109833059
identical,100,400,4.0,0.05,0.7,28,cp,1.0,1.0,1.0,0.0,0.0,0.0,0.0,0.0020696089226257984,0.01773925155311651,0.22308748071331447,0.2509932314504649
identical,100,400,4.0,0.05,0.7,28,dkw,1.0,1.0,1.0,0.0,0.0,0.0,0.0,0.011026174902435988,0.11894881676848862,0.28317035814041425,0.41016925039189617
identical,100,400,4.0,0.05,0.7,29,cp,1.0,1.0,1.0,0.0,0.0,0.0,0.0,0.0015685816795167674,0.020785319753783726,0.21903347219852903,0.2407390089341105
identical,100,400,4.0,0.05,0.7,29,dkw,1.0,1.0,1.0,0.0,0.0,0.0,0.0,0.008217862679812324,0.11894881676848862,0.27340303679302996,0.3599291433158149
identical,100,400,4.0,0.05,0.7,30,cp,1.0,1.0,1.0,0.0,0.0,0.0,0.0,0.006105994946700033,0.04841287188756482,0.21396693396870414,0.2687268066601797
identical,100,400,4.0,0.05,0.7,30,dkw,1.0,1.0,1.0,0.0,0.0,0.0,0.0,0.009618618847657228,0.04841287188756482,0.2741118128064054,0.40988882238994595
identical,100,400,4.0,0.05,0.7,31,cp,1.0,1.0,1.0,0.0,0.0,0.0,0.0,0.001981188629733155,0.015758702581371797,0.230498172426135,0.2537112654696584
identical,100,400,4.0,0.05,0.7,31,dkw,1.0,1.0,1.0,0.0,0.0,0.0,0.0,0.008556295509627774,0.11894881676848862,0.2911969276386141,0.4137190259563404
identical,100,400,4.0,0.05,0.7,32,cp,1.0,1.0,1.0,0.0,0.0,0.0,0.0,0.007621239925417438,0.028214424851110365,0.22884540072536236,0.24956644890975743
identical,100,400,4.0,0.05,0.7,32,dkw,1.0,1.0,1.0,0.0,0.0,0.0,0.0,0.012358714767148322,0.11894881676848862,0.2837982553289915,0.3471354725810894
identical,100,400,4.0,0.05,0.7,33,cp,1.0,1.0,1.0,0.0,0.0,0.0,0.0,0.0005369948409498315,0.00752253437012651,0.23188444905194638,0.26063979480697475
identical,100,400,4.0,0.05,0.7,33,dkw,1.0,1.0,1.0,0.0,0.0,0.0,0.0,0.0052247252611787864,0.034795353607292356,0.2824549546696865,0.39702482615431245
identical,100,400,4.0,0.05,0.7,34,cp,1.0,1.0,1.0,0.0,0.0,0.0,0.0,0.005953091966775745,0.030080267200025212,0.23411904271239434,0.23971221674035736
identical,100,400,4.0,0.05,0.7,34,dkw,1.0,1.0,1.0,0.0,0.0,0.0,0.0,0.021553774228998714,0.16258290862571256,0.279870692210153,0.3541752347990481
identical,100,400,4.0,0.05,0.7,35,cp,1.0,1.0,1.0,0.0,0.0,0.0,0.0,0.004275656202575546,0.034795353607292356,0.22428500383010863,0.25075954726092176
identical,100,400,4.0,0.05,0.7,35,dkw,1.0,1.0,1.0,0.0,0.0,0.0,0.0,0.0047856145565678965,0.04841287188756482,0.28940288201130876,0.4284839587121735
identical,100,400,4.0,0.05,0.7,36,cp,1.0,1.0,1.0,0.0,0.0,0.0,0.0,0.0023376667219298587,0.01773925155311651,0.2144882249757976,0.25671146224992947
identical,100,400,4.0,0.05,0.7,36,dkw,1.0,1.0,1.0,0.0,0.0,0.0,0.0,0.003001498326735743,0.023297235102748615,0.26898691611825637,0.36466891581954897
identical,100,400,4.0,0.05,0.7,37,cp,1.0,1.0,1.0,0.0,0.0,0.0,0.0,0.006413645613734342,0.03534704351145479,0.22872782098428546,0.26040356266508324
identical,100,400,4.0,0.05,0.7,37,dkw,1.0,1.0,1.0,0.0,0.0,0.0,0.0,0.01604026787575732,0.11894881676848862,0.27742209863010087,0.3879667368659164
identical,100,400,4.0,0.05,0.7,38,cp,1.0,1.0,1.0,0.0,0.0,0.0,0.0,0.0010365090262141497,0.012487854631607953,0.21986533832774222,0.250949225958225
identical,100,400,4.0,0.05,0.7,38,dkw,1.0,1.0,1.0,0.0,0.0,0.0,0.0,0.004292835857068842,0.034795353607292356,0.2712109448636681,0.3511567251936276
identical,100,400,4.0,0.05,0.7,39,cp,1.0,1.0,1.0,0.0,0.0,0.0,0.0,0.0015806413226450112,0.020785319753783726,0.22639433691665786,0.2534769940670304
identical,100,400,4.0,0.05,0.7,39,dkw,1.0,1.0,1.0,0.0,0.0,0.0,0.0,0.004483271644232625,0.04841287188756482,0.2888014599134366,0.42400602382122915
identical,100,400,4.0,0.05,0.7,40,cp,1.0,1.0,1.0,0.0,0.0,0.0,0.0,0.0012636457132864409,0.012233225879630605,0.22661932429235487,0.25625212203432457
identical,100,400,4.0,0.05,0.7,40,dkw,1.0,1.0,1.0,0.0,0.0,0.0,0.0,0.002670112554601434,0.034795353607292356,0.2829293444531274,0.361211263765406
identical,100,400,4.0,0.05,0.7,41,cp,1.0,1.0,1.0,0.0,0.0,0.0,0.0,0.007987445731753424,0.07087931909527079,0.23779440844830713,0.25225206479728157
identical,100,400,4.0,0.05,0.7,41,dkw,1.0,1.0,1.0,0.0,0.0,0.0,0.0,0.010525460888395217,0.11894881676848862,0.2923007283617038,0.3879667368659164
identical,100,400,4.0,0.05,0.7,42,cp,1.0,1.0,1.0,0.0,0.0,0.0,0.0,0.009502117359555435,0.034795353607292356,0.22644932188358458,0.2339411524829793
identical,100,400,4.0,0.05,0.7,42,dkw,1.0,1.0,1.0,0.0,0.0,0.0,0.0,0.0149838595935262,0.11894881676848862,0.2877084697003441,0.39926635875158395
identical,100,400,4.0,0.05,0.7,43,cp,1.0,1.0,1.0,0.0,0.0,0.0,0.0,0.005234173461983476,0.029171318909726462,0.2209275451061625,0.25173361764103597
identical,100,400,4.0,0.05,0.7,43,dkw,1.0,1.0,1.0,0.0,0.0,0.0,0.0,0.005582232823582993,0.03534704351145479,0.266274689502368,0.36070891400616384
identical,100,400,4.0,0.05,0.7,44,cp,1.0,1.0,1.0,0.0,0.0,0.0,0.0,0.000749228532493662,0.008088245857174714,0.22699959036840586,0.2618452885126158
identical,100,400,4.0,0.05,0.7,44,dkw,1.0,1.0,1.0,0.0,0.0,0.0,0.0,0.002782850234874803,0.034795353607292356,0.2841230937490844,0.4171803218753991
identical,100,400,4.0,0.05,0.7,45,cp,1.0,1.0,1.0,0.0,0.0,0.0,0.0,0.0015127079990170645,0.01994411448886535,0.22669869454282893,0.25841375137798483
identical,100,400,4.0,0.05,0.7,45,dkw,1.0,1.0,1.0,0.0,0.0,0.0,0.0,0.0008605246752368201,0.008088245857174714,0.2749948741363511,0.3607186967471213
identical,100,400,4.0,0.05,0.7,46,cp,1.0,1.0,1.0,0.0,0.0,0.0,0.0,0.008539334731422885,0.02645357200348475,0.23283885646607996,0.2803087108315143
identical,100,400,4.0,0.05,0.7,46,dkw,1.0,1.0,1.0,0.0,0.0,0.0,0.0,0.006622482316685394,0.02645357200348475,0.29187522285420575,0.4024011620539625
identical,100,400,4.0,0.05,0.7,47,cp,1.0,1.0,1.0,0.0,0.0,0.0,0.0,0.003498919824335989,0.02682646462440441,0.232770325009515,0.27288022605797346
identical,100,400,4.0,0.05,0.7,47,dkw,1.0,1.0,1.0,0.0,0.0,0.0,0.0,0.003001498326735743,0.023297235102748615,0.2848119947435531,0.39462706427468985
identical,100,400,4.0,0.05,0.7,48,cp,1.0,1.0,1.0,0.0,0.0,0.0,0.0,0.004168351083124802,0.029171318909726462,0.21598933513386687,0.26029599049977037
identical,100,400,4.0,0.05,0.7,48,dkw,1.0,1.0,1.0,0.0,0.0,0.0,0.0,0.009475871568933748,0.04176029527269276,0.2785048129037485,0.41849419478458116
identical,100,400,4.0,0.05,0.7,49,cp,1.0,1.0,1.0,0.0,0.0,0.0,0.0,0.0013910360905831087,0.020785319753783726,0.2270020497292075,0.24785089767552915
identical,100,400,4.0,0.05,0.7,49,dkw,1.0,1.0,1.0,0.0,0.0,0.0,0.0,0.008217862679812324,0.11894881676848862,0.2868090556224746,0.3917573865843404
identical,100,400,4.0,0.05,0.7,50,cp,1.0,1.0,1.0,0.0,0.0,0.0,0.0,0.0005128935113985156,0.008088245857174714,0.2351770045083616,0.24611702429221305
identical,100,400,4.0,0.05,0.7,50,dkw,1.0,1.0,1.0,0.0,0.0,0.0,0.0,0.013329364880549133,0.16258290862571256,0.27479354116304777,0.30280188260638363
identical,100,400,4.0,0.05,0.7,51,cp,1.0,1.0,1.0,0.0,0.0,0.0,0.0,0.0028881094963285124,0.02682646462440441,0.23636610495889568,0.244757440855079
identical,100,400,4.0,0.05,0.7,51,dkw,1.0,1.0,1.0,0.0,0.0,0.0,0.0,0.005194220185299902,0.11894881676848862,0.27396480831025827,0.3383265095700831
identical,100,400,4.0,0.05,0.7,52,cp,1.0,1.0,1.0,0.0,0.0,0.0,0.0,0.0007809513107025756,0.012015906562907963,0.23160027999500546,0.2709457909465247
identical,100,400,4.0,0.05,0.7,52,dkw,1.0,1.0,1.0,0.0,0.0,0.0,0.0,0.001691937465388169,0.020785319753783726,0.2845799664545047,0.3631305812783452
identical,100,400,4.0,0.05,0.7,53,cp,1.0,1.0,1.0,0.0,0.0,0.0,0.0,0.009531062036340679,0.04824498554888579,0.21826242150590303,0.25214066384072276
identical,100,400,4.0,0.05,0.7,53,dkw,1.0,1.0,1.0,0.0,0.0,0.0,0.0,0.020594996995055192,0.11894881676848862,0.2713397201637841,0.3879667368659164
identical,100,400,4.0,0.05,0.7,54,cp,1.0,1.0,1.0,0.0,0.0,0.0,0.0,0.003001498326735743,0.023297235102748615,0.22437889635611932,0.25619259821926765
identical,100,400,4.0,0.05,0.7,54,dkw,1.0,1.0,1.0,0.0,0.0,0.0,0.0,0.007805459758026037,0.03534704351145479,0.28314918124042954,0.41272514386482495
identical,100,400,4.0,0.05,0.7,55,cp,1.0,1.0,1.0,0.0,0.0,0.0,0.0,0.005725594436841969,0.02645357200348475,0.22859294810270941,0.2674060770188872
identical,100,400,4.0,0.05,0.7,55,dkw,1.0,1.0,1.0,0.0,0.0,0.0,0.0,0.005073411113061726,0.02645357200348475,0.2885882026234906,0.40894661441809077
identical,100,400,4.0,0.05,0.7,56,cp,1.0,1.0,1.0,0.0,0.0,0.0,0.0,0.006805759014332313,0.04176029527269276,0.2223591893562503,0.2409851501416489
identical,100,400,4.0,0.05,0.7,56,dkw,1.0,1.0,1.0,0.0,0.0,0.0,0.0,0.014648453731465626,0.11894881676848862,0.2596094959661579,0.3199956919585019
identical,100,400,4.0,0.05,0.7,57,cp,1.0,1.0,1.0,0.0,0.0,0.0,0.0,0.00197186908754202,0.013885069588597254,0.2363720223766307,0.2725249357833178
identical,100,400,4.0,0.05,0.7,57,dkw,1.0,1.0,1.0,0.0,0.0,0.0,0.0,0.0013443063015498647,0.020785319753783726,0.293764830082076,0.4017799154716626
identical,100,400,4.0,0.05,0.7,58,cp,1.0,1.0,1.0,0.0,0.0,0.0,0.0,0.017077852974597026,0.047497503698612165,0.23372659836466383,0.26029599049977037
identical,100,400,4.0,0.05,0.7,58,dkw,1.0,1.0,1.0,0.0,0.0,0.0,0.0,0.007546948224416452,0.033747494697199065,0.2814177157765776,0.35008822557104835
identical,100,400,4.0,0.05,0.7,59,cp,1.0,1.0,1.0,0.0,0.0,0.0,0.0,0.0008276810997358197,0.012015906562907963,0.2296341909430563,0.25225186196515115
identical,100,400,4.0,0.05,0.7,59,dkw,1.0,1.0,1.0,0.0,0.0,0.0,0.0,0.0021914516506524873,0.020785319753783726,0.2752791779277721,0.35395727433087204
identical,100,400,4.0,0.05,0.7,60,cp,1.0,1.0,1.0,0.0,0.0,0.0,0.0,0.0008276810997358197,0.012015906562907963,0.23247455761350488,0.27035940901205746
identical,100,400,4.0,0.05,0.7,60,dkw,1.0,1.0,1.0,0.0,0.0,0.0,0.0,0.002901021712777148,0.020785319753783726,0.2747556386718069,0.33517167205438403
identical,100,400,4.0,0.05,0.7,61,cp,1.0,1.0,1.0,0.0,0.0,0.0,0.0,0.0027889198635234844,0.023297235102748615,0.21904253818359226,0.25570452602139027
identical,100,400,4.0,0.05,0.7,61,dkw,1.0,1.0,1.0,0.0,0.0,0.0,0.0,0.004999763873276151,0.029171318909726462,0.27492240472307927,0.36206260025221715
identical,100,400,4.0,0.05,0.7,62,cp,1.0,1.0,1.0,0.0,0.0,0.0,0.0,0.006995736672699708,0.034795353607292356,0.22469614532658483,0.23294390994234415
identical,100,400,4.0,0.05,0.7,62,dkw,1.0,1.0,1.0,0.0,0.0,0.0,0.0,0.0120821762996225,0.11894881676848862,0.26861150147988483,0.30460703926159827
identical,100,400,4.0,0.05,0.7,63,cp,1.0,1.0,1.0,0.0,0.0,0.0,0.0,0.01066239692527302,0.0412196383236042,0.22314411448119792,0.24930499063005995
identical,100,400,4.0,0.05,0.7,63,dkw,1.0,1.0,1.0,0.0,0.0,0.0,0.0,0.014450419711942258,0.045028271833033484,0.28415715478762643,0.40965944466131615
identical,100,400,4.0,0.05,0.7,64,cp,1.0,1.0,1.0,0.0,0.0,0.0,0.0,0.0044406566847851985,0.021275750896970425,0.23657165542374461,0.24433146518747606
identical,100,400,4.0,0.05,0.7,64,dkw,1.0,1.0,1.0,0.0,0.0,0.0,0.0,0.00820866434578947,0.11894881676848862,0.29128097895430743,0.3917787065557687
identical,100,400,4.0,0.05,0.7,65,cp,1.0,1.0,1.0,0.0,0.0,0.0,0.0,0.0012782984103097395,0.020785319753783726,0.22156200455172556,0.23314891144373684
identical,100,400,4.0,0.05,0.7,65,dkw,1.0,1.0,1.0,0.0,0.0,0.0,0.0,0.007718348494548007,0.11894881676848862,0.2787734510963734,0.3722445063877456
identical,100,400,4.0,0.05,0.7,66,cp,1.0,1.0,1.0,0.0,0.0,0.0,0.0,0.0027776659269057456,0.020785319753783726,0.2282492377799456,0.24490829694502814
identical,100,400,4.0,0.05,0.7,66,dkw,1.0,1.0,1.0,0.0,0.0,0.0,0.0,0.01244005664289418,0.11894881676848862,0.2791587561247496,0.3917787065557687
identical,100,400,4.0,0.05,0.7,67,cp,1.0,1.0,1.0,0.0,0.0,0.0,0.0,0.005140379290570593,0.02682646462440441,0.22646327606851005,0.25883504252394507
identical,100,400,4.0,0.05,0.7,67,dkw,1.0,1.0,1.0,0.0,0.0,0.0,0.0,0.006929114800203715,0.04176029527269276,0.2787169790605371,0.39145515386173557
identical,100,400,4.0,0.05,0.7,68,cp,1.0,1.0,1.0,0.0,0.0,0.0,0.0,0.004249421193677763,0.03287591574474946,0.22965876466139548,0.25764998560494
identical,100,400,4.0,0.05,0.7,68,dkw,1.0,1.0,1.0,0.0,0.0,0.0,0.0,0.0005369948409498315,0.00752253437012651,0.2762568233267992,0.367229095389761
identical,100,400,4.0,0.05,0.7,69,cp,1.0,1.0,1.0,0.0,0.0,0.0,0.0,0.00798796255975422,0.027737801106930804,0.22065161650488835,0.25613422218754955
identical,100,400,4.0,0.05,0.7,69,dkw,1.0,1.0,1.0,0.0,0.0,0.0,0.0,0.009568389171419858,0.03534704351145479,0.2818147824941052,0.39427371054835036
identical,100,400,4.0,0.05,0.7,70,cp,1.0,1.0,1.0,0.0,0.0,0.0,0.0,0.005985920131681981,0.029171318909726462,0.2196139068030452,0.2367443896101339
identical,100,400,4.0,0.05,0.7,70,dkw,1.0,1.0,1.0,0.0,0.0,0.0,0.0,0.01411046845380189,0.11894881676848862,0.2743951945786722,0.35477504808130766
identical,100,400,4.0,0.05,0.7,71,cp,1.0,1.0,1.0,0.0,0.0,0.0,0.0,0.0023113282385966417,0.017644614765563227,0.2304301826793779,0.2564356080671525
identical,100,400,4.0,0.05,0.7,71,dkw,1.0,1.0,1.0,0.0,0.0,0.0,0.0,0.002972455466936705,0.034795353607292356,0.2842267501612069,0.35036792085666046
identical,100,400,4.0,0.05,0.7,72,cp,1.0,1.0,1.0,0.0,0.0,0.0,0.0,0.0034323695895744064,0.034795353607292356,0.2247051690640177,0.24290748843587173
identical,100,400,4.0,0.05,0.7,72,dkw,1.0,1.0,1.0,0.0,0.0,0.0,0.0,0.007386502330704521,0.04841287188756482,0.2804164310410999,0.40806534310117515
identical,100,400,4.0,0.05,0.7,73,cp,1.0,1.0,1.0,0.0,0.0,0.0,0.0,0.0027889198635234844,0.023297235102748615,0.22452530287082592,0.2774318742885966
identical,100,400,4.0,0.05,0.7,73,dkw,1.0,1.0,1.0,0.0,0.0,0.0,0.0,0.007805459758026037,0.03534704351145479,0.2831191322018408,0.41111861912279424
identical,100,400,4.0,0.05,0.7,74,cp,1.0,1.0,1.0,0.0,0.0,0.0,0.0,0.0166084566728696,0.05559697374130934,0.22702417643721465,0.2424551995741211
identical,100,400,4.0,0.05,0.7,74,dkw,1.0,1.0,1.0,0.0,0.0,0.0,0.0,0.02487487391268683,0.11894881676848862,0.2673782133134949,0.3199956919585019
identical,100,400,4.0,0.05,0.7,75,cp,1.0,1.0,1.0,0.0,0.0,0.0,0.0,0.003820906355742841,0.020785319753783726,0.23382589578644933,0.25214066384072276
identical,100,400,4.0,0.05,0.7,75,dkw,1.0,1.0,1.0,0.0,0.0,0.0,0.0,0.009657712152840775,0.11894881676848862,0.28605137282294746,0.39554497104666503
identical,100,400,4.0,0.05,0.7,76,cp,1.0,1.0,1.0,0.0,0.0,0.0,0.0,0.0029994056390716707,0.02682646462440441,0.22181549649943777,0.24806224306468472
identical,100,400,4.0,0.05,0.7,76,dkw,1.0,1.0,1.0,0.0,0.0,0.0,0.0,0.0010365090262141497,0.012487854631607953,0.27137633283854806,0.3751921793150148
identical,100,400,4.0,0.05,0.7,77,cp,1.0,1.0,1.0,0.0,0.0,0.0,0.0,0.006608674408905233,0.02682646462440441,0.2227516770965213,0.2534769940670304
identical,100,400,4.0,0.05,0.7,77,dkw,1.0,1.0,1.0,0.0,0.0,0.0,0.0,0.007040066171278445,0.04176029527269276,0.2632544110741201,0.3567077607745861
identical,100,400,4.0,0.05,0.7,78,cp,1.0,1.0,1.0,0.0,0.0,0.0,0.0,0.009182444056446136,0.04824498554888579,0.21994522128669416,0.24389913766592475
identical,100,400,4.0,0.05,0.7,78,dkw,1.0,1.0,1.0,0.0,0.0,0.0,0.0,0.020594996995055192,0.11894881676848862,0.26536095171631335,0.3336630199037326
identical,100,400,4.0,0.05,0.7,79,cp,1.0,1.0,1.0,0.0,0.0,0.0,0.0,0.002901021712777148,0.020785319753783726,0.2269837173788095,0.24389913766592475
identical,100,400,4.0,0.05,0.7,79,dkw,1.0,1.0,1.0,0.0,0.0,0.0,0.0,0.01244005664289418,0.11894881676848862,0.28395048399194134,0.39926635875158395
identical,100,400,4.0,0.05,0.7,80,cp,1.0,1.0,1.0,0.0,0.0,0.0,0.0,0.00405406170232788,0.02682646462440441,0.22905206442386736,0.27821376013774546
identical,100,400,4.0,0.05,0.7,80,dkw,1.0,1.0,1.0,0.0,0.0,0.0,0.0,0.0017086568403956815,0.012487854631607953,0.2882083014861165,0.4076164713280004
identical,100,400,4.0,0.05,0.7,81,cp,1.0,1.0,1.0,0.0,0.0,0.0,0.0,0.00714441213926106,0.043098280343982664,0.2254241219193526,0.2621592580579539
identical,100,400,4.0,0.05,0.7,81,dkw,1.0,1.0,1.0,0.0,0.0,0.0,0.0,0.001926347054095494,0.01994411448886535,0.27380892288866115,0.3865602208847394
identical,100,400,4.0,0.05,0.7,82,cp,1.0,1.0,1.0,0.0,0.0,0.0,0.0,0.005527048496900644,0.030080267200025212,0.22779885685473736,0.25834434123501704
identical,100,400,4.0,0.05,0.7,82,dkw,1.0,1.0,1.0,0.0,0.0,0.0,0.0,0.009980792093206146,0.11894881676848862,0.276855728219966,0.35571910742017515
identical,100,400,4.0,0.05,0.7,83,cp,1.0,1.0,1.0,0.0,0.0,0.0,0.0,0.0011484085046940696,0.009979499305010187,0.2300007894156419,0.2506312273337107
identical,100,400,4.0,0.05,0.7,83,dkw,1.0,1.0,1.0,0.0,0.0,0.0,0.0,0.0073707173307097015,0.11894881676848862,0.2869265421906044,0.36794968377322945
identical,100,400,4.0,0.05,0.7,84,cp,1.0,1.0,1.0,0.0,0.0,0.0,0.0,0.0026864603167503854,0.013885069588597254,0.2363196740975585,0.24078824579892677
identical,100,400,4.0,0.05,0.7,84,dkw,1.0,1.0,1.0,0.0,0.0,0.0,0.0,0.007447198304752647,0.11894881676848862,0.27642005550973076,0.3338347044741225
identical,100,400,4.0,0.05,0.7,85,cp,1.0,1.0,1.0,0.0,0.0,0.0,0.0,0.0007149434194624505,0.012015906562907963,0.22679478307593018,0.2519183918241764
identical,100,400,4.0,0.05,0.7,85,dkw,1.0,1.0,1.0,0.0,0.0,0.0,0.0,0.0008605246752368201,0.008088245857174714,0.28059558825099545,0.36994853545156925
identical,100,400,4.0,0.05,0.7,86,cp,1.0,1.0,1.0,0.0,0.0,0.0,0.0,0.0011382620632660245,0.012233225879630605,0.2328243936313347,0.26275476246721385
identical,100,400,4.0,0.05,0.7,86,dkw,1.0,1.0,1.0,0.0,0.0,0.0,0.0,0.003921698624759631,0.034795353607292356,0.2896277861373448,0.4063493699740389
identical,100,400,4.0,0.05,0.7,87,cp,1.0,1.0,1.0,0.0,0.0,0.0,0.0,0.012032552516714303,0.04114303450992218,0.22473017823983926,0.27379871479601514
identical,100,400,4.0,0.05,0.7,87,dkw,1.0,1.0,1.0,0.0,0.0,0.0,0.0,0.015237525750637188,0.04841287188756482,0.287560488205398,0.4306812190572622
identical,100,400,4.0,0.05,0.7,88,cp,1.0,1.0,1.0,0.0,0.0,0.0,0.0,0.014242717955462662,0.045028271833033484,0.22770385830722506,0.23835977077660142
identical,100,400,4.0,0.05,0.7,88,dkw,1.0,1.0,1.0,0.0,0.0,0.0,0.0,0.01658498961711361,0.11894881676848862,0.27178987114687864,0.3514549056375818
identical,100,400,4.0,0.05,0.7,89,cp,1.0,1.0,1.0,0.0,0.0,0.0,0.0,0.009580506491773621,0.038003753165655074,0.23609642532571334,0.2509932314504649
identical,100,400,4.0,0.05,0.7,89,dkw,1.0,1.0,1.0,0.0,0.0,0.0,0.0,0.011458839697480922,0.11894881676848862,0.2905400486688234,0.35309282505075235
identical,100,400,4.0,0.05,0.7,90,cp,1.0,1.0,1.0,0.0,0.0,0.0,0.0,0.0013600388605011383,0.012487854631607953,0.21798804767878818,0.2646369457232841
identical,100,400,4.0,0.05,0.7,90,dkw,1.0,1.0,1.0,0.0,0.0,0.0,0.0,0.0052247252611787864,0.034795353607292356,0.278353990397674,0.36574552188782206
identical,100,400,4.0,0.05,0.7,91,cp,1.0,1.0,1.0,0.0,0.0,0.0,0.0,0.007179635968792306,0.033747494697199065,0.2244829877988471,0.2413378208688186
identical,100,400,4.0,0.05,0.7,91,dkw,1.0,1.0,1.0,0.0,0.0,0.0,0.0,0.015693429655650862,0.11894881676848862,0.27444722115807624,0.35571910742017515
identical,100,400,4.0,0.05,0.7,92,cp,1.0,1.0,1.0,0.0,0.0,0.0,0.0,0.008022922581793445,0.033747494697199065,0.22610654315542875,0.25389641038597255
identical,100,400,4.0,0.05,0.7,92,dkw,1.0,1.0,1.0,0.0,0.0,0.0,0.0,0.011636018298972303,0.03745964865303286,0.2789659641255293,0.34991152337863585
identical,100,400,4.0,0.05,0.7,93,cp,1.0,1.0,1.0,0.0,0.0,0.0,0.0,0.007604201826762651,0.034795353607292356,0.2190975873439581,0.25523257503773167
identical,100,400,4.0,0.05,0.7,93,dkw,1.0,1.0,1.0,0.0,0.0,0.0,0.0,0.008288783922349427,0.04841287188756482,0.2916376814946672,0.4425310182203309
identical,100,400,4.0,0.05,0.7,94,cp,1.0,1.0,1.0,0.0,0.0,0.0,0.0,0.00022368905134809936,0.002818442006834232,0.22852587194713472,0.24930499063005995
identical,100,400,4.0,0.05,0.7,94,dkw,1.0,1.0,1.0,0.0,0.0,0.0,0.0,0.0021914516506524873,0.020785319753783726,0.27291241126285654,0.35520930168959514
identical,100,400,4.0,0.05,0.7,95,cp,1.0,1.0,1.0,0.0,0.0,0.0,0.0,0.0004362675145603578,0.008088245857174714,0.22360607748981348,0.2537112654696584
identical,100,400,4.0,0.05,0.7,95,dkw,1.0,1.0,1.0,0.0,0.0,0.0,0.0,0.008217862679812324,0.11894881676848862,0.27746601495877515,0.3488243622108962
identical,100,400,4.0,0.05,0.7,96,cp,1.0,1.0,1.0,0.0,0.0,0.0,0.0,0.006105994946700033,0.04841287188756482,0.21857854476984478,0.22969936437707694
identical,100,400,4.0,0.05,0.7,96,dkw,1.0,1.0,1.0,0.0,0.0,0.0,0.0,0.011026174902435988,0.11894881676848862,0.2810925653147467,0.37314646771986554
identical,100,400,4.0,0.05,0.7,97,cp,1.0,1.0,1.0,0.0,0.0,0.0,0.0,0.0025467567687300317,0.034795353607292356,0.22843598479176766,0.2497625723513972
identical,100,400,4.0,0.05,0.7,97,dkw,1.0,1.0,1.0,0.0,0.0,0.0,0.0,0.0053964248845753725,0.04841287188756482,0.2808966158851667,0.40435638335227975
identical,100,400,4.0,0.05,0.7,98,cp,0.0,1.0,1.0,0.0,0.0,0.0,0.0,0.001374941856029599,0.012233225879630605,0.23083324402092478,0.2784711809422651
identical,100,400,4.0,0.05,0.7,98,dkw,1.0,1.0,1.0,0.0,0.0,0.0,0.0,0.009673032225533675,0.04841287188756482,0.27519755414121205,0.3799270941467474
identical,100,400,4.0,0.05,0.7,99,cp,1.0,1.0,1.0,0.0,0.0,0.0,0.0,0.004682768263917581,0.029171318909726462,0.22280102488724055,0.2497950985797206
identical,100,400,4.0,0.05,0.7,99,dkw,1.0,1.0,1.0,0.0,0.0,0.0,0.0,0.01411046845380189,0.11894881676848862,0.26862796443071085,0.324670527962531
identical,100,400,4.0,0.05,0.7,100,cp,1.0,1.0,1.0,0.0,0.0,0.0,0.0,0.0035832657949441816,0.034795353607292356,0.21689993676221264,0.2388294589228006
identical,100,400,4.0,0.05,0.7,100,dkw,1.0,1.0,1.0,0.0,0.0,0.0,0.0,0.008927432741936985,0.11894881676848862,0.2784222223494256,0.36274974912077784
identical,100,400,4.0,0.05,0.7,101,cp,1.0,1.0,1.0,0.0,0.0,0.0,0.0,0.02148847715771301,0.09752969153423507,0.22617578579910924,0.23365243866984908
identical,100,400,4.0,0.05,0.7,101,dkw,1.0,1.0,1.0,0.0,0.0,0.0,0.0,0.017725616124177182,0.11894881676848862,0.2874292237766054,0.39926635875158395
identical,100,400,4.0,0.05,0.7,102,cp,1.0,1.0,1.0,0.0,0.0,0.0,0.0,0.0129365489906513,0.045028271833033484,0.2270690850390399,0.24417026739267533
identical,100,400,4.0,0.05,0.7,102,dkw,1.0,1.0,1.0,0.0,0.0,0.0,0.0,0.020641732008037685,0.11894881676848862,0.2782819841342118,0.3478618015851831
identical,100,400,4.0,0.05,0.7,103,cp,1.0,1.0,1.0,0.0,0.0,0.0,0.0,0.0004256986982066735,0.005908375527378662,0.23001285273776456,0.2576722241899795
identical,100,400,4.0,0.05,0.7,103,dkw,1.0,1.0,1.0,0.0,0.0,0.0,0.0,0.002670112554601434,0.034795353607292356,0.28656446727223217,0.3712129971772967
identical,100,400,4.0,0.05,0.7,104,cp,1.0,1.0,1.0,0.0,0.0,0.0,0.0,0.012103836991627813,0.045028271833033484,0.22434270721704969,0.23803941624377556
identical,100,400,4.0,0.05,0.7,104,dkw,1.0,1.0,1.0,0.0,0.0,0.0,0.0,0.019432647760648705,0.11894881676848862,0.2728107758421214,0.324670527962531
identical,100,400,4.0,0.05,0.7,105,cp,1.0,1.0,1.0,0.0,0.0,0.0,0.0,0.0013443063015498647,0.020785319753783726,0.22698187841115636,0.24351124940527968
identical,100,400,4.0,0.05,0.7,105,dkw,1.0,1.0,1.0,0.0,0.0,0.0,0.0,0.007417447119742946,0.11894881676848862,0.2816675328965297,0.3488243622108962
identical,100,400,4.0,0.05,0.7,106,cp,1.0,1.0,1.0,0.0,0.0,0.0,0.0,0.0006489330280808004,0.008715449497363581,0.23440632395084543,0.24810072565681252
identical,100,400,4.0,0.05,0.7,106,dkw,1.0,1.0,1.0,0.0,0.0,0.0,0.0,0.006675152330150856,0.11894881676848862,0.28004584868720445,0.34275971474481376
identical,100,400,4.0,0.05,0.7,107,cp,1.0,1.0,1.0,0.0,0.0,0.0,0.0,0.0013600388605011383,0.012487854631607953,0.22448760134768547,0.2505562228459254
identical,100,400,4.0,0.05,0.7,107,dkw,1.0,1.0,1.0,0.0,0.0,0.0,0.0,0.0052247252611787864,0.034795353607292356,0.2846236619389381,0.4152823356344245
identical,100,400,4.0,0.05,0.7,108,cp,1.0,1.0,1.0,0.0,0.0,0.0,0.0,0.001691937465388169,0.020785319753783726,0.22583618066667072,0.262355872156561
identical,100,400,4.0,0.05,0.7,108,dkw,1.0,1.0,1.0,0.0,0.0,0.0,0.0,0.006105994946700033,0.04841287188756482,0.2836173440013385,0.41572198720199083
identical,100,400,4.0,0.05,0.7,109,cp,1.0,1.0,1.0,0.0,0.0,0.0,0.0,0.004245961045240385,0.020785319753783726,0.227756152200164,0.24597804162192072
identical,100,400,4.0,0.05,0.7,109,dkw,1.0,1.0,1.0,0.0,0.0,0.0,0.0,0.013278003657973946,0.11894881676848862,0.2787800938141571,0.3879667368659164
identical,100,400,4.0,0.05,0.7,110,cp,1.0,1.0,1.0,0.0,0.0,0.0,0.0,0.004999763873276151,0.029171318909726462,0.21530466255250175,0.24614016172016895
identical,100,400,4.0,0.05,0.7,110,dkw,1.0,1.0,1.0,0.0,0.0,0.0,0.0,0.01411046845380189,0.11894881676848862,0.27050510460742216,0.34020285632797
identical,100,400,4.0,0.05,0.7,111,cp,1.0,1.0,1.0,0.0,0.0,0.0,0.0,0.004309873955723628,0.019299247869079772,0.23144832582902683,0.24118080645919304
identical,100,400,4.0,0.05,0.7,111,dkw,1.0,1.0,1.0,0.0,0.0,0.0,0.0,0.013908351761228819,0.11894881676848862,0.28092640609071035,0.3762480009506251
identical,100,400,4.0,0.05,0.7,112,cp,1.0,1.0,1.0,0.0,0.0,0.0,0.0,0.0008605246752368201,0.008088245857174714,0.23380951392410498,0.2515427443984479
identical,100,400,4.0,0.05,0.7,112,dkw,1.0,1.0,1.0,0.0,0.0,0.0,0.0,0.00985932214604693,0.11894881676848862,0.2888330411385769,0.39926635875158395
identical,100,400,4.0,0.05,0.7,113,cp,1.0,1.0,1.0,0.0,0.0,0.0,0.0,0.001691937465388169,0.020785319753783726,0.22733985171318058,0.2689289330002328
identical,100,400,4.0,0.05,0.7,113,dkw,1.0,1.0,1.0,0.0,0.0,0.0,0.0,0.007037884350809978,0.04841287188756482,0.2816732828243074,0.41039719098778016
identical,100,400,4.0,0.05,0.7,114,cp,1.0,1.0,1.0,0.0,0.0,0.0,0.0,0.0049500553271903235,0.02645357200348475,0.23144041086431255,0.23639021241472669
identical,100,400,4.0,0.05,0.7,114,dkw,1.0,1.0,1.0,0.0,0.0,0.0,0.0,0.015275419271872844,0.11894881676848862,0.2768236134092303,0.3299605747359668
identical,100,400,4.0,0.05,0.7,115,cp,1.0,1.0,1.0,0.0,0.0,0.0,0.0,0.004910377587699264,0.034795353607292356,0.2262906483116839,0.2423087265549989
identical,100,400,4.0,0.05,0.7,115,dkw,1.0,1.0,1.0,0.0,0.0,0.0,0.0,0.006365205817645694,0.04841287188756482,0.28352949302766245,0.410727300250337
identical,100,400,4.0,0.05,0.7,116,cp,1.0,1.0,1.0,0.0,0.0,0.0,0.0,0.0035185634434075695,0.020785319753783726,0.22957030583816404,0.2479417230928097
identical,100,400,4.0,0.05,0.7,116,dkw,1.0,1.0,1.0,0.0,0.0,0.0,0.0,0.010458127712910154,0.11894881676848862,0.291396139876533,0.4137190259563404
identical,100,400,4.0,0.05,0.7,117,cp,1.0,1.0,1.0,0.0,0.0,0.0,0.0,0.005517014409001892,0.028214424851110365,0.23190588038861887,0.2609130570176216
identical,100,400,4.0,0.05,0.7,117,dkw,1.0,1.0,1.0,0.0,0.0,0.0,0.0,0.0032410086690118378,0.020785319753783726,0.2957625334057188,0.4186771459930104
identical,100,400,4.0,0.05,0.7,118,cp,1.0,1.0,1.0,0.0,0.0,0.0,0.0,0.0004362675145603578,0.008088245857174714,0.2221803811391759,0.2407390089341105
identical,100,400,4.0,0.05,0.7,118,dkw,1.0,1.0,1.0,0.0,0.0,0.0,0.0,0.007718348494548007,0.11894881676848862,0.27216520305572817,0.36408605149056744
identical,100,400,4.0,0.05,0.7,119,cp,1.0,1.0,1.0,0.0,0.0,0.0,0.0,0.007348317739309378,0.02645357200348475,0.23177840088484622,0.24315108643382866
identical,100,400,4.0,0.05,0.7,119,dkw,1.0,1.0,1.0,0.0,0.0,0.0,0.0,0.014429716146276042,0.11894881676848862,0.27533525435845013,0.3383265095700831
identical,100,400,4.0,0.05,0.7,120,cp,1.0,1.0,1.0,0.0,0.0,0.0,0.0,0.0005369948409498315,0.00752253437012651,0.23294706536223544,0.25615150137852105
identical,100,400,4.0,0.05,0.7,120,dkw,1.0,1.0,1.0,0.0,0.0,0.0,0.0,0.00985932214604693,0.11894881676848862,0.28874275472154737,0.40294367818820903
identical,100,400,4.0,0.05,0.7,121,cp,1.0,1.0,1.0,0.0,0.0,0.0,0.0,0.005399506878574156,0.02682646462440441,0.23293193735894588,0.2618953596896433
identical,100,400,4.0,0.05,0.7,121,dkw,1.0,1.0,1.0,0.0,0.0,0.0,0.0,0.000824878670407081,0.009979499305010187,0.2902523968662316,0.4073624432006099
identical,100,400,4.0,0.05,0.7,122,cp,1.0,1.0,1.0,0.0,0.0,0.0,0.0,0.005234173461983476,0.029171318909726462,0.22830632619032845,0.2794615844634979
identical,100,400,4.0,0.05,0.7,122,dkw,1.0,1.0,1.0,0.0,0.0,0.0,0.0,0.007252644634490704,0.04176029527269276,0.27836435923288405,0.3877665811406156
identical,100,400,4.0,0.05,0.7,123,cp,1.0,1.0,1.0,0.0,0.0,0.0,0.0,0.005140379290570593,0.02682646462440441,0.2217230007196654,0.2765118773189281
identical,100,400,4.0,0.05,0.7,123,dkw,1.0,1.0,1.0,0.0,0.0,0.0,0.0,0.005582232823582993,0.03534704351145479,0.2759618335130299,0.39508078085351706
identical,100,400,4.0,0.05,0.7,124,cp,1.0,1.0,1.0,0.0,0.0,0.0,0.0,0.005140379290570593,0.02682646462440441,0.22656425706704422,0.2537112654696584
identical,100,400,4.0,0.05,0.7,124,dkw,1.0,1.0,1.0,0.0,0.0,0.0,0.0,0.011563711685071858,0.11894881676848862,0.2663976357593326,0.34275971474481376
identical,100,400,4.0,0.05,0.7,125,cp,1.0,1.0,1.0,0.0,0.0,0.0,0.0,0.0019462531367543967,0.01773925155311651,0.22578028192015945,0.2401858254840299
identical,100,400,4.0,0.05,0.7,125,dkw,1.0,1.0,1.0,0.0,0.0,0.0,0.0,0.011026174902435988,0.11894881676848862,0.2748000359219725,0.33898133111016227
identical,100,400,4.0,0.05,0.7,126,cp,1.0,1.0,1.0,0.0,0.0,0.0,0.0,0.0013600388605011383,0.012487854631607953,0.22693721066017541,0.25221737612452444
identical,100,400,4.0,0.05,0.7,126,dkw,1.0,1.0,1.0,0.0,0.0,0.0,0.0,0.011026174902435988,0.11894881676848862,0.2781931624797551,0.35477504808130766
identical,100,400,4.0,0.05,0.7,127,cp,1.0,1.0,1.0,0.0,0.0,0.0,0.0,0.0020696089226257984,0.01773925155311651,0.20906233661802454,0.26028928630203507
identical,100,400,4.0,0.05,0.7,127,dkw,1.0,1.0,1.0,0.0,0.0,0.0,0.0,0.0052247252611787864,0.034795353607292356,0.2834506267063517,0.43666242971295965
identical,100,400,4.0,0.05,0.7,128,cp,1.0,1.0,1.0,0.0,0.0,0.0,0.0,0.005258702989296005,0.03534704351145479,0.22132111653683917,0.24930499063005995
identical,100,400,4.0,0.05,0.7,128,dkw,1.0,1.0,1.0,0.0,0.0,0.0,0.0,0.010013856846597485,0.04824498554888579,0.27311159043170674,0.35520930168959514
identical,100,400,4.0,0.05,0.7,129,cp,1.0,1.0,1.0,0.0,0.0,0.0,0.0,0.0002343071569461319,0.003083894646785046,0.22716888696804108,0.27379871479601514
identical,100,400,4.0,0.05,0.7,129,dkw,1.0,1.0,1.0,0.0,0.0,0.0,0.0,0.0035832657949441816,0.034795353607292356,0.2831412775912589,0.41093498553730257
identical,100,400,4.0,0.05,0.7,130,cp,1.0,1.0,1.0,0.0,0.0,0.0,0.0,0.028072327064626198,0.08227093190426737,0.2161623304400652,0.2419220809104623
identical,100,400,4.0,0.05,0.7,130,dkw,1.0,1.0,1.0,0.0,0.0,0.0,0.0,0.034619015244998864,0.11894881676848862,0.26040034862200784,0.3338347044741225
identical,100,400,4.0,0.05,0.7,131,cp,1.0,1.0,1.0,0.0,0.0,0.0,0.0,0.0013443063015498647,0.020785319753783726,0.22108511756264845,0.268099884092479
identical,100,400,4.0,0.05,0.7,131,dkw,1.0,1.0,1.0,0.0,0.0,0.0,0.0,0.004596009324505994,0.04841287188756482,0.2904252354625241,0.43690533224016087
identical,100,400,4.0,0.05,0.7,132,cp,1.0,1.0,1.0,0.0,0.0,0.0,0.0,0.0046023260983188985,0.03287591574474946,0.22811759218982888,0.2810783282514584
identical,100,400,4.0,0.05,0.7,132,dkw,1.0,1.0,1.0,0.0,0.0,0.0,0.0,0.0002343071569461319,0.003083894646785046,0.2892055820336565,0.4133105235175786
identical,100,400,4.0,0.05,0.7,133,cp,1.0,1.0,1.0,0.0,0.0,0.0,0.0,0.005793527760469917,0.02645357200348475,0.2243062720971034,0.2509932314504649
identical,100,400,4.0,0.05,0.7,133,dkw,1.0,1.0,1.0,0.0,0.0,0.0,0.0,0.010572190677428461,0.11894881676848862,0.2903504384824897,0.42412507663370796
identical,100,400,4.0,0.05,0.7,134,cp,1.0,1.0,1.0,0.0,0.0,0.0,0.0,0.0037095553310156903,0.023297235102748615,0.2211163045014319,0.2497950985797206
identical,100,400,4.0,0.05,0.7,134,dkw,1.0,1.0,1.0,0.0,0.0,0.0,0.0,0.01244005664289418,0.11894881676848862,0.2828291261596207,0.4137190259563404
identical,100,400,4.0,0.05,0.7,135,cp,1.0,1.0,1.0,0.0,0.0,0.0,0.0,0.007699142070809422,0.03534704351145479,0.21860892082637315,0.22885807185774698
identical,100,400,4.0,0.05,0.7,135,dkw,1.0,1.0,1.0,0.0,0.0,0.0,0.0,0.02005991766961847,0.16258290862571256,0.2551120414467234,0.3127109705521959
identical,100,400,4.0,0.05,0.7,136,cp,1.0,1.0,1.0,0.0,0.0,0.0,0.0,0.003461215548776293,0.020785319753783726,0.23019040973638355,0.25821407394355445
identical,100,400,4.0,0.05,0.7,136,dkw,1.0,1.0,1.0,0.0,0.0,0.0,0.0,0.007137175732408884,0.04841287188756482,0.2873077204561944,0.4133312283251305
identical,100,400,4.0,0.05,0.7,137,cp,1.0,1.0,1.0,0.0,0.0,0.0,0.0,0.001691937465388169,0.020785319753783726,0.22958597758198424,0.24597804162192072
identical,100,400,4.0,0.05,0.7,137,dkw,1.0,1.0,1.0,0.0,0.0,0.0,0.0,0.00985932214604693,0.11894881676848862,0.28599722776123915,0.40294367818820903
identical,100,400,4.0,0.05,0.7,138,cp,1.0,1.0,1.0,0.0,0.0,0.0,0.0,0.004302203954974395,0.02286196311469213,0.22702778486663586,0.2468832910343578
identical,100,400,4.0,0.05,0.7,138,dkw,1.0,1.0,1.0,0.0,0.0,0.0,0.0,0.010707773034853065,0.11894881676848862,0.26967231783945145,0.3471354725810894
identical,100,400,4.0,0.05,0.7,139,cp,1.0,1.0,1.0,0.0,0.0,0.0,0.0,0.004220086327943249,0.020785319753783726,0.2343131200683751,0.24118080645919304
identical,100,400,4.0,0.05,0.7,139,dkw,1.0,1.0,1.0,0.0,0.0,0.0,0.0,0.010572190677428461,0.11894881676848862,0.29141072836455995,0.3917787065557687
identical,100,400,4.0,0.05,0.7,140,cp,1.0,1.0,1.0,0.0,0.0,0.0,0.0,0.008238554246112058,0.024794299588397184,0.2280317566430881,0.25883504252394507
identical,100,400,4.0,0.05,0.7,140,dkw,1.0,1.0,1.0,0.0,0.0,0.0,0.0,0.011509898376638445,0.04841287188756482,0.28675196927659785,0.4154136733790723
identical,100,400,4.0,0.05,0.7,141,cp,1.0,1.0,1.0,0.0,0.0,0.0,0.0,0.014678028473569533,0.03745964865303286,0.22494028093399102,0.23608188183257595
identical,100,400,4.0,0.05,0.7,141,dkw,1.0,1.0,1.0,0.0,0.0,0.0,0.0,0.02430465073559251,0.11894881676848862,0.2743642024460358,0.36819084375347905
identical,100,400,4.0,0.05,0.7,142,cp,1.0,1.0,1.0,0.0,0.0,0.0,0.0,0.006413645613734342,0.03534704351145479,0.22167914356993637,0.25225206479728157
identical,100,400,4.0,0.05,0.7,142,dkw,1.0,1.0,1.0,0.0,0.0,0.0,0.0,0.01604026787575732,0.11894881676848862,0.2758012147818265,0.39926635875158395
identical,100,400,4.0,0.05,0.7,143,cp,1.0,1.0,1.0,0.0,0.0,0.0,0.0,0.013903941460700908,0.04888337594135195,0.22215408373885956,0.2832534733128348
identical,100,400,4.0,0.05,0.7,143,dkw,1.0,1.0,1.0,0.0,0.0,0.0,0.0,0.015361571769142945,0.04888337594135195,0.2806494903307542,0.40612707814238735
identical,100,400,4.0,0.05,0.7,144,cp,1.0,1.0,1.0,0.0,0.0,0.0,0.0,0.009182444056446136,0.04824498554888579,0.2225997501171302,0.2497950985797206
identical,100,400,4.0,0.05,0.7,144,dkw,1.0,1.0,1.0,0.0,0.0,0.0,0.0,0.01821713762043172,0.11894881676848862,0.2757028624672948,0.3917787065557687
identical,100,400,4.0,0.05,0.7,145,cp,1.0,1.0,1.0,0.0,0.0,0.0,0.0,0.014213603283759002,0.05819477001576867,0.2302970021197839,0.26590122678717654
identical,100,400,4.0,0.05,0.7,145,dkw,1.0,1.0,1.0,0.0,0.0,0.0,0.0,0.001926347054095494,0.01994411448886535,0.28664837667614057,0.3997110443892504
identical,100,400,4.0,0.05,0.7,146,cp,1.0,1.0,1.0,0.0,0.0,0.0,0.0,0.009412791364529261,0.03745964865303286,0.22190557679007686,0.2657337244556016
identical,100,400,4.0,0.05,0.7,146,dkw,1.0,1.0,1.0,0.0,0.0,0.0,0.0,0.01100050330567675,0.03745964865303286,0.28213075077200445,0.4172882861767666
identical,100,400,4.0,0.05,0.7,147,cp,1.0,1.0,1.0,0.0,0.0,0.0,0.0,0.0018029912682240923,0.01994411448886535,0.23587466087342013,0.2492794801396475
identical,100,400,4.0,0.05,0.7,147,dkw,1.0,1.0,1.0,0.0,0.0,0.0,0.0,0.007636095211603886,0.11894881676848862,0.2855436087587442,0.3668807248519966
identical,100,400,4.0,0.05,0.7,148,cp,1.0,1.0,1.0,0.0,0.0,0.0,0.0,0.007040066171278445,0.04176029527269276,0.2224882553028645,0.24956644890975743
identical,100,400,4.0,0.05,0.7,148,dkw,1.0,1.0,1.0,0.0,0.0,0.0,0.0,0.01682532347614003,0.11894881676848862,0.26789160565399767,0.3471354725810894
identical,100,400,4.0,0.05,0.7,149,cp,1.0,1.0,1.0,0.0,0.0,0.0,0.0,0.001109512044277232,0.027737801106930804,0.23343476902276106,0.26138612046994514
identical,100,400,4.0,0.05,0.7,149,dkw,1.0,1.0,1.0,0.0,0.0,0.0,0.0,0.00682604853552063,0.11894881676848862,0.28901430386781807,0.40294367818820903
identical,100,400,4.0,0.05,0.7,150,cp,1.0,1.0,1.0,0.0,0.0,0.0,0.0,0.0005128935113985156,0.008088245857174714,0.23007871613332476,0.258439677457307
identical,100,400,4.0,0.05,0.7,150,dkw,1.0,1.0,1.0,0.0,0.0,0.0,0.0,0.0030837516096798635,0.034795353607292356,0.2840995322158219,0.35964505968062144
identical,100,400,4.0,0.05,0.7,151,cp,1.0,1.0,1.0,0.0,0.0,0.0,0.0,0.012495250576803275,0.045028271833033484,0.22741492613836542,0.2515427443984479
identical,100,400,4.0,0.05,0.7,151,dkw,1.0,1.0,1.0,0.0,0.0,0.0,0.0,0.019582529598932658,0.11894881676848862,0.2764491272728445,0.3292831158395085
identical,100,400,4.0,0.05,0.7,152,cp,1.0,1.0,1.0,0.0,0.0,0.0,0.0,0.013303673783535794,0.04611814579797113,0.21971102444526536,0.23260402254031043
identical,100,400,4.0,0.05,0.7,152,dkw,1.0,1.0,1.0,0.0,0.0,0.0,0.0,0.016482245539647514,0.11894881676848862,0.2603781908546717,0.32205149403540395
identical,100,400,4.0,0.05,0.7,153,cp,1.0,1.0,1.0,0.0,0.0,0.0,0.0,0.005636646201459441,0.029171318909726462,0.22319356679523533,0.2538458135696464
identical,100,400,4.0,0.05,0.7,153,dkw,1.0,1.0,1.0,0.0,0.0,0.0,0.0,0.014948415468881657,0.11894881676848862,0.2784311670785312,0.39926635875158395
identical,100,400,4.0,0.05,0.7,154,cp,1.0,1.0,1.0,0.0,0.0,0.0,0.0,0.0058924546912676986,0.038257395432914176,0.23206479337197056,0.25852205040540244
identical,100,400,4.0,0.05,0.7,154,dkw,1.0,1.0,1.0,0.0,0.0,0.0,0.0,0.0019767146396997416,0.012487854631607953,0.27998146432461557,0.36974405904081187
identical,100,400,4.0,0.05,0.7,155,cp,1.0,1.0,1.0,0.0,0.0,0.0,0.0,0.024854584391498517,0.06422377947093705,0.21956059727351623,0.2324624701687763
identical,100,400,4.0,0.05,0.7,155,dkw,1.0,1.0,1.0,0.0,0.0,0.0,0.0,0.04380267616704951,0.16258290862571256,0.26579947681312005,0.34186833184694676
identical,100,400,4.0,0.05,0.7,156,cp,1.0,1.0,1.0,0.0,0.0,0.0,0.0,0.0011484085046940696,0.009979499305010187,0.225261029490398,0.246442648379797
identical,100,400,4.0,0.05,0.7,156,dkw,1.0,1.0,1.0,0.0,0.0,0.0,0.0,0.0073707173307097015,0.11894881676848862,0.2771248572995391,0.3599291433158149
identical,100,400,4.0,0.05,0.7,157,cp,1.0,1.0,1.0,0.0,0.0,0.0,0.0,0.0013802814539509711,0.013885069588597254,0.23390836381119728,0.2811038736675995
identical,100,400,4.0,0.05,0.7,157,dkw,1.0,1.0,1.0,0.0,0.0,0.0,0.0,0.002670112554601434,0.034795353607292356,0.28592300947296495,0.4031051529216997
identical,100,400,4.0,0.05,0.7,158,cp,1.0,1.0,1.0,0.0,0.0,0.0,0.0,0.0003470448372195012,0.003083894646785046,0.2265885798573575,0.24986209418650485
identical,100,400,4.0,0.05,0.7,158,dkw,1.0,1.0,1.0,0.0,0.0,0.0,0.0,0.0021914516506524873,0.020785319753783726,0.27759877158326807,0.3646898818896098
identical,100,400,4.0,0.05,0.7,159,cp,1.0,1.0,1.0,0.0,0.0,0.0,0.0,0.0017038112882379597,0.013885069588597254,0.2336282970392692,0.2575573079067843
identical,100,400,4.0,0.05,0.7,159,dkw,1.0,1.0,1.0,0.0,0.0,0.0,0.0,0.002670112554601434,0.034795353607292356,0.28818803725640907,0.40762509266815394
identical,100,400,4.0,0.05,0.7,160,cp,1.0,1.0,1.0,0.0,0.0,0.0,0.0,0.0013332010956253314,0.027737801106930804,0.23050137178904,0.2492794801396475
identical,100,400,4.0,0.05,0.7,160,dkw,1.0,1.0,1.0,0.0,0.0,0.0,0.0,0.00682604853552063,0.11894881676848862,0.2718983004322199,0.3514549056375818
identical,100,400,4.0,0.05,0.7,161,cp,1.0,1.0,1.0,0.0,0.0,0.0,0.0,0.004309873955723628,0.019299247869079772,0.22851772656282857,0.2479417230928097
identical,100,400,4.0,0.05,0.7,161,dkw,1.0,1.0,1.0,0.0,0.0,0.0,0.0,0.013266439935533818,0.11894881676848862,0.28205598656713904,0.37418678752793494
identical,100,400,4.0,0.05,0.7,162,cp,1.0,1.0,1.0,0.0,0.0,0.0,0.0,0.000749228532493662,0.008088245857174714,0.23011537098172294,0.26063979480697475
identical,100,400,4.0,0.05,0.7,162,dkw,1.0,1.0,1.0,0.0,0.0,0.0,0.0,0.002782850234874803,0.034795353607292356,0.2872621818626463,0.4114774933590689
identical,100,400,4.0,0.05,0.7,163,cp,1.0,1.0,1.0,0.0,0.0,0.0,0.0,0.002972455466936705,0.034795353607292356,0.2263568416937732,0.23071502078417838
identical,100,400,4.0,0.05,0.7,163,dkw,1.0,1.0,1.0,0.0,0.0,0.0,0.0,0.0073047094394695766,0.11894881676848862,0.2785202252318046,0.3338347044741225
identical,100,400,4.0,0.05,0.7,164,cp,1.0,1.0,1.0,0.0,0.0,0.0,0.0,0.011279610598311231,0.03287591574474946,0.23468730764313628,0.2564356080671525
identical,100,400,4.0,0.05,0.7,164,dkw,1.0,1.0,1.0,0.0,0.0,0.0,0.0,0.008146278367664848,0.033747494697199065,0.28110440096254197,0.34864802723640165
identical,100,400,4.0,0.05,0.7,165,cp,1.0,1.0,1.0,0.0,0.0,0.0,0.0,0.006413645613734342,0.03534704351145479,0.21422624432477824,0.24810072565681252
identical,100,400,4.0,0.05,0.7,165,dkw,1.0,1.0,1.0,0.0,0.0,0.0,0.0,0.01411046845380189,0.11894881676848862,0.28122329138319035,0.42412507663370796
identical,100,400,4.0,0.05,0.7,166,cp,1.0,1.0,1.0,0.0,0.0,0.0,0.0,0.0031760950745796414,0.019299247869079772,0.22924618631136037,0.2803087108315143
identical,100,400,4.0,0.05,0.7,166,dkw,1.0,1.0,1.0,0.0,0.0,0.0,0.0,0.004138407672936073,0.034795353607292356,0.2870486105417352,0.41280721273133003
identical,100,400,4.0,0.05,0.7,167,cp,1.0,1.0,1.0,0.0,0.0,0.0,0.0,0.003620546487048801,0.019299247869079772,0.23129469521078636,0.25883504252394507
identical,100,400,4.0,0.05,0.7,167,dkw,1.0,1.0,1.0,0.0,0.0,0.0,0.0,0.004204415564176198,0.034795353607292356,0.2908268107366518,0.41313796274750303
identical,100,400,4.0,0.05,0.7,168,cp,1.0,1.0,1.0,0.0,0.0,0.0,0.0,0.0003235298342869886,0.008088245857174714,0.22659328698396858,0.24534085744350853
identical,100,400,4.0,0.05,0.7,168,dkw,1.0,1.0,1.0,0.0,0.0,0.0,0.0,0.007718348494548007,0.11894881676848862,0.2775911238844245,0.3471354725810894
identical,100,400,4.0,0.05,0.7,169,cp,1.0,1.0,1.0,0.0,0.0,0.0,0.0,0.0009131532403427478,0.012487854631607953,0.22337784925360066,0.25680206857505283
identical,100,400,4.0,0.05,0.7,169,dkw,1.0,1.0,1.0,0.0,0.0,0.0,0.0,0.0052247252611787864,0.034795353607292356,0.28457263273144107,0.4160193831221659
identical,100,400,4.0,0.05,0.7,170,cp,1.0,1.0,1.0,0.0,0.0,0.0,0.0,0.0007149434194624505,0.012015906562907963,0.2237592309185775,0.2898449572316709
identical,100,400,4.0,0.05,0.7,170,dkw,1.0,1.0,1.0,0.0,0.0,0.0,0.0,0.001691937465388169,0.020785319753783726,0.287474537281972,0.4002884484992635
identical,100,400,4.0,0.05,0.7,171,cp,1.0,1.0,1.0,0.0,0.0,0.0,0.0,0.0014572855367736093,0.020785319753783726,0.22430654956698348,0.250949225958225
identical,100,400,4.0,0.05,0.7,171,dkw,1.0,1.0,1.0,0.0,0.0,0.0,0.0,0.004483271644232625,0.04841287188756482,0.28958244933495125,0.40801763494238463
identical,100,400,4.0,0.05,0.7,172,cp,1.0,1.0,1.0,0.0,0.0,0.0,0.0,0.008358699280061459,0.07087931909527079,0.2321733385086824,0.24468549007899154
identical,100,400,4.0,0.05,0.7,172,dkw,1.0,1.0,1.0,0.0,0.0,0.0,0.0,0.008590369504780686,0.11894881676848862,0.269571418409288,0.3514549056375818
identical,100,400,4.0,0.05,0.7,173,cp,1.0,1.0,1.0,0.0,0.0,0.0,0.0,0.0043173947993999425,0.034795353607292356,0.23047634898992164,0.23556970449346237
identical,100,400,4.0,0.05,0.7,173,dkw,1.0,1.0,1.0,0.0,0.0,0.0,0.0,0.008885742238077586,0.11894881676848862,0.29136192485665874,0.40294367818820903
identical,100,400,4.0,0.05,0.7,174,cp,1.0,1.0,1.0,0.0,0.0,0.0,0.0,0.0005379816570060703,0.008715449497363581,0.23117968107824843,0.2576722241899795
identical,100,400,4.0,0.05,0.7,174,dkw,1.0,1.0,1.0,0.0,0.0,0.0,0.0,0.002782850234874803,0.034795353607292356,0.291351919460117,0.41290656404383624
identical,100,400,4.0,0.05,0.7,175,cp,1.0,1.0,1.0,0.0,0.0,0.0,0.0,0.0026985042642666103,0.02682646462440441,0.23202567491546514,0.276586698083504
identical,100,400,4.0,0.05,0.7,175,dkw,1.0,1.0,1.0,0.0,0.0,0.0,0.0,0.0020696089226257984,0.01773925155311651,0.27990788455489324,0.3433867627444376
identical,100,400,4.0,0.05,0.7,176,cp,1.0,1.0,1.0,0.0,0.0,0.0,0.0,0.011201139726562954,0.04114303450992218,0.21961240565561949,0.2593861949398357
identical,100,400,4.0,0.05,0.7,176,dkw,1.0,1.0,1.0,0.0,0.0,0.0,0.0,0.013424366661005998,0.04114303450992218,0.2814520541710973,0.3633007030255557
identical,100,400,4.0,0.05,0.7,177,cp,1.0,1.0,1.0,0.0,0.0,0.0,0.0,0.007682103972154635,0.03534704351145479,0.2246539994806374,0.23279316060394728
identical,100,400,4.0,0.05,0.7,177,dkw,1.0,1.0,1.0,0.0,0.0,0.0,0.0,0.01604026787575732,0.11894881676848862,0.2802718123473818,0.37418678752793494
identical,100,400,4.0,0.05,0.7,178,cp,1.0,1.0,1.0,0.0,0.0,0.0,0.0,0.0013600388605011383,0.012487854631607953,0.2266356550685063,0.2551162833788031
identical,100,400,4.0,0.05,0.7,178,dkw,1.0,1.0,1.0,0.0,0.0,0.0,0.0,0.0052247252611787864,0.034795353607292356,0.2870999922490775,0.41593966730058185
identical,100,400,4.0,0.05,0.7,179,cp,1.0,1.0,1.0,0.0,0.0,0.0,0.0,0.005135347203424603,0.03534704351145479,0.22551636701768568,0.24118080645919304
identical,100,400,4.0,0.05,0.7,179,dkw,1.0,1.0,1.0,0.0,0.0,0.0,0.0,0.01604026787575732,0.11894881676848862,0.26306296113668004,0.3104541072394254
identical,100,400,4.0,0.05,0.7,180,cp,1.0,1.0,1.0,0.0,0.0,0.0,0.0,0.005168396429107349,0.028214424851110365,0.23186740493500207,0.2657337244556016
identical,100,400,4.0,0.05,0.7,180,dkw,1.0,1.0,1.0,0.0,0.0,0.0,0.0,0.0032410086690118378,0.020785319753783726,0.294263926331712,0.4172882861767666
identical,100,400,4.0,0.05,0.7,181,cp,1.0,1.0,1.0,0.0,0.0,0.0,0.0,0.005721541138736357,0.027737801106930804,0.23387391103647823,0.25389641038597255
identical,100,400,4.0,0.05,0.7,181,dkw,1.0,1.0,1.0,0.0,0.0,0.0,0.0,0.010873092052233522,0.11894881676848862,0.2834915760009098,0.3917787065557687
identical,100,400,4.0,0.05,0.7,182,cp,1.0,1.0,1.0,0.0,0.0,0.0,0.0,0.001024104611417478,0.012487854631607953,0.22564955941187786,0.26700372569950026
identical,100,400,4.0,0.05,0.7,182,dkw,1.0,1.0,1.0,0.0,0.0,0.0,0.0,0.003832911116887092,0.023297235102748615,0.28311053645937223,0.41104531810468314
identical,100,400,4.0,0.05,0.7,183,cp,1.0,1.0,1.0,0.0,0.0,0.0,0.0,0.0023376667219298587,0.01773925155311651,0.22998903552786223,0.24507176971477662
identical,100,400,4.0,0.05,0.7,183,dkw,1.0,1.0,1.0,0.0,0.0,0.0,0.0,0.011048242498602485,0.11894881676848862,0.26941607759952135,0.3338347044741225
identical,100,400,4.0,0.05,0.7,184,cp,1.0,1.0,1.0,0.0,0.0,0.0,0.0,0.007609919393468565,0.03534704351145479,0.22713445585705105,0.2552633950213108
identical,100,400,4.0,0.05,0.7,184,dkw,1.0,1.0,1.0,0.0,0.0,0.0,0.0,0.01750856299409196,0.11894881676848862,0.27267055550423946,0.35167210000538296
identical,100,400,4.0,0.05,0.7,185,cp,1.0,1.0,1.0,0.0,0.0,0.0,0.0,0.009289435578657858,0.03745964865303286,0.21893402106684462,0.23745122488519033
identical,100,400,4.0,0.05,0.7,185,dkw,1.0,1.0,1.0,0.0,0.0,0.0,0.0,0.016270615183840445,0.11894881676848862,0.2693829488513999,0.3514549056375818
identical,100,400,4.0,0.05,0.7,186,cp,1.0,1.0,1.0,0.0,0.0,0.0,0.0,0.004302203954974395,0.02286196311469213,0.23115081074619734,0.2538458135696464
identical,100,400,4.0,0.05,0.7,186,dkw,1.0,1.0,1.0,0.0,0.0,0.0,0.0,0.01278910431582981,0.11894881676848862,0.2816560527054309,0.3668807248519966
identical,100,400,4.0,0.05,0.7,187,cp,1.0,1.0,1.0,0.0,0.0,0.0,0.0,0.0014330418785642206,0.027737801106930804,0.2278301981101092,0.2537870069467145
identical,100,400,4.0,0.05,0.7,187,dkw,1.0,1.0,1.0,0.0,0.0,0.0,0.0,0.0030837516096798635,0.034795353607292356,0.28813043844963365,0.41442090153125233
identical,100,400,4.0,0.05,0.7,188,cp,1.0,1.0,1.0,0.0,0.0,0.0,0.0,0.0005366500692814036,0.005908375527378662,0.22820748052118048,0.2689289330002328
identical,100,400,4.0,0.05,0.7,188,dkw,1.0,1.0,1.0,0.0,0.0,0.0,0.0,0.0012782984103097395,0.020785319753783726,0.274532585124658,0.34201891619485403
identical,100,400,4.0,0.05,0.7,189,cp,1.0,1.0,1.0,0.0,0.0,0.0,0.0,0.005318220277133867,0.024794299588397184,0.23485676109208714,0.24790134084123616
identical,100,400,4.0,0.05,0.7,189,dkw,1.0,1.0,1.0,0.0,0.0,0.0,0.0,0.0024095958788604888,0.017644614765563227,0.2815696236743718,0.36597550472449397
identical,100,400,4.0,0.05,0.7,190,cp,1.0,1.0,1.0,0.0,0.0,0.0,0.0,0.013905750916753185,0.045028271833033484,0.21624035087112392,0.2576722241899795
identical,100,400,4.0,0.05,0.7,190,dkw,1.0,1.0,1.0,0.0,0.0,0.0,0.0,0.018117905499978396,0.04841287188756482,0.27458187980769866,0.41175110474480536
identical,100,400,4.0,0.05,0.7,191,cp,1.0,1.0,1.0,0.0,0.0,0.0,0.0,0.0024258612393598124,0.01994411448886535,0.22691061076980493,0.27041542314574785
identical,100,400,4.0,0.05,0.7,191,dkw,1.0,1.0,1.0,0.0,0.0,0.0,0.0,0.003001498326735743,0.023297235102748615,0.2823213278610555,0.3816718241536259
identical,100,400,4.0,0.05,0.7,192,cp,1.0,1.0,1.0,0.0,0.0,0.0,0.0,0.007601262614385247,0.04176029527269276,0.22157484959118057,0.23353050048087542
identical,100,400,4.0,0.05,0.7,192,dkw,1.0,1.0,1.0,0.0,0.0,0.0,0.0,0.01604026787575732,0.11894881676848862,0.2622166700962044,0.31010953158053056
identical,100,400,4.0,0.05,0.7,193,cp,1.0,1.0,1.0,0.0,0.0,0.0,0.0,0.003931883774838725,0.034795353607292356,0.22238610151994634,0.2487273393782854
identical,100,400,4.0,0.05,0.7,193,dkw,1.0,1.0,1.0,0.0,0.0,0.0,0.0,0.007037884350809978,0.04841287188756482,0.28486200265041184,0.4206803274934132
identical,100,400,4.0,0.05,0.7,194,cp,1.0,1.0,1.0,0.0,0.0,0.0,0.0,0.003001498326735743,0.023297235102748615,0.22502541674495583,0.2509932314504649
identical,100,400,4.0,0.05,0.7,194,dkw,1.0,1.0,1.0,0.0,0.0,0.0,0.0,0.01244005664289418,0.11894881676848862,0.2792850099128523,0.36627217877816853
identical,100,400,4.0,0.05,0.7,195,cp,1.0,1.0,1.0,0.0,0.0,0.0,0.0,0.006984678805342681,0.030080267200025212,0.2247779506481843,0.235303146439652
identical,100,400,4.0,0.05,0.7,195,dkw,1.0,1.0,1.0,0.0,0.0,0.0,0.0,0.015275419271872844,0.11894881676848862,0.26956295168629985,0.3104541072394254
identical,100,400,4.0,0.05,0.7,196,cp,1.0,1.0,1.0,0.0,0.0,0.0,0.0,0.0030368767978514065,0.020785319753783726,0.228931427796483,0.24229439429316024
identical,100,400,4.0,0.05,0.7,196,dkw,1.0,1.0,1.0,0.0,0.0,0.0,0.0,0.010395727860271623,0.11894881676848862,0.2792306869830103,0.34963677024507367
identical,100,400,4.0,0.05,0.7,197,cp,1.0,1.0,1.0,0.0,0.0,0.0,0.0,0.008631843050665675,0.034795353607292356,0.22784278322862522,0.24070344093193596
identical,100,400,4.0,0.05,0.7,197,dkw,1.0,1.0,1.0,0.0,0.0,0.0,0.0,0.018280532908855153,0.11894881676848862,0.2779855812446062,0.384108213053087
identical,100,400,4.0,0.05,0.7,198,cp,1.0,1.0,1.0,0.0,0.0,0.0,0.0,0.004098572929819073,0.021275750896970425,0.23071094472161505,0.24956644890975743
identical,100,400,4.0,0.05,0.7,198,dkw,1.0,1.0,1.0,0.0,0.0,0.0,0.0,0.008354850303899798,0.11894881676848862,0.28515956248518387,0.3488243622108962
identical,100,400,4.0,0.05,0.7,199,cp,1.0,1.0,1.0,0.0,0.0,0.0,0.0,0.003935694868388091,0.02286196311469213,0.23075507333730594,0.24797751600913986
identical,100,400,4.0,0.05,0.7,199,dkw,1.0,1.0,1.0,0.0,0.0,0.0,0.0,0.009481277907941827,0.11894881676848862,0.27790498057280066,0.3514549056375818
identical,100,400,4.0,0.05,0.7,200,cp,1.0,1.0,1.0,0.0,0.0,0.0,0.0,0.003117652883140436,0.020785319753783726,0.22812452272218153,0.24654906948852506
identical,100,400,4.0,0.05,0.7,200,dkw,1.0,1.0,1.0,0.0,0.0,0.0,0.0,0.008006232324005255,0.11894881676848862,0.2864911191201816,0.361211263765406
identical,100,400,4.0,0.05,0.7,201,cp,1.0,1.0,1.0,0.0,0.0,0.0,0.0,6.600789124012518e-05,0.0016501972810031296,0.2261862904040563,0.246442648379797
identical,100,400,4.0,0.05,0.7,201,dkw,1.0,1.0,1.0,0.0,0.0,0.0,0.0,0.007417447119742946,0.11894881676848862,0.27532003625104035,0.3599291433158149
identical,100,400,4.0,0.05,0.7,202,cp,1.0,1.0,1.0,0.0,0.0,0.0,0.0,0.006692870251337077,0.038257395432914176,0.22919666728900856,0.2627072863002351
identical,100,400,4.0,0.05,0.7,202,dkw,1.0,1.0,1.0,0.0,0.0,0.0,0.0,0.005234173461983476,0.029171318909726462,0.2719295818411936,0.3644208226980197
identical,100,400,4.0,0.05,0.7,203,cp,1.0,1.0,1.0,0.0,0.0,0.0,0.0,0.0029060428798608528,0.020785319753783726,0.22611828859654826,0.23462691888551412
identical,100,400,4.0,0.05,0.7,203,dkw,1.0,1.0,1.0,0.0,0.0,0.0,0.0,0.010207940125941473,0.11894881676848862,0.267571256058845,0.3199956919585019
identical,100,400,4.0,0.05,0.7,204,cp,1.0,1.0,1.0,0.0,0.0,0.0,0.0,0.0052247252611787864,0.034795353607292356,0.222156708743831,0.2432734796587408
identical,100,400,4.0,0.05,0.7,204,dkw,1.0,1.0,1.0,0.0,0.0,0.0,0.0,0.011289030658564937,0.04841287188756482,0.2784096856701606,0.4058868438251294
identical,100,400,4.0,0.05,0.7,205,cp,1.0,1.0,1.0,0.0,0.0,0.0,0.0,0.0027049781929643756,0.015758702581371797,0.23460248443315165,0.25544786510720685
identical,100,400,4.0,0.05,0.7,205,dkw,1.0,1.0,1.0,0.0,0.0,0.0,0.0,0.013266439935533818,0.11894881676848862,0.27805553475405537,0.3802022650434576
identical,100,400,4.0,0.05,0.7,206,cp,1.0,1.0,1.0,0.0,0.0,0.0,0.0,0.005140379290570593,0.02682646462440441,0.2317194532201978,0.2509932314504649
identical,100,400,4.0,0.05,0.7,206,dkw,1.0,1.0,1.0,0.0,0.0,0.0,0.0,0.011563711685071858,0.11894881676848862,0.2702646388923555,0.34275971474481376
identical,100,400,4.0,0.05,0.7,207,cp,1.0,1.0,1.0,0.0,0.0,0.0,0.0,0.009352515783062345,0.04176029527269276,0.21211963001003817,0.23118831503377157
identical,100,400,4.0,0.05,0.7,207,dkw,1.0,1.0,1.0,0.0,0.0,0.0,0.0,0.01821713762043172,0.11894881676848862,0.27335024617825615,0.38133142504596457
identical,100,400,4.0,0.05,0.7,208,cp,1.0,1.0,1.0,0.0,0.0,0.0,0.0,0.002782850234874803,0.034795353607292356,0.2247084977510454,0.23416275459510294
identical,100,400,4.0,0.05,0.7,208,dkw,1.0,1.0,1.0,0.0,0.0,0.0,0.0,0.006105994946700033,0.04841287188756482,0.28502971784079,0.41572198720199083
identical,100,400,4.0,0.05,0.7,209,cp,1.0,1.0,1.0,0.0,0.0,0.0,0.0,0.010773693068016179,0.0412196383236042,0.22455908971319133,0.2393750919998392
identical,100,400,4.0,0.05,0.7,209,dkw,1.0,1.0,1.0,0.0,0.0,0.0,0.0,0.01977249053882629,0.11894881676848862,0.2719276780320832,0.3199956919585019
identical,100,400,4.0,0.05,0.7,210,cp,1.0,1.0,1.0,0.0,0.0,0.0,0.0,0.001374941856029599,0.012233225879630605,0.23197195200530019,0.2575573079067843
identical,100,400,4.0,0.05,0.7,210,dkw,1.0,1.0,1.0,0.0,0.0,0.0,0.0,0.006062672276258554,0.034795353607292356,0.2868005040280656,0.40403356084888564
identical,100,400,4.0,0.05,0.7,211,cp,1.0,1.0,1.0,0.0,0.0,0.0,0.0,0.0013910360905831087,0.020785319753783726,0.22782955027259605,0.24242079841612352
identical,100,400,4.0,0.05,0.7,211,dkw,1.0,1.0,1.0,0.0,0.0,0.0,0.0,0.008927432741936985,0.11894881676848862,0.2770622089098839,0.33396938393104136
identical,100,400,4.0,0.05,0.7,212,cp,1.0,1.0,1.0,0.0,0.0,0.0,0.0,0.0008379470150797674,0.012233225879630605,0.22975558075451502,0.25283943928206953
identical,100,400,4.0,0.05,0.7,212,dkw,1.0,1.0,1.0,0.0,0.0,0.0,0.0,0.003029398665732255,0.020785319753783726,0.29087149515531446,0.41589132764561737
identical,100,400,4.0,0.05,0.7,213,cp,1.0,1.0,1.0,0.0,0.0,0.0,0.0,0.0021979858755809055,0.012487854631607953,0.23185932224236938,0.24166482929166344
identical,100,400,4.0,0.05,0.7,213,dkw,1.0,1.0,1.0,0.0,0.0,0.0,0.0,0.016975624118252562,0.16258290862571256,0.2712761500119465,0.31416784598142095
identical,100,400,4.0,0.05,0.7,214,cp,1.0,1.0,1.0,0.0,0.0,0.0,0.0,0.004013540894056589,0.03287591574474946,0.2334654103943634,0.25225186196515115
identical,100,400,4.0,0.05,0.7,214,dkw,1.0,1.0,1.0,0.0,0.0,0.0,0.0,0.0010365090262141497,0.012487854631607953,0.27415536791571793,0.35395727433087204
identical,100,400,4.0,0.05,0.7,215,cp,1.0,1.0,1.0,0.0,0.0,0.0,0.0,0.0014572855367736093,0.020785319753783726,0.2292757626363397,0.2505562228459254
identical,100,400,4.0,0.05,0.7,215,dkw,1.0,1.0,1.0,0.0,0.0,0.0,0.0,0.004596009324505994,0.04841287188756482,0.28524306575816605,0.410727300250337
identical,100,400,4.0,0.05,0.7,216,cp,1.0,1.0,1.0,0.0,0.0,0.0,0.0,0.003137270128867904,0.021275750896970425,0.23179711798357222,0.25221737612452444
identical,100,400,4.0,0.05,0.7,216,dkw,1.0,1.0,1.0,0.0,0.0,0.0,0.0,0.008006232324005255,0.11894881676848862,0.2868688305331136,0.35805063378367863
identical,100,400,4.0,0.05,0.7,217,cp,1.0,1.0,1.0,0.0,0.0,0.0,0.0,0.002463392694370201,0.01994411448886535,0.22792163475174043,0.24719502917603609
identical,100,400,4.0,0.05,0.7,217,dkw,1.0,1.0,1.0,0.0,0.0,0.0,0.0,0.005994635745369281,0.11894881676848862,0.27230893109246795,0.35571910742017515
identical,100,400,4.0,0.05,0.7,218,cp,1.0,1.0,1.0,0.0,0.0,0.0,0.0,0.007273127585239454,0.030080267200025212,0.2323640056234052,0.2552633950213108
identical,100,400,4.0,0.05,0.7,218,dkw,1.0,1.0,1.0,0.0,0.0,0.0,0.0,0.017856153768720094,0.11894881676848862,0.283387772817228,0.3802022650434576
identical,100,400,4.0,0.05,0.7,219,cp,1.0,1.0,1.0,0.0,0.0,0.0,0.0,0.0003470448372195012,0.003083894646785046,0.2317374217437014,0.25883504252394507
identical,100,400,4.0,0.05,0.7,219,dkw,1.0,1.0,1.0,0.0,0.0,0.0,0.0,0.002901021712777148,0.020785319753783726,0.2899236636777799,0.40962920877141096
identical,100,400,4.0,0.05,0.7,220,cp,1.0,1.0,1.0,0.0,0.0,0.0,0.0,0.007040066171278445,0.04176029527269276,0.22639423567531355,0.2419220809104623
identical,100,400,4.0,0.05,0.7,220,dkw,1.0,1.0,1.0,0.0,0.0,0.0,0.0,0.01682532347614003,0.11894881676848862,0.2705680659365305,0.342997930624389
identical,100,400,4.0,0.05,0.7,221,cp,1.0,1.0,1.0,0.0,0.0,0.0,0.0,0.0027322353467446403,0.027737801106930804,0.2275210242484392,0.25082866239755286
identical,100,400,4.0,0.05,0.7,221,dkw,1.0,1.0,1.0,0.0,0.0,0.0,0.0,0.009634360758144294,0.11894881676848862,0.2753907847798537,0.3514549056375818
identical,100,400,4.0,0.05,0.7,222,cp,1.0,1.0,1.0,0.0,0.0,0.0,0.0,0.007943919951052876,0.034795353607292356,0.22835625384385494,0.2406343899096276
identical,100,400,4.0,0.05,0.7,222,dkw,1.0,1.0,1.0,0.0,0.0,0.0,0.0,0.009399582122628914,0.11894881676848862,0.2846975782660761,0.3488243622108962
identical,100,400,4.0,0.05,0.7,223,cp,1.0,1.0,1.0,0.0,0.0,0.0,0.0,0.0030837516096798635,0.034795353607292356,0.21852382625100492,0.25575577649535775
identical,100,400,4.0,0.05,0.7,223,dkw,1.0,1.0,1.0,0.0,0.0,0.0,0.0,0.006105994946700033,0.04841287188756482,0.2826171445907283,0.425741342801355
identical,100,400,4.0,0.05,0.7,224,cp,1.0,1.0,1.0,0.0,0.0,0.0,0.0,0.003248279653265711,0.034795353607292356,0.21631578177184788,0.25900523422353827
identical,100,400,4.0,0.05,0.7,224,dkw,1.0,1.0,1.0,0.0,0.0,0.0,0.0,0.0047856145565678965,0.04841287188756482,0.2865984473362648,0.3960433932077513
identical,100,400,4.0,0.05,0.7,225,cp,1.0,1.0,1.0,0.0,0.0,0.0,0.0,0.001691937465388169,0.020785319753783726,0.22333807805147118,0.2745996890927408
identical,100,400,4.0,0.05,0.7,225,dkw,1.0,1.0,1.0,0.0,0.0,0.0,0.0,0.007037884350809978,0.04841287188756482,0.27651932413088004,0.4062336533201818
identical,100,400,4.0,0.05,0.7,226,cp,1.0,1.0,1.0,0.0,0.0,0.0,0.0,0.003887177971182978,0.027737801106930804,0.22777075677741332,0.23475658587561465
identical,100,400,4.0,0.05,0.7,226,dkw,1.0,1.0,1.0,0.0,0.0,0.0,0.0,0.01244005664289418,0.11894881676848862,0.27985411567043705,0.35740245329489795
identical,100,400,4.0,0.05,0.7,227,cp,1.0,1.0,1.0,0.0,0.0,0.0,0.0,0.00876530705714818,0.04841287188756482,0.2239736017215385,0.24583699190197317
identical,100,400,4.0,0.05,0.7,227,dkw,1.0,1.0,1.0,0.0,0.0,0.0,0.0,0.0060227415438480715,0.04841287188756482,0.2789040146441262,0.4113859471230511
identical,100,400,4.0,0.05,0.7,228,cp,1.0,1.0,1.0,0.0,0.0,0.0,0.0,0.0046261807212349074,0.02645357200348475,0.2344267537942077,0.24630834322312467
identical,100,400,4.0,0.05,0.7,228,dkw,1.0,1.0,1.0,0.0,0.0,0.0,0.0,0.010539420788081217,0.11894881676848862,0.2880750340043884,0.3917787065557687
identical,100,400,4.0,0.05,0.7,229,cp,1.0,1.0,1.0,0.0,0.0,0.0,0.0,0.005458877037711592,0.03534704351145479,0.21732626718718165,0.23699928105233037
identical,100,400,4.0,0.05,0.7,229,dkw,1.0,1.0,1.0,0.0,0.0,0.0,0.0,0.01411046845380189,0.11894881676848862,0.2629918122872305,0.3292831158395085
identical,100,400,4.0,0.05,0.7,230,cp,1.0,1.0,1.0,0.0,0.0,0.0,0.0,0.004208489886460649,0.02682646462440441,0.22483276055612908,0.2593861949398357
identical,100,400,4.0,0.05,0.7,230,dkw,1.0,1.0,1.0,0.0,0.0,0.0,0.0,0.003844821248837813,0.029171318909726462,0.2771026237337087,0.3633007030255557
identical,100,400,4.0,0.05,0.7,231,cp,1.0,1.0,1.0,0.0,0.0,0.0,0.0,0.010316588138776388,0.04611814579797113,0.22546926643551604,0.24417026739267533
identical,100,400,4.0,0.05,0.7,231,dkw,1.0,1.0,1.0,0.0,0.0,0.0,0.0,0.015239061340260894,0.11894881676848862,0.271467575769895,0.33182786955870225
identical,100,400,4.0,0.05,0.7,232,cp,1.0,1.0,1.0,0.0,0.0,0.0,0.0,0.0013802814539509711,0.013885069588597254,0.2299299166888971,0.25378566289053983
identical,100,400,4.0,0.05,0.7,232,dkw,1.0,1.0,1.0,0.0,0.0,0.0,0.0,0.002736120445841559,0.034795353607292356,0.2794138217239292,0.34991152337863585
identical,100,400,4.0,0.05,0.7,233,cp,1.0,1.0,1.0,0.0,0.0,0.0,0.0,0.008653910646832172,0.03534704351145479,0.2264903840884226,0.25214066384072276
identical,100,400,4.0,0.05,0.7,233,dkw,1.0,1.0,1.0,0.0,0.0,0.0,0.0,0.018280532908855153,0.11894881676848862,0.2754720232372525,0.3879667368659164
identical,100,400,4.0,0.05,0.7,234,cp,1.0,1.0,1.0,0.0,0.0,0.0,0.0,0.005006298098204569,0.029171318909726462,0.2203756697741855,0.27821376013774546
identical,100,400,4.0,0.05,0.7,234,dkw,1.0,1.0,1.0,0.0,0.0,0.0,0.0,0.00982448954882829,0.04176029527269276,0.27614542554932087,0.40414802140340766
identical,100,400,4.0,0.05,0.7,235,cp,1.0,1.0,1.0,0.0,0.0,0.0,0.0,0.015820927306517456,0.047497503698612165,0.23570293197891254,0.24894920300174006
identical,100,400,4.0,0.05,0.7,235,dkw,1.0,1.0,1.0,0.0,0.0,0.0,0.0,0.01325762425799556,0.11894881676848862,0.27279805890614184,0.3292831158395085
identical,100,400,4.0,0.05,0.7,236,cp,1.0,1.0,1.0,0.0,0.0,0.0,0.0,0.0011474603972888796,0.012487854631607953,0.2258939593406415,0.250949225958225
identical,100,400,4.0,0.05,0.7,236,dkw,1.0,1.0,1.0,0.0,0.0,0.0,0.0,0.003832911116887092,0.023297235102748615,0.2743006082346655,0.3511567251936276
identical,100,400,4.0,0.05,0.7,237,cp,1.0,1.0,1.0,0.0,0.0,0.0,0.0,0.0030837516096798635,0.034795353607292356,0.21587342914085825,0.2461342307264378
identical,100,400,4.0,0.05,0.7,237,dkw,1.0,1.0,1.0,0.0,0.0,0.0,0.0,0.006105994946700033,0.04841287188756482,0.2852195842615285,0.4123529999427112
identical,100,400,4.0,0.05,0.7,238,cp,1.0,1.0,1.0,0.0,0.0,0.0,0.0,0.012104620043431847,0.0412196383236042,0.22470341699976593,0.23673348797712213
identical,100,400,4.0,0.05,0.7,238,dkw,1.0,1.0,1.0,0.0,0.0,0.0,0.0,0.02415435590899488,0.11894881676848862,0.27655139853641425,0.3476704087965405
identical,100,400,4.0,0.05,0.7,239,cp,1.0,1.0,1.0,0.0,0.0,0.0,0.0,0.006519569808767849,0.031548767557991075,0.2324940632089303,0.250949225958225
identical,100,400,4.0,0.05,0.7,239,dkw,1.0,1.0,1.0,0.0,0.0,0.0,0.0,0.0054838528491823494,0.034795353607292356,0.29436987715674356,0.39485948017049477
identical,100,400,4.0,0.05,0.7,240,cp,1.0,1.0,1.0,0.0,0.0,0.0,0.0,0.002670112554601434,0.034795353607292356,0.21950752639995624,0.23602463376074134
identical,100,400,4.0,0.05,0.7,240,dkw,1.0,1.0,1.0,0.0,0.0,0.0,0.0,0.007718348494548007,0.11894881676848862,0.28140427473766577,0.3642610079553258
identical,100,400,4.0,0.05,0.7,241,cp,1.0,1.0,1.0,0.0,0.0,0.0,0.0,0.0010365090262141497,0.012487854631607953,0.22239833832721045,0.27288022605797346
identical,100,400,4.0,0.05,0.7,241,dkw,1.0,1.0,1.0,0.0,0.0,0.0,0.0,0.0052247252611787864,0.034795353607292356,0.2825553030959576,0.4158084627201888
identical,100,400,4.0,0.05,0.7,242,cp,1.0,1.0,1.0,0.0,0.0,0.0,0.0,0.0004468856201583904,0.008088245857174714,0.22133570345183187,0.2627072863002351
identical,100,400,4.0,0.05,0.7,242,dkw,1.0,1.0,1.0,0.0,0.0,0.0,0.0,0.0030837516096798635,0.034795353607292356,0.2856676766338477,0.42563071629531346
identical,100,400,4.0,0.05,0.7,243,cp,1.0,1.0,1.0,0.0,0.0,0.0,0.0,0.011070014616295061,0.04176029527269276,0.22309197011184675,0.23769101303353457
identical,100,400,4.0,0.05,0.7,243,dkw,1.0,1.0,1.0,0.0,0.0,0.0,0.0,0.02556890485426636,0.16258290862571256,0.2606528856795842,0.3223553252293482
identical,100,400,4.0,0.05,0.7,244,cp,1.0,1.0,1.0,0.0,0.0,0.0,0.0,0.009303275097008892,0.030080267200025212,0.2226735826200442,0.2322388760883024
identical,100,400,4.0,0.05,0.7,244,dkw,1.0,1.0,1.0,0.0,0.0,0.0,0.0,0.0164422720282619,0.11894881676848862,0.26781081243904215,0.3152573246219362
identical,100,400,4.0,0.05,0.7,245,cp,1.0,1.0,1.0,0.0,0.0,0.0,0.0,0.0007149434194624505,0.012015906562907963,0.2368834316857452,0.24716743827637921
identical,100,400,4.0,0.05,0.7,245,dkw,1.0,1.0,1.0,0.0,0.0,0.0,0.0,0.007535618597645291,0.11894881676848862,0.2806339313102556,0.33426499786843933
identical,100,400,4.0,0.05,0.7,246,cp,1.0,1.0,1.0,0.0,0.0,0.0,0.0,0.002623237742772977,0.020785319753783726,0.2253604610880208,0.2526870552600686
identical,100,400,4.0,0.05,0.7,246,dkw,1.0,1.0,1.0,0.0,0.0,0.0,0.0,0.0035832657949441816,0.034795353607292356,0.28786570721581645,0.4201864241264452
identical,100,400,4.0,0.05,0.7,247,cp,1.0,1.0,1.0,0.0,0.0,0.0,0.0,0.0007149434194624505,0.012015906562907963,0.22889168169285315,0.2765118773189281
identical,100,400,4.0,0.05,0.7,247,dkw,1.0,1.0,1.0,0.0,0.0,0.0,0.0,0.001691937465388169,0.020785319753783726,0.28584550988229546,0.4091992921379144
identical,100,400,4.0,0.05,0.7,248,cp,1.0,1.0,1.0,0.0,0.0,0.0,0.0,0.002005289959284471,0.015758702581371797,0.22687793252133168,0.24020868235545312
identical,100,400,4.0,0.05,0.7,248,dkw,1.0,1.0,1.0,0.0,0.0,0.0,0.0,0.010395727860271623,0.11894881676848862,0.2721278478443696,0.34275971474481376
identical,100,400,4.0,0.05,0.7,249,cp,1.0,1.0,1.0,0.0,0.0,0.0,0.0,0.01215156083101817,0.03745964865303286,0.2219601342773883,0.23431531449092635
identical,100,400,4.0,0.05,0.7,249,dkw,1.0,1.0,1.0,0.0,0.0,0.0,0.0,0.020704439502729367,0.11894881676848862,0.27107976786933713,0.3336630199037326
identical,100,400,4.0,0.1,0.7,0,cp,1.0,1.0,1.0,0.0,0.0,0.0,0.0,0.007040066171278445,0.04176029527269276,0.21483642189112795,0.2328012781766956
identical,100,400,4.0,0.1,0.7,0,dkw,1.0,1.0,1.0,0.0,0.0,0.0,0.0,0.01821713762043172,0.11894881676848862,0.25390456955776963,0.33690009929820086
identical,100,400,4.0,0.1,0.7,1,cp,1.0,1.0,1.0,0.0,0.0,0.0,0.0,0.006153266015191332,0.030080267200025212,0.21121536483485306,0.2327736054294245
identical,100,400,4.0,0.1,0.7,1,dkw,1.0,1.0,1.0,0.0,0.0,0.0,0.0,0.01314031917976189,0.11894881676848862,0.2585276734276883,0.3334629476302942
identical,100,400,4.0,0.1,0.7,2,cp,1.0,1.0,1.0,0.0,0.0,0.0,0.0,0.003001498326735743,0.023297235102748615,0.21342351774126303,0.23967045647055685
identical,100,400,4.0,0.1,0.7,2,dkw,1.0,1.0,1.0,0.0,0.0,0.0,0.0,0.007805459758026037,0.03534704351145479,0.25793215282628473,0.3269463464139156
identical,100,400,4.0,0.1,0.7,3,cp,1.0,1.0,1.0,0.0,0.0,0.0,0.0,0.0036181741059343464,0.023297235102748615,0.2121012571000056,0.2644026863761204
identical,100,400,4.0,0.1,0.7,3,dkw,1.0,1.0,1.0,0.0,0.0,0.0,0.0,0.004999763873276151,0.029171318909726462,0.26197223410570336,0.3489208855816123
identical,100,400,4.0,0.1,0.7,4,cp,1.0,1.0,1.0,0.0,0.0,0.0,0.0,0.0034507116750499243,0.034795353607292356,0.21409100113619622,0.22332890385859416
identical,100,400,4.0,0.1,0.7,4,dkw,1.0,1.0,1.0,0.0,0.0,0.0,0.0,0.00806696647444255,0.11894881676848862,0.26490001506407923,0.33179969094516804
identical,100,400,4.0,0.1,0.7,5,cp,1.0,1.0,1.0,0.0,0.0,0.0,0.0,0.005483965183319146,0.03534704351145479,0.21571330832649444,0.23230049962996047
identical,100,400,4.0,0.1,0.7,5,dkw,1.0,1.0,1.0,0.0,0.0,0.0,0.0,0.016388885855651864,0.11894881676848862,0.25221249733380496,0.30518155209335435
identical,100,400,4.0,0.1,0.7,6,cp,1.0,1.0,1.0,0.0,0.0,0.0,0.0,0.004999763873276151,0.029171318909726462,0.20740118349813483,0.23599640862531224
identical,100,400,4.0,0.1,0.7,6,dkw,1.0,1.0,1.0,0.0,0.0,0.0,0.0,0.009618618847657228,0.04841287188756482,0.2660327604949642,0.4067510791867275
identical,100,400,4.0,0.1,0.7,7,cp,1.0,1.0,1.0,0.0,0.0,0.0,0.0,0.009763432629639537,0.03745964865303286,0.20600229158411382,0.23732678810756658
identical,100,400,4.0,0.1,0.7,7,dkw,1.0,1.0,1.0,0.0,0.0,0.0,0.0,0.008086209680427347,0.034795353607292356,0.25550493099613936,0.33088422352056146
identical,100,400,4.0,0.1,0.7,8,cp,1.0,1.0,1.0,0.0,0.0,0.0,0.0,0.003927038222681003,0.034795353607292356,0.21722779289837787,0.24148880343533452
identical,100,400,4.0,0.1,0.7,8,dkw,1.0,1.0,1.0,0.0,0.0,0.0,0.0,0.00454927953547275,0.04841287188756482,0.2744544900899965,0.4088273436557408
identical,100,400,4.0,0.1,0.7,9,cp,1.0,1.0,1.0,0.0,0.0,0.0,0.0,0.008623027373127416,0.033747494697199065,0.2118884608708524,0.2325741142912826
identical,100,400,4.0,0.1,0.7,9,dkw,1.0,1.0,1.0,0.0,0.0,0.0,0.0,0.010415860999102064,0.030080267200025212,0.2543210954111037,0.34594521029298697
identical,100,400,4.0,0.1,0.7,10,cp,1.0,1.0,1.0,0.0,0.0,0.0,0.0,0.004168351083124802,0.029171318909726462,0.21390679601746349,0.2370389407362118
identical,100,400,4.0,0.1,0.7,10,dkw,1.0,1.0,1.0,0.0,0.0,0.0,0.0,0.01244005664289418,0.11894881676848862,0.2594478217602923,0.3285926232731581
identical,100,400,4.0,0.1,0.7,11,cp,1.0,1.0,1.0,0.0,0.0,0.0,0.0,0.004436408882428862,0.029171318909726462,0.21098129630169304,0.2503291333925075
identical,100,400,4.0,0.1,0.7,11,dkw,1.0,1.0,1.0,0.0,0.0,0.0,0.0,0.006413645613734342,0.03534704351145479,0.253598468692184,0.3339710413968866
identical,100,400,4.0,0.1,0.7,12,cp,1.0,1.0,1.0,0.0,0.0,0.0,0.0,0.002535224078389309,0.020785319753783726,0.21728592794113508,0.24391389266877272
identical,100,400,4.0,0.1,0.7,12,dkw,1.0,1.0,1.0,0.0,0.0,0.0,0.0,0.0047856145565678965,0.04841287188756482,0.277447182643164,0.41389979306427527
identical,100,400,4.0,0.1,0.7,13,cp,1.0,1.0,1.0,0.0,0.0,0.0,0.0,0.002363620818969232,0.019299247869079772,0.22054952983654694,0.2545686442110445
identical,100,400,4.0,0.1,0.7,13,dkw,1.0,1.0,1.0,0.0,0.0,0.0,0.0,0.005823530828042012,0.034795353607292356,0.273300419628249,0.3945043014617643
identical,100,400,4.0,0.1,0.7,14,cp,1.0,1.0,1.0,0.0,0.0,0.0,0.0,0.009089294525229654,0.029171318909726462,0.21057638697756326,0.22733157326755993
identical,100,400,4.0,0.1,0.7,14,dkw,1.0,1.0,1.0,0.0,0.0,0.0,0.0,0.018323354891626797,0.11894881676848862,0.25612133419462785,0.32890639266088134
identical,100,400,4.0,0.1,0.7,15,cp,1.0,1.0,1.0,0.0,0.0,0.0,0.0,0.004813956454125967,0.03287591574474946,0.2149203083073122,0.2594540677869662
identical,100,400,4.0,0.1,0.7,15,dkw,1.0,1.0,1.0,0.0,0.0,0.0,0.0,0.0027889198635234844,0.023297235102748615,0.2605463607471287,0.3472111317472447
identical,100,400,4.0,0.1,0.7,16,cp,1.0,1.0,1.0,0.0,0.0,0.0,0.0,0.0005596233004317596,0.008088245857174714,0.21150166850202173,0.24503369367668482
identical,100,400,4.0,0.1,0.7,16,dkw,1.0,1.0,1.0,0.0,0.0,0.0,0.0,0.0035832657949441816,0.034795353607292356,0.272039916268877,0.41326182145640344
identical,100,400,4.0,0.1,0.7,17,cp,1.0,1.0,1.0,0.0,0.0,0.0,0.0,0.011827036946374068,0.045028271833033484,0.20901785584147453,0.24476926469340898
identical,100,400,4.0,0.1,0.7,17,dkw,1.0,1.0,1.0,0.0,0.0,0.0,0.0,0.01529756506104488,0.045028271833033484,0.256124000266057,0.3350796205262245
identical,100,400,4.0,0.1,0.7,18,cp,1.0,1.0,1.0,0.0,0.0,0.0,0.0,0.008403807388650718,0.04611814579797113,0.20700119020693403,0.2298400071731913
identical,100,400,4.0,0.1,0.7,18,dkw,1.0,1.0,1.0,0.0,0.0,0.0,0.0,0.007447579414754357,0.034795353607292356,0.2584244944983094,0.347549104807953
identical,100,400,4.0,0.1,0.7,19,cp,1.0,1.0,1.0,0.0,0.0,0.0,0.0,0.00896590574437087,0.03745964865303286,0.2116201388827384,0.22710409360125206
identical,100,400,4.0,0.1,0.7,19,dkw,1.0,1.0,1.0,0.0,0.0,0.0,0.0,0.01139500031224392,0.11894881676848862,0.25171026798650814,0.33795962038498356
identical,100,400,4.0,0.1,0.7,20,cp,1.0,1.0,1.0,0.0,0.0,0.0,0.0,0.0020860660445735004,0.017644614765563227,0.21983639441635078,0.24544406371064098
identical,100,400,4.0,0.1,0.7,20,dkw,1.0,1.0,1.0,0.0,0.0,0.0,0.0,0.0019798212948454186,0.020785319753783726,0.26704886430629055,0.3422215083482876
identical,100,400,4.0,0.1,0.7,21,cp,1.0,1.0,1.0,0.0,0.0,0.0,0.0,0.003832911116887092,0.023297235102748615,0.21386453240245376,0.22948579786653966
identical,100,400,4.0,0.1,0.7,21,dkw,1.0,1.0,1.0,0.0,0.0,0.0,0.0,0.01244005664289418,0.11894881676848862,0.26132519746589916,0.3432485305372298
identical,100,400,4.0,0.1,0.7,22,cp,1.0,1.0,1.0,0.0,0.0,0.0,0.0,0.005083810688426543,0.024794299588397184,0.20935558416858144,0.2594540677869662
identical,100,400,4.0,0.1,0.7,22,dkw,1.0,1.0,1.0,0.0,0.0,0.0,0.0,0.004632822813303532,0.034795353607292356,0.2784219139775362,0.43167770580790676
identical,100,400,4.0,0.1,0.7,23,cp,1.0,1.0,1.0,0.0,0.0,0.0,0.0,0.004411669225765085,0.02286196311469213,0.21571230422504264,0.2333696462488345
identical,100,400,4.0,0.1,0.7,23,dkw,1.0,1.0,1.0,0.0,0.0,0.0,0.0,0.003820906355742841,0.020785319753783726,0.26008530050197104,0.3557556369169584
identical,100,400,4.0,0.1,0.7,24,cp,1.0,1.0,1.0,0.0,0.0,0.0,0.0,0.008469808201951836,0.033747494697199065,0.22050384079368412,0.2412569229218111
identical,100,400,4.0,0.1,0.7,24,dkw,1.0,1.0,1.0,0.0,0.0,0.0,0.0,0.012885623859716065,0.0412196383236042,0.27343361730646615,0.3930021205693303
identical,100,400,4.0,0.1,0.7,25,cp,1.0,1.0,1.0,0.0,0.0,0.0,0.0,0.0014572855367736093,0.020785319753783726,0.22068286130688072,0.24282712742862067
identical,100,400,4.0,0.1,0.7,25,dkw,1.0,1.0,1.0,0.0,0.0,0.0,0.0,0.004896910699311054,0.04841287188756482,0.2717235753159881,0.3965101535772161
identical,100,400,4.0,0.1,0.7,26,cp,1.0,1.0,1.0,0.0,0.0,0.0,0.0,0.000824878670407081,0.009979499305010187,0.21549117863465184,0.24784524441155986
identical,100,400,4.0,0.1,0.7,26,dkw,1.0,1.0,1.0,0.0,0.0,0.0,0.0,0.0013443063015498647,0.020785319753783726,0.2740530864892872,0.3853044579793603
identical,100,400,4.0,0.1,0.7,27,cp,1.0,1.0,1.0,0.0,0.0,0.0,0.0,0.00229487111664894,0.01773925155311651,0.21462491408361065,0.24154872547541162
identical,100,400,4.0,0.1,0.7,27,dkw,1.0,1.0,1.0,0.0,0.0,0.0,0.0,0.011026174902435988,0.11894881676848862,0.25796516102898476,0.3334629476302942
identical,100,400,4.0,0.1,0.7,28,cp,1.0,1.0,1.0,0.0,0.0,0.0,0.0,0.003498919824335989,0.02682646462440441,0.20730214031404168,0.2741560655793357
identical,100,400,4.0,0.1,0.7,28,dkw,1.0,1.0,1.0,0.0,0.0,0.0,0.0,0.0026779684924487547,0.023297235102748615,0.26030262742209653,0.3598391786953502
identical,100,400,4.0,0.1,0.7,29,cp,1.0,1.0,1.0,0.0,0.0,0.0,0.0,0.0032019697918767775,0.01773925155311651,0.21935031680434253,0.2255442245940802
identical,100,400,4.0,0.1,0.7,29,dkw,1.0,1.0,1.0,0.0,0.0,0.0,0.0,0.012516537616937124,0.11894881676848862,0.25227753585983825,0.3196087292510484
identical,100,400,4.0,0.1,0.7,30,cp,1.0,1.0,1.0,0.0,0.0,0.0,0.0,0.013271974708399638,0.04824498554888579,0.20741406955525932,0.2298935750504182
identical,100,400,4.0,0.1,0.7,30,dkw,1.0,1.0,1.0,0.0,0.0,0.0,0.0,0.022430024058256625,0.11894881676848862,0.2573299219698242,0.3450530478511754
identical,100,400,4.0,0.1,0.7,31,cp,1.0,1.0,1.0,0.0,0.0,0.0,0.0,0.0012209505156784628,0.020785319753783726,0.2165870065977469,0.22948579786653966
identical,100,400,4.0,0.1,0.7,31,dkw,1.0,1.0,1.0,0.0,0.0,0.0,0.0,0.007718348494548007,0.11894881676848862,0.26237886231659496,0.3196087292510484
identical,100,400,4.0,0.1,0.7,32,cp,1.0,1.0,1.0,0.0,0.0,0.0,0.0,0.009182444056446136,0.04824498554888579,0.20538953066720633,0.23314698590369554
identical,100,400,4.0,0.1,0.7,32,dkw,1.0,1.0,1.0,0.0,0.0,0.0,0.0,0.01821713762043172,0.11894881676848862,0.2510431192420908,0.32890639266088134
identical,100,400,4.0,0.1,0.7,33,cp,1.0,1.0,1.0,0.0,0.0,0.0,0.0,0.004999763873276151,0.029171318909726462,0.20414662632539887,0.24503369367668482
identical,100,400,4.0,0.1,0.7,33,dkw,1.0,1.0,1.0,0.0,0.0,0.0,0.0,0.011289030658564937,0.04841287188756482,0.2677159610678744,0.4193001339858411
identical,100,400,4.0,0.1,0.7,34,cp,1.0,1.0,1.0,0.0,0.0,0.0,0.0,0.002535224078389309,0.020785319753783726,0.21101548465243888,0.2357829967865741
identical,100,400,4.0,0.1,0.7,34,dkw,1.0,1.0,1.0,0.0,0.0,0.0,0.0,0.002972455466936705,0.034795353607292356,0.2601742758028146,0.34341308039966933
identical,100,400,4.0,0.1,0.7,35,cp,1.0,1.0,1.0,0.0,0.0,0.0,0.0,0.003955772619912543,0.029171318909726462,0.2141527367039917,0.2429820959946889
identical,100,400,4.0,0.1,0.7,35,dkw,1.0,1.0,1.0,0.0,0.0,0.0,0.0,0.008084057424642053,0.04176029527269276,0.2616380578007311,0.3476072033262414
identical,100,400,4.0,0.1,0.7,36,cp,0.0,1.0,1.0,0.0,0.0,0.0,0.0,0.005051560913278821,0.034795353607292356,0.21700132996522026,0.26105461184656387
identical,100,400,4.0,0.1,0.7,36,dkw,1.0,1.0,1.0,0.0,0.0,0.0,0.0,0.009673032225533675,0.04841287188756482,0.2581461386448602,0.3740692477055221
identical,100,400,4.0,0.1,0.7,37,cp,1.0,1.0,1.0,0.0,0.0,0.0,0.0,0.010025906073052728,0.0412196383236042,0.2160052257702308,0.2370389407362118
identical,100,400,4.0,0.1,0.7,37,dkw,1.0,1.0,1.0,0.0,0.0,0.0,0.0,0.018840601134716344,0.11894881676848862,0.26213553914834237,0.3321667966746351
identical,100,400,4.0,0.1,0.7,38,cp,1.0,1.0,1.0,0.0,0.0,0.0,0.0,0.005582232823582993,0.03534704351145479,0.21312253635019512,0.22740199251285442
identical,100,400,4.0,0.1,0.7,38,dkw,1.0,1.0,1.0,0.0,0.0,0.0,0.0,0.01411046845380189,0.11894881676848862,0.24815707169605122,0.3002389120850591
identical,100,400,4.0,0.1,0.7,39,cp,1.0,1.0,1.0,0.0,0.0,0.0,0.0,0.005258702989296005,0.03534704351145479,0.2136994854455,0.22475262600446566
identical,100,400,4.0,0.1,0.7,39,dkw,1.0,1.0,1.0,0.0,0.0,0.0,0.0,0.012718654309510196,0.11894881676848862,0.2456076941011667,0.30518155209335435
identical,100,400,4.0,0.1,0.7,40,cp,0.0,0.0,1.0,0.0,0.0,0.0,0.0,0.002965977553251249,0.027737801106930804,0.22275420484690614,0.2300931186359736
identical,100,400,4.0,0.1,0.7,40,dkw,0.0,0.0,1.0,0.0,0.0,0.0,0.0,0.0073047094394695766,0.11894881676848862,0.263663218344977,0.31486508307130684
identical,100,400,4.0,0.1,0.7,41,cp,1.0,1.0,1.0,0.0,0.0,0.0,0.0,0.008801377700785023,0.03745964865303286,0.21969408470414784,0.24039135572512715
identical,100,400,4.0,0.1,0.7,41,dkw,1.0,1.0,1.0,0.0,0.0,0.0,0.0,0.013489108121013978,0.03745964865303286,0.2686600377866452,0.37969101101181113
identical,100,400,4.0,0.1,0.7,42,cp,1.0,1.0,1.0,0.0,0.0,0.0,0.0,0.002965977553251249,0.027737801106930804,0.2201780290233704,0.23125225542519012
identical,100,400,4.0,0.1,0.7,42,dkw,1.0,1.0,1.0,0.0,0.0,0.0,0.0,0.0073047094394695766,0.11894881676848862,0.2632441869863567,0.3196087292510484
identical,100,400,4.0,0.1,0.7,43,cp,1.0,1.0,1.0,0.0,0.0,0.0,0.0,0.004292835857068842,0.034795353607292356,0.21601206487160465,0.22453843847095523
identical,100,400,4.0,0.1,0.7,43,dkw,1.0,1.0,1.0,0.0,0.0,0.0,0.0,0.011026174902435988,0.11894881676848862,0.26628580752097325,0.3837890414301684
identical,100,400,4.0,0.1,0.7,44,cp,1.0,1.0,1.0,0.0,0.0,0.0,0.0,0.003721465462966411,0.029171318909726462,0.2098712894112552,0.23812377824301767
identical,100,400,4.0,0.1,0.7,44,dkw,1.0,1.0,1.0,0.0,0.0,0.0,0.0,0.007805459758026037,0.03534704351145479,0.25888859558787164,0.3557556369169584
identical,100,400,4.0,0.1,0.7,45,cp,1.0,1.0,1.0,0.0,0.0,0.0,0.0,0.0005369948409498315,0.00752253437012651,0.2171266674514594,0.2429820959946889
identical,100,400,4.0,0.1,0.7,45,dkw,1.0,1.0,1.0,0.0,0.0,0.0,0.0,0.004292835857068842,0.034795353607292356,0.2697960654655471,0.39322299355318957
identical,100,400,4.0,0.1,0.7,46,cp,1.0,1.0,1.0,0.0,0.0,0.0,0.0,0.004168351083124802,0.029171318909726462,0.21079007543444633,0.26246872048809833
identical,100,400,4.0,0.1,0.7,46,dkw,1.0,1.0,1.0,0.0,0.0,0.0,0.0,0.009475871568933748,0.04176029527269276,0.2637931788380525,0.3986602037531971
identical,100,400,4.0,0.1,0.7,47,cp,1.0,1.0,1.0,0.0,0.0,0.0,0.0,0.005431099031099787,0.038257395432914176,0.21783750990670137,0.25112343619010347
identical,100,400,4.0,0.1,0.7,47,dkw,1.0,1.0,1.0,0.0,0.0,0.0,0.0,0.0008276810997358197,0.012015906562907963,0.26200819446575657,0.3577297772103334
identical,100,400,4.0,0.1,0.7,48,cp,1.0,1.0,1.0,0.0,0.0,0.0,0.0,0.0035832657949441816,0.034795353607292356,0.2087205419935051,0.2174287079878201
identical,100,400,4.0,0.1,0.7,48,dkw,1.0,1.0,1.0,0.0,0.0,0.0,0.0,0.00985932214604693,0.11894881676848862,0.25741258315771604,0.3196087292510484
identical,100,400,4.0,0.1,0.7,49,cp,1.0,1.0,1.0,0.0,0.0,0.0,0.0,0.005718272340265278,0.03534704351145479,0.21075935076789512,0.24546510782029984
identical,100,400,4.0,0.1,0.7,49,dkw,1.0,1.0,1.0,0.0,0.0,0.0,0.0,0.010013856846597485,0.04824498554888579,0.2635561693836983,0.3902069492710629
identical,100,400,4.0,0.1,0.7,50,cp,1.0,1.0,1.0,0.0,0.0,0.0,0.0,0.006072120477063243,0.029171318909726462,0.21261492748788202,0.274650713501417
identical,100,400,4.0,0.1,0.7,50,dkw,1.0,1.0,1.0,0.0,0.0,0.0,0.0,0.009182444056446136,0.04824498554888579,0.2668982017502122,0.39389306364686305
identical,100,400,4.0,0.1,0.7,51,cp,1.0,1.0,1.0,0.0,0.0,0.0,0.0,0.004168351083124802,0.029171318909726462,0.21242166815671204,0.23058469599884046
identical,100,400,4.0,0.1,0.7,51,dkw,1.0,1.0,1.0,0.0,0.0,0.0,0.0,0.01411046845380189,0.11894881676848862,0.2584693033038109,0.33795962038498356
identical,100,400,4.0,0.1,0.7,52,cp,1.0,1.0,1.0,0.0,0.0,0.0,0.0,0.0032857140603468602,0.021275750896970425,0.21691635255138894,0.2594540677869662
identical,100,400,4.0,0.1,0.7,52,dkw,1.0,1.0,1.0,0.0,0.0,0.0,0.0,0.003927038222681003,0.034795353607292356,0.2748611644450671,0.41070258446251495
identical,100,400,4.0,0.1,0.7,53,cp,1.0,1.0,1.0,0.0,0.0,0.0,0.0,0.0005366500692814036,0.005908375527378662,0.22124798052560432,0.25022075212781425
identical,100,400,4.0,0.1,0.7,53,dkw,1.0,1.0,1.0,0.0,0.0,0.0,0.0,0.0013910360905831087,0.020785319753783726,0.25895046114140025,0.32412115702820393
identical,100,400,4.0,0.1,0.7,54,cp,1.0,1.0,1.0,0.0,0.0,0.0,0.0,0.0015806413226450112,0.020785319753783726,0.21043307285343396,0.2478446885096265
identical,100,400,4.0,0.1,0.7,54,dkw,1.0,1.0,1.0,0.0,0.0,0.0,0.0,0.002670112554601434,0.034795353607292356,0.275227010926347,0.4219137931242928
identical,100,400,4.0,0.1,0.7,55,cp,1.0,1.0,1.0,0.0,0.0,0.0,0.0,0.000189363677111527,0.003083894646785046,0.21958795176630758,0.23162588099334513
identical,100,400,4.0,0.1,0.7,55,dkw,1.0,1.0,1.0,0.0,0.0,0.0,0.0,0.006025632975451251,0.11894881676848862,0.25703611825352657,0.32890639266088134
identical,100,400,4.0,0.1,0.7,56,cp,1.0,1.0,1.0,0.0,0.0,0.0,0.0,0.006344252271442534,0.038257395432914176,0.2166640234415259,0.23940197807480867
identical,100,400,4.0,0.1,0.7,56,dkw,1.0,1.0,1.0,0.0,0.0,0.0,0.0,0.003269556126039803,0.023297235102748615,0.25498045364575056,0.35176870256088233
identical,100,400,4.0,0.1,0.7,57,cp,1.0,1.0,1.0,0.0,0.0,0.0,0.0,0.005140379290570593,0.02682646462440441,0.217766249594999,0.24391389266877272
identical,100,400,4.0,0.1,0.7,57,dkw,1.0,1.0,1.0,0.0,0.0,0.0,0.0,0.004168351083124802,0.029171318909726462,0.250046033341178,0.32540711782952925
identical,100,400,4.0,0.1,0.7,58,cp,1.0,1.0,1.0,0.0,0.0,0.0,0.0,0.000824878670407081,0.009979499305010187,0.22118213642809614,0.2503291333925075
identical,100,400,4.0,0.1,0.7,58,dkw,1.0,1.0,1.0,0.0,0.0,0.0,0.0,0.002736120445841559,0.034795353607292356,0.2721739407001971,0.35358336577510674
identical,100,400,4.0,0.1,0.7,59,cp,1.0,1.0,1.0,0.0,0.0,0.0,0.0,0.004659772057983296,0.02645357200348475,0.21694611671663644,0.2311676079172309
identical,100,400,4.0,0.1,0.7,59,dkw,1.0,1.0,1.0,0.0,0.0,0.0,0.0,0.01137260623749784,0.11894881676848862,0.26237713674269714,0.3334629476302942
identical,100,400,4.0,0.1,0.7,60,cp,1.0,1.0,1.0,0.0,0.0,0.0,0.0,0.0034599100090727795,0.034795353607292356,0.20952784791621448,0.22733157326755993
identical,100,400,4.0,0.1,0.7,60,dkw,1.0,1.0,1.0,0.0,0.0,0.0,0.0,0.008927432741936985,0.11894881676848862,0.2572671742792587,0.32890639266088134
identical,100,400,4.0,0.1,0.7,61,cp,1.0,1.0,1.0,0.0,0.0,0.0,0.0,0.012801277889107872,0.0412196383236042,0.21185099966162468,0.2325741142912826
identical,100,400,4.0,0.1,0.7,61,dkw,1.0,1.0,1.0,0.0,0.0,0.0,0.0,0.006889352699585278,0.033747494697199065,0.2522690222618666,0.34594521029298697
identical,100,400,4.0,0.1,0.7,62,cp,1.0,1.0,1.0,0.0,0.0,0.0,0.0,0.0010365090262141497,0.012487854631607953,0.21294048003516422,0.23889027259641338
identical,100,400,4.0,0.1,0.7,62,dkw,1.0,1.0,1.0,0.0,0.0,0.0,0.0,0.0052247252611787864,0.034795353607292356,0.25418475011538555,0.3350796205262245
identical,100,400,4.0,0.1,0.7,63,cp,1.0,1.0,1.0,0.0,0.0,0.0,0.0,0.003584571334647695,0.020785319753783726,0.21762376366172964,0.23532126133706543
identical,100,400,4.0,0.1,0.7,63,dkw,1.0,1.0,1.0,0.0,0.0,0.0,0.0,0.008885742238077586,0.11894881676848862,0.2670112429796957,0.33905971168214444
identical,100,400,4.0,0.1,0.7,64,cp,1.0,1.0,1.0,0.0,0.0,0.0,0.0,0.003721465462966411,0.029171318909726462,0.2082755647774754,0.24792276784121925
identical,100,400,4.0,0.1,0.7,64,dkw,1.0,1.0,1.0,0.0,0.0,0.0,0.0,0.006413645613734342,0.03534704351145479,0.2587810781877665,0.35018014859692204
identical,100,400,4.0,0.1,0.7,65,cp,1.0,1.0,1.0,0.0,0.0,0.0,0.0,0.011780307157340823,0.045028271833033484,0.2148024639662906,0.23889027259641338
identical,100,400,4.0,0.1,0.7,65,dkw,1.0,1.0,1.0,0.0,0.0,0.0,0.0,0.014497149500975502,0.045028271833033484,0.2696746763724001,0.3630998441726347
identical,100,400,4.0,0.1,0.7,66,cp,1.0,1.0,1.0,0.0,0.0,0.0,0.0,0.004819067375292922,0.027737801106930804,0.2093940098664261,0.24282712742862067
identical,100,400,4.0,0.1,0.7,66,dkw,1.0,1.0,1.0,0.0,0.0,0.0,0.0,0.01244005664289418,0.11894881676848862,0.257095733855943,0.35110205291599456
identical,100,400,4.0,0.1,0.7,67,cp,1.0,1.0,1.0,0.0,0.0,0.0,0.0,0.00839144259300431,0.033747494697199065,0.21771521585459144,0.24280702844718072
identical,100,400,4.0,0.1,0.7,67,dkw,1.0,1.0,1.0,0.0,0.0,0.0,0.0,0.007485706048451712,0.030080267200025212,0.26012119490886376,0.3435865163059537
identical,100,400,4.0,0.1,0.7,68,cp,1.0,1.0,1.0,0.0,0.0,0.0,0.0,0.0020696089226257984,0.01773925155311651,0.21321092132128605,0.24274914418479343
identical,100,400,4.0,0.1,0.7,68,dkw,1.0,1.0,1.0,0.0,0.0,0.0,0.0,0.006391578017567845,0.034795353607292356,0.26280651814146677,0.35026719932924155
identical,100,400,4.0,0.1,0.7,69,cp,1.0,1.0,1.0,0.0,0.0,0.0,0.0,0.010168600314851966,0.04824498554888579,0.20871162077335176,0.22845395009864222
identical,100,400,4.0,0.1,0.7,69,dkw,1.0,1.0,1.0,0.0,0.0,0.0,0.0,0.01821713762043172,0.11894881676848862,0.2467425286816098,0.3196087292510484
identical,100,400,4.0,0.1,0.7,70,cp,1.0,1.0,1.0,0.0,0.0,0.0,0.0,0.0013600388605011383,0.012487854631607953,0.21569230998475702,0.2358617819945834
identical,100,400,4.0,0.1,0.7,70,dkw,1.0,1.0,1.0,0.0,0.0,0.0,0.0,0.011026174902435988,0.11894881676848862,0.26505245386685705,0.348870565067853
identical,100,400,4.0,0.1,0.7,71,cp,1.0,1.0,1.0,0.0,0.0,0.0,0.0,0.003264369644515308,0.019299247869079772,0.21748075735117212,0.22575396515616775
identical,100,400,4.0,0.1,0.7,71,dkw,1.0,1.0,1.0,0.0,0.0,0.0,0.0,0.009935803120089874,0.11894881676848862,0.2521372289772771,0.32428873708826406
identical,100,400,4.0,0.1,0.7,72,cp,1.0,1.0,1.0,0.0,0.0,0.0,0.0,0.005932409484591261,0.02286196311469213,0.20569010725119083,0.2459826972262259
identical,100,400,4.0,0.1,0.7,72,dkw,1.0,1.0,1.0,0.0,0.0,0.0,0.0,0.006693020379513426,0.034795353607292356,0.2677195917768889,0.3926380993229869
identical,100,400,4.0,0.1,0.7,73,cp,1.0,1.0,1.0,0.0,0.0,0.0,0.0,0.003803682436809601,0.034795353607292356,0.2143098454025683,0.21906241968954832
identical,100,400,4.0,0.1,0.7,73,dkw,1.0,1.0,1.0,0.0,0.0,0.0,0.0,0.0047856145565678965,0.04841287188756482,0.2723386973074076,0.361020696818025
identical,100,400,4.0,0.1,0.7,74,cp,1.0,1.0,1.0,0.0,0.0,0.0,0.0,0.0007809513107025756,0.012015906562907963,0.22253504158393067,0.24544406371064098
identical,100,400,4.0,0.1,0.7,74,dkw,1.0,1.0,1.0,0.0,0.0,0.0,0.0,0.001691937465388169,0.020785319753783726,0.2726294291297871,0.3863566364595802
identical,100,400,4.0,0.1,0.7,75,cp,1.0,1.0,1.0,0.0,0.0,0.0,0.0,0.005582232823582993,0.03534704351145479,0.21627684976606354,0.2269702590119137
identical,100,400,4.0,0.1,0.7,75,dkw,1.0,1.0,1.0,0.0,0.0,0.0,0.0,0.01604026787575732,0.11894881676848862,0.2566312446665508,0.32428873708826406
identical,100,400,4.0,0.1,0.7,76,cp,1.0,1.0,1.0,0.0,0.0,0.0,0.0,0.0013600388605011383,0.012487854631607953,0.21227685222437306,0.2538489846908568
identical,100,400,4.0,0.1,0.7,76,dkw,1.0,1.0,1.0,0.0,0.0,0.0,0.0,0.0052247252611787864,0.034795353607292356,0.27017663611959436,0.40734927954199945
identical,100,400,4.0,0.1,0.7,77,cp,1.0,1.0,1.0,0.0,0.0,0.0,0.0,0.008549685400332643,0.03480856562251533,0.21934531274225633,0.23326447833666408
identical,100,400,4.0,0.1,0.7,77,dkw,1.0,1.0,1.0,0.0,0.0,0.0,0.0,0.00970462802477098,0.03480856562251533,0.26179427672914596,0.3417752143501834
identical,100,400,4.0,0.1,0.7,78,cp,1.0,1.0,1.0,0.0,0.0,0.0,0.0,0.0022142308835527437,0.01994411448886535,0.21983100966610367,0.24697562483122104
identical,100,400,4.0,0.1,0.7,78,dkw,1.0,1.0,1.0,0.0,0.0,0.0,0.0,0.0005128935113985156,0.008088245857174714,0.266292957734441,0.3542232234668392
identical,100,400,4.0,0.1,0.7,79,cp,1.0,1.0,1.0,0.0,0.0,0.0,0.0,0.0005369948409498315,0.00752253437012651,0.2153087309142477,0.2478446885096265
identical,100,400,4.0,0.1,0.7,79,dkw,1.0,1.0,1.0,0.0,0.0,0.0,0.0,0.004292835857068842,0.034795353607292356,0.2694386591833556,0.3768390609667426
identical,100,400,4.0,0.1,0.7,80,cp,1.0,1.0,1.0,0.0,0.0,0.0,0.0,0.009516286052971492,0.047497503698612165,0.22319534847825204,0.24954049163459846
identical,100,400,4.0,0.1,0.7,80,dkw,1.0,1.0,1.0,0.0,0.0,0.0,0.0,0.005488997270465137,0.02682646462440441,0.26265974551713556,0.3435086980895091
identical,100,400,4.0,0.1,0.7,81,cp,1.0,1.0,1.0,0.0,0.0,0.0,0.0,0.009696739287007254,0.034795353607292356,0.21791087601967046,0.22834045478873743
identical,100,400,4.0,0.1,0.7,81,dkw,1.0,1.0,1.0,0.0,0.0,0.0,0.0,0.009397680966593209,0.04841287188756482,0.2765664312631808,0.40049180447834876
identical,100,400,4.0,0.1,0.7,82,cp,1.0,1.0,1.0,0.0,0.0,0.0,0.0,0.003844821248837813,0.029171318909726462,0.20972989914049517,0.23889027259641338
identical,100,400,4.0,0.1,0.7,82,dkw,1.0,1.0,1.0,0.0,0.0,0.0,0.0,0.009475871568933748,0.04176029527269276,0.25623413291987357,0.3350796205262245
identical,100,400,4.0,0.1,0.7,83,cp,1.0,1.0,1.0,0.0,0.0,0.0,0.0,0.004303152062379585,0.02286196311469213,0.2192042172863062,0.2387412636568672
identical,100,400,4.0,0.1,0.7,83,dkw,1.0,1.0,1.0,0.0,0.0,0.0,0.0,0.004910377587699264,0.034795353607292356,0.273057119853977,0.37205791540252287
identical,100,400,4.0,0.1,0.7,84,cp,1.0,1.0,1.0,0.0,0.0,0.0,0.0,0.004252397898275193,0.024794299588397184,0.20802298081100787,0.25112343619010347
identical,100,400,4.0,0.1,0.7,84,dkw,1.0,1.0,1.0,0.0,0.0,0.0,0.0,0.004632822813303532,0.034795353607292356,0.27502323802739476,0.40431728705384884
identical,100,400,4.0,0.1,0.7,85,cp,1.0,1.0,1.0,0.0,0.0,0.0,0.0,0.0014572855367736093,0.020785319753783726,0.21565838395221973,0.23889027259641338
identical,100,400,4.0,0.1,0.7,85,dkw,1.0,1.0,1.0,0.0,0.0,0.0,0.0,0.004483271644232625,0.04841287188756482,0.2772071197798255,0.41354279212144596
identical,100,400,4.0,0.1,0.7,86,cp,1.0,1.0,1.0,0.0,0.0,0.0,0.0,0.0011474603972888796,0.012487854631607953,0.21033223699808035,0.27133813367206694
identical,100,400,4.0,0.1,0.7,86,dkw,1.0,1.0,1.0,0.0,0.0,0.0,0.0,0.003832911116887092,0.023297235102748615,0.2636357487548809,0.3973024418572426
identical,100,400,4.0,0.1,0.7,87,cp,1.0,1.0,1.0,0.0,0.0,0.0,0.0,0.0012676803047117068,0.020785319753783726,0.21786148730247842,0.2314794671477144
identical,100,400,4.0,0.1,0.7,87,dkw,1.0,1.0,1.0,0.0,0.0,0.0,0.0,0.008927432741936985,0.11894881676848862,0.27293082772850646,0.3972779483061882
identical,100,400,4.0,0.1,0.7,88,cp,1.0,1.0,1.0,0.0,0.0,0.0,0.0,0.007922441768840596,0.02645357200348475,0.20533776534384884,0.22331790667498408
identical,100,400,4.0,0.1,0.7,88,dkw,1.0,1.0,1.0,0.0,0.0,0.0,0.0,0.015594800200579694,0.11894881676848862,0.25137350803696795,0.34239759713883827
identical,100,400,4.0,0.1,0.7,89,cp,1.0,1.0,1.0,0.0,0.0,0.0,0.0,0.006608674408905233,0.02682646462440441,0.21594267980278078,0.23498773354359648
identical,100,400,4.0,0.1,0.7,89,dkw,1.0,1.0,1.0,0.0,0.0,0.0,0.0,0.007878013186358213,0.04176029527269276,0.2550707950188524,0.3544467022472413
identical,100,400,4.0,0.1,0.7,90,cp,1.0,1.0,1.0,0.0,0.0,0.0,0.0,0.008581047825066213,0.033747494697199065,0.22075207348693454,0.2561427751055658
identical,100,400,4.0,0.1,0.7,90,dkw,1.0,1.0,1.0,0.0,0.0,0.0,0.0,0.005975720426257674,0.030080267200025212,0.26355065789800863,0.32281195651975236
identical,100,400,4.0,0.1,0.7,91,cp,1.0,1.0,1.0,0.0,0.0,0.0,0.0,0.007037884350809978,0.04841287188756482,0.2105719187414433,0.2230148457032355
identical,100,400,4.0,0.1,0.7,91,dkw,1.0,1.0,1.0,0.0,0.0,0.0,0.0,0.009618618847657228,0.04841287188756482,0.2673432121651387,0.397964815197431
identical,100,400,4.0,0.1,0.7,92,cp,1.0,1.0,1.0,0.0,0.0,0.0,0.0,0.004326448293597979,0.021275750896970425,0.22162545427110394,0.26564532420620024
identical,100,400,4.0,0.1,0.7,92,dkw,1.0,1.0,1.0,0.0,0.0,0.0,0.0,0.0011484085046940696,0.009979499305010187,0.278411637547701,0.39716285172984844
identical,100,400,4.0,0.1,0.7,93,cp,1.0,1.0,1.0,0.0,0.0,0.0,0.0,0.003844821248837813,0.029171318909726462,0.21146530717906445,0.2545686442110445
identical,100,400,4.0,0.1,0.7,93,dkw,1.0,1.0,1.0,0.0,0.0,0.0,0.0,0.009475871568933748,0.04176029527269276,0.2660432873843387,0.3964474829383585
identical,100,400,4.0,0.1,0.7,94,cp,1.0,1.0,1.0,0.0,0.0,0.0,0.0,0.0005128935113985156,0.008088245857174714,0.21369942675865722,0.24759729888115656
identical,100,400,4.0,0.1,0.7,94,dkw,1.0,1.0,1.0,0.0,0.0,0.0,0.0,0.002782850234874803,0.034795353607292356,0.26972640246189133,0.3634448283767122
identical,100,400,4.0,0.1,0.7,95,cp,1.0,1.0,1.0,0.0,0.0,0.0,0.0,0.0007809513107025756,0.012015906562907963,0.2157054570532231,0.2460391331160534
identical,100,400,4.0,0.1,0.7,95,dkw,1.0,1.0,1.0,0.0,0.0,0.0,0.0,0.0005596233004317596,0.008088245857174714,0.2622791620005507,0.3516365702255866
identical,100,400,4.0,0.1,0.7,96,cp,1.0,1.0,1.0,0.0,0.0,0.0,0.0,0.002027918418766399,0.015758702581371797,0.2128704012840854,0.23383322732026535
identical,100,400,4.0,0.1,0.7,96,dkw,1.0,1.0,1.0,0.0,0.0,0.0,0.0,0.003931883774838725,0.034795353607292356,0.26123974517154325,0.3375837088675519
identical,100,400,4.0,0.1,0.7,97,cp,1.0,1.0,1.0,0.0,0.0,0.0,0.0,0.0033755640384645867,0.02682646462440441,0.21624739282941646,0.26889292010360455
identical,100,400,4.0,0.1,0.7,97,dkw,1.0,1.0,1.0,0.0,0.0,0.0,0.0,0.003001498326735743,0.023297235102748615,0.2684408370508074,0.39033988469585457
identical,100,400,4.0,0.1,0.7,98,cp,1.0,1.0,1.0,0.0,0.0,0.0,0.0,0.003844821248837813,0.029171318909726462,0.20930797662572345,0.24655797155842962
identical,100,400,4.0,0.1,0.7,98,dkw,1.0,1.0,1.0,0.0,0.0,0.0,0.0,0.006413645613734342,0.03534704351145479,0.2602776045317185,0.3449266937992784
identical,100,400,4.0,0.1,0.7,99,cp,1.0,1.0,1.0,0.0,0.0,0.0,0.0,0.006210508738717144,0.027737801106930804,0.21727509908786277,0.22845395009864222
identical,100,400,4.0,0.1,0.7,99,dkw,1.0,1.0,1.0,0.0,0.0,0.0,0.0,0.013266439935533818,0.11894881676848862,0.2524268141015416,0.3100564768634613
identical,100,400,4.0,0.1,0.7,100,cp,1.0,1.0,1.0,0.0,0.0,0.0,0.0,0.008263889038504089,0.04176029527269276,0.21035686078758364,0.24123782464728938
identical,100,400,4.0,0.1,0.7,100,dkw,1.0,1.0,1.0,0.0,0.0,0.0,0.0,0.011405670990889178,0.04824498554888579,0.25460723078803355,0.3333715990108718
identical,100,400,4.0,0.1,0.7,101,cp,1.0,1.0,1.0,0.0,0.0,0.0,0.0,0.0010172863317977222,0.012015906562907963,0.22105521002653275,0.2478446885096265
identical,100,400,4.0,0.1,0.7,101,dkw,1.0,1.0,1.0,0.0,0.0,0.0,0.0,0.0013910360905831087,0.020785319753783726,0.2679937685506085,0.340832069828359
identical,100,400,4.0,0.1,0.7,102,cp,1.0,1.0,1.0,0.0,0.0,0.0,0.0,0.005814238006688916,0.034795353607292356,0.21076797992660062,0.22006138995018287
identical,100,400,4.0,0.1,0.7,102,dkw,1.0,1.0,1.0,0.0,0.0,0.0,0.0,0.0120821762996225,0.11894881676848862,0.25130591980204686,0.29522712067284523
identical,100,400,4.0,0.1,0.7,103,cp,1.0,1.0,1.0,0.0,0.0,0.0,0.0,0.0027889198635234844,0.023297235102748615,0.22085087297399714,0.26105461184656387
identical,100,400,4.0,0.1,0.7,103,dkw,1.0,1.0,1.0,0.0,0.0,0.0,0.0,0.009475871568933748,0.04176029527269276,0.26475199539987193,0.37467512124595037
identical,100,400,4.0,0.1,0.7,104,cp,1.0,1.0,1.0,0.0,0.0,0.0,0.0,0.008084057424642053,0.04176029527269276,0.2054033607597023,0.24365116549389043
identical,100,400,4.0,0.1,0.7,104,dkw,1.0,1.0,1.0,0.0,0.0,0.0,0.0,0.013218830080520369,0.04841287188756482,0.26303772340768505,0.40429038293331016
identical,100,400,4.0,0.1,0.7,105,cp,1.0,1.0,1.0,0.0,0.0,0.0,0.0,0.003515915507528522,0.023297235102748615,0.21722932574976922,0.23967045647055685
identical,100,400,4.0,0.1,0.7,105,dkw,1.0,1.0,1.0,0.0,0.0,0.0,0.0,0.00815407773792058,0.03534704351145479,0.2672020373041693,0.3853711996398231
identical,100,400,4.0,0.1,0.7,106,cp,1.0,1.0,1.0,0.0,0.0,0.0,0.0,0.0027889198635234844,0.023297235102748615,0.2178630275050442,0.23350318751131804
identical,100,400,4.0,0.1,0.7,106,dkw,1.0,1.0,1.0,0.0,0.0,0.0,0.0,0.011048242498602485,0.11894881676848862,0.2510724905786718,0.31486508307130684
identical,100,400,4.0,0.1,0.7,107,cp,1.0,1.0,1.0,0.0,0.0,0.0,0.0,0.0025467567687300317,0.034795353607292356,0.21578160284211265,0.22479367673727724
identical,100,400,4.0,0.1,0.7,107,dkw,1.0,1.0,1.0,0.0,0.0,0.0,0.0,0.007718348494548007,0.11894881676848862,0.26487003605381365,0.3302102352724212
identical,100,400,4.0,0.1,0.7,108,cp,1.0,1.0,1.0,0.0,0.0,0.0,0.0,0.008801377700785023,0.03745964865303286,0.21548262652778163,0.24613665754808278
identical,100,400,4.0,0.1,0.7,108,dkw,1.0,1.0,1.0,0.0,0.0,0.0,0.0,0.013489108121013978,0.03745964865303286,0.2628384690196899,0.3786421106347505
identical,100,400,4.0,0.1,0.7,109,cp,1.0,1.0,1.0,0.0,0.0,0.0,0.0,0.0015231510993556619,0.027737801106930804,0.2150252657424417,0.23651677121975911
identical,100,400,4.0,0.1,0.7,109,dkw,1.0,1.0,1.0,0.0,0.0,0.0,0.0,0.002901021712777148,0.020785319753783726,0.2595489863685669,0.3462490021712927
identical,100,400,4.0,0.1,0.7,110,cp,1.0,1.0,1.0,0.0,0.0,0.0,0.0,0.0033908370238302865,0.02286196311469213,0.21832567406996503,0.25661296955430424
identical,100,400,4.0,0.1,0.7,110,dkw,1.0,1.0,1.0,0.0,0.0,0.0,0.0,0.005823530828042012,0.034795353607292356,0.26978349249573147,0.39283565263332987
identical,100,400,4.0,0.1,0.7,111,cp,1.0,1.0,1.0,0.0,0.0,0.0,0.0,0.00719456299274845,0.024794299588397184,0.21889264742711756,0.23383322732026535
identical,100,400,4.0,0.1,0.7,111,dkw,1.0,1.0,1.0,0.0,0.0,0.0,0.0,0.00724678226257617,0.02286196311469213,0.25809002551480564,0.3375837088675519
identical,100,400,4.0,0.1,0.7,112,cp,1.0,1.0,1.0,0.0,0.0,0.0,0.0,0.004067320705594417,0.023297235102748615,0.21687948027509152,0.24791105625067855
identical,100,400,4.0,0.1,0.7,112,dkw,1.0,1.0,1.0,0.0,0.0,0.0,0.0,0.005582232823582993,0.03534704351145479,0.25337581872134146,0.32118850704121044
identical,100,400,4.0,0.1,0.7,113,cp,1.0,1.0,1.0,0.0,0.0,0.0,0.0,0.009844466859860481,0.034795353607292356,0.21420363859655386,0.24177625672589187
identical,100,400,4.0,0.1,0.7,113,dkw,1.0,1.0,1.0,0.0,0.0,0.0,0.0,0.011657625949491672,0.04841287188756482,0.27164908344912464,0.40910979297969163
identical,100,400,4.0,0.1,0.7,114,cp,1.0,1.0,1.0,0.0,0.0,0.0,0.0,0.003667637069084031,0.02286196311469213,0.2161548435050414,0.24544406371064098
identical,100,400,4.0,0.1,0.7,114,dkw,1.0,1.0,1.0,0.0,0.0,0.0,0.0,0.0045520467280145025,0.034795353607292356,0.2709240911688006,0.40099515579663547
identical,100,400,4.0,0.1,0.7,115,cp,1.0,1.0,1.0,0.0,0.0,0.0,0.0,0.004725779949223421,0.02645357200348475,0.22359509277037312,0.24903804298996268
identical,100,400,4.0,0.1,0.7,115,dkw,1.0,1.0,1.0,0.0,0.0,0.0,0.0,0.01243074911763723,0.11894881676848862,0.2697133397992834,0.37592088215011704
identical,100,400,4.0,0.1,0.7,116,cp,1.0,1.0,1.0,0.0,0.0,0.0,0.0,0.0013802814539509711,0.013885069588597254,0.21465012863138738,0.2422848087207531
identical,100,400,4.0,0.1,0.7,116,dkw,1.0,1.0,1.0,0.0,0.0,0.0,0.0,0.0015806413226450112,0.020785319753783726,0.26216830518481316,0.3503971948287887
identical,100,400,4.0,0.1,0.7,117,cp,1.0,1.0,1.0,0.0,0.0,0.0,0.0,0.004391426632315252,0.02286196311469213,0.21744944631908442,0.23350318751131804
identical,100,400,4.0,0.1,0.7,117,dkw,1.0,1.0,1.0,0.0,0.0,0.0,0.0,0.014180918460121504,0.11894881676848862,0.26208039113238724,0.3321667966746351
identical,100,400,4.0,0.1,0.7,118,cp,1.0,1.0,1.0,0.0,0.0,0.0,0.0,0.010048919939129446,0.034795353607292356,0.2225964310645753,0.22684297550365295
identical,100,400,4.0,0.1,0.7,118,dkw,1.0,1.0,1.0,0.0,0.0,0.0,0.0,0.01272080656529549,0.11894881676848862,0.2714416397496115,0.3719133006952929
identical,100,400,4.0,0.1,0.7,119,cp,1.0,1.0,1.0,0.0,0.0,0.0,0.0,0.0012848326352381577,0.012233225879630605,0.2197615909888549,0.24613665754808278
identical,100,400,4.0,0.1,0.7,119,dkw,1.0,1.0,1.0,0.0,0.0,0.0,0.0,0.003931883774838725,0.034795353607292356,0.2714257539717925,0.39381529493848644
identical,100,400,4.0,0.1,0.7,120,cp,1.0,1.0,1.0,0.0,0.0,0.0,0.0,0.0070505279419176324,0.03534704351145479,0.21311608997518447,0.22826356655538016
identical,100,400,4.0,0.1,0.7,120,dkw,1.0,1.0,1.0,0.0,0.0,0.0,0.0,0.01750856299409196,0.11894881676848862,0.2571237987673609,0.32890639266088134
identical,100,400,4.0,0.1,0.7,121,cp,1.0,1.0,1.0,0.0,0.0,0.0,0.0,0.0015806413226450112,0.020785319753783726,0.21723598492061577,0.2357829967865741
identical,100,400,4.0,0.1,0.7,121,dkw,1.0,1.0,1.0,0.0,0.0,0.0,0.0,0.004483271644232625,0.04841287188756482,0.27632621622258047,0.40917239728367205
identical,100,400,4.0,0.1,0.7,122,cp,1.0,1.0,1.0,0.0,0.0,0.0,0.0,0.0021914516506524873,0.020785319753783726,0.21667717962972324,0.22762589461188654
identical,100,400,4.0,0.1,0.7,122,dkw,1.0,1.0,1.0,0.0,0.0,0.0,0.0,0.011026174902435988,0.11894881676848862,0.2677462335921233,0.3837890414301684
identical,100,400,4.0,0.1,0.7,123,cp,0.0,1.0,1.0,0.0,0.0,0.0,0.0,0.005523526516250627,0.03287591574474946,0.21864889091746914,0.24158098380478965
identical,100,400,4.0,0.1,0.7,123,dkw,1.0,1.0,1.0,0.0,0.0,0.0,0.0,0.005258702989296005,0.03534704351145479,0.25437059026838993,0.3408030682876769
identical,100,400,4.0,0.1,0.7,124,cp,1.0,1.0,1.0,0.0,0.0,0.0,0.0,0.00174607908833881,0.01773925155311651,0.20738071379893874,0.25461628459639407
identical,100,400,4.0,0.1,0.7,124,dkw,1.0,1.0,1.0,0.0,0.0,0.0,0.0,0.0052247252611787864,0.034795353607292356,0.2675308339536093,0.3870949467744801
identical,100,400,4.0,0.1,0.7,125,cp,1.0,1.0,1.0,0.0,0.0,0.0,0.0,0.00420958245421688,0.034795353607292356,0.21787974692915063,0.22422551711506955
identical,100,400,4.0,0.1,0.7,125,dkw,1.0,1.0,1.0,0.0,0.0,0.0,0.0,0.005321218659312392,0.04841287188756482,0.2724052162392356,0.3978528327808936
identical,100,400,4.0,0.1,0.7,126,cp,1.0,1.0,1.0,0.0,0.0,0.0,0.0,0.008858914222159146,0.04824498554888579,0.20961273828745763,0.22765329864988515
identical,100,400,4.0,0.1,0.7,126,dkw,1.0,1.0,1.0,0.0,0.0,0.0,0.0,0.020594996995055192,0.11894881676848862,0.24844340940972734,0.31267932712593116
identical,100,400,4.0,0.1,0.7,127,cp,1.0,1.0,1.0,0.0,0.0,0.0,0.0,0.004441214864277603,0.027737801106930804,0.21631051273330018,0.2546220788692044
identical,100,400,4.0,0.1,0.7,127,dkw,1.0,1.0,1.0,0.0,0.0,0.0,0.0,0.0036313011236809387,0.020785319753783726,0.2639793314908421,0.347582358130195
identical,100,400,4.0,0.1,0.7,128,cp,1.0,1.0,1.0,0.0,0.0,0.0,0.0,0.002651774475233366,0.02682646462440441,0.21933433312397674,0.2626080643664984
identical,100,400,4.0,0.1,0.7,128,dkw,1.0,1.0,1.0,0.0,0.0,0.0,0.0,0.0002360934661447711,0.003083894646785046,0.2745033387306762,0.39548994965753304
identical,100,400,4.0,0.1,0.7,129,cp,1.0,1.0,1.0,0.0,0.0,0.0,0.0,0.00174607908833881,0.01773925155311651,0.2111113920074223,0.23599640862531224
identical,100,400,4.0,0.1,0.7,129,dkw,1.0,1.0,1.0,0.0,0.0,0.0,0.0,0.006391578017567845,0.034795353607292356,0.25367460197622804,0.33634104560449696
identical,100,400,4.0,0.1,0.7,130,cp,1.0,1.0,1.0,0.0,0.0,0.0,0.0,0.005488544686363541,0.034795353607292356,0.20612744087745827,0.22691646415756372
identical,100,400,4.0,0.1,0.7,130,dkw,1.0,1.0,1.0,0.0,0.0,0.0,0.0,0.006253909674902536,0.04841287188756482,0.2711288122814425,0.37793325016366575
identical,100,400,4.0,0.1,0.7,131,cp,1.0,1.0,1.0,0.0,0.0,0.0,0.0,0.014947932714064516,0.04888337594135195,0.207760083595946,0.23864422469747426
identical,100,400,4.0,0.1,0.7,131,dkw,1.0,1.0,1.0,0.0,0.0,0.0,0.0,0.01631030859060669,0.04841287188756482,0.268912237969988,0.40389444830345217
identical,100,400,4.0,0.1,0.7,132,cp,1.0,1.0,1.0,0.0,0.0,0.0,0.0,0.004081059778304796,0.034795353607292356,0.22029570040247531,0.2254018363822663
identical,100,400,4.0,0.1,0.7,132,dkw,1.0,1.0,1.0,0.0,0.0,0.0,0.0,0.006864720002910012,0.04841287188756482,0.26912506689924265,0.38368649223779094
identical,100,400,4.0,0.1,0.7,133,cp,1.0,1.0,1.0,0.0,0.0,0.0,0.0,0.010190729913930685,0.03745964865303286,0.21741545654620112,0.24550643365738756
identical,100,400,4.0,0.1,0.7,133,dkw,1.0,1.0,1.0,0.0,0.0,0.0,0.0,0.00976749524044962,0.033747494697199065,0.2577230767767129,0.31819901239212806
identical,100,400,4.0,0.1,0.7,134,cp,1.0,1.0,1.0,0.0,0.0,0.0,0.0,0.006499126530813993,0.02645357200348475,0.22224039191694242,0.23054152301349262
identical,100,400,4.0,0.1,0.7,134,dkw,1.0,1.0,1.0,0.0,0.0,0.0,0.0,0.011583603768534607,0.11894881676848862,0.2636195353550194,0.31486508307130684
identical,100,400,4.0,0.1,0.7,135,cp,1.0,1.0,1.0,0.0,0.0,0.0,0.0,0.0030557651810316287,0.027737801106930804,0.21819563589012358,0.23809039276136768
identical,100,400,4.0,0.1,0.7,135,dkw,1.0,1.0,1.0,0.0,0.0,0.0,0.0,0.01244005664289418,0.11894881676848862,0.2677773816940354,0.3876514292316951
identical,100,400,4.0,0.1,0.7,136,cp,1.0,1.0,1.0,0.0,0.0,0.0,0.0,0.002462410798121839,0.02682646462440441,0.21798909133328945,0.24792276784121925
identical,100,400,4.0,0.1,0.7,136,dkw,1.0,1.0,1.0,0.0,0.0,0.0,0.0,0.0005369948409498315,0.00752253437012651,0.2617964821419368,0.3625045199701704
identical,100,400,4.0,0.1,0.7,137,cp,1.0,1.0,1.0,0.0,0.0,0.0,0.0,0.007296638047504769,0.034795353607292356,0.20800967363191192,0.21912947377495395
identical,100,400,4.0,0.1,0.7,137,dkw,1.0,1.0,1.0,0.0,0.0,0.0,0.0,0.011167697775034815,0.11894881676848862,0.2549680016747711,0.3196087292510484
identical,100,400,4.0,0.1,0.7,138,cp,1.0,1.0,1.0,0.0,0.0,0.0,0.0,0.0012676803047117068,0.020785319753783726,0.21356694281181898,0.24018889188864523
identical,100,400,4.0,0.1,0.7,138,dkw,1.0,1.0,1.0,0.0,0.0,0.0,0.0,0.0053964248845753725,0.04841287188756482,0.27108087276192006,0.38668092973437257
identical,100,400,4.0,0.1,0.7,139,cp,1.0,1.0,1.0,0.0,0.0,0.0,0.0,0.0011474603972888796,0.012487854631607953,0.2197855889455975,0.2327736054294245
identical,100,400,4.0,0.1,0.7,139,dkw,1.0,1.0,1.0,0.0,0.0,0.0,0.0,0.009634360758144294,0.11894881676848862,0.2642279633362719,0.33873906659463504
identical,100,400,4.0,0.1,0.7,140,cp,1.0,1.0,1.0,0.0,0.0,0.0,0.0,0.0013910360905831087,0.020785319753783726,0.21799634978728658,0.2358617819945834
identical,100,400,4.0,0.1,0.7,140,dkw,1.0,1.0,1.0,0.0,0.0,0.0,0.0,0.008217862679812324,0.11894881676848862,0.2689482496018902,0.3523115265573847
identical,100,400,4.0,0.1,0.7,141,cp,1.0,1.0,1.0,0.0,0.0,0.0,0.0,0.002965977553251249,0.027737801106930804,0.21487691083645785,0.22242432715450855
identical,100,400,4.0,0.1,0.7,141,dkw,1.0,1.0,1.0,0.0,0.0,0.0,0.0,0.00454927953547275,0.04841287188756482,0.2744249162546389,0.38439045850236636
identical,100,400,4.0,0.1,0.7,142,cp,1.0,1.0,1.0,0.0,0.0,0.0,0.0,0.0010250527188226677,0.009979499305010187,0.21328597320265405,0.24123782464728938
identical,100,400,4.0,0.1,0.7,142,dkw,1.0,1.0,1.0,0.0,0.0,0.0,0.0,0.002736120445841559,0.034795353607292356,0.26332264349650275,0.3476878074918479
identical,100,400,4.0,0.1,0.7,143,cp,1.0,1.0,1.0,0.0,0.0,0.0,0.0,0.006391278862110043,0.02682646462440441,0.21766983108471546,0.25069249957744555
identical,100,400,4.0,0.1,0.7,143,dkw,1.0,1.0,1.0,0.0,0.0,0.0,0.0,0.0020860660445735004,0.017644614765563227,0.2723202668302379,0.3664742680663653
identical,100,400,4.0,0.1,0.7,144,cp,1.0,1.0,1.0,0.0,0.0,0.0,0.0,0.0033441072347970423,0.02286196311469213,0.22024218653906147,0.23864422469747426
identical,100,400,4.0,0.1,0.7,144,dkw,1.0,1.0,1.0,0.0,0.0,0.0,0.0,0.009958613527645837,0.11894881676848862,0.25955744693246213,0.31486508307130684
identical,100,400,4.0,0.1,0.7,145,cp,1.0,1.0,1.0,0.0,0.0,0.0,0.0,0.005492410279615374,0.02286196311469213,0.20527636240235198,0.24332277140710534
identical,100,400,4.0,0.1,0.7,145,dkw,1.0,1.0,1.0,0.0,0.0,0.0,0.0,0.0038394453418155107,0.023297235102748615,0.25409711169467825,0.3530577431457862
identical,100,400,4.0,0.1,0.7,146,cp,1.0,1.0,1.0,0.0,0.0,0.0,0.0,0.007473512352564211,0.02645357200348475,0.22143825326523967,0.23481916483819643
identical,100,400,4.0,0.1,0.7,146,dkw,1.0,1.0,1.0,0.0,0.0,0.0,0.0,0.01468351682399759,0.11894881676848862,0.26864210533330046,0.3235657075977767
identical,100,400,4.0,0.1,0.7,147,cp,1.0,1.0,1.0,0.0,0.0,0.0,0.0,0.004193439228732356,0.029171318909726462,0.21865290680155752,0.23273100660251556
identical,100,400,4.0,0.1,0.7,147,dkw,1.0,1.0,1.0,0.0,0.0,0.0,0.0,0.01411046845380189,0.11894881676848862,0.25997479839604926,0.3412397699849691
identical,100,400,4.0,0.1,0.7,148,cp,1.0,1.0,1.0,0.0,0.0,0.0,0.0,0.022896540928968912,0.05153258447061271,0.21693002488664376,0.24395710448358177
identical,100,400,4.0,0.1,0.7,148,dkw,1.0,1.0,1.0,0.0,0.0,0.0,0.0,0.01518234230277184,0.04888337594135195,0.25939918968792125,0.34631922283047123
identical,100,400,4.0,0.1,0.7,149,cp,1.0,1.0,1.0,0.0,0.0,0.0,0.0,0.0013910360905831087,0.020785319753783726,0.2128183540906503,0.25661296955430424
identical,100,400,4.0,0.1,0.7,149,dkw,1.0,1.0,1.0,0.0,0.0,0.0,0.0,0.006105994946700033,0.04841287188756482,0.2706265161165933,0.41342140043385145
identical,100,400,4.0,0.1,0.7,150,cp,1.0,1.0,1.0,0.0,0.0,0.0,0.0,0.0002360934661447711,0.003083894646785046,0.21779041797234036,0.2429820959946889
identical,100,400,4.0,0.1,0.7,150,dkw,1.0,1.0,1.0,0.0,0.0,0.0,0.0,0.004292835857068842,0.034795353607292356,0.2697124959003388,0.37097830948529376
identical,100,400,4.0,0.1,0.7,151,cp,1.0,1.0,1.0,0.0,0.0,0.0,0.0,0.010120848368809207,0.03745964865303286,0.21278044176567143,0.24546510782029984
identical,100,400,4.0,0.1,0.7,151,dkw,1.0,1.0,1.0,0.0,0.0,0.0,0.0,0.012885623859716065,0.0412196383236042,0.27358093949026213,0.40986997792437774
identical,100,400,4.0,0.1,0.7,152,cp,1.0,1.0,1.0,0.0,0.0,0.0,0.0,0.0013443063015498647,0.020785319753783726,0.21062144116869796,0.2545686442110445
identical,100,400,4.0,0.1,0.7,152,dkw,1.0,1.0,1.0,0.0,0.0,0.0,0.0,0.004596009324505994,0.04841287188756482,0.2750568913009788,0.42507807298649936
identical,100,400,4.0,0.1,0.7,153,cp,1.0,1.0,1.0,0.0,0.0,0.0,0.0,0.008512076002052687,0.033747494697199065,0.21497314253992827,0.24300328014307027
identical,100,400,4.0,0.1,0.7,153,dkw,1.0,1.0,1.0,0.0,0.0,0.0,0.0,0.017856153768720094,0.11894881676848862,0.2624107065002194,0.37592088215011704
identical,100,400,4.0,0.1,0.7,154,cp,1.0,1.0,1.0,0.0,0.0,0.0,0.0,0.0020680958647810855,0.020785319753783726,0.21449907603440369,0.2303014634722801
identical,100,400,4.0,0.1,0.7,154,dkw,1.0,1.0,1.0,0.0,0.0,0.0,0.0,0.00985932214604693,0.11894881676848862,0.2588830900011517,0.3334629476302942
identical,100,400,4.0,0.1,0.7,155,cp,1.0,1.0,1.0,0.0,0.0,0.0,0.0,0.005458877037711592,0.03534704351145479,0.2116616819881051,0.22241907108167402
identical,100,400,4.0,0.1,0.7,155,dkw,1.0,1.0,1.0,0.0,0.0,0.0,0.0,0.01604026787575732,0.11894881676848862,0.2500422718922008,0.32428873708826406
identical,100,400,4.0,0.1,0.7,156,cp,1.0,1.0,1.0,0.0,0.0,0.0,0.0,0.010851803861677252,0.04824498554888579,0.20649625870500032,0.22663052952435614
identical,100,400,4.0,0.1,0.7,156,dkw,1.0,1.0,1.0,0.0,0.0,0.0,0.0,0.018565755600326264,0.11894881676848862,0.25125197428637036,0.3218302712750758
identical,100,400,4.0,0.1,0.7,157,cp,1.0,1.0,1.0,0.0,0.0,0.0,0.0,0.00030031504818625707,0.003083894646785046,0.20976701495863803,0.2460369142103106
identical,100,400,4.0,0.1,0.7,157,dkw,1.0,1.0,1.0,0.0,0.0,0.0,0.0,0.0012782984103097395,0.020785319753783726,0.262456607374672,0.36075616899441454
identical,100,400,4.0,0.1,0.7,158,cp,1.0,1.0,1.0,0.0,0.0,0.0,0.0,0.007970709832403267,0.030080267200025212,0.21507749474712629,0.2395062367047216
identical,100,400,4.0,0.1,0.7,158,dkw,1.0,1.0,1.0,0.0,0.0,0.0,0.0,0.017856153768720094,0.11894881676848862,0.2560441610334104,0.32428873708826406
identical,100,400,4.0,0.1,0.7,159,cp,1.0,1.0,1.0,0.0,0.0,0.0,0.0,0.02484822440891424,0.07897415121878837,0.21858615888013616,0.24192089341752143
identical,100,400,4.0,0.1,0.7,159,dkw,1.0,1.0,1.0,0.0,0.0,0.0,0.0,0.009357273305138851,0.047497503698612165,0.2645884495010592,0.37429183640016805
identical,100,400,4.0,0.1,0.7,160,cp,1.0,1.0,1.0,0.0,0.0,0.0,0.0,0.005449987455201928,0.034795353607292356,0.20328869553511983,0.21605135148640642
identical,100,400,4.0,0.1,0.7,160,dkw,1.0,1.0,1.0,0.0,0.0,0.0,0.0,0.01244005664289418,0.11894881676848862,0.25068163823674205,0.32890639266088134
identical,100,400,4.0,0.1,0.7,161,cp,1.0,1.0,1.0,0.0,0.0,0.0,0.0,0.005523526516250627,0.03287591574474946,0.21574080966270398,0.24146593141105888
identical,100,400,4.0,0.1,0.7,161,dkw,1.0,1.0,1.0,0.0,0.0,0.0,0.0,0.003955772619912543,0.029171318909726462,0.2569687780849167,0.3570924016957838
identical,100,400,4.0,0.1,0.7,162,cp,1.0,1.0,1.0,0.0,0.0,0.0,0.0,0.0008605246752368201,0.008088245857174714,0.21062000608594833,0.24046740565649893
identical,100,400,4.0,0.1,0.7,162,dkw,1.0,1.0,1.0,0.0,0.0,0.0,0.0,0.0035832657949441816,0.034795353607292356,0.2627374330351935,0.3544545513947628
identical,100,400,4.0,0.1,0.7,163,cp,1.0,1.0,1.0,0.0,0.0,0.0,0.0,0.0047233252372022826,0.02286196311469213,0.21228944632379004,0.23421277612591673
identical,100,400,4.0,0.1,0.7,163,dkw,1.0,1.0,1.0,0.0,0.0,0.0,0.0,0.010395727860271623,0.11894881676848862,0.2630746652760834,0.3407060792639962
identical,100,400,4.0,0.1,0.7,164,cp,1.0,1.0,1.0,0.0,0.0,0.0,0.0,0.009330869062376896,0.033747494697199065,0.21918259781116758,0.23125225542519012
identical,100,400,4.0,0.1,0.7,164,dkw,1.0,1.0,1.0,0.0,0.0,0.0,0.0,0.01226111847381884,0.11894881676848862,0.2555186756758304,0.3334629476302942
identical,100,400,4.0,0.1,0.7,165,cp,1.0,1.0,1.0,0.0,0.0,0.0,0.0,0.010194809728963961,0.04176029527269276,0.2109996165179205,0.2263491862660889
identical,100,400,4.0,0.1,0.7,165,dkw,1.0,1.0,1.0,0.0,0.0,0.0,0.0,0.019065588509237858,0.11894881676848862,0.24655879238747944,0.31486508307130684
identical,100,400,4.0,0.1,0.7,166,cp,1.0,1.0,1.0,0.0,0.0,0.0,0.0,0.012067370805400483,0.06250998947403474,0.20615045373377808,0.22793515842572554
identical,100,400,4.0,0.1,0.7,166,dkw,1.0,1.0,1.0,0.0,0.0,0.0,0.0,0.020594996995055192,0.11894881676848862,0.2489152270362758,0.31216881055753465
identical,100,400,4.0,0.1,0.7,167,cp,1.0,1.0,1.0,0.0,0.0,0.0,0.0,0.019740762842554372,0.06422377947093705,0.20372610731367513,0.22793515842572554
identical,100,400,4.0,0.1,0.7,167,dkw,1.0,1.0,1.0,0.0,0.0,0.0,0.0,0.02940146908781796,0.11894881676848862,0.2500773122134394,0.2998896910189699
identical,100,400,4.0,0.1,0.7,168,cp,1.0,1.0,1.0,0.0,0.0,0.0,0.0,0.0012366830746297363,0.012487854631607953,0.21794220341416445,0.2347654024835828
identical,100,400,4.0,0.1,0.7,168,dkw,1.0,1.0,1.0,0.0,0.0,0.0,0.0,0.011026174902435988,0.11894881676848862,0.2667222750787442,0.3623206257536958
identical,100,400,4.0,0.1,0.7,169,cp,0.0,1.0,1.0,0.0,0.0,0.0,0.0,0.0020860660445735004,0.017644614765563227,0.21855172916797294,0.23225793768775216
identical,100,400,4.0,0.1,0.7,169,dkw,1.0,1.0,1.0,0.0,0.0,0.0,0.0,0.008006232324005255,0.11894881676848862,0.2586136040249,0.33795962038498356
identical,100,400,4.0,0.1,0.7,170,cp,1.0,1.0,1.0,0.0,0.0,0.0,0.0,0.007675199255264768,0.024794299588397184,0.21802505228473032,0.26106452567994687
identical,100,400,4.0,0.1,0.7,170,dkw,1.0,1.0,1.0,0.0,0.0,0.0,0.0,0.00830492514271556,0.02645357200348475,0.2765017278212255,0.4022709394813345
identical,100,400,4.0,0.1,0.7,171,cp,1.0,1.0,1.0,0.0,0.0,0.0,0.0,0.0024988642574228946,0.027737801106930804,0.21856776541513312,0.2546220788692044
identical,100,400,4.0,0.1,0.7,171,dkw,1.0,1.0,1.0,0.0,0.0,0.0,0.0,0.0008605246752368201,0.008088245857174714,0.26605487176096476,0.3516365702255866
identical,100,400,4.0,0.1,0.7,172,cp,1.0,1.0,1.0,0.0,0.0,0.0,0.0,0.0004468856201583904,0.008088245857174714,0.2133096401789395,0.23419037690618694
identical,100,400,4.0,0.1,0.7,172,dkw,1.0,1.0,1.0,0.0,0.0,0.0,0.0,0.0030837516096798635,0.034795353607292356,0.2574325778497114,0.34468830475963375
identical,100,400,4.0,0.1,0.7,173,cp,1.0,1.0,1.0,0.0,0.0,0.0,0.0,0.007987864927102488,0.031548767557991075,0.22540693655583954,0.23116981552688565
identical,100,400,4.0,0.1,0.7,173,dkw,1.0,1.0,1.0,0.0,0.0,0.0,0.0,0.014331336171875398,0.11894881676848862,0.27377001879945206,0.328527658382457
identical,100,400,4.0,0.1,0.7,174,cp,1.0,1.0,1.0,0.0,0.0,0.0,0.0,0.004728921033073945,0.021275750896970425,0.21628041404982937,0.24332277140710534
identical,100,400,4.0,0.1,0.7,174,dkw,1.0,1.0,1.0,0.0,0.0,0.0,0.0,0.00420958245421688,0.034795353607292356,0.2758319591130178,0.3864823773686792
identical,100,400,4.0,0.1,0.7,175,cp,1.0,1.0,1.0,0.0,0.0,0.0,0.0,0.007399801872140173,0.03534704351145479,0.2102332608522781,0.21986643643650594
identical,100,400,4.0,0.1,0.7,175,dkw,1.0,1.0,1.0,0.0,0.0,0.0,0.0,0.01411046845380189,0.11894881676848862,0.2437934443833727,0.2901447007955647
identical,100,400,4.0,0.1,0.7,176,cp,1.0,1.0,1.0,0.0,0.0,0.0,0.0,0.005523526516250627,0.03287591574474946,0.21105002612063362,0.24784524441155986
identical,100,400,4.0,0.1,0.7,176,dkw,1.0,1.0,1.0,0.0,0.0,0.0,0.0,0.005850290622887053,0.03534704351145479,0.24972062044009755,0.35676316165407296
identical,100,400,4.0,0.1,0.7,177,cp,1.0,1.0,1.0,0.0,0.0,0.0,0.0,0.003371635439137113,0.034795353607292356,0.21394683685621266,0.22540174019970027
identical,100,400,4.0,0.1,0.7,177,dkw,1.0,1.0,1.0,0.0,0.0,0.0,0.0,0.004483271644232625,0.04841287188756482,0.2740292071326746,0.38668092973437257
identical,100,400,4.0,0.1,0.7,178,cp,1.0,1.0,1.0,0.0,0.0,0.0,0.0,0.0004362675145603578,0.008088245857174714,0.213844903319236,0.24154872547541162
identical,100,400,4.0,0.1,0.7,178,dkw,1.0,1.0,1.0,0.0,0.0,0.0,0.0,0.0035832657949441816,0.034795353607292356,0.266056310765832,0.35851236766098993
identical,100,400,4.0,0.1,0.7,179,cp,1.0,1.0,1.0,0.0,0.0,0.0,0.0,0.003343775601723191,0.04611814579797113,0.21370000067444142,0.25183116146258744
identical,100,400,4.0,0.1,0.7,179,dkw,1.0,1.0,1.0,0.0,0.0,0.0,0.0,0.0073047094394695766,0.11894881676848862,0.2589282836613107,0.34239759713883827
identical,100,400,4.0,0.1,0.7,180,cp,1.0,1.0,1.0,0.0,0.0,0.0,0.0,0.003844821248837813,0.029171318909726462,0.210449903393654,0.23740884234828152
identical,100,400,4.0,0.1,0.7,180,dkw,1.0,1.0,1.0,0.0,0.0,0.0,0.0,0.008084057424642053,0.04176029527269276,0.25348195633713666,0.33925626994111086
identical,100,400,4.0,0.1,0.7,181,cp,1.0,1.0,1.0,0.0,0.0,0.0,0.0,0.003029398665732255,0.020785319753783726,0.21750420180987806,0.2370389407362118
identical,100,400,4.0,0.1,0.7,181,dkw,1.0,1.0,1.0,0.0,0.0,0.0,0.0,0.011864121917515756,0.11894881676848862,0.270100209802791,0.39523718102728717
identical,100,400,4.0,0.1,0.7,182,cp,1.0,1.0,1.0,0.0,0.0,0.0,0.0,0.0069167103854070435,0.04176029527269276,0.21606607946613943,0.2277634677244238
identical,100,400,4.0,0.1,0.7,182,dkw,1.0,1.0,1.0,0.0,0.0,0.0,0.0,0.023328639821168534,0.16258290862571256,0.24409566827791657,0.29732585465298034
identical,100,400,4.0,0.1,0.7,183,cp,1.0,1.0,1.0,0.0,0.0,0.0,0.0,0.006212387682470957,0.028214424851110365,0.22310467795283426,0.24039135572512715
identical,100,400,4.0,0.1,0.7,183,dkw,1.0,1.0,1.0,0.0,0.0,0.0,0.0,0.004632822813303532,0.034795353607292356,0.28172202550155623,0.4007655387272576
identical,100,400,4.0,0.1,0.7,184,cp,1.0,1.0,1.0,0.0,0.0,0.0,0.0,0.01885837626983803,0.07198685116836501,0.2217537128679248,0.2783431635784859
identical,100,400,4.0,0.1,0.7,184,dkw,1.0,1.0,1.0,0.0,0.0,0.0,0.0,0.004013540894056589,0.03287591574474946,0.2707885902136921,0.36865084675739523
identical,100,400,4.0,0.1,0.7,185,cp,1.0,1.0,1.0,0.0,0.0,0.0,0.0,0.0031341955790241505,0.019299247869079772,0.21767275418489207,0.2508874795059737
identical,100,400,4.0,0.1,0.7,185,dkw,1.0,1.0,1.0,0.0,0.0,0.0,0.0,0.0012848326352381577,0.012233225879630605,0.26046893342184335,0.3544545513947628
identical,100,400,4.0,0.1,0.7,186,cp,1.0,1.0,1.0,0.0,0.0,0.0,0.0,0.0024065286945965346,0.020785319753783726,0.21297349050237513,0.23233038771888637
identical,100,400,4.0,0.1,0.7,186,dkw,1.0,1.0,1.0,0.0,0.0,0.0,0.0,0.009276050721831528,0.11894881676848862,0.2556021269884557,0.3334629476302942
identical,100,400,4.0,0.1,0.7,187,cp,1.0,1.0,1.0,0.0,0.0,0.0,0.0,0.008469808201951836,0.033747494697199065,0.21707634265918968,0.23678846988218138
identical,100,400,4.0,0.1,0.7,187,dkw,1.0,1.0,1.0,0.0,0.0,0.0,0.0,0.01563510019054489,0.11894881676848862,0.263845217135148,0.3171824545204841
identical,100,400,4.0,0.1,0.7,188,cp,1.0,1.0,1.0,0.0,0.0,0.0,0.0,0.001691937465388169,0.020785319753783726,0.21525374989016097,0.24274914418479343
identical,100,400,4.0,0.1,0.7,188,dkw,1.0,1.0,1.0,0.0,0.0,0.0,0.0,0.004292835857068842,0.034795353607292356,0.26975748377564984,0.4024286367315998
identical,100,400,4.0,0.1,0.7,189,cp,1.0,1.0,1.0,0.0,0.0,0.0,0.0,0.006096650004375772,0.03534704351145479,0.21454536972211585,0.22772171065489688
identical,100,400,4.0,0.1,0.7,189,dkw,1.0,1.0,1.0,0.0,0.0,0.0,0.0,0.016388885855651864,0.11894881676848862,0.25183411736770417,0.3100564768634613
identical,100,400,4.0,0.1,0.7,190,cp,1.0,1.0,1.0,0.0,0.0,0.0,0.0,0.0004468856201583904,0.008088245857174714,0.20622873435414088,0.24239950143275024
identical,100,400,4.0,0.1,0.7,190,dkw,1.0,1.0,1.0,0.0,0.0,0.0,0.0,0.002782850234874803,0.034795353607292356,0.2605526208538854,0.35968322318348545
identical,100,400,4.0,0.1,0.7,191,cp,1.0,1.0,1.0,0.0,0.0,0.0,0.0,0.0015787158902571896,0.01994411448886535,0.21911593499856857,0.2382675840695283
identical,100,400,4.0,0.1,0.7,191,dkw,1.0,1.0,1.0,0.0,0.0,0.0,0.0,0.0005596233004317596,0.008088245857174714,0.2587751137909554,0.3490338599921806
identical,100,400,4.0,0.1,0.7,192,cp,1.0,1.0,1.0,0.0,0.0,0.0,0.0,0.0023530027133711997,0.019299247869079772,0.2194007337168114,0.2435777814131782
identical,100,400,4.0,0.1,0.7,192,dkw,1.0,1.0,1.0,0.0,0.0,0.0,0.0,0.005051560913278821,0.034795353607292356,0.26343866628103413,0.3269463464139156
identical,100,400,4.0,0.1,0.7,193,cp,1.0,1.0,1.0,0.0,0.0,0.0,0.0,0.004999763873276151,0.029171318909726462,0.20834576704496155,0.23967045647055685
identical,100,400,4.0,0.1,0.7,193,dkw,1.0,1.0,1.0,0.0,0.0,0.0,0.0,0.011289030658564937,0.04841287188756482,0.26366630651284806,0.40049180447834876
identical,100,400,4.0,0.1,0.7,194,cp,1.0,1.0,1.0,0.0,0.0,0.0,0.0,0.0014912328250257013,0.013885069588597254,0.21256612406260728,0.2791211511637227
identical,100,400,4.0,0.1,0.7,194,dkw,1.0,1.0,1.0,0.0,0.0,0.0,0.0,0.002972455466936705,0.034795353607292356,0.2716331651997887,0.4125520099724902
identical,100,400,4.0,0.1,0.7,195,cp,1.0,1.0,1.0,0.0,0.0,0.0,0.0,0.005921757703506309,0.024794299588397184,0.2175116856733721,0.26246872048809833
identical,100,400,4.0,0.1,0.7,195,dkw,1.0,1.0,1.0,0.0,0.0,0.0,0.0,0.006088815292206737,0.04841287188756482,0.27141993150243804,0.4068778763636274
identical,100,400,4.0,0.1,0.7,196,cp,1.0,1.0,1.0,0.0,0.0,0.0,0.0,0.01671926548561908,0.047497503698612165,0.2244563160736078,0.2494617238810395
identical,100,400,4.0,0.1,0.7,196,dkw,1.0,1.0,1.0,0.0,0.0,0.0,0.0,0.008687062304276112,0.028214424851110365,0.26677382928363574,0.35274916960578095
identical,100,400,4.0,0.1,0.7,197,cp,1.0,1.0,1.0,0.0,0.0,0.0,0.0,0.0032143742066734495,0.01773925155311651,0.2188407080246644,0.24636218275403376
identical,100,400,4.0,0.1,0.7,197,dkw,1.0,1.0,1.0,0.0,0.0,0.0,0.0,0.013908351761228819,0.11894881676848862,0.2667510714124509,0.37822463059951955
identical,100,400,4.0,0.1,0.7,198,cp,1.0,1.0,1.0,0.0,0.0,0.0,0.0,0.00011273768027336928,0.002818442006834232,0.2178527947824774,0.2336795721356626
identical,100,400,4.0,0.1,0.7,198,dkw,1.0,1.0,1.0,0.0,0.0,0.0,0.0,0.00682604853552063,0.11894881676848862,0.25575094454400044,0.33795962038498356
identical,100,400,4.0,0.1,0.7,199,cp,1.0,1.0,1.0,0.0,0.0,0.0,0.0,0.006616840211590987,0.034795353607292356,0.211551894987374,0.22288374934472632
identical,100,400,4.0,0.1,0.7,199,dkw,1.0,1.0,1.0,0.0,0.0,0.0,0.0,0.01411046845380189,0.11894881676848862,0.2660678885859018,0.39146719221820075
identical,100,400,4.0,0.1,0.7,200,cp,1.0,1.0,1.0,0.0,0.0,0.0,0.0,0.0011484085046940696,0.009979499305010187,0.21572195521000612,0.2362462716953838
identical,100,400,4.0,0.1,0.7,200,dkw,1.0,1.0,1.0,0.0,0.0,0.0,0.0,0.002670112554601434,0.034795353607292356,0.27666951225352304,0.4107115874444537
identical,100,400,4.0,0.1,0.7,201,cp,1.0,1.0,1.0,0.0,0.0,0.0,0.0,0.005761130975403481,0.034795353607292356,0.214044749748597,0.2221840427068441
identical,100,400,4.0,0.1,0.7,201,dkw,1.0,1.0,1.0,0.0,0.0,0.0,0.0,0.013908351761228819,0.11894881676848862,0.27023121450218474,0.3935583256944429
identical,100,400,4.0,0.1,0.7,202,cp,1.0,1.0,1.0,0.0,0.0,0.0,0.0,0.0011474603972888796,0.012487854631607953,0.21028435582006694,0.24425301289692747
identical,100,400,4.0,0.1,0.7,202,dkw,1.0,1.0,1.0,0.0,0.0,0.0,0.0,0.003832911116887092,0.023297235102748615,0.25343051713076337,0.33946575650851096
identical,100,400,4.0,0.1,0.7,203,cp,1.0,1.0,1.0,0.0,0.0,0.0,0.0,0.0015685816795167674,0.020785319753783726,0.21697820777190857,0.2429820959946889
identical,100,400,4.0,0.1,0.7,203,dkw,1.0,1.0,1.0,0.0,0.0,0.0,0.0,0.006105994946700033,0.04841287188756482,0.2698777157610057,0.40030849259239765
identical,100,400,4.0,0.1,0.7,204,cp,1.0,1.0,1.0,0.0,0.0,0.0,0.0,0.0015787158902571896,0.01994411448886535,0.22317277439421018,0.24395710448358177
identical,100,400,4.0,0.1,0.7,204,dkw,1.0,1.0,1.0,0.0,0.0,0.0,0.0,0.0008605246752368201,0.008088245857174714,0.2686046001861685,0.34631922283047123
identical,100,400,4.0,0.1,0.7,205,cp,1.0,1.0,1.0,0.0,0.0,0.0,0.0,0.0,0.0,0.2194067183935543,0.2395062367047216
identical,100,400,4.0,0.1,0.7,205,dkw,1.0,1.0,1.0,0.0,0.0,0.0,0.0,0.001691937465388169,0.020785319753783726,0.26241537256730374,0.34468830475963375
identical,100,400,4.0,0.1,0.7,206,cp,1.0,1.0,1.0,0.0,0.0,0.0,0.0,0.008304206622154427,0.030080267200025212,0.21886137100841382,0.23177860928893468
identical,100,400,4.0,0.1,0.7,206,dkw,1.0,1.0,1.0,0.0,0.0,0.0,0.0,0.004336242223696307,0.02645357200348475,0.2596867084977203,0.35009291588907043
identical,100,400,4.0,0.1,0.7,207,cp,1.0,1.0,1.0,0.0,0.0,0.0,0.0,0.0015047408739337965,0.012487854631607953,0.2158275429087568,0.22819798039689276
identical,100,400,4.0,0.1,0.7,207,dkw,1.0,1.0,1.0,0.0,0.0,0.0,0.0,0.007636095211603886,0.11894881676848862,0.25125639552793716,0.33795962038498356
identical,100,400,4.0,0.1,0.7,208,cp,1.0,1.0,1.0,0.0,0.0,0.0,0.0,0.008808654115086655,0.03534704351145479,0.2088382164502369,0.22006138995018287
identical,100,400,4.0,0.1,0.7,208,dkw,1.0,1.0,1.0,0.0,0.0,0.0,0.0,0.01750856299409196,0.11894881676848862,0.24681558585664223,0.3196087292510484
identical,100,400,4.0,0.1,0.7,209,cp,1.0,1.0,1.0,0.0,0.0,0.0,0.0,0.0022931737887417203,0.015758702581371797,0.2184768293538164,0.24425301289692747
identical,100,400,4.0,0.1,0.7,209,dkw,1.0,1.0,1.0,0.0,0.0,0.0,0.0,0.003508059569681201,0.034795353607292356,0.2669818488575189,0.33946575650851096
identical,100,400,4.0,0.1,0.7,210,cp,1.0,1.0,1.0,0.0,0.0,0.0,0.0,0.0020680958647810855,0.020785319753783726,0.2040719178208501,0.24476926469340898
identical,100,400,4.0,0.1,0.7,210,dkw,1.0,1.0,1.0,0.0,0.0,0.0,0.0,0.007037884350809978,0.04841287188756482,0.263053909724361,0.3530729806835492
identical,100,400,4.0,0.1,0.7,211,cp,1.0,1.0,1.0,0.0,0.0,0.0,0.0,0.004666126272457643,0.01994411448886535,0.21477556471890039,0.2494617238810395
identical,100,400,4.0,0.1,0.7,211,dkw,1.0,1.0,1.0,0.0,0.0,0.0,0.0,0.005636646201459441,0.029171318909726462,0.2668947026716366,0.36857631795199086
identical,100,400,4.0,0.1,0.7,212,cp,1.0,1.0,1.0,0.0,0.0,0.0,0.0,0.009585577197023354,0.034795353607292356,0.2130339081400855,0.2213253861879967
identical,100,400,4.0,0.1,0.7,212,dkw,1.0,1.0,1.0,0.0,0.0,0.0,0.0,0.0164422720282619,0.11894881676848862,0.257677822896515,0.3138685748106266
identical,100,400,4.0,0.1,0.7,213,cp,1.0,1.0,1.0,0.0,0.0,0.0,0.0,0.002907555937705566,0.01773925155311651,0.21785624379814275,0.2324691714495556
identical,100,400,4.0,0.1,0.7,213,dkw,1.0,1.0,1.0,0.0,0.0,0.0,0.0,0.011864121917515756,0.11894881676848862,0.26008206941930895,0.3218302712750758
identical,100,400,4.0,0.1,0.7,214,cp,1.0,1.0,1.0,0.0,0.0,0.0,0.0,0.006492662931373024,0.024794299588397184,0.21834997670313555,0.241176768592141
identical,100,400,4.0,0.1,0.7,214,dkw,1.0,1.0,1.0,0.0,0.0,0.0,0.0,0.005395333341015642,0.034795353607292356,0.2713811502036553,0.3476878074918479
identical,100,400,4.0,0.1,0.7,215,cp,1.0,1.0,1.0,0.0,0.0,0.0,0.0,0.010626532051559247,0.03534704351145479,0.21078674568648437,0.21821443294982046
identical,100,400,4.0,0.1,0.7,215,dkw,1.0,1.0,1.0,0.0,0.0,0.0,0.0,0.02025315431358223,0.11894881676848862,0.24715544125597091,0.3100564768634613
identical,100,400,4.0,0.1,0.7,216,cp,1.0,1.0,1.0,0.0,0.0,0.0,0.0,0.0059924543566103996,0.029171318909726462,0.21291860552515485,0.23038638323478233
identical,100,400,4.0,0.1,0.7,216,dkw,1.0,1.0,1.0,0.0,0.0,0.0,0.0,0.014459086433696432,0.11894881676848862,0.25456818562486994,0.32428873708826406
identical,100,400,4.0,0.1,0.7,217,cp,1.0,1.0,1.0,0.0,0.0,0.0,0.0,0.003687046696145071,0.034795353607292356,0.2172249622746282,0.24282712742862067
identical,100,400,4.0,0.1,0.7,217,dkw,1.0,1.0,1.0,0.0,0.0,0.0,0.0,0.004483271644232625,0.04841287188756482,0.2755068785795754,0.4067510791867275
identical,100,400,4.0,0.1,0.7,218,cp,1.0,1.0,1.0,0.0,0.0,0.0,0.0,0.014091491615089637,0.045028271833033484,0.2098843245622848,0.23480587277744325
identical,100,400,4.0,0.1,0.7,218,dkw,1.0,1.0,1.0,0.0,0.0,0.0,0.0,0.018131031072591685,0.11894881676848862,0.2583512582127368,0.34239759713883827
identical,100,400,4.0,0.1,0.7,219,cp,1.0,1.0,1.0,0.0,0.0,0.0,0.0,0.005110817676112074,0.029171318909726462,0.21405767408293197,0.241595282559399
identical,100,400,4.0,0.1,0.7,219,dkw,1.0,1.0,1.0,0.0,0.0,0.0,0.0,0.007040066171278445,0.04176029527269276,0.2526941110759901,0.35957516849739424
identical,100,400,4.0,0.1,0.7,220,cp,1.0,1.0,1.0,0.0,0.0,0.0,0.0,0.0031462003401684013,0.023297235102748615,0.21090526868583673,0.2442173439675429
identical,100,400,4.0,0.1,0.7,220,dkw,1.0,1.0,1.0,0.0,0.0,0.0,0.0,0.005582232823582993,0.03534704351145479,0.2558967927402357,0.34631922283047123
identical,100,400,4.0,0.1,0.7,221,cp,1.0,1.0,1.0,0.0,0.0,0.0,0.0,0.012071654243614099,0.04841287188756482,0.21178875095555633,0.22481143382181812
identical,100,400,4.0,0.1,0.7,221,dkw,1.0,1.0,1.0,0.0,0.0,0.0,0.0,0.009417360916393842,0.04841287188756482,0.2749262634132546,0.4185773598618493
identical,100,400,4.0,0.1,0.7,222,cp,1.0,1.0,1.0,0.0,0.0,0.0,0.0,0.007613114541474144,0.030080267200025212,0.22333983228572613,0.24896262820363046
identical,100,400,4.0,0.1,0.7,222,dkw,1.0,1.0,1.0,0.0,0.0,0.0,0.0,0.012885623859716065,0.0412196383236042,0.27459277067659327,0.3749988939293551
identical,100,400,4.0,0.1,0.7,223,cp,1.0,1.0,1.0,0.0,0.0,0.0,0.0,0.00841311491390767,0.04611814579797113,0.2107124166894193,0.21940469492524517
identical,100,400,4.0,0.1,0.7,223,dkw,1.0,1.0,1.0,0.0,0.0,0.0,0.0,0.01411046845380189,0.11894881676848862,0.2477911598145814,0.31486508307130684
identical,100,400,4.0,0.1,0.7,224,cp,1.0,1.0,1.0,0.0,0.0,0.0,0.0,0.005296030214129459,0.027737801106930804,0.21782504165385494,0.22753925591347768
identical,100,400,4.0,0.1,0.7,224,dkw,1.0,1.0,1.0,0.0,0.0,0.0,0.0,0.013266439935533818,0.11894881676848862,0.256054176707194,0.32428873708826406
identical,100,400,4.0,0.1,0.7,225,cp,1.0,1.0,1.0,0.0,0.0,0.0,0.0,0.0011474603972888796,0.012487854631607953,0.21926024585471404,0.2386602353481475
identical,100,400,4.0,0.1,0.7,225,dkw,1.0,1.0,1.0,0.0,0.0,0.0,0.0,0.003832911116887092,0.023297235102748615,0.25704466084693417,0.3279151781126744
identical,100,400,4.0,0.1,0.7,226,cp,1.0,1.0,1.0,0.0,0.0,0.0,0.0,0.007682103972154635,0.03534704351145479,0.20870919158111126,0.23125225542519012
identical,100,400,4.0,0.1,0.7,226,dkw,1.0,1.0,1.0,0.0,0.0,0.0,0.0,0.01604026787575732,0.11894881676848862,0.264395758953385,0.39896222573390433
identical,100,400,4.0,0.1,0.7,227,cp,1.0,1.0,1.0,0.0,0.0,0.0,0.0,0.0006479462120245616,0.00752253437012651,0.21854703813861,0.23741981596386752
identical,100,400,4.0,0.1,0.7,227,dkw,1.0,1.0,1.0,0.0,0.0,0.0,0.0,0.003832911116887092,0.023297235102748615,0.25774659763601393,0.3321373836896886
identical,100,400,4.0,0.1,0.7,228,cp,1.0,1.0,1.0,0.0,0.0,0.0,0.0,0.008238800892896534,0.04176029527269276,0.19928276691679958,0.24282712742862067
identical,100,400,4.0,0.1,0.7,228,dkw,1.0,1.0,1.0,0.0,0.0,0.0,0.0,0.01604026787575732,0.11894881676848862,0.2489361213563983,0.34677803298625637
identical,100,400,4.0,0.1,0.7,229,cp,1.0,1.0,1.0,0.0,0.0,0.0,0.0,0.005369654360370735,0.03534704351145479,0.20673953829150077,0.251300221602745
identical,100,400,4.0,0.1,0.7,229,dkw,1.0,1.0,1.0,0.0,0.0,0.0,0.0,0.010013856846597485,0.04824498554888579,0.26478757469650044,0.40349176592176994
identical,100,400,4.0,0.1,0.7,230,cp,1.0,1.0,1.0,0.0,0.0,0.0,0.0,0.009844466859860481,0.034795353607292356,0.22307673485503993,0.23768566894171128
identical,100,400,4.0,0.1,0.7,230,dkw,1.0,1.0,1.0,0.0,0.0,0.0,0.0,0.011509898376638445,0.04841287188756482,0.273779477547769,0.38504424610723786
identical,100,400,4.0,0.1,0.7,231,cp,1.0,1.0,1.0,0.0,0.0,0.0,0.0,0.007474438495081306,0.029171318909726462,0.21705101131090715,0.22765329864988515
identical,100,400,4.0,0.1,0.7,231,dkw,1.0,1.0,1.0,0.0,0.0,0.0,0.0,0.015285336059648918,0.11894881676848862,0.2461531346819253,0.30518155209335435
identical,100,400,4.0,0.1,0.7,232,cp,1.0,1.0,1.0,0.0,0.0,0.0,0.0,0.0009613028009511692,0.012233225879630605,0.22123123178783088,0.2561427751055658
identical,100,400,4.0,0.1,0.7,232,dkw,1.0,1.0,1.0,0.0,0.0,0.0,0.0,0.0034323695895744064,0.034795353607292356,0.273356546425474,0.39286778959277535
identical,100,400,4.0,0.1,0.7,233,cp,1.0,1.0,1.0,0.0,0.0,0.0,0.0,0.0013600388605011383,0.012487854631607953,0.21204722740580492,0.23740884234828152
identical,100,400,4.0,0.1,0.7,233,dkw,1.0,1.0,1.0,0.0,0.0,0.0,0.0,0.0052247252611787864,0.034795353607292356,0.2615455207381294,0.3407060792639962
identical,100,400,4.0,0.1,0.7,234,cp,1.0,1.0,1.0,0.0,0.0,0.0,0.0,0.006702468580318115,0.029171318909726462,0.21970779910129246,0.24550643365738756
identical,100,400,4.0,0.1,0.7,234,dkw,1.0,1.0,1.0,0.0,0.0,0.0,0.0,0.008090591649570471,0.04176029527269276,0.25245552821907546,0.31819901239212806
identical,100,400,4.0,0.1,0.7,235,cp,1.0,1.0,1.0,0.0,0.0,0.0,0.0,0.00700180630134839,0.02645357200348475,0.2141814764739354,0.22651373754532855
identical,100,400,4.0,0.1,0.7,235,dkw,1.0,1.0,1.0,0.0,0.0,0.0,0.0,0.014202986056288001,0.11894881676848862,0.24925388433497403,0.32428873708826406
identical,100,400,4.0,0.1,0.7,236,cp,1.0,1.0,1.0,0.0,0.0,0.0,0.0,0.00012335578587140182,0.003083894646785046,0.21414249839512792,0.24395710448358177
identical,100,400,4.0,0.1,0.7,236,dkw,1.0,1.0,1.0,0.0,0.0,0.0,0.0,0.0013910360905831087,0.020785319753783726,0.25992070685161656,0.34631922283047123
identical,100,400,4.0,0.1,0.7,237,cp,1.0,1.0,1.0,0.0,0.0,0.0,0.0,0.00912490753507201,0.03745964865303286,0.21232909142989814,0.22789085688684474
identical,100,400,4.0,0.1,0.7,237,dkw,1.0,1.0,1.0,0.0,0.0,0.0,0.0,0.015693429655650862,0.11894881676848862,0.25707456449337934,0.3334629476302942
identical,100,400,4.0,0.1,0.7,238,cp,1.0,1.0,1.0,0.0,0.0,0.0,0.0,0.001691937465388169,0.020785319753783726,0.21309667194375578,0.23889027259641338
identical,100,400,4.0,0.1,0.7,238,dkw,1.0,1.0,1.0,0.0,0.0,0.0,0.0,0.004292835857068842,0.034795353607292356,0.26575162383418094,0.35620898430775566
identical,100,400,4.0,0.1,0.7,239,cp,1.0,1.0,1.0,0.0,0.0,0.0,0.0,0.0014912328250257013,0.013885069588597254,0.22388097784228705,0.24669542685470458
identical,100,400,4.0,0.1,0.7,239,dkw,1.0,1.0,1.0,0.0,0.0,0.0,0.0,0.0013443063015498647,0.020785319753783726,0.2785143201835048,0.39228071219645855
identical,100,400,4.0,0.1,0.7,240,cp,1.0,1.0,1.0,0.0,0.0,0.0,0.0,0.00894263350312524,0.031548767557991075,0.21805180413869285,0.2363467279207636
identical,100,400,4.0,0.1,0.7,240,dkw,1.0,1.0,1.0,0.0,0.0,0.0,0.0,0.010334447647416933,0.034795353607292356,0.2758622398443223,0.3623657443443745
identical,100,400,4.0,0.1,0.7,241,cp,1.0,1.0,1.0,0.0,0.0,0.0,0.0,0.0021914516506524873,0.020785319753783726,0.2099840745342685,0.2386602353481475
identical,100,400,4.0,0.1,0.7,241,dkw,1.0,1.0,1.0,0.0,0.0,0.0,0.0,0.007037884350809978,0.04841287188756482,0.26547793301756184,0.3632387982353176
identical,100,400,4.0,0.1,0.7,242,cp,1.0,1.0,1.0,0.0,0.0,0.0,0.0,0.0030081124288979444,0.034795353607292356,0.2214751087495938,0.22571952841853804
identical,100,400,4.0,0.1,0.7,242,dkw,1.0,1.0,1.0,0.0,0.0,0.0,0.0,0.007386502330704521,0.04841287188756482,0.2699345723069516,0.38368649223779094
identical,100,400,4.0,0.1,0.7,243,cp,1.0,1.0,1.0,0.0,0.0,0.0,0.0,0.009191858153073688,0.033747494697199065,0.21232480889819036,0.241176768592141
identical,100,400,4.0,0.1,0.7,243,dkw,1.0,1.0,1.0,0.0,0.0,0.0,0.0,0.00689085493027366,0.02645357200348475,0.2547022457793282,0.3476878074918479
identical,100,400,4.0,0.1,0.7,244,cp,1.0,1.0,1.0,0.0,0.0,0.0,0.0,0.0070836116216737195,0.024794299588397184,0.21753036200732218,0.23177860928893468
identical,100,400,4.0,0.1,0.7,244,dkw,1.0,1.0,1.0,0.0,0.0,0.0,0.0,0.00724678226257617,0.02286196311469213,0.26258944855152316,0.35009291588907043
identical,100,400,4.0,0.1,0.7,245,cp,1.0,1.0,1.0,0.0,0.0,0.0,0.0,0.01060204958176505,0.03745964865303286,0.21399271290949276,0.22638366180877134
identical,100,400,4.0,0.1,0.7,245,dkw,1.0,1.0,1.0,0.0,0.0,0.0,0.0,0.017067330827828135,0.11894881676848862,0.25451692068133397,0.34239759713883827
identical,100,400,4.0,0.1,0.7,246,cp,1.0,1.0,1.0,0.0,0.0,0.0,0.0,0.0033886735377918996,0.019299247869079772,0.22152664681334833,0.23741981596386752
identical,100,400,4.0,0.1,0.7,246,dkw,1.0,1.0,1.0,0.0,0.0,0.0,0.0,0.005937593792560318,0.034795353607292356,0.2711374502051486,0.3468239065122891
identical,100,400,4.0,0.1,0.7,247,cp,1.0,1.0,1.0,0.0,0.0,0.0,0.0,0.007252644634490704,0.04176029527269276,0.21508281708612706,0.24039773773554263
identical,100,400,4.0,0.1,0.7,247,dkw,1.0,1.0,1.0,0.0,0.0,0.0,0.0,0.01821713762043172,0.11894881676848862,0.26153974640743105,0.3798791569726732
identical,100,400,4.0,0.1,0.7,248,cp,1.0,1.0,1.0,0.0,0.0,0.0,0.0,0.003979290595018745,0.04611814579797113,0.21697681401943084,0.230645917018794
identical,100,400,4.0,0.1,0.7,248,dkw,1.0,1.0,1.0,0.0,0.0,0.0,0.0,0.002736120445841559,0.034795353607292356,0.2695471095019066,0.34391048387794576
identical,100,400,4.0,0.1,0.7,249,cp,1.0,1.0,1.0,0.0,0.0,0.0,0.0,0.0031776079090583176,0.027737801106930804,0.20508611678480462,0.24117505901943537
identical,100,400,4.0,0.1,0.7,249,dkw,1.0,1.0,1.0,0.0,0.0,0.0,0.0,0.007037884350809978,0.04841287188756482,0.2684507411212281,0.4170793047193553
separated,100,400,4.0,0.01,0.7,0,cp,1.0,1.0,1.0,0.0,1.0,0.0,1.0,5.342766544736755e-05,0.0013356916361841886,0.1281320097667123,0.2850006069335639
separated,100,400,4.0,0.01,0.7,0,dkw,1.0,1.0,1.0,0.0,0.92,0.0,1.0,7.396412226257975e-05,0.0013879055895357206,0.21107058081868313,0.41639870612907925
separated,100,400,4.0,0.01,0.7,1,cp,1.0,1.0,1.0,0.0,1.0,0.0,1.0,0.0017352316959861902,0.015429447841863064,0.1194244939848505,0.2721835036455642
separated,100,400,4.0,0.01,0.7,1,dkw,1.0,1.0,1.0,0.0,0.92,0.0,1.0,0.007943851120232166,0.06310094808799416,0.20389795394891436,0.41645693401312456
separated,100,400,4.0,0.01,0.7,2,cp,1.0,1.0,1.0,0.0,1.0,0.0,1.0,0.00036819937398224756,0.004857707356216601,0.10934389114695986,0.2650905084076792
separated,100,400,4.0,0.01,0.7,2,dkw,1.0,1.0,1.0,0.0,0.92,0.0,1.0,0.0017352316959861902,0.015429447841863064,0.19980739466720487,0.4121847895677797
separated,100,400,4.0,0.01,0.7,3,cp,1.0,1.0,1.0,0.0,1.0,0.0,1.0,0.006687932081371373,0.026343391750294987,0.1289426899489899,0.2783770254078026
separated,100,400,4.0,0.01,0.7,3,dkw,1.0,1.0,1.0,0.0,0.92,0.0,1.0,0.0016921825391275336,0.018947016236178005,0.21341471624500308,0.41639870612907925
separated,100,400,4.0,0.01,0.7,4,cp,1.0,1.0,1.0,0.0,1.0,0.0,1.0,0.0017547290387503356,0.01730478700050242,0.10899244646043868,0.26848095513065695
separated,100,400,4.0,0.01,0.7,4,dkw,1.0,1.0,1.0,0.0,0.92,0.0,1.0,0.0017352316959861902,0.015429447841863064,0.19859618883931138,0.41636823586969973
separated,100,400,4.0,0.01,0.7,5,cp,1.0,1.0,1.0,0.0,1.0,0.0,1.0,0.0006361919641535207,0.005801104647893518,0.1044092285146215,0.2562335019064993
separated,100,400,4.0,0.01,0.7,5,dkw,1.0,1.0,1.0,0.0,0.96,0.0,1.0,0.00022699495854578534,0.002951276737924724,0.19707398678959842,0.40795054013351995
separated,100,400,4.0,0.01,0.7,6,cp,1.0,1.0,1.0,0.0,1.0,0.0,1.0,0.0006361919641535207,0.005801104647893518,0.09952567943061777,0.25268510079396467
separated,100,400,4.0,0.01,0.7,6,dkw,1.0,1.0,1.0,0.0,0.88,0.0,1.0,0.00022699495854578534,0.002951276737924724,0.1940312637201105,0.4065474540699612
separated,100,400,4.0,0.01,0.7,7,cp,1.0,1.0,1.0,0.0,1.0,0.0,1.0,0.003219337446284598,0.021185762346493497,0.11939522758621975,0.2808605685986715
separated,100,400,4.0,0.01,0.7,7,dkw,1.0,1.0,1.0,0.0,0.88,0.0,1.0,0.0054198131967124,0.04164835071248185,0.2047777396070775,0.4218817765036269
separated,100,400,4.0,0.01,0.7,8,cp,1.0,1.0,1.0,0.0,1.0,0.0,1.0,0.00022699495854578534,0.002951276737924724,0.13110217272836158,0.2721835036455642
separated,100,400,4.0,0.01,0.7,8,dkw,1.0,1.0,1.0,0.0,0.92,0.0,1.0,7.396412226257975e-05,0.0013879055895357206,0.21582018280942414,0.41645693401312456
separated,100,400,4.0,0.01,0.7,9,cp,1.0,1.0,1.0,0.0,1.0,0.0,1.0,0.00401106353798792,0.02026610653549954,0.14911287627393838,0.32055756099376487
separated,100,400,4.0,0.01,0.7,9,dkw,1.0,1.0,1.0,0.0,0.88,0.0,1.0,0.0037538791682131256,0.029280424459179888,0.22543302194887496,0.432746134784194
separated,100,400,4.0,0.01,0.7,10,cp,0.0,1.0,1.0,0.0,1.0,0.0,1.0,0.0017229156223506558,0.02443241192207979,0.10771253611472555,0.25064602662826363
separated,100,400,4.0,0.01,0.7,10,dkw,0.0,1.0,1.0,0.0,0.92,0.0,1.0,5.5516223581428824e-05,0.0013879055895357206,0.19841607838494718,0.41083271740368055
separated,100,400,4.0,0.01,0.7,11,cp,1.0,1.0,1.0,0.0,1.0,0.0,1.0,0.0009199384301591218,0.007093661650140026,0.11160946748092598,0.2758236409526664
separated,100,400,4.0,0.01,0.7,11,dkw,1.0,1.0,1.0,0.0,0.92,0.0,1.0,0.0006361919641535207,0.005801104647893518,0.19987615622112753,0.41083271740368055
separated,100,400,4.0,0.01,0.7,12,cp,1.0,1.0,1.0,0.0,1.0,0.0,1.0,0.0006361919641535207,0.005801104647893518,0.09952567943061777,0.25268510079396467
separated,100,400,4.0,0.01,0.7,12,dkw,1.0,1.0,1.0,0.0,0.92,0.0,1.0,0.00022699495854578534,0.002951276737924724,0.1940312637201105,0.4065474540699612
separated,100,400,4.0,0.01,0.7,13,cp,1.0,1.0,1.0,0.0,1.0,0.0,1.0,0.0011180537823116676,0.011086578425139715,0.11113736968722641,0.2699680710113619
separated,100,400,4.0,0.01,0.7,13,dkw,1.0,1.0,1.0,0.0,0.88,0.0,1.0,0.0037538791682131256,0.029280424459179888,0.2004522966030558,0.4150286426144376
separated,100,400,4.0,0.01,0.7,14,cp,1.0,1.0,1.0,0.0,1.0,0.0,1.0,0.00258266218984593,0.021185762346493497,0.12577470930204795,0.27625135939163703
separated,100,400,4.0,0.01,0.7,14,dkw,1.0,1.0,1.0,0.0,0.92,0.0,1.0,0.012314013295710998,0.1106419599765065,0.20765950643411352,0.41902979487019953
separated,100,400,4.0,0.01,0.7,15,cp,1.0,1.0,1.0,0.0,1.0,0.0,1.0,0.002807541525580057,0.028451339216919225,0.12487318198016747,0.26392295979365
separated,100,400,4.0,0.01,0.7,15,dkw,1.0,1.0,1.0,0.0,0.92,0.0,1.0,0.00017389107973358352,0.0024981739367750944,0.20845211657545412,0.41905964730660483
separated,100,400,4.0,0.01,0.7,16,cp,1.0,1.0,1.0,0.0,1.0,0.0,1.0,0.0001714787349643565,0.002951276737924724,0.09784854597091272,0.25815524136350043
separated,100,400,4.0,0.01,0.7,16,dkw,1.0,1.0,1.0,0.0,0.92,0.0,1.0,0.00022699495854578534,0.002951276737924724,0.19251157857340048,0.4080738557107867
separated,100,400,4.0,0.01,0.7,17,cp,1.0,1.0,1.0,0.0,1.0,0.0,1.0,0.005364296973130971,0.04164835071248185,0.10425368058472699,0.27597045551542176
separated,100,400,4.0,0.01,0.7,17,dkw,1.0,1.0,1.0,0.0,0.92,0.0,1.0,0.012314013295710998,0.1106419599765065,0.19445808915326906,0.4123591725686885
separated,100,400,4.0,0.01,0.7,18,cp,1.0,1.0,1.0,0.0,1.0,0.0,1.0,0.00334920342930805,0.02443241192207979,0.11108773180804421,0.2672809233261889
separated,100,400,4.0,0.01,0.7,18,dkw,1.0,1.0,1.0,0.0,0.88,0.0,1.0,0.0037538791682131256,0.029280424459179888,0.20089375231854878,0.41905964730660483
separated,100,400,4.0,0.01,0.7,19,cp,1.0,1.0,1.0,0.0,1.0,0.0,1.0,0.00040414777823778004,0.0044288204922998675,0.11547547032361254,0.24091550253373717
separated,100,400,4.0,0.01,0.7,19,dkw,1.0,1.0,1.0,0.0,0.92,0.0,1.0,7.396412226257975e-05,0.0013879055895357206,0.2068017177226097,0.41073108290227955
separated,100,400,4.0,0.01,0.7,20,cp,1.0,1.0,1.0,0.0,1.0,0.0,1.0,0.00036819937398224756,0.004857707356216601,0.11200359627673549,0.26761074032164045
separated,100,400,4.0,0.01,0.7,20,dkw,1.0,1.0,1.0,0.0,0.92,0.0,1.0,0.0017352316959861902,0.015429447841863064,0.20176936544972165,0.41360460104511443
separated,100,400,4.0,0.01,0.7,21,cp,1.0,1.0,1.0,0.0,1.0,0.0,1.0,0.007888334896650737,0.06310094808799416,0.09983155872042848,0.27411216038760566
separated,100,400,4.0,0.01,0.7,21,dkw,1.0,1.0,1.0,0.0,0.92,0.0,1.0,0.012314013295710998,0.1106419599765065,0.19231233064993014,0.40956744956865243
separated,100,400,4.0,0.01,0.7,22,cp,1.0,1.0,1.0,0.0,1.0,0.0,1.0,0.0012530151577916193,0.008326918190812438,0.10883090750633255,0.23522076209619602
separated,100,400,4.0,0.01,0.7,22,dkw,1.0,1.0,1.0,0.0,0.92,0.0,1.0,0.00022699495854578534,0.002951276737924724,0.20237618273805197,0.4078498953412484
separated,100,400,4.0,0.01,0.7,23,cp,1.0,1.0,1.0,0.0,1.0,0.0,1.0,0.00040414777823778004,0.0044288204922998675,0.11064702289538784,0.2758236409526664
separated,100,400,4.0,0.01,0.7,23,dkw,1.0,1.0,1.0,0.0,0.92,0.0,1.0,0.00022699495854578534,0.002951276737924724,0.1992334195353,0.41083271740368055
separated,100,400,4.0,0.01,0.7,24,cp,1.0,1.0,1.0,0.0,1.0,0.0,1.0,0.00022699495854578534,0.002951276737924724,0.10327234179957706,0.2562335019064993
separated,100,400,4.0,0.01,0.7,24,dkw,1.0,1.0,1.0,0.0,0.88,0.0,1.0,5.5516223581428824e-05,0.0013879055895357206,0.19625779704595073,0.40795054013351995
separated,100,400,4.0,0.01,0.7,25,cp,1.0,1.0,1.0,0.0,1.0,0.0,1.0,0.001311265901744747,0.01730478700050242,0.13149728325573848,0.29541022692569496
separated,100,400,4.0,0.01,0.7,25,dkw,1.0,1.0,1.0,0.0,0.88,0.0,1.0,0.0011180537823116676,0.011086578425139715,0.2134874175750111,0.4256861252479517
separated,100,400,4.0,0.01,0.7,26,cp,1.0,1.0,1.0,0.0,1.0,0.0,1.0,0.0016879358555844392,0.02443241192207979,0.11705396888923143,0.2624187615642052
separated,100,400,4.0,0.01,0.7,26,dkw,1.0,1.0,1.0,0.0,0.88,0.0,1.0,5.5516223581428824e-05,0.0013879055895357206,0.2041450335525025,0.41902979487019953
separated,100,400,4.0,0.01,0.7,27,cp,1.0,1.0,1.0,0.0,1.0,0.0,1.0,0.0011180537823116676,0.011086578425139715,0.1052444626566211,0.26761074032164045
separated,100,400,4.0,0.01,0.7,27,dkw,1.0,1.0,1.0,0.0,0.92,0.0,1.0,0.00258266218984593,0.021185762346493497,0.19849494969467926,0.41360460104511443
separated,100,400,4.0,0.01,0.7,28,cp,1.0,1.0,1.0,0.0,1.0,0.0,1.0,0.0006745906453060791,0.007659781783095787,0.11030441842852323,0.24826914237600706
separated,100,400,4.0,0.01,0.7,28,dkw,1.0,1.0,1.0,0.0,0.92,0.0,1.0,0.0037538791682131256,0.029280424459179888,0.20229198644180074,0.4150858011741283
separated,100,400,4.0,0.01,0.7,29,cp,1.0,1.0,1.0,0.0,1.0,0.0,1.0,0.0010048746304209156,0.01730478700050242,0.12861275680578374,0.288047085943432
separated,100,400,4.0,0.01,0.7,29,dkw,1.0,1.0,1.0,0.0,0.92,0.0,1.0,0.0017352316959861902,0.015429447841863064,0.20947204667429545,0.4191178521981136
separated,100,400,4.0,0.01,0.7,30,cp,1.0,1.0,1.0,0.0,1.0,0.0,1.0,0.0018333869545639958,0.018947016236178005,0.11400187672760376,0.24350328255949516
separated,100,400,4.0,0.01,0.7,30,dkw,1.0,1.0,1.0,0.0,0.92,0.0,1.0,0.0037538791682131256,0.029280424459179888,0.2034895519566949,0.41217824321625396
separated,100,400,4.0,0.01,0.7,31,cp,1.0,1.0,1.0,0.0,1.0,0.0,1.0,0.0037538791682131256,0.029280424459179888,0.11250133781011337,0.25064602662826363
separated,100,400,4.0,0.01,0.7,31,dkw,1.0,1.0,1.0,0.0,0.92,0.0,1.0,0.012314013295710998,0.1106419599765065,0.2012843624402152,0.41083271740368055
separated,100,400,4.0,0.01,0.7,32,cp,1.0,1.0,1.0,0.0,1.0,0.0,1.0,5.5516223581428824e-05,0.0013879055895357206,0.10470942668361907,0.23522076209619602
separated,100,400,4.0,0.01,0.7,32,dkw,1.0,1.0,1.0,0.0,0.92,0.0,1.0,0.0006745906453060791,0.007659781783095787,0.1987825057243639,0.4078498953412484
separated,100,400,4.0,0.01,0.7,33,cp,1.0,1.0,1.0,0.0,1.0,0.0,1.0,7.396412226257975e-05,0.0013879055895357206,0.12056881725136025,0.26761074032164045
separated,100,400,4.0,0.01,0.7,33,dkw,1.0,1.0,1.0,0.0,0.92,0.0,1.0,0.0006745906453060791,0.007659781783095787,0.20666305861287143,0.41360460104511443
separated,100,400,4.0,0.01,0.7,34,cp,1.0,1.0,1.0,0.0,1.0,0.0,1.0,0.0003126831504008187,0.004857707356216601,0.11791866628549569,0.2781034637858819
separated,100,400,4.0,0.01,0.7,34,dkw,1.0,1.0,1.0,0.0,0.92,0.0,1.0,0.0006745906453060791,0.007659781783095787,0.2034881932520022,0.4163697058174518
separated,100,400,4.0,0.01,0.7,35,cp,0.0,1.0,1.0,0.0,1.0,0.0,1.0,0.0009199384301591218,0.007093661650140026,0.10299910520332328,0.23204899625658548
separated,100,400,4.0,0.01,0.7,35,dkw,1.0,1.0,1.0,0.0,0.92,0.0,1.0,0.00022699495854578534,0.002951276737924724,0.19862529478118796,0.40641582678146027
separated,100,400,4.0,0.01,0.7,36,cp,1.0,1.0,1.0,0.0,1.0,0.0,1.0,0.008272858117072079,0.024674535038923584,0.12604851856567306,0.2808605685986715
separated,100,400,4.0,0.01,0.7,36,dkw,1.0,1.0,1.0,0.0,0.88,0.0,1.0,0.008651158051366794,0.06310094808799416,0.20807189152437797,0.4218817765036269
separated,100,400,4.0,0.01,0.7,37,cp,1.0,1.0,1.0,0.0,1.0,0.0,1.0,0.0020609246993588083,0.010680076484131606,0.11188562831847651,0.2594438363238324
separated,100,400,4.0,0.01,0.7,37,dkw,1.0,1.0,1.0,0.0,0.92,0.0,1.0,0.0012530151577916193,0.008326918190812438,0.20194608562526534,0.40935777854703004
separated,100,400,4.0,0.01,0.7,38,cp,1.0,1.0,1.0,0.0,1.0,0.0,1.0,0.0006745906453060791,0.007659781783095787,0.1154264937651024,0.24594885516419385
separated,100,400,4.0,0.01,0.7,38,dkw,1.0,1.0,1.0,0.0,0.92,0.0,1.0,0.0054198131967124,0.04164835071248185,0.20370912608352662,0.41362980897871704
separated,100,400,4.0,0.01,0.7,39,cp,1.0,1.0,1.0,0.0,1.0,0.0,1.0,0.0055941451810979535,0.0176826732783657,0.09337367943824276,0.22480512455220947
separated,100,400,4.0,0.01,0.7,39,dkw,1.0,1.0,1.0,0.0,0.96,0.0,1.0,0.004886838249963325,0.016462435358671312,0.19318775557946283,0.40356063779041595
separated,100,400,4.0,0.01,0.7,40,cp,1.0,1.0,1.0,0.0,1.0,0.0,1.0,0.0006361919641535207,0.005801104647893518,0.09540380428167239,0.228599219935526
separated,100,400,4.0,0.01,0.7,40,dkw,1.0,1.0,1.0,0.0,0.92,0.0,1.0,0.0006361919641535207,0.005801104647893518,0.19489205066542958,0.40498608104265255
separated,100,400,4.0,0.01,0.7,41,cp,1.0,1.0,1.0,0.0,1.0,0.0,1.0,0.00022699495854578534,0.002951276737924724,0.12448967798989137,0.30176943826550273
separated,100,400,4.0,0.01,0.7,41,dkw,1.0,1.0,1.0,0.0,0.92,0.0,1.0,0.00022699495854578534,0.002951276737924724,0.2065239524608432,0.4177120603992751
separated,100,400,4.0,0.01,0.7,42,cp,1.0,1.0,1.0,0.0,1.0,0.0,1.0,0.0,0.0,0.12340052449841171,0.28802452910278975
separated,100,400,4.0,0.01,0.7,42,dkw,1.0,1.0,1.0,0.0,0.88,0.0,1.0,0.00017389107973358352,0.0024981739367750944,0.20634792020246034,0.4163697058174518
separated,100,400,4.0,0.01,0.7,43,cp,1.0,1.0,1.0,0.0,1.0,0.0,1.0,0.0017352316959861902,0.015429447841863064,0.11601195514248161,0.2721835036455642
separated,100,400,4.0,0.01,0.7,43,dkw,1.0,1.0,1.0,0.0,0.92,0.0,1.0,0.007943851120232166,0.06310094808799416,0.20225881273384808,0.41645693401312456
separated,100,400,4.0,0.01,0.7,44,cp,1.0,1.0,1.0,0.0,1.0,0.0,1.0,0.0006745906453060791,0.007659781783095787,0.11435308490507086,0.26761074032164045
separated,100,400,4.0,0.01,0.7,44,dkw,1.0,1.0,1.0,0.0,0.88,0.0,1.0,0.0037538791682131256,0.029280424459179888,0.20191032034180678,0.41360460104511443
separated,100,400,4.0,0.01,0.7,45,cp,1.0,1.0,1.0,0.0,1.0,0.0,1.0,0.0,0.0,0.1160657172813972,0.2930887471513757
separated,100,400,4.0,0.01,0.7,45,dkw,1.0,1.0,1.0,0.0,0.92,0.0,1.0,5.5516223581428824e-05,0.0013879055895357206,0.2020416016522371,0.41636823586969973
separated,100,400,4.0,0.01,0.7,46,cp,1.0,1.0,1.0,0.0,1.0,0.0,1.0,0.00258266218984593,0.021185762346493497,0.1075190817014316,0.2816003070023686
separated,100,400,4.0,0.01,0.7,46,dkw,1.0,1.0,1.0,0.0,0.92,0.0,1.0,0.007943851120232166,0.06310094808799416,0.19652741522640418,0.4136076187208463
separated,100,400,4.0,0.01,0.7,47,cp,1.0,1.0,1.0,0.0,1.0,0.0,1.0,0.0055941451810979535,0.0176826732783657,0.13011457614124128,0.29525360607140405
separated,100,400,4.0,0.01,0.7,47,dkw,1.0,1.0,1.0,0.0,0.88,0.0,1.0,0.0055941451810979535,0.0176826732783657,0.21094264856006403,0.4163697058174518
separated,100,400,4.0,0.01,0.7,48,cp,1.0,1.0,1.0,0.0,1.0,0.0,1.0,0.0012530151577916193,0.008326918190812438,0.11287067302434492,0.23816397109220133
separated,100,400,4.0,0.01,0.7,48,dkw,1.0,1.0,1.0,0.0,0.92,0.0,1.0,0.00022699495854578534,0.002951276737924724,0.20545083901690764,0.4092883071843997
separated,100,400,4.0,0.01,0.7,49,cp,1.0,1.0,1.0,0.0,1.0,0.0,1.0,1.844789868115093e-05,0.0004611974670287733,0.12561427086574123,0.28061265978228034
separated,100,400,4.0,0.01,0.7,49,dkw,1.0,1.0,1.0,0.0,0.92,0.0,1.0,0.00036819937398224756,0.004857707356216601,0.2083910722150865,0.4177418155949557
separated,100,400,4.0,0.01,0.7,50,cp,1.0,1.0,1.0,0.0,1.0,0.0,1.0,0.001633721639993544,0.009517662055048115,0.11607403258425426,0.2623801686830193
separated,100,400,4.0,0.01,0.7,50,dkw,1.0,1.0,1.0,0.0,0.92,0.0,1.0,0.0009199384301591218,0.007093661650140026,0.20508524553785862,0.4107691885667365
separated,100,400,4.0,0.01,0.7,51,cp,1.0,1.0,1.0,0.0,1.0,0.0,1.0,0.0006745906453060791,0.007659781783095787,0.11704733105237695,0.2699680710113619
separated,100,400,4.0,0.01,0.7,51,dkw,1.0,1.0,1.0,0.0,0.92,0.0,1.0,0.00258266218984593,0.021185762346493497,0.20388696377757584,0.4150286426144376
separated,100,400,4.0,0.01,0.7,52,cp,1.0,1.0,1.0,0.0,1.0,0.0,1.0,0.00010894388902879637,0.0013879055895357206,0.10130134103665693,0.23204899625658548
separated,100,400,4.0,0.01,0.7,52,dkw,1.0,1.0,1.0,0.0,0.92,0.0,1.0,0.00036819937398224756,0.004857707356216601,0.19675671663889044,0.40641582678146027
separated,100,400,4.0,0.01,0.7,53,cp,1.0,1.0,1.0,0.0,1.0,0.0,1.0,0.00010894388902879637,0.0013879055895357206,0.10655342051601316,0.2594438363238324
separated,100,400,4.0,0.01,0.7,53,dkw,1.0,1.0,1.0,0.0,0.92,0.0,1.0,0.00017389107973358352,0.0024981739367750944,0.19837433816395084,0.40935777854703004
separated,100,400,4.0,0.01,0.7,54,cp,1.0,1.0,1.0,0.0,1.0,0.0,1.0,0.0010625375587302388,0.011086578425139715,0.11660172507017551,0.2792993272783767
separated,100,400,4.0,0.01,0.7,54,dkw,1.0,1.0,1.0,0.0,0.88,0.0,1.0,0.0037538791682131256,0.029280424459179888,0.20204987319355197,0.4150011299400653
separated,100,400,4.0,0.01,0.7,55,cp,1.0,1.0,1.0,0.0,1.0,0.0,1.0,0.00017389107973358352,0.0024981739367750944,0.12228291015754028,0.2721835036455642
separated,100,400,4.0,0.01,0.7,55,dkw,1.0,1.0,1.0,0.0,0.88,0.0,1.0,0.0011180537823116676,0.011086578425139715,0.20886516007608077,0.41645693401312456
separated,100,400,4.0,0.01,0.7,56,cp,1.0,1.0,1.0,0.0,1.0,0.0,1.0,0.00022699495854578534,0.002951276737924724,0.12391111765369271,0.2699680710113619
separated,100,400,4.0,0.01,0.7,56,dkw,1.0,1.0,1.0,0.0,0.92,0.0,1.0,5.5516223581428824e-05,0.0013879055895357206,0.21140818027039035,0.4150286426144376
separated,100,400,4.0,0.01,0.7,57,cp,1.0,1.0,1.0,0.0,1.0,0.0,1.0,0.0006745906453060791,0.007659781783095787,0.12855131304209388,0.2886508059083952
separated,100,400,4.0,0.01,0.7,57,dkw,1.0,1.0,1.0,0.0,0.92,0.0,1.0,0.0037538791682131256,0.029280424459179888,0.2094682749520799,0.41780036587507074
separated,100,400,4.0,0.01,0.7,58,cp,1.0,1.0,1.0,0.0,1.0,0.0,1.0,0.00258266218984593,0.021185762346493497,0.09792313600399291,0.2650905084076792
separated,100,400,4.0,0.01,0.7,58,dkw,1.0,1.0,1.0,0.0,0.92,0.0,1.0,0.007943851120232166,0.06310094808799416,0.19287175587639488,0.4121847895677797
separated,100,400,4.0,0.01,0.7,59,cp,1.0,1.0,1.0,0.0,1.0,0.0,1.0,0.0011180537823116676,0.011086578425139715,0.1167949517741485,0.2841299948777015
separated,100,400,4.0,0.01,0.7,59,dkw,1.0,1.0,1.0,0.0,0.92,0.0,1.0,0.0037538791682131256,0.029280424459179888,0.20204987319355197,0.4150011299400653
separated,100,400,4.0,0.01,0.7,60,cp,1.0,1.0,1.0,0.0,1.0,0.0,1.0,0.00040414777823778004,0.0044288204922998675,0.12195902924512453,0.292654250046949
separated,100,400,4.0,0.01,0.7,60,dkw,1.0,1.0,1.0,0.0,0.88,0.0,1.0,0.00022699495854578534,0.002951276737924724,0.20508236597948631,0.4150015053409495
separated,100,400,4.0,0.01,0.7,61,cp,1.0,1.0,1.0,0.0,1.0,0.0,1.0,5.5516223581428824e-05,0.0013879055895357206,0.11582808866563081,0.2650905084076792
separated,100,400,4.0,0.01,0.7,61,dkw,1.0,1.0,1.0,0.0,0.92,0.0,1.0,0.00036819937398224756,0.004857707356216601,0.2041504034442044,0.4121847895677797
separated,100,400,4.0,0.01,0.7,62,cp,1.0,1.0,1.0,0.0,1.0,0.0,1.0,0.001311265901744747,0.01730478700050242,0.14064573573070172,0.29541022692569496
separated,100,400,4.0,0.01,0.7,62,dkw,1.0,1.0,1.0,0.0,0.88,0.0,1.0,0.00258266218984593,0.021185762346493497,0.21732790279520106,0.4256861252479517
separated,100,400,4.0,0.01,0.7,63,cp,1.0,1.0,1.0,0.0,1.0,0.0,1.0,5.5516223581428824e-05,0.0013879055895357206,0.11771792604022835,0.2650905084076792
separated,100,400,4.0,0.01,0.7,63,dkw,1.0,1.0,1.0,0.0,0.92,0.0,1.0,0.0006745906453060791,0.007659781783095787,0.2046625007280875,0.4121847895677797
separated,100,400,4.0,0.01,0.7,64,cp,1.0,1.0,1.0,0.0,1.0,0.0,1.0,0.004293534227776324,0.02311615559381819,0.13479588221086414,0.2998235260758988
separated,100,400,4.0,0.01,0.7,64,dkw,1.0,1.0,1.0,0.0,0.88,0.0,1.0,0.0007628231547160568,0.0176826732783657,0.2147719726801968,0.4191178521981136
separated,100,400,4.0,0.01,0.7,65,cp,1.0,1.0,1.0,0.0,1.0,0.0,1.0,0.00040414777823778004,0.0044288204922998675,0.10880736799214001,0.2594438363238324
separated,100,400,4.0,0.01,0.7,65,dkw,1.0,1.0,1.0,0.0,0.92,0.0,1.0,0.00022699495854578534,0.002951276737924724,0.20012372228406877,0.40935777854703004
separated,100,400,4.0,0.01,0.7,66,cp,1.0,1.0,1.0,0.0,1.0,0.0,1.0,0.0006745906453060791,0.007659781783095787,0.11145303359354596,0.2650905084076792
separated,100,400,4.0,0.01,0.7,66,dkw,1.0,1.0,1.0,0.0,0.92,0.0,1.0,0.0037538791682131256,0.029280424459179888,0.19992530759799657,0.4121847895677797
separated,100,400,4.0,0.01,0.7,67,cp,1.0,1.0,1.0,0.0,1.0,0.0,1.0,0.00036819937398224756,0.004857707356216601,0.1040624136437961,0.24091550253373717
separated,100,400,4.0,0.01,0.7,67,dkw,1.0,1.0,1.0,0.0,0.88,0.0,1.0,0.00258266218984593,0.021185762346493497,0.19806605293264387,0.41073108290227955
separated,100,400,4.0,0.01,0.7,68,cp,1.0,1.0,1.0,0.0,1.0,0.0,1.0,1.844789868115093e-05,0.0004611974670287733,0.1176802550828763,0.2792993272783767
separated,100,400,4.0,0.01,0.7,68,dkw,1.0,1.0,1.0,0.0,0.92,0.0,1.0,0.00036819937398224756,0.004857707356216601,0.20459969168063213,0.4150011299400653
separated,100,400,4.0,0.01,0.7,69,cp,1.0,1.0,1.0,0.0,1.0,0.0,1.0,0.00010894388902879637,0.0013879055895357206,0.1363677592843071,0.3018546201954452
separated,100,400,4.0,0.01,0.7,69,dkw,1.0,1.0,1.0,0.0,0.88,0.0,1.0,7.396412226257975e-05,0.0013879055895357206,0.2162662105114142,0.42049783325614676
separated,100,400,4.0,0.01,0.7,70,cp,1.0,1.0,1.0,0.0,1.0,0.0,1.0,0.00036819937398224756,0.004857707356216601,0.10911132423816385,0.2816003070023686
separated,100,400,4.0,0.01,0.7,70,dkw,1.0,1.0,1.0,0.0,0.92,0.0,1.0,0.0011180537823116676,0.011086578425139715,0.1996749742914814,0.4136076187208463
separated,100,400,4.0,0.01,0.7,71,cp,1.0,1.0,1.0,0.0,1.0,0.0,1.0,0.012314013295710998,0.1106419599765065,0.07934676539376007,0.21582760737856865
separated,100,400,4.0,0.01,0.7,71,dkw,1.0,1.0,1.0,0.0,0.92,0.0,1.0,0.012314013295710998,0.1106419599765065,0.18576375726338484,0.4007225780419039
separated,100,400,4.0,0.01,0.7,72,cp,1.0,1.0,1.0,0.0,1.0,0.0,1.0,0.00010894388902879637,0.0013879055895357206,0.10245260172843797,0.23522076209619602
separated,100,400,4.0,0.01,0.7,72,dkw,1.0,1.0,1.0,0.0,0.92,0.0,1.0,0.00036819937398224756,0.004857707356216601,0.19828561924483892,0.4078498953412484
separated,100,400,4.0,0.01,0.7,73,cp,1.0,1.0,1.0,0.0,1.0,0.0,1.0,0.0011974989342101905,0.008326918190812438,0.128284262692292,0.2925648731447871
separated,100,400,4.0,0.01,0.7,73,dkw,1.0,1.0,1.0,0.0,0.88,0.0,1.0,0.0009199384301591218,0.007093661650140026,0.20850039156520186,0.4177120603992751
separated,100,400,4.0,0.01,0.7,74,cp,1.0,1.0,1.0,0.0,1.0,0.0,1.0,0.0017352316959861902,0.015429447841863064,0.11426328273811177,0.2483557617378822
separated,100,400,4.0,0.01,0.7,74,dkw,1.0,1.0,1.0,0.0,0.92,0.0,1.0,0.012314013295710998,0.1106419599765065,0.201833540087636,0.4150281572723724
separated,100,400,4.0,0.01,0.7,75,cp,1.0,1.0,1.0,0.0,1.0,0.0,1.0,7.396412226257975e-05,0.0013879055895357206,0.12105343473598205,0.2699680710113619
separated,100,400,4.0,0.01,0.7,75,dkw,1.0,1.0,1.0,0.0,0.88,0.0,1.0,0.0006745906453060791,0.007659781783095787,0.20819303526275162,0.4150286426144376
separated,100,400,4.0,0.01,0.7,76,cp,1.0,1.0,1.0,0.0,1.0,0.0,1.0,0.00022699495854578534,0.002951276737924724,0.12050232430951803,0.26761074032164045
separated,100,400,4.0,0.01,0.7,76,dkw,1.0,1.0,1.0,0.0,0.88,0.0,1.0,7.396412226257975e-05,0.0013879055895357206,0.20830690924290926,0.41360460104511443
separated,100,400,4.0,0.01,0.7,77,cp,1.0,1.0,1.0,0.0,1.0,0.0,1.0,0.0055941451810979535,0.0176826732783657,0.09509219078567994,0.2487177350227039
separated,100,400,4.0,0.01,0.7,77,dkw,1.0,1.0,1.0,0.0,0.96,0.0,1.0,0.0055941451810979535,0.0176826732783657,0.19166398878612725,0.405148501218093
separated,100,400,4.0,0.01,0.7,78,cp,1.0,1.0,1.0,0.0,1.0,0.0,1.0,0.007943851120232166,0.06310094808799416,0.11159457881605825,0.280991264453607
separated,100,400,4.0,0.01,0.7,78,dkw,1.0,1.0,1.0,0.0,0.92,0.0,1.0,0.012314013295710998,0.1106419599765065,0.19813568834148906,0.41369180825717533
separated,100,400,4.0,0.01,0.7,79,cp,1.0,1.0,1.0,0.0,1.0,0.0,1.0,0.0016797154724047614,0.015429447841863064,0.106599461238659,0.27075419685506674
separated,100,400,4.0,0.01,0.7,79,dkw,1.0,1.0,1.0,0.0,0.92,0.0,1.0,0.0037538791682131256,0.029280424459179888,0.19638637501118741,0.4122181539965326
separated,100,400,4.0,0.01,0.7,80,cp,1.0,1.0,1.0,0.0,1.0,0.0,1.0,0.00011837485615215471,0.0024981739367750944,0.12212993660531797,0.2913140480253178
separated,100,400,4.0,0.01,0.7,80,dkw,1.0,1.0,1.0,0.0,0.92,0.0,1.0,0.0006745906453060791,0.007659781783095787,0.2051966078074807,0.4163697058174518
separated,100,400,4.0,0.01,0.7,81,cp,1.0,1.0,1.0,0.0,1.0,0.0,1.0,0.00022699495854578534,0.002951276737924724,0.13806537593995255,0.3085443565691639
separated,100,400,4.0,0.01,0.7,81,dkw,1.0,1.0,1.0,0.0,0.88,0.0,1.0,5.5516223581428824e-05,0.0013879055895357206,0.21619570217570433,0.4217661745176825
separated,100,400,4.0,0.01,0.7,82,cp,1.0,1.0,1.0,0.0,1.0,0.0,1.0,0.00334920342930805,0.02443241192207979,0.11625717625711186,0.27304455536998695
separated,100,400,4.0,0.01,0.7,82,dkw,1.0,1.0,1.0,0.0,0.88,0.0,1.0,0.0054198131967124,0.04164835071248185,0.20265580726722646,0.4191178521981136
separated,100,400,4.0,0.01,0.7,83,cp,1.0,1.0,1.0,0.0,1.0,0.0,1.0,0.00258266218984593,0.021185762346493497,0.12734776358877475,0.27427354128751225
separated,100,400,4.0,0.01,0.7,83,dkw,1.0,1.0,1.0,0.0,0.92,0.0,1.0,0.012314013295710998,0.1106419599765065,0.2092916697634914,0.4177120603992751
separated,100,400,4.0,0.01,0.7,84,cp,1.0,1.0,1.0,0.0,1.0,0.0,1.0,0.0017352316959861902,0.015429447841863064,0.10710617980085299,0.24350328255949516
separated,100,400,4.0,0.01,0.7,84,dkw,1.0,1.0,1.0,0.0,0.92,0.0,1.0,0.007943851120232166,0.06310094808799416,0.1980751457398522,0.41217824321625396
separated,100,400,4.0,0.01,0.7,85,cp,1.0,1.0,1.0,0.0,1.0,0.0,1.0,0.002732025515633527,0.02443241192207979,0.11902767752823809,0.2695690789814412
separated,100,400,4.0,0.01,0.7,85,dkw,1.0,1.0,1.0,0.0,0.92,0.0,1.0,0.00258266218984593,0.021185762346493497,0.20621228983140721,0.4192061278783694
separated,100,400,4.0,0.01,0.7,86,cp,1.0,1.0,1.0,0.0,1.0,0.0,1.0,0.00036819937398224756,0.004857707356216601,0.12127747576244964,0.2864712852425617
separated,100,400,4.0,0.01,0.7,86,dkw,1.0,1.0,1.0,0.0,0.92,0.0,1.0,0.0017352316959861902,0.015429447841863064,0.20561797557322692,0.41639870612907925
separated,100,400,4.0,0.01,0.7,87,cp,1.0,1.0,1.0,0.0,1.0,0.0,1.0,7.396412226257975e-05,0.0013879055895357206,0.11462618073200505,0.2650905084076792
separated,100,400,4.0,0.01,0.7,87,dkw,1.0,1.0,1.0,0.0,0.92,0.0,1.0,0.0006745906453060791,0.007659781783095787,0.20293775591780439,0.4121847895677797
separated,100,400,4.0,0.01,0.7,88,cp,1.0,1.0,1.0,0.0,1.0,0.0,1.0,0.00022699495854578534,0.002951276737924724,0.12543941110155157,0.2841299948777015
separated,100,400,4.0,0.01,0.7,88,dkw,1.0,1.0,1.0,0.0,0.92,0.0,1.0,5.5516223581428824e-05,0.0013879055895357206,0.20892430489917324,0.4150011299400653
separated,100,400,4.0,0.01,0.7,89,cp,1.0,1.0,1.0,0.0,1.0,0.0,1.0,0.0012530151577916193,0.008326918190812438,0.11045843992504219,0.2594438363238324
separated,100,400,4.0,0.01,0.7,89,dkw,1.0,1.0,1.0,0.0,0.92,0.0,1.0,0.0009199384301591218,0.007093661650140026,0.20134020844919026,0.40935777854703004
separated,100,400,4.0,0.01,0.7,90,cp,1.0,1.0,1.0,0.0,1.0,0.0,1.0,0.00401106353798792,0.02026610653549954,0.12034994660068613,0.2546011088399268
separated,100,400,4.0,0.01,0.7,90,dkw,1.0,1.0,1.0,0.0,0.92,0.0,1.0,0.007943851120232166,0.06310094808799416,0.2060119117922199,0.4194805482057007
separated,100,400,4.0,0.01,0.7,91,cp,1.0,1.0,1.0,0.0,1.0,0.0,1.0,0.0006361919641535207,0.005801104647893518,0.10227928703496221,0.23204899625658548
separated,100,400,4.0,0.01,0.7,91,dkw,1.0,1.0,1.0,0.0,0.92,0.0,1.0,5.5516223581428824e-05,0.0013879055895357206,0.1978034270721394,0.40641582678146027
separated,100,400,4.0,0.01,0.7,92,cp,1.0,1.0,1.0,0.0,1.0,0.0,1.0,0.0055941451810979535,0.0176826732783657,0.09933813486993946,0.228599219935526
separated,100,400,4.0,0.01,0.7,92,dkw,1.0,1.0,1.0,0.0,0.92,0.0,1.0,0.0055941451810979535,0.0176826732783657,0.19694224246140798,0.40498608104265255
separated,100,400,4.0,0.01,0.7,93,cp,1.0,1.0,1.0,0.0,1.0,0.0,1.0,0.0006361919641535207,0.005801104647893518,0.12487192490119554,0.26761074032164045
separated,100,400,4.0,0.01,0.7,93,dkw,1.0,1.0,1.0,0.0,0.92,0.0,1.0,5.5516223581428824e-05,0.0013879055895357206,0.21055267947035383,0.41360460104511443
separated,100,400,4.0,0.01,0.7,94,cp,1.0,1.0,1.0,0.0,1.0,0.0,1.0,0.005442014410926448,0.033323473387854796,0.1352530503191046,0.2583854936483596
separated,100,400,4.0,0.01,0.7,94,dkw,1.0,1.0,1.0,0.0,0.88,0.0,1.0,0.0,0.0,0.21819234368604667,0.4224329024789145
separated,100,400,4.0,0.01,0.7,95,cp,1.0,1.0,1.0,0.0,1.0,0.0,1.0,0.0018409666918676449,0.02443241192207979,0.11625663945901633,0.26174725280664535
separated,100,400,4.0,0.01,0.7,95,dkw,1.0,1.0,1.0,0.0,0.92,0.0,1.0,0.0006361919641535207,0.005801104647893518,0.2034982860939217,0.41636823586969973
separated,100,400,4.0,0.01,0.7,96,cp,1.0,1.0,1.0,0.0,1.0,0.0,1.0,7.396412226257975e-05,0.0013879055895357206,0.10512221183669164,0.2623801686830193
separated,100,400,4.0,0.01,0.7,96,dkw,1.0,1.0,1.0,0.0,0.92,0.0,1.0,0.00036819937398224756,0.004857707356216601,0.19877838664626687,0.4107691885667365
separated,100,400,4.0,0.01,0.7,97,cp,1.0,1.0,1.0,0.0,1.0,0.0,1.0,0.005804727786534891,0.028451339216919225,0.12134524439941831,0.2551121148498807
separated,100,400,4.0,0.01,0.7,97,dkw,1.0,1.0,1.0,0.0,0.92,0.0,1.0,0.004228340835616473,0.0152763050314918,0.2070670030754414,0.4150015053409495
separated,100,400,4.0,0.01,0.7,98,cp,1.0,1.0,1.0,0.0,1.0,0.0,1.0,5.5516223581428824e-05,0.0013879055895357206,0.11347679351762903,0.2650905084076792
separated,100,400,4.0,0.01,0.7,98,dkw,1.0,1.0,1.0,0.0,0.88,0.0,1.0,0.00017389107973358352,0.0024981739367750944,0.203584257029318,0.4121847895677797
separated,100,400,4.0,0.01,0.7,99,cp,1.0,1.0,1.0,0.0,1.0,0.0,1.0,0.002979020260544414,0.028451339216919225,0.13412430393190253,0.26708343294477377
separated,100,400,4.0,0.01,0.7,99,dkw,1.0,1.0,1.0,0.0,0.92,0.0,1.0,0.00022699495854578534,0.002951276737924724,0.2153576509801075,0.4230125966594951
separated,100,400,4.0,0.01,0.7,100,cp,1.0,1.0,1.0,0.0,1.0,0.0,1.0,0.002442538627120818,0.0176826732783657,0.13501485638842176,0.29610306693244093
separated,100,400,4.0,0.01,0.7,100,dkw,1.0,1.0,1.0,0.0,0.92,0.0,1.0,0.0054198131967124,0.04164835071248185,0.2137532949207164,0.42344821615078754
separated,100,400,4.0,0.01,0.7,101,cp,1.0,1.0,1.0,0.0,1.0,0.0,1.0,0.005513799997902668,0.021651530086902016,0.13251466383612936,0.2898563845518607
separated,100,400,4.0,0.01,0.7,101,dkw,1.0,1.0,1.0,0.0,0.92,0.0,1.0,0.0054198131967124,0.04164835071248185,0.21206357218773403,0.4244879510013857
separated,100,400,4.0,0.01,0.7,102,cp,1.0,1.0,1.0,0.0,1.0,0.0,1.0,0.0031706596435456145,0.01730478700050242,0.1178095557709937,0.2605626674011029
separated,100,400,4.0,0.01,0.7,102,dkw,1.0,1.0,1.0,0.0,0.92,0.0,1.0,0.0020609246993588083,0.010680076484131606,0.20447641870940572,0.4122181539965326
separated,100,400,4.0,0.01,0.7,103,cp,1.0,1.0,1.0,0.0,1.0,0.0,1.0,0.00022699495854578534,0.002951276737924724,0.10974560223336927,0.23816397109220133
separated,100,400,4.0,0.01,0.7,103,dkw,1.0,1.0,1.0,0.0,0.88,0.0,1.0,7.396412226257975e-05,0.0013879055895357206,0.20305201865505992,0.4092883071843997
separated,100,400,4.0,0.01,0.7,104,cp,1.0,1.0,1.0,0.0,1.0,0.0,1.0,0.00036819937398224756,0.004857707356216601,0.10934389114695986,0.2650905084076792
separated,100,400,4.0,0.01,0.7,104,dkw,1.0,1.0,1.0,0.0,0.92,0.0,1.0,0.0017352316959861902,0.015429447841863064,0.19980739466720487,0.4121847895677797
separated,100,400,4.0,0.01,0.7,105,cp,1.0,1.0,1.0,0.0,1.0,0.0,1.0,0.006230820437536621,0.0176826732783657,0.13720983953901342,0.2811012152652055
separated,100,400,4.0,0.01,0.7,105,dkw,1.0,1.0,1.0,0.0,0.92,0.0,1.0,0.0055941451810979535,0.0176826732783657,0.21514564591486177,0.421681346394864
separated,100,400,4.0,0.01,0.7,106,cp,1.0,1.0,1.0,0.0,1.0,0.0,1.0,0.0017352316959861902,0.015429447841863064,0.10908338222038914,0.2699680710113619
separated,100,400,4.0,0.01,0.7,106,dkw,1.0,1.0,1.0,0.0,0.92,0.0,1.0,0.007943851120232166,0.06310094808799416,0.19858934820741755,0.4150286426144376
separated,100,400,4.0,0.01,0.7,107,cp,1.0,1.0,1.0,0.0,1.0,0.0,1.0,5.342766544736755e-05,0.0013356916361841886,0.1249489094052684,0.2956696386078753
separated,100,400,4.0,0.01,0.7,107,dkw,1.0,1.0,1.0,0.0,0.92,0.0,1.0,7.396412226257975e-05,0.0013879055895357206,0.20637012811004676,0.4177120603992751
separated,100,400,4.0,0.01,0.7,108,cp,1.0,1.0,1.0,0.0,1.0,0.0,1.0,0.0016921825391275336,0.018947016236178005,0.10730914668124149,0.23522076209619602
separated,100,400,4.0,0.01,0.7,108,dkw,1.0,1.0,1.0,0.0,0.92,0.0,1.0,0.00036819937398224756,0.004857707356216601,0.20048990984744047,0.4078498953412484
separated,100,400,4.0,0.01,0.7,109,cp,1.0,1.0,1.0,0.0,1.0,0.0,1.0,0.001633721639993544,0.009517662055048115,0.11686157095487718,0.2623801686830193
separated,100,400,4.0,0.01,0.7,109,dkw,1.0,1.0,1.0,0.0,0.92,0.0,1.0,0.0006361919641535207,0.005801104647893518,0.20519571322777877,0.4107691885667365
separated,100,400,4.0,0.01,0.7,110,cp,1.0,1.0,1.0,0.0,1.0,0.0,1.0,0.0011180537823116676,0.011086578425139715,0.12230271057265753,0.2676457149712166
separated,100,400,4.0,0.01,0.7,110,dkw,1.0,1.0,1.0,0.0,0.92,0.0,1.0,0.0054198131967124,0.04164835071248185,0.20710289785655356,0.41360460104511443
separated,100,400,4.0,0.01,0.7,111,cp,1.0,1.0,1.0,0.0,1.0,0.0,1.0,0.0055941451810979535,0.0176826732783657,0.10760395566516148,0.2562335019064993
separated,100,400,4.0,0.01,0.7,111,dkw,1.0,1.0,1.0,0.0,0.92,0.0,1.0,0.0055941451810979535,0.0176826732783657,0.19912292177063762,0.40795054013351995
separated,100,400,4.0,0.01,0.7,112,cp,1.0,1.0,1.0,0.0,1.0,0.0,1.0,0.00017389107973358352,0.0024981739367750944,0.09671067442184617,0.23522076209619602
separated,100,400,4.0,0.01,0.7,112,dkw,1.0,1.0,1.0,0.0,0.88,0.0,1.0,0.0006745906453060791,0.007659781783095787,0.19538945100816818,0.4078498953412484
separated,100,400,4.0,0.01,0.7,113,cp,1.0,1.0,1.0,0.0,1.0,0.0,1.0,0.0005806757405720919,0.005801104647893518,0.12605361885828725,0.2653397527965383
separated,100,400,4.0,0.01,0.7,113,dkw,1.0,1.0,1.0,0.0,0.88,0.0,1.0,7.396412226257975e-05,0.0013879055895357206,0.21123617512454973,0.41360460104511443
separated,100,400,4.0,0.01,0.7,114,cp,1.0,1.0,1.0,0.0,1.0,0.0,1.0,0.0006745906453060791,0.007659781783095787,0.11033535447781247,0.26761074032164045
separated,100,400,4.0,0.01,0.7,114,dkw,1.0,1.0,1.0,0.0,0.92,0.0,1.0,0.00258266218984593,0.021185762346493497,0.20019917034266213,0.41360460104511443
separated,100,400,4.0,0.01,0.7,115,cp,1.0,1.0,1.0,0.0,1.0,0.0,1.0,0.00036819937398224756,0.004857707356216601,0.1169818926854223,0.24594885516419385
separated,100,400,4.0,0.01,0.7,115,dkw,1.0,1.0,1.0,0.0,0.92,0.0,1.0,0.0037538791682131256,0.029280424459179888,0.20547501420836226,0.41362980897871704
separated,100,400,4.0,0.01,0.7,116,cp,1.0,1.0,1.0,0.0,1.0,0.0,1.0,0.00010894388902879637,0.0013879055895357206,0.11458403069288639,0.2650905084076792
separated,100,400,4.0,0.01,0.7,116,dkw,1.0,1.0,1.0,0.0,0.92,0.0,1.0,7.396412226257975e-05,0.0013879055895357206,0.20458145092382973,0.4121847895677797
separated,100,400,4.0,0.01,0.7,117,cp,1.0,1.0,1.0,0.0,1.0,0.0,1.0,0.0055941451810979535,0.0176826732783657,0.09933813486993946,0.228599219935526
separated,100,400,4.0,0.01,0.7,117,dkw,1.0,1.0,1.0,0.0,0.92,0.0,1.0,0.0055941451810979535,0.0176826732783657,0.19694224246140798,0.40498608104265255
separated,100,400,4.0,0.01,0.7,118,cp,1.0,1.0,1.0,0.0,1.0,0.0,1.0,0.0033938856243133976,0.02026610653549954,0.1292468819964302,0.27427354128751225
separated,100,400,4.0,0.01,0.7,118,dkw,1.0,1.0,1.0,0.0,0.92,0.0,1.0,0.0054198131967124,0.04164835071248185,0.2112778275282447,0.4178894951011748
separated,100,400,4.0,0.01,0.7,119,cp,1.0,1.0,1.0,0.0,1.0,0.0,1.0,0.0030527024845362627,0.012967952435732899,0.09891344153580311,0.228599219935526
separated,100,400,4.0,0.01,0.7,119,dkw,1.0,1.0,1.0,0.0,0.92,0.0,1.0,0.0030527024845362627,0.012967952435732899,0.1966604086134178,0.40498608104265255
separated,100,400,4.0,0.01,0.7,120,cp,1.0,1.0,1.0,0.0,1.0,0.0,1.0,0.0055941451810979535,0.0176826732783657,0.09509219078567994,0.2487177350227039
separated,100,400,4.0,0.01,0.7,120,dkw,1.0,1.0,1.0,0.0,0.92,0.0,1.0,0.0055941451810979535,0.0176826732783657,0.19166398878612725,0.405148501218093
separated,100,400,4.0,0.01,0.7,121,cp,1.0,1.0,1.0,0.0,1.0,0.0,1.0,5.5516223581428824e-05,0.0013879055895357206,0.10383409203728387,0.2594438363238324
separated,100,400,4.0,0.01,0.7,121,dkw,1.0,1.0,1.0,0.0,0.92,0.0,1.0,7.396412226257975e-05,0.0013879055895357206,0.19778103745747486,0.40935777854703004
separated,100,400,4.0,0.01,0.7,122,cp,1.0,1.0,1.0,0.0,1.0,0.0,1.0,0.0006745906453060791,0.007659781783095787,0.10700548087112396,0.26761074032164045
separated,100,400,4.0,0.01,0.7,122,dkw,1.0,1.0,1.0,0.0,0.92,0.0,1.0,0.0017352316959861902,0.015429447841863064,0.20005563709761706,0.41360460104511443
separated,100,400,4.0,0.01,0.7,123,cp,1.0,1.0,1.0,0.0,1.0,0.0,1.0,0.00011837485615215471,0.0024981739367750944,0.13047178809488977,0.27955738639810623
separated,100,400,4.0,0.01,0.7,123,dkw,1.0,1.0,1.0,0.0,0.92,0.0,1.0,0.0011180537823116676,0.011086578425139715,0.2127132004914971,0.4192061278783694
separated,100,400,4.0,0.01,0.7,124,cp,1.0,1.0,1.0,0.0,1.0,0.0,1.0,0.00036819937398224756,0.004857707356216601,0.10822216922924191,0.24350328255949516
separated,100,400,4.0,0.01,0.7,124,dkw,1.0,1.0,1.0,0.0,0.92,0.0,1.0,0.0017352316959861902,0.015429447841863064,0.20160535982125333,0.41217824321625396
separated,100,400,4.0,0.01,0.7,125,cp,1.0,1.0,1.0,0.0,1.0,0.0,1.0,0.003698362944631697,0.029280424459179888,0.10280480400440496,0.2750481536448477
separated,100,400,4.0,0.01,0.7,125,dkw,1.0,1.0,1.0,0.0,0.92,0.0,1.0,0.007943851120232166,0.06310094808799416,0.19505123616550038,0.41639870612907925
separated,100,400,4.0,0.01,0.7,126,cp,1.0,1.0,1.0,0.0,1.0,0.0,1.0,0.006687932081371373,0.026343391750294987,0.13122035989981506,0.28067079972555575
separated,100,400,4.0,0.01,0.7,126,dkw,1.0,1.0,1.0,0.0,0.92,0.0,1.0,0.0009343018896804133,0.0176826732783657,0.21586999008461175,0.41780036587507074
separated,100,400,4.0,0.01,0.7,127,cp,1.0,1.0,1.0,0.0,1.0,0.0,1.0,0.004147956120428806,0.02443241192207979,0.12698481617675042,0.26795708112406835
separated,100,400,4.0,0.01,0.7,127,dkw,1.0,1.0,1.0,0.0,0.92,0.0,1.0,0.0030527024845362627,0.012967952435732899,0.20900144368502016,0.4177120603992751
separated,100,400,4.0,0.01,0.7,128,cp,1.0,1.0,1.0,0.0,1.0,0.0,1.0,0.0006745906453060791,0.007659781783095787,0.11766759911600058,0.26761074032164045
separated,100,400,4.0,0.01,0.7,128,dkw,1.0,1.0,1.0,0.0,0.88,0.0,1.0,0.0037538791682131256,0.029280424459179888,0.2036314638500954,0.41360460104511443
separated,100,400,4.0,0.01,0.7,129,cp,1.0,1.0,1.0,0.0,1.0,0.0,1.0,0.0006745906453060791,0.007659781783095787,0.11435308490507086,0.26761074032164045
separated,100,400,4.0,0.01,0.7,129,dkw,1.0,1.0,1.0,0.0,0.92,0.0,1.0,0.0037538791682131256,0.029280424459179888,0.20191032034180678,0.41360460104511443
separated,100,400,4.0,0.01,0.7,130,cp,1.0,1.0,1.0,0.0,1.0,0.0,1.0,0.0008636702149844533,0.01730478700050242,0.1353022230113685,0.29108108609316186
separated,100,400,4.0,0.01,0.7,130,dkw,1.0,1.0,1.0,0.0,0.92,0.0,1.0,7.396412226257975e-05,0.0013879055895357206,0.21381110950019053,0.4204110131332808
separated,100,400,4.0,0.01,0.7,131,cp,1.0,1.0,1.0,0.0,1.0,0.0,1.0,0.00010894388902879637,0.0013879055895357206,0.11073573595698556,0.2623801686830193
separated,100,400,4.0,0.01,0.7,131,dkw,1.0,1.0,1.0,0.0,0.92,0.0,1.0,7.396412226257975e-05,0.0013879055895357206,0.2014821323456744,0.4107691885667365
separated,100,400,4.0,0.01,0.7,132,cp,1.0,1.0,1.0,0.0,1.0,0.0,1.0,0.004228340835616473,0.0152763050314918,0.11288009769412323,0.2594438363238324
separated,100,400,4.0,0.01,0.7,132,dkw,1.0,1.0,1.0,0.0,0.92,0.0,1.0,0.003617288634356801,0.014114653745513461,0.20276943028266992,0.40935777854703004
separated,100,400,4.0,0.01,0.7,133,cp,1.0,1.0,1.0,0.0,1.0,0.0,1.0,0.0054198131967124,0.04164835071248185,0.11251758105682118,0.2998235260758988
separated,100,400,4.0,0.01,0.7,133,dkw,1.0,1.0,1.0,0.0,0.92,0.0,1.0,0.012314013295710998,0.1106419599765065,0.19869750308084927,0.4177325144502312
separated,100,400,4.0,0.01,0.7,134,cp,1.0,1.0,1.0,0.0,1.0,0.0,1.0,0.0025339843871069467,0.011826492193703464,0.10472930950324862,0.23204899625658548
separated,100,400,4.0,0.01,0.7,134,dkw,1.0,1.0,1.0,0.0,0.92,0.0,1.0,0.0009199384301591218,0.007093661650140026,0.19992107375569731,0.40641582678146027
separated,100,400,4.0,0.01,0.7,135,cp,1.0,1.0,1.0,0.0,1.0,0.0,1.0,0.0,0.0,0.12116795473310285,0.27597045551542176
separated,100,400,4.0,0.01,0.7,135,dkw,1.0,1.0,1.0,0.0,0.88,0.0,1.0,0.00036819937398224756,0.004857707356216601,0.20627975356496336,0.4150011299400653
separated,100,400,4.0,0.01,0.7,136,cp,1.0,1.0,1.0,0.0,1.0,0.0,1.0,0.006194595530014073,0.021651530086902016,0.10975866158950894,0.23522076209619602
separated,100,400,4.0,0.01,0.7,136,dkw,1.0,1.0,1.0,0.0,0.92,0.0,1.0,0.00162724536129375,0.0176826732783657,0.2036737486347456,0.4078498953412484
separated,100,400,4.0,0.01,0.7,137,cp,1.0,1.0,1.0,0.0,1.0,0.0,1.0,0.00040414777823778004,0.0044288204922998675,0.10880736799214001,0.2594438363238324
separated,100,400,4.0,0.01,0.7,137,dkw,1.0,1.0,1.0,0.0,0.92,0.0,1.0,0.00022699495854578534,0.002951276737924724,0.20012372228406877,0.40935777854703004
separated,100,400,4.0,0.01,0.7,138,cp,1.0,1.0,1.0,0.0,1.0,0.0,1.0,0.010417817643918453,0.04164835071248185,0.13053004624637318,0.2856469080153987
separated,100,400,4.0,0.01,0.7,138,dkw,1.0,1.0,1.0,0.0,0.88,0.0,1.0,0.014589845137712727,0.1106419599765065,0.21117313574888083,0.4203537510385744
separated,100,400,4.0,0.01,0.7,139,cp,1.0,1.0,1.0,0.0,1.0,0.0,1.0,0.0006361919641535207,0.005801104647893518,0.10227928703496221,0.23204899625658548
separated,100,400,4.0,0.01,0.7,139,dkw,1.0,1.0,1.0,0.0,0.92,0.0,1.0,5.5516223581428824e-05,0.0013879055895357206,0.1978034270721394,0.40641582678146027
separated,100,400,4.0,0.01,0.7,140,cp,1.0,1.0,1.0,0.0,1.0,0.0,1.0,0.00011837485615215471,0.0024981739367750944,0.12209419642974698,0.2773538078936959
separated,100,400,4.0,0.01,0.7,140,dkw,1.0,1.0,1.0,0.0,0.88,0.0,1.0,0.0006745906453060791,0.007659781783095787,0.2085906003878002,0.41780036587507074
separated,100,400,4.0,0.01,0.7,141,cp,1.0,1.0,1.0,0.0,1.0,0.0,1.0,0.002270396896432212,0.01730478700050242,0.13683530380908734,0.2863551938966842
separated,100,400,4.0,0.01,0.7,141,dkw,1.0,1.0,1.0,0.0,0.92,0.0,1.0,0.0012530151577916193,0.008326918190812438,0.21568156684381745,0.4204110131332808
separated,100,400,4.0,0.01,0.7,142,cp,0.0,1.0,1.0,0.0,1.0,0.0,1.0,0.0037538791682131256,0.029280424459179888,0.10915003051516305,0.25199996961551574
separated,100,400,4.0,0.01,0.7,142,dkw,0.0,1.0,1.0,0.0,0.92,0.0,1.0,0.012314013295710998,0.1106419599765065,0.19813568834148906,0.41369180825717533
separated,100,400,4.0,0.01,0.7,143,cp,1.0,1.0,1.0,0.0,1.0,0.0,1.0,0.005724555235323741,0.021651530086902016,0.13503047419714373,0.3037453796110754
separated,100,400,4.0,0.01,0.7,143,dkw,1.0,1.0,1.0,0.0,0.92,0.0,1.0,0.007943851120232166,0.06310094808799416,0.21343337784810945,0.4218817765036269
separated,100,400,4.0,0.01,0.7,144,cp,1.0,1.0,1.0,0.0,1.0,0.0,1.0,7.396412226257975e-05,0.0013879055895357206,0.12863972197082213,0.2721835036455642
separated,100,400,4.0,0.01,0.7,144,dkw,1.0,1.0,1.0,0.0,0.92,0.0,1.0,0.0011180537823116676,0.011086578425139715,0.2123797343189703,0.41645693401312456
separated,100,400,4.0,0.01,0.7,145,cp,1.0,1.0,1.0,0.0,1.0,0.0,1.0,0.003617288634356801,0.014114653745513461,0.09912179962932666,0.228599219935526
separated,100,400,4.0,0.01,0.7,145,dkw,1.0,1.0,1.0,0.0,0.92,0.0,1.0,0.0020609246993588083,0.010680076484131606,0.1965724302652979,0.40498608104265255
separated,100,400,4.0,0.01,0.7,146,cp,1.0,1.0,1.0,0.0,1.0,0.0,1.0,0.00010894388902879637,0.0013879055895357206,0.10943380123075029,0.2758236409526664
separated,100,400,4.0,0.01,0.7,146,dkw,1.0,1.0,1.0,0.0,0.92,0.0,1.0,5.5516223581428824e-05,0.0013879055895357206,0.19841607838494718,0.41083271740368055
separated,100,400,4.0,0.01,0.7,147,cp,1.0,1.0,1.0,0.0,1.0,0.0,1.0,0.00040414777823778004,0.0044288204922998675,0.13549998873239383,0.2886508059083952
separated,100,400,4.0,0.01,0.7,147,dkw,1.0,1.0,1.0,0.0,0.92,0.0,1.0,5.5516223581428824e-05,0.0013879055895357206,0.21645649846845116,0.41780036587507074
separated,100,400,4.0,0.01,0.7,148,cp,1.0,1.0,1.0,0.0,1.0,0.0,1.0,0.0009199384301591218,0.007093661650140026,0.10603751021407035,0.2562335019064993
separated,100,400,4.0,0.01,0.7,148,dkw,1.0,1.0,1.0,0.0,0.88,0.0,1.0,0.00022699495854578534,0.002951276737924724,0.19774556307269095,0.40795054013351995
separated,100,400,4.0,0.01,0.7,149,cp,1.0,1.0,1.0,0.0,1.0,0.0,1.0,0.0008636702149844533,0.01730478700050242,0.11730345244519817,0.26875046623758714
separated,100,400,4.0,0.01,0.7,149,dkw,1.0,1.0,1.0,0.0,0.92,0.0,1.0,0.00040414777823778004,0.0044288204922998675,0.20442590538888517,0.4150015053409495
separated,100,400,4.0,0.01,0.7,150,cp,1.0,1.0,1.0,0.0,1.0,0.0,1.0,0.0051240641527819175,0.02443241192207979,0.1543649043277029,0.2951928114572502
separated,100,400,4.0,0.01,0.7,150,dkw,1.0,1.0,1.0,0.0,0.84,0.0,1.0,0.0011180537823116676,0.011086578425139715,0.23155003747843445,0.4324350256025561
separated,100,400,4.0,0.01,0.7,151,cp,0.0,0.0,1.0,0.0,1.0,0.0,1.0,0.00258266218984593,0.021185762346493497,0.11434034733810541,0.2906891257978944
separated,100,400,4.0,0.01,0.7,151,dkw,0.0,0.0,1.0,0.0,0.92,0.0,1.0,0.007943851120232166,0.06310094808799416,0.20074763318837668,0.4192061278783694
separated,100,400,4.0,0.01,0.7,152,cp,1.0,1.0,1.0,0.0,1.0,0.0,1.0,0.0,0.0,0.1247788397400449,0.28391924947618175
separated,100,400,4.0,0.01,0.7,152,dkw,1.0,1.0,1.0,0.0,0.92,0.0,1.0,7.396412226257975e-05,0.0013879055895357206,0.2088251315163486,0.4177418155949557
separated,100,400,4.0,0.01,0.7,153,cp,1.0,1.0,1.0,0.0,1.0,0.0,1.0,7.396412226257975e-05,0.0013879055895357206,0.1012180997558027,0.23522076209619602
separated,100,400,4.0,0.01,0.7,153,dkw,1.0,1.0,1.0,0.0,0.92,0.0,1.0,0.0006745906453060791,0.007659781783095787,0.19707753398323852,0.4078498953412484
separated,100,400,4.0,0.01,0.7,154,cp,1.0,1.0,1.0,0.0,1.0,0.0,1.0,0.0010048746304209156,0.01730478700050242,0.12839753722666444,0.278667284212228
separated,100,400,4.0,0.01,0.7,154,dkw,1.0,1.0,1.0,0.0,0.88,0.0,1.0,0.0011180537823116676,0.011086578425139715,0.21109134581303107,0.42049783325614676
separated,100,400,4.0,0.01,0.7,155,cp,1.0,1.0,1.0,0.0,1.0,0.0,1.0,7.396412226257975e-05,0.0013879055895357206,0.10513340643633562,0.2594438363238324
separated,100,400,4.0,0.01,0.7,155,dkw,1.0,1.0,1.0,0.0,0.92,0.0,1.0,0.0006745906453060791,0.007659781783095787,0.1972361371625946,0.40935777854703004
separated,100,400,4.0,0.01,0.7,156,cp,1.0,1.0,1.0,0.0,1.0,0.0,1.0,0.0025339101634809813,0.02443241192207979,0.12010327423174813,0.26512299159811803
separated,100,400,4.0,0.01,0.7,156,dkw,1.0,1.0,1.0,0.0,0.92,0.0,1.0,0.0012530151577916193,0.008326918190812438,0.20463877363072475,0.41636823586969973
separated,100,400,4.0,0.01,0.7,157,cp,1.0,1.0,1.0,0.0,1.0,0.0,1.0,0.004066539269230538,0.02311615559381819,0.13865109651263546,0.29073013259282066
separated,100,400,4.0,0.01,0.7,157,dkw,1.0,1.0,1.0,0.0,0.92,0.0,1.0,0.00017389107973358352,0.0024981739367750944,0.21899832708552047,0.4218817765036269
separated,100,400,4.0,0.01,0.7,158,cp,1.0,1.0,1.0,0.0,1.0,0.0,1.0,0.00011837485615215471,0.0024981739367750944,0.11331912078200082,0.2700778869232028
separated,100,400,4.0,0.01,0.7,158,dkw,1.0,1.0,1.0,0.0,0.92,0.0,1.0,0.0006745906453060791,0.007659781783095787,0.20136956744294435,0.4136076187208463
separated,100,400,4.0,0.01,0.7,159,cp,1.0,1.0,1.0,0.0,1.0,0.0,1.0,0.0018138191352380995,0.018947016236178005,0.1312152827371923,0.2750481536448477
separated,100,400,4.0,0.01,0.7,159,dkw,1.0,1.0,1.0,0.0,0.92,0.0,1.0,7.396412226257975e-05,0.0013879055895357206,0.21336307948764002,0.41639870612907925
separated,100,400,4.0,0.01,0.7,160,cp,1.0,1.0,1.0,0.0,1.0,0.0,1.0,0.0060564884531510675,0.04164835071248185,0.11487260452436417,0.286926572168942
separated,100,400,4.0,0.01,0.7,160,dkw,1.0,1.0,1.0,0.0,0.92,0.0,1.0,0.012314013295710998,0.1106419599765065,0.20079224453395297,0.4203214115177778
separated,100,400,4.0,0.01,0.7,161,cp,1.0,1.0,1.0,0.0,1.0,0.0,1.0,0.0010048746304209156,0.01730478700050242,0.11516283174104931,0.2667021481317301
separated,100,400,4.0,0.01,0.7,161,dkw,1.0,1.0,1.0,0.0,0.92,0.0,1.0,0.0017352316959861902,0.015429447841863064,0.2017054166796963,0.4136076187208463
separated,100,400,4.0,0.01,0.7,162,cp,1.0,1.0,1.0,0.0,1.0,0.0,1.0,0.0011180537823116676,0.011086578425139715,0.1059108449477895,0.2699680710113619
separated,100,400,4.0,0.01,0.7,162,dkw,1.0,1.0,1.0,0.0,0.88,0.0,1.0,0.0037538791682131256,0.029280424459179888,0.19876848828086577,0.4150286426144376
separated,100,400,4.0,0.01,0.7,163,cp,1.0,1.0,1.0,0.0,1.0,0.0,1.0,0.0,0.0,0.10420854926774967,0.2648558876080732
separated,100,400,4.0,0.01,0.7,163,dkw,1.0,1.0,1.0,0.0,0.92,0.0,1.0,0.00017389107973358352,0.0024981739367750944,0.19533371521725498,0.4094512906894525
separated,100,400,4.0,0.01,0.7,164,cp,1.0,1.0,1.0,0.0,1.0,0.0,1.0,0.0006361919641535207,0.005801104647893518,0.13797115635627644,0.2906891257978944
separated,100,400,4.0,0.01,0.7,164,dkw,1.0,1.0,1.0,0.0,0.92,0.0,1.0,0.00010894388902879637,0.0013879055895357206,0.21965704064651842,0.4192061278783694
separated,100,400,4.0,0.01,0.7,165,cp,1.0,1.0,1.0,0.0,1.0,0.0,1.0,7.396412226257975e-05,0.0013879055895357206,0.09043736956215226,0.228599219935526
separated,100,400,4.0,0.01,0.7,165,dkw,1.0,1.0,1.0,0.0,0.92,0.0,1.0,0.0006745906453060791,0.007659781783095787,0.19138222574265407,0.40498608104265255
separated,100,400,4.0,0.01,0.7,166,cp,1.0,1.0,1.0,0.0,1.0,0.0,1.0,0.0012530151577916193,0.008326918190812438,0.09748927070864473,0.228599219935526
separated,100,400,4.0,0.01,0.7,166,dkw,1.0,1.0,1.0,0.0,0.88,0.0,1.0,0.0006361919641535207,0.005801104647893518,0.19553593488747262,0.40498608104265255
separated,100,400,4.0,0.01,0.7,167,cp,1.0,1.0,1.0,0.0,1.0,0.0,1.0,0.002997186260954834,0.012967952435732899,0.11939895078020295,0.2878146774343825
separated,100,400,4.0,0.01,0.7,167,dkw,1.0,1.0,1.0,0.0,0.92,0.0,1.0,0.003617288634356801,0.014114653745513461,0.2033024339571324,0.4136371967445911
separated,100,400,4.0,0.01,0.7,168,cp,1.0,1.0,1.0,0.0,1.0,0.0,1.0,5.5516223581428824e-05,0.0013879055895357206,0.11874759050113216,0.2816003070023686
separated,100,400,4.0,0.01,0.7,168,dkw,1.0,1.0,1.0,0.0,0.92,0.0,1.0,0.00017389107973358352,0.0024981739367750944,0.20422611371144947,0.4136076187208463
separated,100,400,4.0,0.01,0.7,169,cp,1.0,1.0,1.0,0.0,1.0,0.0,1.0,0.0016797154724047614,0.015429447841863064,0.12668781860935557,0.28496638611069514
separated,100,400,4.0,0.01,0.7,169,dkw,1.0,1.0,1.0,0.0,0.92,0.0,1.0,0.007943851120232166,0.06310094808799416,0.2080364839372673,0.42061601095331547
separated,100,400,4.0,0.01,0.7,170,cp,1.0,1.0,1.0,0.0,1.0,0.0,1.0,0.0050719685694686325,0.024674535038923584,0.12472821838213644,0.2850006069335639
separated,100,400,4.0,0.01,0.7,170,dkw,1.0,1.0,1.0,0.0,0.92,0.0,1.0,0.0018253607134462958,0.0176826732783657,0.20876952732106324,0.41639870612907925
separated,100,400,4.0,0.01,0.7,171,cp,1.0,1.0,1.0,0.0,1.0,0.0,1.0,0.00022699495854578534,0.002951276737924724,0.11474936743149977,0.24091550253373717
separated,100,400,4.0,0.01,0.7,171,dkw,1.0,1.0,1.0,0.0,0.92,0.0,1.0,0.00036819937398224756,0.004857707356216601,0.20573980066141762,0.41073108290227955
separated,100,400,4.0,0.01,0.7,172,cp,1.0,1.0,1.0,0.0,1.0,0.0,1.0,0.00010894388902879637,0.0013879055895357206,0.11290189661470644,0.2623801686830193
separated,100,400,4.0,0.01,0.7,172,dkw,1.0,1.0,1.0,0.0,0.92,0.0,1.0,0.00017389107973358352,0.0024981739367750944,0.20208609356063165,0.4107691885667365
separated,100,400,4.0,0.01,0.7,173,cp,1.0,1.0,1.0,0.0,1.0,0.0,1.0,0.0006361919641535207,0.005801104647893518,0.10656101662029427,0.23522076209619602
separated,100,400,4.0,0.01,0.7,173,dkw,1.0,1.0,1.0,0.0,0.92,0.0,1.0,5.5516223581428824e-05,0.0013879055895357206,0.20088655462478644,0.4078498953412484
separated,100,400,4.0,0.01,0.7,174,cp,1.0,1.0,1.0,0.0,1.0,0.0,1.0,0.0012530151577916193,0.008326918190812438,0.11045843992504219,0.2594438363238324
separated,100,400,4.0,0.01,0.7,174,dkw,1.0,1.0,1.0,0.0,0.92,0.0,1.0,0.0009199384301591218,0.007093661650140026,0.20134020844919026,0.40935777854703004
separated,100,400,4.0,0.01,0.7,175,cp,1.0,1.0,1.0,0.0,1.0,0.0,1.0,0.0006361919641535207,0.005801104647893518,0.10227928703496221,0.23204899625658548
separated,100,400,4.0,0.01,0.7,175,dkw,1.0,1.0,1.0,0.0,0.92,0.0,1.0,5.5516223581428824e-05,0.0013879055895357206,0.1978034270721394,0.40641582678146027
separated,100,400,4.0,0.01,0.7,176,cp,1.0,1.0,1.0,0.0,1.0,0.0,1.0,0.00036819937398224756,0.004857707356216601,0.11450578321554523,0.2699680710113619
separated,100,400,4.0,0.01,0.7,176,dkw,1.0,1.0,1.0,0.0,0.88,0.0,1.0,0.0017352316959861902,0.015429447841863064,0.20372836851560838,0.4150286426144376
separated,100,400,4.0,0.01,0.7,177,cp,1.0,1.0,1.0,0.0,1.0,0.0,1.0,0.0003126831504008187,0.004857707356216601,0.1051227268560222,0.2763244216885947
separated,100,400,4.0,0.01,0.7,177,dkw,1.0,1.0,1.0,0.0,0.92,0.0,1.0,0.00036819937398224756,0.004857707356216601,0.1958408294402661,0.4122767627105459
separated,100,400,4.0,0.01,0.7,178,cp,1.0,1.0,1.0,0.0,1.0,0.0,1.0,5.5516223581428824e-05,0.0013879055895357206,0.11347679351762903,0.2650905084076792
separated,100,400,4.0,0.01,0.7,178,dkw,1.0,1.0,1.0,0.0,0.92,0.0,1.0,0.00017389107973358352,0.0024981739367750944,0.203584257029318,0.4121847895677797
separated,100,400,4.0,0.01,0.7,179,cp,1.0,1.0,1.0,0.0,1.0,0.0,1.0,0.007943851120232166,0.06310094808799416,0.10903585290040123,0.2976318989132569
separated,100,400,4.0,0.01,0.7,179,dkw,1.0,1.0,1.0,0.0,0.92,0.0,1.0,0.012314013295710998,0.1106419599765065,0.19658629470277972,0.4150796056302346
separated,100,400,4.0,0.01,0.7,180,cp,1.0,1.0,1.0,0.0,1.0,0.0,1.0,0.0054198131967124,0.04164835071248185,0.09547002316099444,0.2699680710113619
separated,100,400,4.0,0.01,0.7,180,dkw,1.0,1.0,1.0,0.0,0.92,0.0,1.0,0.012314013295710998,0.1106419599765065,0.1908003330263568,0.41103023404550487
separated,100,400,4.0,0.01,0.7,181,cp,1.0,1.0,1.0,0.0,1.0,0.0,1.0,0.0006361919641535207,0.005801104647893518,0.11854694936563913,0.2650905084076792
separated,100,400,4.0,0.01,0.7,181,dkw,1.0,1.0,1.0,0.0,0.92,0.0,1.0,0.00022699495854578534,0.002951276737924724,0.20692004239078954,0.4121847895677797
separated,100,400,4.0,0.01,0.7,182,cp,1.0,1.0,1.0,0.0,1.0,0.0,1.0,0.0011180537823116676,0.011086578425139715,0.11273153521412152,0.2886508059083952
separated,100,400,4.0,0.01,0.7,182,dkw,1.0,1.0,1.0,0.0,0.92,0.0,1.0,0.00258266218984593,0.021185762346493497,0.20255520798804597,0.41780036587507074
separated,100,400,4.0,0.01,0.7,183,cp,1.0,1.0,1.0,0.0,1.0,0.0,1.0,0.0006745906453060791,0.007659781783095787,0.11145303359354596,0.2650905084076792
separated,100,400,4.0,0.01,0.7,183,dkw,1.0,1.0,1.0,0.0,0.88,0.0,1.0,0.0037538791682131256,0.029280424459179888,0.19992530759799657,0.4121847895677797
separated,100,400,4.0,0.01,0.7,184,cp,1.0,1.0,1.0,0.0,1.0,0.0,1.0,0.005319554427022157,0.02311615559381819,0.12140887533022492,0.2650905084076792
separated,100,400,4.0,0.01,0.7,184,dkw,1.0,1.0,1.0,0.0,0.88,0.0,1.0,0.0009343018896804133,0.0176826732783657,0.2089867298746987,0.4121847895677797
separated,100,400,4.0,0.01,0.7,185,cp,1.0,1.0,1.0,0.0,1.0,0.0,1.0,0.0010048746304209156,0.01730478700050242,0.1333901371701854,0.278667284212228
separated,100,400,4.0,0.01,0.7,185,dkw,1.0,1.0,1.0,0.0,0.88,0.0,1.0,0.0017352316959861902,0.015429447841863064,0.21319257567088343,0.42049783325614676
separated,100,400,4.0,0.01,0.7,186,cp,1.0,1.0,1.0,0.0,1.0,0.0,1.0,0.005334687491844558,0.028451339216919225,0.11258135959211771,0.2638906500416037
separated,100,400,4.0,0.01,0.7,186,dkw,1.0,1.0,1.0,0.0,0.88,0.0,1.0,0.0054198131967124,0.04164835071248185,0.20066274005385026,0.4177418155949557
separated,100,400,4.0,0.01,0.7,187,cp,1.0,1.0,1.0,0.0,1.0,0.0,1.0,0.0055941451810979535,0.0176826732783657,0.10760395566516148,0.2562335019064993
separated,100,400,4.0,0.01,0.7,187,dkw,1.0,1.0,1.0,0.0,0.92,0.0,1.0,0.0055941451810979535,0.0176826732783657,0.19912292177063762,0.40795054013351995
separated,100,400,4.0,0.01,0.7,188,cp,1.0,1.0,1.0,0.0,1.0,0.0,1.0,0.0010048746304209156,0.01730478700050242,0.10550924379950988,0.2605626674011029
separated,100,400,4.0,0.01,0.7,188,dkw,1.0,1.0,1.0,0.0,0.92,0.0,1.0,0.0006745906453060791,0.007659781783095787,0.19769190271864223,0.4122181539965326
separated,100,400,4.0,0.01,0.7,189,cp,1.0,1.0,1.0,0.0,1.0,0.0,1.0,7.396412226257975e-05,0.0013879055895357206,0.08894772567598314,0.22480512455220947
separated,100,400,4.0,0.01,0.7,189,dkw,1.0,1.0,1.0,0.0,0.92,0.0,1.0,0.0017352316959861902,0.015429447841863064,0.18974527988447284,0.40356063779041595
separated,100,400,4.0,0.01,0.7,190,cp,1.0,1.0,1.0,0.0,1.0,0.0,1.0,0.0003486315546563512,0.0044288204922998675,0.12646749756670717,0.2643165234507747
separated,100,400,4.0,0.01,0.7,190,dkw,1.0,1.0,1.0,0.0,0.92,0.0,1.0,5.5516223581428824e-05,0.0013879055895357206,0.21295774964642192,0.4150286426144376
separated,100,400,4.0,0.01,0.7,191,cp,1.0,1.0,1.0,0.0,1.0,0.0,1.0,0.00010894388902879637,0.0013879055895357206,0.10655342051601316,0.2594438363238324
separated,100,400,4.0,0.01,0.7,191,dkw,1.0,1.0,1.0,0.0,0.92,0.0,1.0,0.00017389107973358352,0.0024981739367750944,0.19837433816395084,0.40935777854703004
separated,100,400,4.0,0.01,0.7,192,cp,1.0,1.0,1.0,0.0,1.0,0.0,1.0,0.005367850901534985,0.029280424459179888,0.11699222293866889,0.26555126838334553
separated,100,400,4.0,0.01,0.7,192,dkw,1.0,1.0,1.0,0.0,0.92,0.0,1.0,0.012314013295710998,0.1106419599765065,0.20236160395152913,0.4190267144551515
separated,100,400,4.0,0.01,0.7,193,cp,1.0,1.0,1.0,0.0,1.0,0.0,1.0,0.00040414777823778004,0.0044288204922998675,0.10880736799214001,0.2594438363238324
separated,100,400,4.0,0.01,0.7,193,dkw,1.0,1.0,1.0,0.0,0.88,0.0,1.0,0.00022699495854578534,0.002951276737924724,0.20012372228406877,0.40935777854703004
separated,100,400,4.0,0.01,0.7,194,cp,1.0,1.0,1.0,0.0,1.0,0.0,1.0,5.5516223581428824e-05,0.0013879055895357206,0.10853975305330135,0.2594438363238324
separated,100,400,4.0,0.01,0.7,194,dkw,1.0,1.0,1.0,0.0,0.92,0.0,1.0,0.00036819937398224756,0.004857707356216601,0.19892412957947564,0.40935777854703004
separated,100,400,4.0,0.01,0.7,195,cp,1.0,1.0,1.0,0.0,1.0,0.0,1.0,0.00010894388902879637,0.0013879055895357206,0.10655342051601316,0.2594438363238324
separated,100,400,4.0,0.01,0.7,195,dkw,1.0,1.0,1.0,0.0,0.92,0.0,1.0,0.00017389107973358352,0.0024981739367750944,0.19837433816395084,0.40935777854703004
separated,100,400,4.0,0.01,0.7,196,cp,1.0,1.0,1.0,0.0,1.0,0.0,1.0,0.0009199384301591218,0.007093661650140026,0.10530931857534571,0.2562335019064993
separated,100,400,4.0,0.01,0.7,196,dkw,1.0,1.0,1.0,0.0,0.92,0.0,1.0,0.0006361919641535207,0.005801104647893518,0.1977156204316671,0.40795054013351995
separated,100,400,4.0,0.01,0.7,197,cp,1.0,1.0,1.0,0.0,1.0,0.0,1.0,0.0025271459662645013,0.021185762346493497,0.12852344405568275,0.30556206843972367
separated,100,400,4.0,0.01,0.7,197,dkw,1.0,1.0,1.0,0.0,0.88,0.0,1.0,0.0054198131967124,0.04164835071248185,0.2084795894536413,0.42434751764325684
separated,100,400,4.0,0.01,0.7,198,cp,1.0,1.0,1.0,0.0,1.0,0.0,1.0,0.004140503391493118,0.02311615559381819,0.1250626413519039,0.2699680710113619
separated,100,400,4.0,0.01,0.7,198,dkw,1.0,1.0,1.0,0.0,0.88,0.0,1.0,0.0011180537823116676,0.011086578425139715,0.21040531727447123,0.4150286426144376
separated,100,400,4.0,0.01,0.7,199,cp,1.0,1.0,1.0,0.0,1.0,0.0,1.0,0.0011180537823116676,0.011086578425139715,0.09970640434736687,0.2623801686830193
separated,100,400,4.0,0.01,0.7,199,dkw,1.0,1.0,1.0,0.0,0.88,0.0,1.0,0.00258266218984593,0.021185762346493497,0.19456195750409136,0.4107691885667365
separated,100,400,4.0,0.01,0.7,200,cp,1.0,1.0,1.0,0.0,1.0,0.0,1.0,0.001381897576440707,0.0176826732783657,0.1336269783937396,0.2906891257978944
separated,100,400,4.0,0.01,0.7,200,dkw,1.0,1.0,1.0,0.0,0.92,0.0,1.0,0.0037538791682131256,0.029280424459179888,0.21320865930359287,0.4192061278783694
separated,100,400,4.0,0.01,0.7,201,cp,1.0,1.0,1.0,0.0,1.0,0.0,1.0,0.00036819937398224756,0.004857707356216601,0.1296230105630653,0.2906891257978944
separated,100,400,4.0,0.01,0.7,201,dkw,1.0,1.0,1.0,0.0,0.88,0.0,1.0,0.0017352316959861902,0.015429447841863064,0.21127541032983965,0.4192061278783694
separated,100,400,4.0,0.01,0.7,202,cp,1.0,1.0,1.0,0.0,1.0,0.0,1.0,0.0017352316959861902,0.015429447841863064,0.09734776234967829,0.2623801686830193
separated,100,400,4.0,0.01,0.7,202,dkw,1.0,1.0,1.0,0.0,0.92,0.0,1.0,0.0054198131967124,0.04164835071248185,0.19277103234376297,0.4107691885667365
separated,100,400,4.0,0.01,0.7,203,cp,1.0,1.0,1.0,0.0,1.0,0.0,1.0,0.0006190744217246503,0.007659781783095787,0.12304108218694884,0.26993679627535083
separated,100,400,4.0,0.01,0.7,203,dkw,1.0,1.0,1.0,0.0,0.92,0.0,1.0,0.0037538791682131256,0.029280424459179888,0.207586648852968,0.41645693401312456
separated,100,400,4.0,0.01,0.7,204,cp,1.0,1.0,1.0,0.0,1.0,0.0,1.0,0.0015782054164121151,0.009517662055048115,0.11281317011159513,0.267902435362807
separated,100,400,4.0,0.01,0.7,204,dkw,1.0,1.0,1.0,0.0,0.92,0.0,1.0,0.0009199384301591218,0.007093661650140026,0.20051284417112358,0.41083271740368055
separated,100,400,4.0,0.01,0.7,205,cp,1.0,1.0,1.0,0.0,1.0,0.0,1.0,0.0017352316959861902,0.015429447841863064,0.11313537925080923,0.2699680710113619
separated,100,400,4.0,0.01,0.7,205,dkw,1.0,1.0,1.0,0.0,0.88,0.0,1.0,0.007943851120232166,0.06310094808799416,0.200202558257795,0.4150286426144376
separated,100,400,4.0,0.01,0.7,206,cp,1.0,1.0,1.0,0.0,1.0,0.0,1.0,0.00258266218984593,0.021185762346493497,0.09844234130210162,0.2594438363238324
separated,100,400,4.0,0.01,0.7,206,dkw,1.0,1.0,1.0,0.0,0.88,0.0,1.0,0.007943851120232166,0.06310094808799416,0.19230394380906524,0.40935777854703004
separated,100,400,4.0,0.01,0.7,207,cp,1.0,1.0,1.0,0.0,1.0,0.0,1.0,0.0006745906453060791,0.007659781783095787,0.12313095048175737,0.2721835036455642
separated,100,400,4.0,0.01,0.7,207,dkw,1.0,1.0,1.0,0.0,0.88,0.0,1.0,0.0037538791682131256,0.029280424459179888,0.207586648852968,0.41645693401312456
separated,100,400,4.0,0.01,0.7,208,cp,1.0,1.0,1.0,0.0,1.0,0.0,1.0,0.0041728246120350445,0.0152763050314918,0.10800164669472645,0.26825203258004593
separated,100,400,4.0,0.01,0.7,208,dkw,1.0,1.0,1.0,0.0,0.92,0.0,1.0,0.004886838249963325,0.016462435358671312,0.19753890094613294,0.4094512906894525
separated,100,400,4.0,0.01,0.7,209,cp,1.0,1.0,1.0,0.0,1.0,0.0,1.0,0.0017352316959861902,0.015429447841863064,0.11345866330157303,0.2864712852425617
separated,100,400,4.0,0.01,0.7,209,dkw,1.0,1.0,1.0,0.0,0.88,0.0,1.0,0.0054198131967124,0.04164835071248185,0.20056190306475094,0.41639870612907925
separated,100,400,4.0,0.01,0.7,210,cp,1.0,1.0,1.0,0.0,1.0,0.0,1.0,0.0016797154724047614,0.015429447841863064,0.11977070506070507,0.288560876619804
separated,100,400,4.0,0.01,0.7,210,dkw,1.0,1.0,1.0,0.0,0.92,0.0,1.0,0.0054198131967124,0.04164835071248185,0.20463863154435213,0.42049783325614676
separated,100,400,4.0,0.01,0.7,211,cp,1.0,1.0,1.0,0.0,1.0,0.0,1.0,0.004487256997984818,0.028451339216919225,0.13420967853029103,0.269478927736307
separated,100,400,4.0,0.01,0.7,211,dkw,1.0,1.0,1.0,0.0,0.92,0.0,1.0,0.0054198131967124,0.04164835071248185,0.213745875122639,0.42434751764325684
separated,100,400,4.0,0.01,0.7,212,cp,1.0,1.0,1.0,0.0,1.0,0.0,1.0,0.0009199384301591218,0.007093661650140026,0.13026435220451327,0.2699680710113619
separated,100,400,4.0,0.01,0.7,212,dkw,1.0,1.0,1.0,0.0,0.88,0.0,1.0,0.00010894388902879637,0.0013879055895357206,0.21517356711190275,0.4150286426144376
separated,100,400,4.0,0.01,0.7,213,cp,1.0,1.0,1.0,0.0,1.0,0.0,1.0,0.002478468163525518,0.011826492193703464,0.11268157863642714,0.2696240143342056
separated,100,400,4.0,0.01,0.7,213,dkw,1.0,1.0,1.0,0.0,0.88,0.0,1.0,0.003617288634356801,0.014114653745513461,0.19958227926033903,0.4122767627105459
separated,100,400,4.0,0.01,0.7,214,cp,1.0,1.0,1.0,0.0,1.0,0.0,1.0,0.0055941451810979535,0.0176826732783657,0.1048521528295205,0.23204899625658548
separated,100,400,4.0,0.01,0.7,214,dkw,1.0,1.0,1.0,0.0,0.92,0.0,1.0,0.003617288634356801,0.014114653745513461,0.20057939034994873,0.40641582678146027
separated,100,400,4.0,0.01,0.7,215,cp,1.0,1.0,1.0,0.0,1.0,0.0,1.0,5.5516223581428824e-05,0.0013879055895357206,0.10853975305330135,0.2594438363238324
separated,100,400,4.0,0.01,0.7,215,dkw,1.0,1.0,1.0,0.0,0.92,0.0,1.0,0.00036819937398224756,0.004857707356216601,0.19892412957947564,0.40935777854703004
separated,100,400,4.0,0.01,0.7,216,cp,1.0,1.0,1.0,0.0,1.0,0.0,1.0,0.00040414777823778004,0.0044288204922998675,0.12325491812860762,0.26761074032164045
separated,100,400,4.0,0.01,0.7,216,dkw,1.0,1.0,1.0,0.0,0.92,0.0,1.0,5.5516223581428824e-05,0.0013879055895357206,0.20987211352922647,0.41360460104511443
separated,100,400,4.0,0.01,0.7,217,cp,1.0,1.0,1.0,0.0,1.0,0.0,1.0,0.0055941451810979535,0.0176826732783657,0.09337367943824276,0.22480512455220947
separated,100,400,4.0,0.01,0.7,217,dkw,1.0,1.0,1.0,0.0,0.92,0.0,1.0,0.004886838249963325,0.016462435358671312,0.19318775557946283,0.40356063779041595
separated,100,400,4.0,0.01,0.7,218,cp,1.0,1.0,1.0,0.0,1.0,0.0,1.0,0.0030527024845362627,0.012967952435732899,0.1072011822841242,0.2562335019064993
separated,100,400,4.0,0.01,0.7,218,dkw,1.0,1.0,1.0,0.0,0.92,0.0,1.0,0.0020609246993588083,0.010680076484131606,0.19875340839806732,0.40795054013351995
separated,100,400,4.0,0.01,0.7,219,cp,1.0,1.0,1.0,0.0,1.0,0.0,1.0,0.00017389107973358352,0.0024981739367750944,0.10276854449098824,0.23816397109220133
separated,100,400,4.0,0.01,0.7,219,dkw,1.0,1.0,1.0,0.0,0.92,0.0,1.0,0.0017352316959861902,0.015429447841863064,0.19766497414390774,0.4092883071843997
separated,100,400,4.0,0.01,0.7,220,cp,1.0,1.0,1.0,0.0,1.0,0.0,1.0,0.00017389107973358352,0.0024981739367750944,0.11988668156131553,0.2699680710113619
separated,100,400,4.0,0.01,0.7,220,dkw,1.0,1.0,1.0,0.0,0.88,0.0,1.0,0.0011180537823116676,0.011086578425139715,0.2068936207680093,0.4150286426144376
separated,100,400,4.0,0.01,0.7,221,cp,1.0,1.0,1.0,0.0,1.0,0.0,1.0,0.00036819937398224756,0.004857707356216601,0.12463700945487759,0.2864712852425617
separated,100,400,4.0,0.01,0.7,221,dkw,1.0,1.0,1.0,0.0,0.92,0.0,1.0,0.0017352316959861902,0.015429447841863064,0.20737068928687663,0.41639870612907925
separated,100,400,4.0,0.01,0.7,222,cp,1.0,1.0,1.0,0.0,1.0,0.0,1.0,0.0017352316959861902,0.015429447841863064,0.11854773225243123,0.2906891257978944
separated,100,400,4.0,0.01,0.7,222,dkw,1.0,1.0,1.0,0.0,0.88,0.0,1.0,0.0037538791682131256,0.029280424459179888,0.20452043114813068,0.4192061278783694
separated,100,400,4.0,0.01,0.7,223,cp,1.0,1.0,1.0,0.0,1.0,0.0,1.0,0.005893120476358531,0.02026610653549954,0.12210813242477911,0.2650905084076792
separated,100,400,4.0,0.01,0.7,223,dkw,1.0,1.0,1.0,0.0,0.92,0.0,1.0,0.004886838249963325,0.016462435358671312,0.21045382515170147,0.4121847895677797
separated,100,400,4.0,0.01,0.7,224,cp,1.0,1.0,1.0,0.0,1.0,0.0,1.0,0.005538628957516525,0.0176826732783657,0.11943761215264118,0.27411216038760566
separated,100,400,4.0,0.01,0.7,224,dkw,1.0,1.0,1.0,0.0,0.92,0.0,1.0,0.004886838249963325,0.016462435358671312,0.2050223747365992,0.4122181539965326
separated,100,400,4.0,0.01,0.7,225,cp,1.0,1.0,1.0,0.0,1.0,0.0,1.0,0.0014836354792628992,0.018947016236178005,0.12315289425151786,0.28261631911023655
separated,100,400,4.0,0.01,0.7,225,dkw,1.0,1.0,1.0,0.0,0.92,0.0,1.0,0.0006745906453060791,0.007659781783095787,0.2067929252640113,0.4150011299400653
separated,100,400,4.0,0.01,0.7,226,cp,1.0,1.0,1.0,0.0,1.0,0.0,1.0,0.0017547290387503356,0.01730478700050242,0.12698445790211685,0.2887157294880611
separated,100,400,4.0,0.01,0.7,226,dkw,1.0,1.0,1.0,0.0,0.92,0.0,1.0,0.0037538791682131256,0.029280424459179888,0.2081974030607512,0.4217661745176825
separated,100,400,4.0,0.01,0.7,227,cp,1.0,1.0,1.0,0.0,1.0,0.0,1.0,0.0010625375587302388,0.011086578425139715,0.12121159234355745,0.2937888134703309
separated,100,400,4.0,0.01,0.7,227,dkw,1.0,1.0,1.0,0.0,0.92,0.0,1.0,0.0037538791682131256,0.029280424459179888,0.20415684892662544,0.4177418155949557
separated,100,400,4.0,0.01,0.7,228,cp,1.0,1.0,1.0,0.0,1.0,0.0,1.0,0.00036819937398224756,0.004857707356216601,0.10614632850139612,0.2650905084076792
separated,100,400,4.0,0.01,0.7,228,dkw,1.0,1.0,1.0,0.0,0.92,0.0,1.0,0.0011180537823116676,0.011086578425139715,0.1995148584509158,0.4121847895677797
separated,100,400,4.0,0.01,0.7,229,cp,1.0,1.0,1.0,0.0,1.0,0.0,1.0,0.011030227942128547,0.06310094808799416,0.12343119918676329,0.2928665726528523
separated,100,400,4.0,0.01,0.7,229,dkw,1.0,1.0,1.0,0.0,0.92,0.0,1.0,0.012314013295710998,0.1106419599765065,0.20555205995593417,0.41636823586969973
separated,100,400,4.0,0.01,0.7,230,cp,1.0,1.0,1.0,0.0,1.0,0.0,1.0,0.0024700622110026636,0.018947016236178005,0.1409233147752783,0.2862526343184608
separated,100,400,4.0,0.01,0.7,230,dkw,1.0,1.0,1.0,0.0,0.92,0.0,1.0,0.00258266218984593,0.021185762346493497,0.21886973910311458,0.42326969978126416
separated,100,400,4.0,0.01,0.7,231,cp,1.0,1.0,1.0,0.0,1.0,0.0,1.0,0.0025271459662645013,0.021185762346493497,0.1238471011194356,0.30645293743835156
separated,100,400,4.0,0.01,0.7,231,dkw,1.0,1.0,1.0,0.0,0.88,0.0,1.0,0.0054198131967124,0.04164835071248185,0.20684119665142917,0.4244879510013857
separated,100,400,4.0,0.01,0.7,232,cp,1.0,1.0,1.0,0.0,1.0,0.0,1.0,0.00017389107973358352,0.0024981739367750944,0.11081719702235919,0.2816003070023686
separated,100,400,4.0,0.01,0.7,232,dkw,1.0,1.0,1.0,0.0,0.92,0.0,1.0,0.00036819937398224756,0.004857707356216601,0.20091444728275576,0.4136076187208463
separated,100,400,4.0,0.01,0.7,233,cp,1.0,1.0,1.0,0.0,1.0,0.0,1.0,0.0015782054164121151,0.009517662055048115,0.1226097381056066,0.2734358504557417
separated,100,400,4.0,0.01,0.7,233,dkw,1.0,1.0,1.0,0.0,0.92,0.0,1.0,0.001633721639993544,0.009517662055048115,0.20769178363474758,0.4136076187208463
separated,100,400,4.0,0.01,0.7,234,cp,1.0,1.0,1.0,0.0,1.0,0.0,1.0,0.009900537026989559,0.03809039824530913,0.125155114545659,0.25258532078506335
separated,100,400,4.0,0.01,0.7,234,dkw,1.0,1.0,1.0,0.0,0.92,0.0,1.0,0.001982171107304107,0.02443241192207979,0.21218165951504728,0.4180111494682578
separated,100,400,4.0,0.01,0.7,235,cp,1.0,1.0,1.0,0.0,1.0,0.0,1.0,0.00017389107973358352,0.0024981739367750944,0.12228291015754028,0.2721835036455642
separated,100,400,4.0,0.01,0.7,235,dkw,1.0,1.0,1.0,0.0,0.88,0.0,1.0,0.0011180537823116676,0.011086578425139715,0.20886516007608077,0.41645693401312456
separated,100,400,4.0,0.01,0.7,236,cp,1.0,1.0,1.0,0.0,1.0,0.0,1.0,5.5516223581428824e-05,0.0013879055895357206,0.11380011601484254,0.2816003070023686
separated,100,400,4.0,0.01,0.7,236,dkw,1.0,1.0,1.0,0.0,0.88,0.0,1.0,7.396412226257975e-05,0.0013879055895357206,0.2030145153418653,0.4136076187208463
separated,100,400,4.0,0.01,0.7,237,cp,1.0,1.0,1.0,0.0,1.0,0.0,1.0,0.0006190744217246503,0.007659781783095787,0.1202618760540161,0.28661443579498125
separated,100,400,4.0,0.01,0.7,237,dkw,1.0,1.0,1.0,0.0,0.88,0.0,1.0,0.0017352316959861902,0.015429447841863064,0.2038236300417395,0.4163697058174518
separated,100,400,4.0,0.01,0.7,238,cp,1.0,1.0,1.0,0.0,1.0,0.0,1.0,0.00036819937398224756,0.004857707356216601,0.10649913071850524,0.2623801686830193
separated,100,400,4.0,0.01,0.7,238,dkw,1.0,1.0,1.0,0.0,0.92,0.0,1.0,0.0017352316959861902,0.015429447841863064,0.19784232526254023,0.4107691885667365
separated,100,400,4.0,0.01,0.7,239,cp,1.0,1.0,1.0,0.0,1.0,0.0,1.0,0.0017352316959861902,0.015429447841863064,0.09651014864852683,0.2383439883232945
separated,100,400,4.0,0.01,0.7,239,dkw,1.0,1.0,1.0,0.0,0.92,0.0,1.0,0.007943851120232166,0.06310094808799416,0.19230116495456,0.4092883071843997
separated,100,400,4.0,0.01,0.7,240,cp,1.0,1.0,1.0,0.0,1.0,0.0,1.0,0.0006361919641535207,0.005801104647893518,0.10656101662029427,0.23522076209619602
separated,100,400,4.0,0.01,0.7,240,dkw,1.0,1.0,1.0,0.0,0.92,0.0,1.0,5.5516223581428824e-05,0.0013879055895357206,0.20088655462478644,0.4078498953412484
separated,100,400,4.0,0.01,0.7,241,cp,1.0,1.0,1.0,0.0,1.0,0.0,1.0,0.0035460408237155904,0.021651530086902016,0.1283778552089374,0.2864712852425617
separated,100,400,4.0,0.01,0.7,241,dkw,1.0,1.0,1.0,0.0,0.88,0.0,1.0,5.5516223581428824e-05,0.0013879055895357206,0.21199788213316545,0.41639870612907925
separated,100,400,4.0,0.01,0.7,242,cp,1.0,1.0,1.0,0.0,1.0,0.0,1.0,0.011471553313930252,0.04164835071248185,0.1337299104931486,0.2893373756715125
separated,100,400,4.0,0.01,0.7,242,dkw,1.0,1.0,1.0,0.0,0.92,0.0,1.0,0.014589845137712727,0.1106419599765065,0.21325804063982745,0.422930238673913
separated,100,400,4.0,0.01,0.7,243,cp,1.0,1.0,1.0,0.0,1.0,0.0,1.0,0.003219337446284598,0.021185762346493497,0.14285144177806697,0.286926572168942
separated,100,400,4.0,0.01,0.7,243,dkw,1.0,1.0,1.0,0.0,0.88,0.0,1.0,0.007943851120232166,0.06310094808799416,0.21925454634794114,0.42605755832532344
separated,100,400,4.0,0.01,0.7,244,cp,1.0,1.0,1.0,0.0,1.0,0.0,1.0,0.005969262486051172,0.033323473387854796,0.11205241628470596,0.24508327658572093
separated,100,400,4.0,0.01,0.7,244,dkw,1.0,1.0,1.0,0.0,0.92,0.0,1.0,0.0005806757405720919,0.005801104647893518,0.20195982450448124,0.41217824321625396
separated,100,400,4.0,0.01,0.7,245,cp,1.0,1.0,1.0,0.0,1.0,0.0,1.0,7.396412226257975e-05,0.0013879055895357206,0.11339198353818343,0.24350328255949516
separated,100,400,4.0,0.01,0.7,245,dkw,1.0,1.0,1.0,0.0,0.92,0.0,1.0,0.0011180537823116676,0.011086578425139715,0.20476776845803493,0.41217824321625396
separated,100,400,4.0,0.01,0.7,246,cp,1.0,1.0,1.0,0.0,1.0,0.0,1.0,0.0009199384301591218,0.007093661650140026,0.10970662858966214,0.2594438363238324
separated,100,400,4.0,0.01,0.7,246,dkw,1.0,1.0,1.0,0.0,0.92,0.0,1.0,0.0006361919641535207,0.005801104647893518,0.2007915820347016,0.40935777854703004
separated,100,400,4.0,0.01,0.7,247,cp,1.0,1.0,1.0,0.0,1.0,0.0,1.0,0.0006361919641535207,0.005801104647893518,0.11058591667695536,0.2594438363238324
separated,100,400,4.0,0.01,0.7,247,dkw,1.0,1.0,1.0,0.0,0.92,0.0,1.0,0.00022699495854578534,0.002951276737924724,0.20079650511435815,0.40935777854703004
separated,100,400,4.0,0.01,0.7,248,cp,1.0,1.0,1.0,0.0,1.0,0.0,1.0,0.0037538791682131256,0.029280424459179888,0.11793197161648095,0.2864712852425617
separated,100,400,4.0,0.01,0.7,248,dkw,1.0,1.0,1.0,0.0,0.88,0.0,1.0,0.012314013295710998,0.1106419599765065,0.201833540087636,0.4150281572723724
separated,100,400,4.0,0.01,0.7,249,cp,1.0,1.0,1.0,0.0,1.0,0.0,1.0,0.00022699495854578534,0.002951276737924724,0.10572922843617605,0.23522076209619602
separated,100,400,4.0,0.01,0.7,249,dkw,1.0,1.0,1.0,0.0,0.92,0.0,1.0,0.00017389107973358352,0.0024981739367750944,0.19992722491466408,0.4078498953412484
separated,100,400,4.0,0.05,0.7,0,cp,1.0,1.0,1.0,0.0,1.0,0.0,1.0,0.0017352316959861902,0.015429447841863064,0.10863378220259015,0.2507022230131979
separated,100,400,4.0,0.05,0.7,0,dkw,1.0,1.0,1.0,0.0,0.96,0.0,1.0,0.0054198131967124,0.04164835071248185,0.18775468681607152,0.4009311775435931
separated,100,400,4.0,0.05,0.7,1,cp,1.0,1.0,1.0,0.0,1.0,0.0,1.0,0.002997186260954834,0.012967952435732899,0.10574025589403552,0.2524905891954391
separated,100,400,4.0,0.05,0.7,1,dkw,1.0,1.0,1.0,0.0,0.96,0.0,1.0,0.0030527024845362627,0.012967952435732899,0.18622752103190757,0.3951307987589351
separated,100,400,4.0,0.05,0.7,2,cp,1.0,1.0,1.0,0.0,1.0,0.0,1.0,0.0028669868911134788,0.02443241192207979,0.10044871334986366,0.23082194990670035
separated,100,400,4.0,0.05,0.7,2,dkw,1.0,1.0,1.0,0.0,0.92,0.0,1.0,0.0020609246993588083,0.010680076484131606,0.18304248275304566,0.3986303127722104
separated,100,400,4.0,0.05,0.7,3,cp,1.0,1.0,1.0,0.0,1.0,0.0,1.0,0.0025271459662645013,0.021185762346493497,0.10336686624831627,0.25940948966069133
separated,100,400,4.0,0.05,0.7,3,dkw,1.0,1.0,1.0,0.0,0.88,0.0,1.0,0.0054198131967124,0.04164835071248185,0.18483344270727844,0.4041091579416024
separated,100,400,4.0,0.05,0.7,4,cp,1.0,1.0,1.0,0.0,1.0,0.0,1.0,0.00036819937398224756,0.004857707356216601,0.08264899326859564,0.20994810673791875
separated,100,400,4.0,0.05,0.7,4,dkw,1.0,1.0,1.0,0.0,0.96,0.0,1.0,0.0011180537823116676,0.011086578425139715,0.17557055810687372,0.3898947364616008
separated,100,400,4.0,0.05,0.7,5,cp,1.0,1.0,1.0,0.0,1.0,0.0,1.0,0.0055941451810979535,0.0176826732783657,0.0763014871765427,0.22193205525059834
separated,100,400,4.0,0.05,0.7,5,dkw,1.0,1.0,1.0,0.0,0.96,0.0,1.0,0.0055941451810979535,0.0176826732783657,0.16937586117011072,0.38580983304522287
separated,100,400,4.0,0.05,0.7,6,cp,1.0,1.0,1.0,0.0,1.0,0.0,1.0,0.00010894388902879637,0.0013879055895357206,0.09821973346874056,0.21534767068662208
separated,100,400,4.0,0.05,0.7,6,dkw,1.0,1.0,1.0,0.0,0.96,0.0,1.0,0.00036819937398224756,0.004857707356216601,0.1855466638945822,0.3929810628101621
separated,100,400,4.0,0.05,0.7,7,cp,1.0,1.0,1.0,0.0,1.0,0.0,1.0,0.001311265901744747,0.01730478700050242,0.11436091167994165,0.2575376590525861
separated,100,400,4.0,0.05,0.7,7,dkw,1.0,1.0,1.0,0.0,0.92,0.0,1.0,0.0017352316959861902,0.015429447841863064,0.19178868353876347,0.4058145127565931
separated,100,400,4.0,0.05,0.7,8,cp,1.0,1.0,1.0,0.0,1.0,0.0,1.0,0.0006745906453060791,0.007659781783095787,0.08095282288142698,0.20994810673791875
separated,100,400,4.0,0.05,0.7,8,dkw,1.0,1.0,1.0,0.0,0.96,0.0,1.0,0.00258266218984593,0.021185762346493497,0.17401402502000884,0.3898947364616008
separated,100,400,4.0,0.05,0.7,9,cp,1.0,1.0,1.0,0.0,1.0,0.0,1.0,0.0017352316959861902,0.015429447841863064,0.08272421943887075,0.21534767068662208
separated,100,400,4.0,0.05,0.7,9,dkw,1.0,1.0,1.0,0.0,0.96,0.0,1.0,0.0054198131967124,0.04164835071248185,0.1745256059905274,0.3929810628101621
separated,100,400,4.0,0.05,0.7,10,cp,1.0,1.0,1.0,0.0,1.0,0.0,1.0,0.0037538791682131256,0.029280424459179888,0.11437113537724762,0.27513747796319
separated,100,400,4.0,0.05,0.7,10,dkw,1.0,1.0,1.0,0.0,0.92,0.0,1.0,0.012314013295710998,0.1106419599765065,0.19011886277133244,0.4076302680797441
separated,100,400,4.0,0.05,0.7,11,cp,1.0,1.0,1.0,0.0,1.0,0.0,1.0,0.0020609246993588083,0.010680076484131606,0.10998600416610788,0.25987498319531566
separated,100,400,4.0,0.05,0.7,11,dkw,1.0,1.0,1.0,0.0,0.92,0.0,1.0,0.0012530151577916193,0.008326918190812438,0.18935104251792384,0.39661532010390965
separated,100,400,4.0,0.05,0.7,12,cp,1.0,1.0,1.0,0.0,1.0,0.0,1.0,0.0017352316959861902,0.015429447841863064,0.09933264195851219,0.2507022230131979
separated,100,400,4.0,0.05,0.7,12,dkw,1.0,1.0,1.0,0.0,0.92,0.0,1.0,0.0054198131967124,0.04164835071248185,0.18263987860672118,0.4009311775435931
separated,100,400,4.0,0.05,0.7,13,cp,0.0,1.0,1.0,0.0,1.0,0.0,1.0,1.844789868115093e-05,0.0004611974670287733,0.09253782702516217,0.236060606012358
separated,100,400,4.0,0.05,0.7,13,dkw,1.0,1.0,1.0,0.0,0.88,0.0,1.0,0.00036819937398224756,0.004857707356216601,0.17879474917704222,0.391799675815094
separated,100,400,4.0,0.05,0.7,14,cp,1.0,1.0,1.0,0.0,1.0,0.0,1.0,0.004228340835616473,0.0152763050314918,0.08937905726572863,0.23017833544748645
separated,100,400,4.0,0.05,0.7,14,dkw,1.0,1.0,1.0,0.0,0.96,0.0,1.0,0.004886838249963325,0.016462435358671312,0.17675240566594752,0.3887951030430741
separated,100,400,4.0,0.05,0.7,15,cp,1.0,1.0,1.0,0.0,1.0,0.0,1.0,0.00011837485615215471,0.0024981739367750944,0.09982220495260322,0.256044360184686
separated,100,400,4.0,0.05,0.7,15,dkw,1.0,1.0,1.0,0.0,0.92,0.0,1.0,0.00017389107973358352,0.0024981739367750944,0.18281623002031344,0.3983591771654793
separated,100,400,4.0,0.05,0.7,16,cp,1.0,1.0,1.0,0.0,1.0,0.0,1.0,0.0011974989342101905,0.008326918190812438,0.10440813459382646,0.2559064963648514
separated,100,400,4.0,0.05,0.7,16,dkw,1.0,1.0,1.0,0.0,0.96,0.0,1.0,0.0009199384301591218,0.007093661650140026,0.18513318206213625,0.3951307987589351
separated,100,400,4.0,0.05,0.7,17,cp,1.0,1.0,1.0,0.0,1.0,0.0,1.0,0.0015566136865977898,0.01730478700050242,0.10053877625195522,0.2576966994914607
separated,100,400,4.0,0.05,0.7,17,dkw,1.0,1.0,1.0,0.0,0.92,0.0,1.0,0.0025339843871069467,0.011826492193703464,0.18174888826473418,0.40031439270713864
separated,100,400,4.0,0.05,0.7,18,cp,1.0,1.0,1.0,0.0,1.0,0.0,1.0,1.844789868115093e-05,0.0004611974670287733,0.09545064022960303,0.2524905891954391
separated,100,400,4.0,0.05,0.7,18,dkw,1.0,1.0,1.0,0.0,0.96,0.0,1.0,0.00017389107973358352,0.0024981739367750944,0.18058285505979133,0.3951307987589351
separated,100,400,4.0,0.05,0.7,19,cp,1.0,1.0,1.0,0.0,1.0,0.0,1.0,0.0001714787349643565,0.002951276737924724,0.10287541149347901,0.27137547441074583
separated,100,400,4.0,0.05,0.7,19,dkw,1.0,1.0,1.0,0.0,0.92,0.0,1.0,0.00022699495854578534,0.002951276737924724,0.18223971276041545,0.3986303127722104
separated,100,400,4.0,0.05,0.7,20,cp,1.0,1.0,1.0,0.0,1.0,0.0,1.0,0.00022699495854578534,0.002951276737924724,0.0986682101377895,0.23942125058081365
separated,100,400,4.0,0.05,0.7,20,dkw,1.0,1.0,1.0,0.0,0.92,0.0,1.0,0.00010894388902879637,0.0013879055895357206,0.18390906308328425,0.39330926168672464
separated,100,400,4.0,0.05,0.7,21,cp,1.0,1.0,1.0,0.0,1.0,0.0,1.0,0.002384775731030526,0.02026610653549954,0.12755602328961188,0.281625704349024
separated,100,400,4.0,0.05,0.7,21,dkw,1.0,1.0,1.0,0.0,0.92,0.0,1.0,7.396412226257975e-05,0.0013879055895357206,0.20240889619503363,0.4057062457043352
separated,100,400,4.0,0.05,0.7,22,cp,1.0,1.0,1.0,0.0,1.0,0.0,1.0,0.0007456191454674643,0.01730478700050242,0.11866257809349916,0.2505488926002106
separated,100,400,4.0,0.05,0.7,22,dkw,1.0,1.0,1.0,0.0,0.96,0.0,1.0,7.396412226257975e-05,0.0013879055895357206,0.1979959823402285,0.4026008140177082
separated,100,400,4.0,0.05,0.7,23,cp,1.0,1.0,1.0,0.0,1.0,0.0,1.0,0.00258266218984593,0.021185762346493497,0.08580767145408359,0.2419908441970281
separated,100,400,4.0,0.05,0.7,23,dkw,1.0,1.0,1.0,0.0,0.92,0.0,1.0,0.0054198131967124,0.04164835071248185,0.17466564286547592,0.3948237467143946
separated,100,400,4.0,0.05,0.7,24,cp,1.0,1.0,1.0,0.0,1.0,0.0,1.0,0.0012530151577916193,0.008326918190812438,0.0980988784540261,0.21273867348576703
separated,100,400,4.0,0.05,0.7,24,dkw,1.0,1.0,1.0,0.0,0.96,0.0,1.0,0.0006361919641535207,0.005801104647893518,0.18680309483327848,0.39143534067084695
separated,100,400,4.0,0.05,0.7,25,cp,1.0,1.0,1.0,0.0,1.0,0.0,1.0,0.00036819937398224756,0.004857707356216601,0.09886131414938333,0.24437950287971733
separated,100,400,4.0,0.05,0.7,25,dkw,1.0,1.0,1.0,0.0,0.92,0.0,1.0,0.0017352316959861902,0.015429447841863064,0.18351020007591412,0.3963431557298227
separated,100,400,4.0,0.05,0.7,26,cp,1.0,1.0,1.0,0.0,1.0,0.0,1.0,0.00258266218984593,0.021185762346493497,0.07643102938678942,0.20994810673791875
separated,100,400,4.0,0.05,0.7,26,dkw,1.0,1.0,1.0,0.0,0.96,0.0,1.0,0.007943851120232166,0.06310094808799416,0.17023916243960077,0.3898947364616008
separated,100,400,4.0,0.05,0.7,27,cp,1.0,1.0,1.0,0.0,1.0,0.0,1.0,0.00022699495854578534,0.002951276737924724,0.10524120271617214,0.2419908441970281
separated,100,400,4.0,0.05,0.7,27,dkw,1.0,1.0,1.0,0.0,0.92,0.0,1.0,7.396412226257975e-05,0.0013879055895357206,0.18733063519599832,0.3948237467143946
separated,100,400,4.0,0.05,0.7,28,cp,1.0,1.0,1.0,0.0,1.0,0.0,1.0,0.00017389107973358352,0.0024981739367750944,0.09873189108547041,0.21780307577960167
separated,100,400,4.0,0.05,0.7,28,dkw,1.0,1.0,1.0,0.0,0.92,0.0,1.0,0.0017352316959861902,0.015429447841863064,0.18495785751633292,0.39453192940991033
separated,100,400,4.0,0.05,0.7,29,cp,1.0,1.0,1.0,0.0,1.0,0.0,1.0,0.0017352316959861902,0.015429447841863064,0.10099089683882267,0.22233324368107144
separated,100,400,4.0,0.05,0.7,29,dkw,1.0,1.0,1.0,0.0,0.96,0.0,1.0,0.007943851120232166,0.06310094808799416,0.1834937159189527,0.3976492030300145
separated,100,400,4.0,0.05,0.7,30,cp,1.0,1.0,1.0,0.0,1.0,0.0,1.0,0.0011180537823116676,0.011086578425139715,0.10210115390213603,0.246614566135815
separated,100,400,4.0,0.05,0.7,30,dkw,1.0,1.0,1.0,0.0,0.92,0.0,1.0,0.0037538791682131256,0.029280424459179888,0.1838964000905392,0.3978675137324098
separated,100,400,4.0,0.05,0.7,31,cp,1.0,1.0,1.0,0.0,1.0,0.0,1.0,0.00010894388902879637,0.0013879055895357206,0.09384935633260234,0.23663375761711325
separated,100,400,4.0,0.05,0.7,31,dkw,1.0,1.0,1.0,0.0,0.96,0.0,1.0,7.396412226257975e-05,0.0013879055895357206,0.17990164070617048,0.391799675815094
separated,100,400,4.0,0.05,0.7,32,cp,1.0,1.0,1.0,0.0,1.0,0.0,1.0,0.0012530151577916193,0.008326918190812438,0.09830132522604484,0.23663375761711325
separated,100,400,4.0,0.05,0.7,32,dkw,1.0,1.0,1.0,0.0,0.96,0.0,1.0,0.0009199384301591218,0.007093661650140026,0.1828696800824124,0.391799675815094
separated,100,400,4.0,0.05,0.7,33,cp,1.0,1.0,1.0,0.0,1.0,0.0,1.0,5.5516223581428824e-05,0.0013879055895357206,0.10066145974176495,0.21780307577960167
separated,100,400,4.0,0.05,0.7,33,dkw,1.0,1.0,1.0,0.0,0.96,0.0,1.0,0.00036819937398224756,0.004857707356216601,0.1876209538608797,0.39453192940991033
separated,100,400,4.0,0.05,0.7,34,cp,1.0,1.0,1.0,0.0,1.0,0.0,1.0,1.844789868115093e-05,0.0004611974670287733,0.10398150115711573,0.24725139766623672
separated,100,400,4.0,0.05,0.7,34,dkw,1.0,1.0,1.0,0.0,0.96,0.0,1.0,0.00036819937398224756,0.004857707356216601,0.18633265879500144,0.39810455879591045
separated,100,400,4.0,0.05,0.7,35,cp,1.0,1.0,1.0,0.0,1.0,0.0,1.0,0.0010625375587302388,0.011086578425139715,0.11212239471423324,0.2539578635064459
separated,100,400,4.0,0.05,0.7,35,dkw,1.0,1.0,1.0,0.0,0.92,0.0,1.0,0.0037538791682131256,0.029280424459179888,0.18979359533018056,0.4026008140177082
separated,100,400,4.0,0.05,0.7,36,cp,1.0,1.0,1.0,0.0,1.0,0.0,1.0,0.00022699495854578534,0.002951276737924724,0.11180312704486131,0.246614566135815
separated,100,400,4.0,0.05,0.7,36,dkw,1.0,1.0,1.0,0.0,0.96,0.0,1.0,5.5516223581428824e-05,0.0013879055895357206,0.19360518626086395,0.3978675137324098
separated,100,400,4.0,0.05,0.7,37,cp,1.0,1.0,1.0,0.0,1.0,0.0,1.0,0.0003126831504008187,0.004857707356216601,0.09634972531587203,0.2584740586060539
separated,100,400,4.0,0.05,0.7,37,dkw,1.0,1.0,1.0,0.0,0.92,0.0,1.0,0.0006745906453060791,0.007659781783095787,0.1814398626134202,0.39661532010390965
separated,100,400,4.0,0.05,0.7,38,cp,1.0,1.0,1.0,0.0,1.0,0.0,1.0,0.0006745906453060791,0.007659781783095787,0.09701284374269317,0.26226993727239833
separated,100,400,4.0,0.05,0.7,38,dkw,1.0,1.0,1.0,0.0,0.96,0.0,1.0,0.0017352316959861902,0.015429447841863064,0.18207495898711806,0.39810455879591045
separated,100,400,4.0,0.05,0.7,39,cp,1.0,1.0,1.0,0.0,1.0,0.0,1.0,7.396412226257975e-05,0.0013879055895357206,0.10466370409817256,0.246614566135815
separated,100,400,4.0,0.05,0.7,39,dkw,1.0,1.0,1.0,0.0,0.96,0.0,1.0,0.00036819937398224756,0.004857707356216601,0.1893938336929172,0.3978675137324098
separated,100,400,4.0,0.05,0.7,40,cp,1.0,1.0,1.0,0.0,1.0,0.0,1.0,0.0054198131967124,0.04164835071248185,0.09925620777199283,0.2644850166788323
separated,100,400,4.0,0.05,0.7,40,dkw,1.0,1.0,1.0,0.0,0.92,0.0,1.0,0.012314013295710998,0.1106419599765065,0.17985004241371072,0.39720651713407296
separated,100,400,4.0,0.05,0.7,41,cp,1.0,1.0,1.0,0.0,1.0,0.0,1.0,5.5516223581428824e-05,0.0013879055895357206,0.10027109938615564,0.21534767068662208
separated,100,400,4.0,0.05,0.7,41,dkw,1.0,1.0,1.0,0.0,0.96,0.0,1.0,0.0006745906453060791,0.007659781783095787,0.1859941687254557,0.3929810628101621
separated,100,400,4.0,0.05,0.7,42,cp,1.0,1.0,1.0,0.0,1.0,0.0,1.0,0.0017352316959861902,0.015429447841863064,0.09782153088118814,0.22233324368107144
separated,100,400,4.0,0.05,0.7,42,dkw,1.0,1.0,1.0,0.0,0.96,0.0,1.0,0.007943851120232166,0.06310094808799416,0.18196508283388732,0.3976492030300145
separated,100,400,4.0,0.05,0.7,43,cp,1.0,1.0,1.0,0.0,1.0,0.0,1.0,0.0011974989342101905,0.008326918190812438,0.1060919614774507,0.24118873803676255
separated,100,400,4.0,0.05,0.7,43,dkw,1.0,1.0,1.0,0.0,0.96,0.0,1.0,0.0009199384301591218,0.007093661650140026,0.1896412972957103,0.3948237467143946
separated,100,400,4.0,0.05,0.7,44,cp,1.0,1.0,1.0,0.0,1.0,0.0,1.0,0.0055941451810979535,0.0176826732783657,0.09495073848320035,0.23357702896423926
separated,100,400,4.0,0.05,0.7,44,dkw,1.0,1.0,1.0,0.0,0.96,0.0,1.0,0.0055941451810979535,0.0176826732783657,0.18048706149662588,0.3902949644340614
separated,100,400,4.0,0.05,0.7,45,cp,1.0,1.0,1.0,0.0,1.0,0.0,1.0,0.0001714787349643565,0.002951276737924724,0.10408551636641224,0.24822472112178362
separated,100,400,4.0,0.05,0.7,45,dkw,1.0,1.0,1.0,0.0,0.92,0.0,1.0,0.00010894388902879637,0.0013879055895357206,0.18616083504255165,0.39661532010390965
separated,100,400,4.0,0.05,0.7,46,cp,1.0,1.0,1.0,0.0,1.0,0.0,1.0,5.5516223581428824e-05,0.0013879055895357206,0.09222296477133718,0.21273867348576703
separated,100,400,4.0,0.05,0.7,46,dkw,1.0,1.0,1.0,0.0,0.92,0.0,1.0,0.00036819937398224756,0.004857707356216601,0.18183849453607173,0.39143534067084695
separated,100,400,4.0,0.05,0.7,47,cp,1.0,1.0,1.0,0.0,1.0,0.0,1.0,0.0006190744217246503,0.007659781783095787,0.09465382053724594,0.2377262770062719
separated,100,400,4.0,0.05,0.7,47,dkw,1.0,1.0,1.0,0.0,0.96,0.0,1.0,0.00258266218984593,0.021185762346493497,0.17993073419759242,0.3948237467143946
separated,100,400,4.0,0.05,0.7,48,cp,1.0,1.0,1.0,0.0,1.0,0.0,1.0,0.0006745906453060791,0.007659781783095787,0.09568654163117823,0.23942125058081365
separated,100,400,4.0,0.05,0.7,48,dkw,1.0,1.0,1.0,0.0,0.96,0.0,1.0,0.0037538791682131256,0.029280424459179888,0.17953568851819413,0.39330926168672464
separated,100,400,4.0,0.05,0.7,49,cp,1.0,1.0,1.0,0.0,1.0,0.0,1.0,0.00010894388902879637,0.0013879055895357206,0.08395157990725373,0.20693812581832893
separated,100,400,4.0,0.05,0.7,49,dkw,1.0,1.0,1.0,0.0,0.96,0.0,1.0,5.5516223581428824e-05,0.0013879055895357206,0.17706024358473219,0.3883592238337443
separated,100,400,4.0,0.05,0.7,50,cp,1.0,1.0,1.0,0.0,1.0,0.0,1.0,0.0016797154724047614,0.015429447841863064,0.10299773655277938,0.257361313979809
separated,100,400,4.0,0.05,0.7,50,dkw,1.0,1.0,1.0,0.0,0.92,0.0,1.0,0.0054198131967124,0.04164835071248185,0.18468455222783808,0.4026008140177082
separated,100,400,4.0,0.05,0.7,51,cp,1.0,1.0,1.0,0.0,1.0,0.0,1.0,0.0011180537823116676,0.011086578425139715,0.1127556264697761,0.28329271683661905
separated,100,400,4.0,0.05,0.7,51,dkw,1.0,1.0,1.0,0.0,0.92,0.0,1.0,0.00258266218984593,0.021185762346493497,0.1923333277043314,0.40718947392164795
separated,100,400,4.0,0.05,0.7,52,cp,1.0,1.0,1.0,0.0,1.0,0.0,1.0,0.00010894388902879637,0.0013879055895357206,0.12257284031447192,0.2525836278259198
separated,100,400,4.0,0.05,0.7,52,dkw,1.0,1.0,1.0,0.0,0.96,0.0,1.0,0.00036819937398224756,0.004857707356216601,0.20226442637013853,0.4024705342022329
separated,100,400,4.0,0.05,0.7,53,cp,1.0,1.0,1.0,0.0,1.0,0.0,1.0,0.0056935284161982215,0.018947016236178005,0.09670507513250164,0.20994810673791875
separated,100,400,4.0,0.05,0.7,53,dkw,1.0,1.0,1.0,0.0,0.96,0.0,1.0,0.0020609246993588083,0.010680076484131606,0.18535356977287773,0.3898947364616008
separated,100,400,4.0,0.05,0.7,54,cp,1.0,1.0,1.0,0.0,1.0,0.0,1.0,0.0007456191454674643,0.01730478700050242,0.12396510672548815,0.2563538761322066
separated,100,400,4.0,0.05,0.7,54,dkw,1.0,1.0,1.0,0.0,0.92,0.0,1.0,5.5516223581428824e-05,0.0013879055895357206,0.20022232027350814,0.4072645426615411
separated,100,400,4.0,0.05,0.7,55,cp,1.0,1.0,1.0,0.0,1.0,0.0,1.0,1.844789868115093e-05,0.0004611974670287733,0.11380384039418719,0.26103247367198945
separated,100,400,4.0,0.05,0.7,55,dkw,1.0,1.0,1.0,0.0,0.96,0.0,1.0,0.0006745906453060791,0.007659781783095787,0.19066481903482368,0.4012842795980738
separated,100,400,4.0,0.05,0.7,56,cp,1.0,1.0,1.0,0.0,1.0,0.0,1.0,5.342766544736755e-05,0.0013356916361841886,0.11356751390430976,0.27121477034250185
separated,100,400,4.0,0.05,0.7,56,dkw,1.0,1.0,1.0,0.0,0.92,0.0,1.0,7.396412226257975e-05,0.0013879055895357206,0.19120371926118856,0.4012842795980738
separated,100,400,4.0,0.05,0.7,57,cp,1.0,1.0,1.0,0.0,1.0,0.0,1.0,0.0037538791682131256,0.029280424459179888,0.07250332765924526,0.20762599847201246
separated,100,400,4.0,0.05,0.7,57,dkw,1.0,1.0,1.0,0.0,0.96,0.0,1.0,0.012314013295710998,0.1106419599765065,0.16801163571281458,0.3877781429245758
separated,100,400,4.0,0.05,0.7,58,cp,1.0,1.0,1.0,0.0,1.0,0.0,1.0,0.00017389107973358352,0.0024981739367750944,0.09829219996670892,0.2572639135013106
separated,100,400,4.0,0.05,0.7,58,dkw,1.0,1.0,1.0,0.0,0.96,0.0,1.0,0.00036819937398224756,0.004857707356216601,0.18105057083549408,0.3951307987589351
separated,100,400,4.0,0.05,0.7,59,cp,1.0,1.0,1.0,0.0,1.0,0.0,1.0,0.004886838249963325,0.016462435358671312,0.09494143401372834,0.23357702896423926
separated,100,400,4.0,0.05,0.7,59,dkw,1.0,1.0,1.0,0.0,0.96,0.0,1.0,0.004886838249963325,0.016462435358671312,0.18047533657752923,0.3902949644340614
separated,100,400,4.0,0.05,0.7,60,cp,1.0,1.0,1.0,0.0,1.0,0.0,1.0,0.00011837485615215471,0.0024981739367750944,0.11644331655250018,0.26076049047021777
separated,100,400,4.0,0.05,0.7,60,dkw,1.0,1.0,1.0,0.0,0.96,0.0,1.0,0.0011180537823116676,0.011086578425139715,0.19451779110157605,0.4026008140177082
separated,100,400,4.0,0.05,0.7,61,cp,1.0,1.0,1.0,0.0,1.0,0.0,1.0,0.00010894388902879637,0.0013879055895357206,0.09655414482115841,0.21534767068662208
separated,100,400,4.0,0.05,0.7,61,dkw,1.0,1.0,1.0,0.0,0.96,0.0,1.0,7.396412226257975e-05,0.0013879055895357206,0.18606636243058375,0.3929810628101621
separated,100,400,4.0,0.05,0.7,62,cp,1.0,1.0,1.0,0.0,1.0,0.0,1.0,0.0008636702149844533,0.01730478700050242,0.09974641468878072,0.23524095081907193
separated,100,400,4.0,0.05,0.7,62,dkw,1.0,1.0,1.0,0.0,0.92,0.0,1.0,0.00010894388902879637,0.0013879055895357206,0.18308812406258276,0.3951307987589351
separated,100,400,4.0,0.05,0.7,63,cp,1.0,1.0,1.0,0.0,1.0,0.0,1.0,0.0005806757405720919,0.005801104647893518,0.08600529261123302,0.223056120935057
separated,100,400,4.0,0.05,0.7,63,dkw,1.0,1.0,1.0,0.0,0.96,0.0,1.0,0.0009199384301591218,0.007093661650140026,0.17545119943497195,0.3887951030430741
separated,100,400,4.0,0.05,0.7,64,cp,1.0,1.0,1.0,0.0,1.0,0.0,1.0,0.003698362944631697,0.029280424459179888,0.1038015999791864,0.2598923630727974
separated,100,400,4.0,0.05,0.7,64,dkw,1.0,1.0,1.0,0.0,0.96,0.0,1.0,0.007943851120232166,0.06310094808799416,0.18495755827971358,0.40714037816692894
separated,100,400,4.0,0.05,0.7,65,cp,1.0,1.0,1.0,0.0,1.0,0.0,1.0,0.003120224675980876,0.028451339216919225,0.10485471226067762,0.23709822628983723
separated,100,400,4.0,0.05,0.7,65,dkw,1.0,1.0,1.0,0.0,0.92,0.0,1.0,0.0006745906453060791,0.007659781783095787,0.1873216435009418,0.4012842795980738
separated,100,400,4.0,0.05,0.7,66,cp,1.0,1.0,1.0,0.0,1.0,0.0,1.0,0.00010894388902879637,0.0013879055895357206,0.08954890655096304,0.20994810673791875
separated,100,400,4.0,0.05,0.7,66,dkw,1.0,1.0,1.0,0.0,0.92,0.0,1.0,0.00017389107973358352,0.0024981739367750944,0.17974174120591413,0.3898947364616008
separated,100,400,4.0,0.05,0.7,67,cp,1.0,1.0,1.0,0.0,1.0,0.0,1.0,0.0006745906453060791,0.007659781783095787,0.0855107090994367,0.2075578341261035
separated,100,400,4.0,0.05,0.7,67,dkw,1.0,1.0,1.0,0.0,0.96,0.0,1.0,0.0037538791682131256,0.029280424459179888,0.1751908302393548,0.3883592238337443
separated,100,400,4.0,0.05,0.7,68,cp,1.0,1.0,1.0,0.0,1.0,0.0,1.0,0.003617288634356801,0.014114653745513461,0.0918765653147825,0.20693812581832893
separated,100,400,4.0,0.05,0.7,68,dkw,1.0,1.0,1.0,0.0,0.96,0.0,1.0,0.0020609246993588083,0.010680076484131606,0.18159040318982467,0.3883592238337443
separated,100,400,4.0,0.05,0.7,69,cp,1.0,1.0,1.0,0.0,1.0,0.0,1.0,0.003698362944631697,0.029280424459179888,0.10126538434287219,0.25940948966069133
separated,100,400,4.0,0.05,0.7,69,dkw,1.0,1.0,1.0,0.0,0.92,0.0,1.0,0.007943851120232166,0.06310094808799416,0.1827807932327924,0.4041091579416024
separated,100,400,4.0,0.05,0.7,70,cp,1.0,1.0,1.0,0.0,1.0,0.0,1.0,0.007208116914419813,0.02443241192207979,0.09946115060247304,0.2331480131359871
separated,100,400,4.0,0.05,0.7,70,dkw,1.0,1.0,1.0,0.0,0.96,0.0,1.0,0.0055941451810979535,0.0176826732783657,0.1812976358043035,0.39545216849777076
separated,100,400,4.0,0.05,0.7,71,cp,1.0,1.0,1.0,0.0,1.0,0.0,1.0,0.002502826800547515,0.02026610653549954,0.12366537973174661,0.25437120851322037
separated,100,400,4.0,0.05,0.7,71,dkw,1.0,1.0,1.0,0.0,0.96,0.0,1.0,7.396412226257975e-05,0.0013879055895357206,0.20584609700967435,0.40401494155102713
separated,100,400,4.0,0.05,0.7,72,cp,1.0,1.0,1.0,0.0,1.0,0.0,1.0,0.0015741314696105446,0.018947016236178005,0.10248093066278319,0.21534767068662208
separated,100,400,4.0,0.05,0.7,72,dkw,1.0,1.0,1.0,0.0,0.96,0.0,1.0,0.00036819937398224756,0.004857707356216601,0.18768631661790638,0.3929810628101621
separated,100,400,4.0,0.05,0.7,73,cp,1.0,1.0,1.0,0.0,1.0,0.0,1.0,0.0001714787349643565,0.002951276737924724,0.11598815222697216,0.26442847796347735
separated,100,400,4.0,0.05,0.7,73,dkw,1.0,1.0,1.0,0.0,0.92,0.0,1.0,5.5516223581428824e-05,0.0013879055895357206,0.19273787579343676,0.4012842795980738
separated,100,400,4.0,0.05,0.7,74,cp,1.0,1.0,1.0,0.0,1.0,0.0,1.0,0.0017352316959861902,0.015429447841863064,0.10372267619008202,0.2244374911727508
separated,100,400,4.0,0.05,0.7,74,dkw,1.0,1.0,1.0,0.0,0.92,0.0,1.0,0.007943851120232166,0.06310094808799416,0.18564780289331992,0.39921566403372344
separated,100,400,4.0,0.05,0.7,75,cp,1.0,1.0,1.0,0.0,1.0,0.0,1.0,0.010471397362822871,0.03222669789706989,0.11542126761966053,0.2505488926002106
separated,100,400,4.0,0.05,0.7,75,dkw,1.0,1.0,1.0,0.0,0.96,0.0,1.0,0.005127484793050061,0.024674535038923584,0.19751081364640022,0.4026008140177082
separated,100,400,4.0,0.05,0.7,76,cp,1.0,1.0,1.0,0.0,1.0,0.0,1.0,0.0025339843871069467,0.011826492193703464,0.09179490280127349,0.20693812581832893
separated,100,400,4.0,0.05,0.7,76,dkw,1.0,1.0,1.0,0.0,0.92,0.0,1.0,0.0012530151577916193,0.008326918190812438,0.18120118387512996,0.3883592238337443
separated,100,400,4.0,0.05,0.7,77,cp,1.0,1.0,1.0,0.0,1.0,0.0,1.0,0.0035460408237155904,0.021651530086902016,0.1161191033483514,0.2487167759955815
separated,100,400,4.0,0.05,0.7,77,dkw,1.0,1.0,1.0,0.0,0.92,0.0,1.0,5.5516223581428824e-05,0.0013879055895357206,0.1973687059419111,0.3993968458906558
separated,100,400,4.0,0.05,0.7,78,cp,1.0,1.0,1.0,0.0,1.0,0.0,1.0,0.0006745906453060791,0.007659781783095787,0.09606947313784339,0.21780307577960167
separated,100,400,4.0,0.05,0.7,78,dkw,1.0,1.0,1.0,0.0,0.92,0.0,1.0,0.0037538791682131256,0.029280424459179888,0.181661704460684,0.39453192940991033
separated,100,400,4.0,0.05,0.7,79,cp,1.0,1.0,1.0,0.0,1.0,0.0,1.0,0.000864422206577693,0.007093661650140026,0.11119851340130307,0.2540917642442717
separated,100,400,4.0,0.05,0.7,79,dkw,1.0,1.0,1.0,0.0,0.92,0.0,1.0,0.00040414777823778004,0.0044288204922998675,0.19132016335071322,0.39810455879591045
separated,100,400,4.0,0.05,0.7,80,cp,1.0,1.0,1.0,0.0,1.0,0.0,1.0,0.0007628231547160568,0.0176826732783657,0.10781128360635255,0.2201261117999207
separated,100,400,4.0,0.05,0.7,80,dkw,1.0,1.0,1.0,0.0,0.96,0.0,1.0,0.0006745906453060791,0.007659781783095787,0.19178341455014966,0.396087967183709
separated,100,400,4.0,0.05,0.7,81,cp,1.0,1.0,1.0,0.0,1.0,0.0,1.0,0.0018896904142302873,0.01730478700050242,0.09371882799298178,0.2329173347470198
separated,100,400,4.0,0.05,0.7,81,dkw,1.0,1.0,1.0,0.0,0.96,0.0,1.0,0.0012530151577916193,0.008326918190812438,0.17832652504965843,0.39217581516250866
separated,100,400,4.0,0.05,0.7,82,cp,1.0,1.0,1.0,0.0,1.0,0.0,1.0,0.0003486315546563512,0.0044288204922998675,0.10248932030088186,0.2533194086223143
separated,100,400,4.0,0.05,0.7,82,dkw,1.0,1.0,1.0,0.0,0.96,0.0,1.0,0.00022699495854578534,0.002951276737924724,0.18304991646465274,0.39690342205152007
separated,100,400,4.0,0.05,0.7,83,cp,1.0,1.0,1.0,0.0,1.0,0.0,1.0,0.0006361919641535207,0.005801104647893518,0.0970068125708913,0.21273867348576703
separated,100,400,4.0,0.05,0.7,83,dkw,1.0,1.0,1.0,0.0,0.92,0.0,1.0,0.00010894388902879637,0.0013879055895357206,0.18536340595319395,0.39143534067084695
separated,100,400,4.0,0.05,0.7,84,cp,1.0,1.0,1.0,0.0,1.0,0.0,1.0,0.0037538791682131256,0.029280424459179888,0.08608620281522121,0.22289962928436613
separated,100,400,4.0,0.05,0.7,84,dkw,1.0,1.0,1.0,0.0,0.92,0.0,1.0,0.012314013295710998,0.1106419599765065,0.1739382612238562,0.3925630793872563
separated,100,400,4.0,0.05,0.7,85,cp,1.0,1.0,1.0,0.0,1.0,0.0,1.0,0.00040414777823778004,0.0044288204922998675,0.10486828066745922,0.21780307577960167
separated,100,400,4.0,0.05,0.7,85,dkw,1.0,1.0,1.0,0.0,0.92,0.0,1.0,5.5516223581428824e-05,0.0013879055895357206,0.19135625875234705,0.39453192940991033
separated,100,400,4.0,0.05,0.7,86,cp,1.0,1.0,1.0,0.0,1.0,0.0,1.0,5.5516223581428824e-05,0.0013879055895357206,0.09655873936593844,0.23942125058081365
separated,100,400,4.0,0.05,0.7,86,dkw,1.0,1.0,1.0,0.0,0.92,0.0,1.0,0.00017389107973358352,0.0024981739367750944,0.18201178324060835,0.39330926168672464
separated,100,400,4.0,0.05,0.7,87,cp,1.0,1.0,1.0,0.0,1.0,0.0,1.0,0.00017389107973358352,0.0024981739367750944,0.09709906645979327,0.23663375761711325
separated,100,400,4.0,0.05,0.7,87,dkw,1.0,1.0,1.0,0.0,0.96,0.0,1.0,0.0011180537823116676,0.011086578425139715,0.18081576800744478,0.391799675815094
separated,100,400,4.0,0.05,0.7,88,cp,1.0,1.0,1.0,0.0,1.0,0.0,1.0,0.0015782054164121151,0.009517662055048115,0.11417069749654886,0.2609041856238701
separated,100,400,4.0,0.05,0.7,88,dkw,1.0,1.0,1.0,0.0,0.96,0.0,1.0,0.0006361919641535207,0.005801104647893518,0.19261253729551409,0.39810455879591045
separated,100,400,4.0,0.05,0.7,89,cp,1.0,1.0,1.0,0.0,1.0,0.0,1.0,0.0003126831504008187,0.004857707356216601,0.12424660758914531,0.27168312000002126
separated,100,400,4.0,0.05,0.7,89,dkw,1.0,1.0,1.0,0.0,0.92,0.0,1.0,0.0011180537823116676,0.011086578425139715,0.2006897351106148,0.4086773596246881
separated,100,400,4.0,0.05,0.7,90,cp,1.0,1.0,1.0,0.0,1.0,0.0,1.0,0.0025271459662645013,0.021185762346493497,0.1102290450094717,0.2539578635064459
separated,100,400,4.0,0.05,0.7,90,dkw,1.0,1.0,1.0,0.0,0.92,0.0,1.0,0.007943851120232166,0.06310094808799416,0.18785835453271676,0.4026008140177082
separated,100,400,4.0,0.05,0.7,91,cp,1.0,1.0,1.0,0.0,1.0,0.0,1.0,0.0023497959642643095,0.02026610653549954,0.1280214581281323,0.2895703526059352
separated,100,400,4.0,0.05,0.7,91,dkw,1.0,1.0,1.0,0.0,0.92,0.0,1.0,0.00036819937398224756,0.004857707356216601,0.2018375995457959,0.4087190183368744
separated,100,400,4.0,0.05,0.7,92,cp,1.0,1.0,1.0,0.0,1.0,0.0,1.0,0.00011837485615215471,0.0024981739367750944,0.12529883174129425,0.27168312000002126
separated,100,400,4.0,0.05,0.7,92,dkw,1.0,1.0,1.0,0.0,0.92,0.0,1.0,0.0006745906453060791,0.007659781783095787,0.20202532587808988,0.4086773596246881
separated,100,400,4.0,0.05,0.7,93,cp,1.0,1.0,1.0,0.0,1.0,0.0,1.0,0.00017389107973358352,0.0024981739367750944,0.09873189108547041,0.21780307577960167
separated,100,400,4.0,0.05,0.7,93,dkw,1.0,1.0,1.0,0.0,0.96,0.0,1.0,0.0017352316959861902,0.015429447841863064,0.18495785751633292,0.39453192940991033
separated,100,400,4.0,0.05,0.7,94,cp,1.0,1.0,1.0,0.0,1.0,0.0,1.0,0.007208116914419813,0.02443241192207979,0.10440903034924542,0.2326538630765348
separated,100,400,4.0,0.05,0.7,94,dkw,1.0,1.0,1.0,0.0,0.96,0.0,1.0,0.0055941451810979535,0.0176826732783657,0.185007960201222,0.39690342205152007
separated,100,400,4.0,0.05,0.7,95,cp,1.0,1.0,1.0,0.0,1.0,0.0,1.0,0.0030527024845362627,0.012967952435732899,0.08634641005695284,0.2036561162056414
separated,100,400,4.0,0.05,0.7,95,dkw,1.0,1.0,1.0,0.0,0.96,0.0,1.0,0.0030527024845362627,0.012967952435732899,0.17793278263379964,0.38682877661873005
separated,100,400,4.0,0.05,0.7,96,cp,1.0,1.0,1.0,0.0,1.0,0.0,1.0,0.00739399522125646,0.033323473387854796,0.1196961543641884,0.23200828421118858
separated,100,400,4.0,0.05,0.7,96,dkw,1.0,1.0,1.0,0.0,0.92,0.0,1.0,0.0020054084757773795,0.010680076484131606,0.1984000343462831,0.4055343079370485
separated,100,400,4.0,0.05,0.7,97,cp,1.0,1.0,1.0,0.0,1.0,0.0,1.0,0.00017389107973358352,0.0024981739367750944,0.10324583606758198,0.26226993727239833
separated,100,400,4.0,0.05,0.7,97,dkw,1.0,1.0,1.0,0.0,0.96,0.0,1.0,0.0006745906453060791,0.007659781783095787,0.1851076968868476,0.39810455879591045
separated,100,400,4.0,0.05,0.7,98,cp,1.0,1.0,1.0,0.0,1.0,0.0,1.0,0.0014836354792628992,0.018947016236178005,0.1168229389662164,0.2620325762003909
separated,100,400,4.0,0.05,0.7,98,dkw,1.0,1.0,1.0,0.0,0.92,0.0,1.0,0.0006745906453060791,0.007659781783095787,0.19420052419311684,0.4010972820909321
separated,100,400,4.0,0.05,0.7,99,cp,1.0,1.0,1.0,0.0,1.0,0.0,1.0,0.0020609246993588083,0.010680076484131606,0.0855664250926448,0.2036561162056414
separated,100,400,4.0,0.05,0.7,99,dkw,1.0,1.0,1.0,0.0,0.92,0.0,1.0,0.001633721639993544,0.009517662055048115,0.177331032141991,0.38682877661873005
separated,100,400,4.0,0.05,0.7,100,cp,1.0,1.0,1.0,0.0,1.0,0.0,1.0,0.0012530151577916193,0.008326918190812438,0.09747672852771343,0.23663375761711325
separated,100,400,4.0,0.05,0.7,100,dkw,1.0,1.0,1.0,0.0,0.96,0.0,1.0,0.0012530151577916193,0.008326918190812438,0.18277262374834025,0.391799675815094
separated,100,400,4.0,0.05,0.7,101,cp,1.0,1.0,1.0,0.0,1.0,0.0,1.0,0.0011180537823116676,0.011086578425139715,0.0866501496207104,0.21273867348576703
separated,100,400,4.0,0.05,0.7,101,dkw,1.0,1.0,1.0,0.0,0.96,0.0,1.0,0.0054198131967124,0.04164835071248185,0.17591715666577637,0.39143534067084695
separated,100,400,4.0,0.05,0.7,102,cp,1.0,1.0,1.0,0.0,1.0,0.0,1.0,0.0007456191454674643,0.01730478700050242,0.12040993748326319,0.2505488926002106
separated,100,400,4.0,0.05,0.7,102,dkw,1.0,1.0,1.0,0.0,0.92,0.0,1.0,0.00017389107973358352,0.0024981739367750944,0.19858758776924135,0.4026008140177082
separated,100,400,4.0,0.05,0.7,103,cp,1.0,1.0,1.0,0.0,1.0,0.0,1.0,0.0015782054164121151,0.009517662055048115,0.10890256474277372,0.24822472112178362
separated,100,400,4.0,0.05,0.7,103,dkw,1.0,1.0,1.0,0.0,0.96,0.0,1.0,0.001633721639993544,0.009517662055048115,0.1891967336801057,0.39661532010390965
separated,100,400,4.0,0.05,0.7,104,cp,1.0,1.0,1.0,0.0,1.0,0.0,1.0,0.002925916381732212,0.028451339216919225,0.10101601202398815,0.23032796374626385
separated,100,400,4.0,0.05,0.7,104,dkw,1.0,1.0,1.0,0.0,0.92,0.0,1.0,0.00036819937398224756,0.004857707356216601,0.18346542838867796,0.40005842902484157
separated,100,400,4.0,0.05,0.7,105,cp,1.0,1.0,1.0,0.0,1.0,0.0,1.0,0.005538628957516525,0.0176826732783657,0.0947542433724519,0.2506695814648471
separated,100,400,4.0,0.05,0.7,105,dkw,1.0,1.0,1.0,0.0,0.96,0.0,1.0,0.0055941451810979535,0.0176826732783657,0.17760787549664628,0.39400539479858365
separated,100,400,4.0,0.05,0.7,106,cp,1.0,1.0,1.0,0.0,1.0,0.0,1.0,0.00017389107973358352,0.0024981739367750944,0.10085349234517588,0.25987498319531566
separated,100,400,4.0,0.05,0.7,106,dkw,1.0,1.0,1.0,0.0,0.92,0.0,1.0,0.0006745906453060791,0.007659781783095787,0.18308454604124103,0.39661532010390965
separated,100,400,4.0,0.05,0.7,107,cp,1.0,1.0,1.0,0.0,1.0,0.0,1.0,0.00022699495854578534,0.002951276737924724,0.0908455253968464,0.23357702896423926
separated,100,400,4.0,0.05,0.7,107,dkw,1.0,1.0,1.0,0.0,0.92,0.0,1.0,5.5516223581428824e-05,0.0013879055895357206,0.1777393174431049,0.3902949644340614
separated,100,400,4.0,0.05,0.7,108,cp,1.0,1.0,1.0,0.0,1.0,0.0,1.0,0.00017389107973358352,0.0024981739367750944,0.10435681399866353,0.2201261117999207
separated,100,400,4.0,0.05,0.7,108,dkw,1.0,1.0,1.0,0.0,0.96,0.0,1.0,0.0017352316959861902,0.015429447841863064,0.18866658510566608,0.396087967183709
separated,100,400,4.0,0.05,0.7,109,cp,1.0,1.0,1.0,0.0,1.0,0.0,1.0,0.00011837485615215471,0.0024981739367750944,0.12348426162176768,0.274456560516117
separated,100,400,4.0,0.05,0.7,109,dkw,1.0,1.0,1.0,0.0,0.92,0.0,1.0,0.0011180537823116676,0.011086578425139715,0.1984200724144682,0.4057062457043352
separated,100,400,4.0,0.05,0.7,110,cp,1.0,1.0,1.0,0.0,1.0,0.0,1.0,0.0006361919641535207,0.005801104647893518,0.09342898211296777,0.20994810673791875
separated,100,400,4.0,0.05,0.7,110,dkw,1.0,1.0,1.0,0.0,0.96,0.0,1.0,0.00010894388902879637,0.0013879055895357206,0.1822660494028504,0.3898947364616008
separated,100,400,4.0,0.05,0.7,111,cp,1.0,1.0,1.0,0.0,1.0,0.0,1.0,0.0006190744217246503,0.007659781783095787,0.09419551604415169,0.24822472112178362
separated,100,400,4.0,0.05,0.7,111,dkw,1.0,1.0,1.0,0.0,0.96,0.0,1.0,0.0017352316959861902,0.015429447841863064,0.1800766599145221,0.39661532010390965
separated,100,400,4.0,0.05,0.7,112,cp,1.0,1.0,1.0,0.0,1.0,0.0,1.0,0.00036819937398224756,0.004857707356216601,0.10029475357934402,0.21534767068662208
separated,100,400,4.0,0.05,0.7,112,dkw,1.0,1.0,1.0,0.0,0.96,0.0,1.0,0.0037538791682131256,0.029280424459179888,0.18469789202674378,0.3929810628101621
separated,100,400,4.0,0.05,0.7,113,cp,1.0,1.0,1.0,0.0,1.0,0.0,1.0,0.0007607345965819956,0.0176826732783657,0.10872259454858957,0.2540917642442717
separated,100,400,4.0,0.05,0.7,113,dkw,1.0,1.0,1.0,0.0,0.92,0.0,1.0,7.396412226257975e-05,0.0013879055895357206,0.18898408520032794,0.39810455879591045
separated,100,400,4.0,0.05,0.7,114,cp,1.0,1.0,1.0,0.0,1.0,0.0,1.0,7.396412226257975e-05,0.0013879055895357206,0.08136743881331145,0.20693812581832893
separated,100,400,4.0,0.05,0.7,114,dkw,1.0,1.0,1.0,0.0,0.96,0.0,1.0,0.0006745906453060791,0.007659781783095787,0.1748947454401446,0.3883592238337443
separated,100,400,4.0,0.05,0.7,115,cp,1.0,1.0,1.0,0.0,1.0,0.0,1.0,0.0006361919641535207,0.005801104647893518,0.08838097394533583,0.20693812581832893
separated,100,400,4.0,0.05,0.7,115,dkw,1.0,1.0,1.0,0.0,0.96,0.0,1.0,0.00022699495854578534,0.002951276737924724,0.179317609314164,0.3883592238337443
separated,100,400,4.0,0.05,0.7,116,cp,1.0,1.0,1.0,0.0,1.0,0.0,1.0,0.001633721639993544,0.009517662055048115,0.10852023414100911,0.25987498319531566
separated,100,400,4.0,0.05,0.7,116,dkw,1.0,1.0,1.0,0.0,0.96,0.0,1.0,0.001633721639993544,0.009517662055048115,0.1890449841920495,0.39661532010390965
separated,100,400,4.0,0.05,0.7,117,cp,1.0,1.0,1.0,0.0,1.0,0.0,1.0,0.00036819937398224756,0.004857707356216601,0.09886131414938333,0.24437950287971733
separated,100,400,4.0,0.05,0.7,117,dkw,1.0,1.0,1.0,0.0,0.96,0.0,1.0,0.0017352316959861902,0.015429447841863064,0.18351020007591412,0.3963431557298227
separated,100,400,4.0,0.05,0.7,118,cp,1.0,1.0,1.0,0.0,1.0,0.0,1.0,0.0054198131967124,0.04164835071248185,0.08339723244125091,0.24437950287971733
separated,100,400,4.0,0.05,0.7,118,dkw,1.0,1.0,1.0,0.0,0.92,0.0,1.0,0.012314013295710998,0.1106419599765065,0.17254377998290416,0.39437180622048196
separated,100,400,4.0,0.05,0.7,119,cp,1.0,1.0,1.0,0.0,1.0,0.0,1.0,0.00017389107973358352,0.0024981739367750944,0.10242066902701051,0.246614566135815
separated,100,400,4.0,0.05,0.7,119,dkw,1.0,1.0,1.0,0.0,0.96,0.0,1.0,0.0011180537823116676,0.011086578425139715,0.18692698830710697,0.3978675137324098
separated,100,400,4.0,0.05,0.7,120,cp,1.0,1.0,1.0,0.0,1.0,0.0,1.0,0.0031561730802364086,0.028451339216919225,0.11395044670358524,0.2560732832855548
separated,100,400,4.0,0.05,0.7,120,dkw,1.0,1.0,1.0,0.0,0.92,0.0,1.0,0.00022699495854578534,0.002951276737924724,0.19116170554368303,0.4045315411375978
separated,100,400,4.0,0.05,0.7,121,cp,1.0,1.0,1.0,0.0,1.0,0.0,1.0,0.0006190744217246503,0.007659781783095787,0.1250338747250036,0.2685181964906108
separated,100,400,4.0,0.05,0.7,121,dkw,1.0,1.0,1.0,0.0,0.92,0.0,1.0,0.00258266218984593,0.021185762346493497,0.2012173728843848,0.408663303063325
separated,100,400,4.0,0.05,0.7,122,cp,1.0,1.0,1.0,0.0,1.0,0.0,1.0,0.0003486315546563512,0.0044288204922998675,0.10051887451022676,0.23521918509074113
separated,100,400,4.0,0.05,0.7,122,dkw,1.0,1.0,1.0,0.0,0.96,0.0,1.0,0.00010894388902879637,0.0013879055895357206,0.184541429255157,0.39330926168672464
separated,100,400,4.0,0.05,0.7,123,cp,1.0,1.0,1.0,0.0,1.0,0.0,1.0,0.00334920342930805,0.02443241192207979,0.08506166231695024,0.2253374434392521
separated,100,400,4.0,0.05,0.7,123,dkw,1.0,1.0,1.0,0.0,0.96,0.0,1.0,0.0037538791682131256,0.029280424459179888,0.1744602936685031,0.39365097148598027
separated,100,400,4.0,0.05,0.7,124,cp,1.0,1.0,1.0,0.0,1.0,0.0,1.0,0.006230820437536621,0.0176826732783657,0.1126503535922652,0.24314651589868996
separated,100,400,4.0,0.05,0.7,124,dkw,1.0,1.0,1.0,0.0,0.92,0.0,1.0,0.0055941451810979535,0.0176826732783657,0.18944419335745888,0.4031216423872773
separated,100,400,4.0,0.05,0.7,125,cp,1.0,1.0,1.0,0.0,1.0,0.0,1.0,0.004886838249963325,0.016462435358671312,0.08672077795987099,0.2036561162056414
separated,100,400,4.0,0.05,0.7,125,dkw,1.0,1.0,1.0,0.0,0.92,0.0,1.0,0.003617288634356801,0.014114653745513461,0.17807714524633014,0.38682877661873005
separated,100,400,4.0,0.05,0.7,126,cp,1.0,1.0,1.0,0.0,1.0,0.0,1.0,0.0015566136865977898,0.01730478700050242,0.11166131640971322,0.24341339226549719
separated,100,400,4.0,0.05,0.7,126,dkw,1.0,1.0,1.0,0.0,0.92,0.0,1.0,0.0006361919641535207,0.005801104647893518,0.1895942645326052,0.4014908864230341
separated,100,400,4.0,0.05,0.7,127,cp,1.0,1.0,1.0,0.0,1.0,0.0,1.0,0.009483109266374256,0.02814223070248989,0.11337942930269335,0.24054564275315693
separated,100,400,4.0,0.05,0.7,127,dkw,1.0,1.0,1.0,0.0,0.96,0.0,1.0,0.0033688880040235957,0.021651530086902016,0.19379521036783906,0.4012842795980738
separated,100,400,4.0,0.05,0.7,128,cp,1.0,1.0,1.0,0.0,1.0,0.0,1.0,0.007629150043462629,0.028451339216919225,0.12499200365102713,0.24827632073418704
separated,100,400,4.0,0.05,0.7,128,dkw,1.0,1.0,1.0,0.0,0.92,0.0,1.0,0.006127120127847028,0.04164835071248185,0.2015427965077063,0.4116671950713261
separated,100,400,4.0,0.05,0.7,129,cp,1.0,1.0,1.0,0.0,1.0,0.0,1.0,0.0020609246993588083,0.010680076484131606,0.09394488858477415,0.23357702896423926
separated,100,400,4.0,0.05,0.7,129,dkw,1.0,1.0,1.0,0.0,0.96,0.0,1.0,0.0020609246993588083,0.010680076484131606,0.17997954798146612,0.3902949644340614
separated,100,400,4.0,0.05,0.7,130,cp,1.0,1.0,1.0,0.0,1.0,0.0,1.0,0.0,0.0,0.10559863243924035,0.257500735150507
separated,100,400,4.0,0.05,0.7,130,dkw,1.0,1.0,1.0,0.0,0.92,0.0,1.0,7.396412226257975e-05,0.0013879055895357206,0.1874238168462977,0.39810455879591045
separated,100,400,4.0,0.05,0.7,131,cp,1.0,1.0,1.0,0.0,1.0,0.0,1.0,0.0005806757405720919,0.005801104647893518,0.12112613427500733,0.25994648056430125
separated,100,400,4.0,0.05,0.7,131,dkw,1.0,1.0,1.0,0.0,0.96,0.0,1.0,0.00022699495854578534,0.002951276737924724,0.19727131146624807,0.4027536710328684
separated,100,400,4.0,0.05,0.7,132,cp,1.0,1.0,1.0,0.0,1.0,0.0,1.0,0.0003486315546563512,0.0044288204922998675,0.11074267147444218,0.2609041856238701
separated,100,400,4.0,0.05,0.7,132,dkw,1.0,1.0,1.0,0.0,0.96,0.0,1.0,0.00022699495854578534,0.002951276737924724,0.19064639258295815,0.39810455879591045
separated,100,400,4.0,0.05,0.7,133,cp,1.0,1.0,1.0,0.0,1.0,0.0,1.0,0.0009199384301591218,0.007093661650140026,0.10656297003508249,0.2419908441970281
separated,100,400,4.0,0.05,0.7,133,dkw,1.0,1.0,1.0,0.0,0.92,0.0,1.0,0.00022699495854578534,0.002951276737924724,0.18905683600761183,0.3948237467143946
separated,100,400,4.0,0.05,0.7,134,cp,1.0,1.0,1.0,0.0,1.0,0.0,1.0,5.342766544736755e-05,0.0013356916361841886,0.09684649936366434,0.25317466990064286
separated,100,400,4.0,0.05,0.7,134,dkw,1.0,1.0,1.0,0.0,0.96,0.0,1.0,5.5516223581428824e-05,0.0013879055895357206,0.1800066030143789,0.39365097148598027
separated,100,400,4.0,0.05,0.7,135,cp,1.0,1.0,1.0,0.0,1.0,0.0,1.0,0.0010048746304209156,0.01730478700050242,0.11141420482358436,0.28632325655713253
separated,100,400,4.0,0.05,0.7,135,dkw,1.0,1.0,1.0,0.0,0.92,0.0,1.0,0.00036819937398224756,0.004857707356216601,0.19128970433296164,0.40736398426076514
separated,100,400,4.0,0.05,0.7,136,cp,1.0,1.0,1.0,0.0,1.0,0.0,1.0,0.0011180537823116676,0.011086578425139715,0.09041732219708842,0.21780307577960167
separated,100,400,4.0,0.05,0.7,136,dkw,1.0,1.0,1.0,0.0,0.92,0.0,1.0,0.0054198131967124,0.04164835071248185,0.1781767304481914,0.39453192940991033
separated,100,400,4.0,0.05,0.7,137,cp,1.0,1.0,1.0,0.0,1.0,0.0,1.0,0.00011837485615215471,0.0024981739367750944,0.10319120600164085,0.2609041856238701
separated,100,400,4.0,0.05,0.7,137,dkw,1.0,1.0,1.0,0.0,0.96,0.0,1.0,0.0006745906453060791,0.007659781783095787,0.1851076968868476,0.39810455879591045
separated,100,400,4.0,0.05,0.7,138,cp,1.0,1.0,1.0,0.0,1.0,0.0,1.0,0.0025060106152581963,0.018947016236178005,0.12543331867103877,0.2540910863229102
separated,100,400,4.0,0.05,0.7,138,dkw,1.0,1.0,1.0,0.0,0.92,0.0,1.0,0.00010894388902879637,0.0013879055895357206,0.20266306935923598,0.4057062457043352
separated,100,400,4.0,0.05,0.7,139,cp,1.0,1.0,1.0,0.0,1.0,0.0,1.0,0.00022699495854578534,0.002951276737924724,0.10524120271617214,0.2419908441970281
separated,100,400,4.0,0.05,0.7,139,dkw,1.0,1.0,1.0,0.0,0.96,0.0,1.0,7.396412226257975e-05,0.0013879055895357206,0.18733063519599832,0.3948237467143946
separated,100,400,4.0,0.05,0.7,140,cp,1.0,1.0,1.0,0.0,1.0,0.0,1.0,0.0017352316959861902,0.015429447841863064,0.11859865862146664,0.2911114489620351
separated,100,400,4.0,0.05,0.7,140,dkw,1.0,1.0,1.0,0.0,0.92,0.0,1.0,0.0037538791682131256,0.029280424459179888,0.19447614142280387,0.41017796110879945
separated,100,400,4.0,0.05,0.7,141,cp,1.0,1.0,1.0,0.0,1.0,0.0,1.0,1.844789868115093e-05,0.0004611974670287733,0.10204632746782746,0.2550650876998186
separated,100,400,4.0,0.05,0.7,141,dkw,1.0,1.0,1.0,0.0,0.92,0.0,1.0,0.00017389107973358352,0.0024981739367750944,0.18425953040588802,0.39661532010390965
separated,100,400,4.0,0.05,0.7,142,cp,0.0,1.0,1.0,0.0,1.0,0.0,1.0,0.00010894388902879637,0.0013879055895357206,0.11375323285085148,0.275857744006045
separated,100,400,4.0,0.05,0.7,142,dkw,1.0,1.0,1.0,0.0,0.92,0.0,1.0,7.396412226257975e-05,0.0013879055895357206,0.19120371926118856,0.4012842795980738
separated,100,400,4.0,0.05,0.7,143,cp,0.0,0.0,1.0,0.0,1.0,0.0,1.0,0.00010894388902879637,0.0013879055895357206,0.10346129762596995,0.25987498319531566
separated,100,400,4.0,0.05,0.7,143,dkw,1.0,1.0,1.0,0.0,0.92,0.0,1.0,7.396412226257975e-05,0.0013879055895357206,0.1852825455220102,0.39661532010390965
separated,100,400,4.0,0.05,0.7,144,cp,1.0,1.0,1.0,0.0,1.0,0.0,1.0,0.00022699495854578534,0.002951276737924724,0.10604775892748419,0.21780307577960167
separated,100,400,4.0,0.05,0.7,144,dkw,1.0,1.0,1.0,0.0,0.96,0.0,1.0,0.00017389107973358352,0.0024981739367750944,0.1909374543048621,0.39453192940991033
separated,100,400,4.0,0.05,0.7,145,cp,1.0,1.0,1.0,0.0,1.0,0.0,1.0,0.004461186099347754,0.029280424459179888,0.11150201940081902,0.2719966888731462
separated,100,400,4.0,0.05,0.7,145,dkw,1.0,1.0,1.0,0.0,0.92,0.0,1.0,0.012314013295710998,0.1106419599765065,0.18794289362367475,0.4047142912916578
separated,100,400,4.0,0.05,0.7,146,cp,1.0,1.0,1.0,0.0,1.0,0.0,1.0,0.0052805156293332664,0.024674535038923584,0.11312021383410137,0.246614566135815
separated,100,400,4.0,0.05,0.7,146,dkw,1.0,1.0,1.0,0.0,0.92,0.0,1.0,0.0016390786603153317,0.018947016236178005,0.19475143538745357,0.3978675137324098
separated,100,400,4.0,0.05,0.7,147,cp,1.0,1.0,1.0,0.0,1.0,0.0,1.0,0.00017389107973358352,0.0024981739367750944,0.08414853514698419,0.20693812581832893
separated,100,400,4.0,0.05,0.7,147,dkw,1.0,1.0,1.0,0.0,0.96,0.0,1.0,0.0011180537823116676,0.011086578425139715,0.17519141590921328,0.3883592238337443
separated,100,400,4.0,0.05,0.7,148,cp,1.0,1.0,1.0,0.0,1.0,0.0,1.0,0.00017389107973358352,0.0024981739367750944,0.11885872149219047,0.281625704349024
separated,100,400,4.0,0.05,0.7,148,dkw,1.0,1.0,1.0,0.0,0.96,0.0,1.0,0.0006745906453060791,0.007659781783095787,0.19630487633473254,0.4057062457043352
separated,100,400,4.0,0.05,0.7,149,cp,1.0,1.0,1.0,0.0,1.0,0.0,1.0,0.0011180537823116676,0.011086578425139715,0.10894680873171883,0.2525836278259198
separated,100,400,4.0,0.05,0.7,149,dkw,1.0,1.0,1.0,0.0,0.96,0.0,1.0,0.0037538791682131256,0.029280424459179888,0.18999489059486885,0.4024705342022329
separated,100,400,4.0,0.05,0.7,150,cp,1.0,1.0,1.0,0.0,1.0,0.0,1.0,0.0011180537823116676,0.011086578425139715,0.09019355983495668,0.21273867348576703
separated,100,400,4.0,0.05,0.7,150,dkw,1.0,1.0,1.0,0.0,0.96,0.0,1.0,0.0054198131967124,0.04164835071248185,0.17747516916586115,0.39143534067084695
separated,100,400,4.0,0.05,0.7,151,cp,1.0,1.0,1.0,0.0,1.0,0.0,1.0,0.00827699413970619,0.03665548112297701,0.1060766478150842,0.22312594222759286
separated,100,400,4.0,0.05,0.7,151,dkw,1.0,1.0,1.0,0.0,0.92,0.0,1.0,0.001787862813055443,0.02443241192207979,0.18990543908503268,0.3976492030300145
separated,100,400,4.0,0.05,0.7,152,cp,1.0,1.0,1.0,0.0,1.0,0.0,1.0,0.0055941451810979535,0.0176826732783657,0.0917891325496058,0.20693812581832893
separated,100,400,4.0,0.05,0.7,152,dkw,1.0,1.0,1.0,0.0,0.96,0.0,1.0,0.004886838249963325,0.016462435358671312,0.18193245185286785,0.3883592238337443
separated,100,400,4.0,0.05,0.7,153,cp,1.0,1.0,1.0,0.0,1.0,0.0,1.0,0.0006745906453060791,0.007659781783095787,0.09701284374269317,0.26226993727239833
separated,100,400,4.0,0.05,0.7,153,dkw,1.0,1.0,1.0,0.0,0.96,0.0,1.0,0.0017352316959861902,0.015429447841863064,0.18207495898711806,0.39810455879591045
separated,100,400,4.0,0.05,0.7,154,cp,1.0,1.0,1.0,0.0,1.0,0.0,1.0,0.001311265901744747,0.01730478700050242,0.12195108091424632,0.26802347830454076
separated,100,400,4.0,0.05,0.7,154,dkw,1.0,1.0,1.0,0.0,0.92,0.0,1.0,0.0017352316959861902,0.015429447841863064,0.19744559036892476,0.4087190183368744
separated,100,400,4.0,0.05,0.7,155,cp,1.0,1.0,1.0,0.0,1.0,0.0,1.0,0.0032004192765679386,0.018947016236178005,0.0964413692707595,0.2419908441970281
separated,100,400,4.0,0.05,0.7,155,dkw,1.0,1.0,1.0,0.0,0.96,0.0,1.0,0.0054198131967124,0.04164835071248185,0.17973145034462285,0.3948237467143946
separated,100,400,4.0,0.05,0.7,156,cp,1.0,1.0,1.0,0.0,1.0,0.0,1.0,0.00010894388902879637,0.0013879055895357206,0.09384935633260234,0.23663375761711325
separated,100,400,4.0,0.05,0.7,156,dkw,1.0,1.0,1.0,0.0,0.92,0.0,1.0,7.396412226257975e-05,0.0013879055895357206,0.17990164070617048,0.391799675815094
separated,100,400,4.0,0.05,0.7,157,cp,1.0,1.0,1.0,0.0,1.0,0.0,1.0,0.00017389107973358352,0.0024981739367750944,0.08414853514698419,0.20693812581832893
separated,100,400,4.0,0.05,0.7,157,dkw,1.0,1.0,1.0,0.0,0.96,0.0,1.0,0.0011180537823116676,0.011086578425139715,0.17519141590921328,0.3883592238337443
separated,100,400,4.0,0.05,0.7,158,cp,1.0,1.0,1.0,0.0,1.0,0.0,1.0,7.396412226257975e-05,0.0013879055895357206,0.10389910076910158,0.24437950287971733
separated,100,400,4.0,0.05,0.7,158,dkw,1.0,1.0,1.0,0.0,0.92,0.0,1.0,0.0006745906453060791,0.007659781783095787,0.1865673303395966,0.3963431557298227
separated,100,400,4.0,0.05,0.7,159,cp,1.0,1.0,1.0,0.0,1.0,0.0,1.0,0.001520703804163177,0.018947016236178005,0.11319987919500812,0.2644850166788323
separated,100,400,4.0,0.05,0.7,159,dkw,1.0,1.0,1.0,0.0,0.92,0.0,1.0,0.00017389107973358352,0.0024981739367750944,0.191672748190223,0.39959853826367286
separated,100,400,4.0,0.05,0.7,160,cp,1.0,1.0,1.0,0.0,1.0,0.0,1.0,0.00040414777823778004,0.0044288204922998675,0.10068695712982965,0.23942125058081365
separated,100,400,4.0,0.05,0.7,160,dkw,1.0,1.0,1.0,0.0,0.96,0.0,1.0,0.00010894388902879637,0.0013879055895357206,0.184541429255157,0.39330926168672464
separated,100,400,4.0,0.05,0.7,161,cp,1.0,1.0,1.0,0.0,1.0,0.0,1.0,0.0001714787349643565,0.002951276737924724,0.10860742990873469,0.24354996288606756
separated,100,400,4.0,0.05,0.7,161,dkw,1.0,1.0,1.0,0.0,0.96,0.0,1.0,7.396412226257975e-05,0.0013879055895357206,0.1904723589758051,0.3963431557298227
separated,100,400,4.0,0.05,0.7,162,cp,1.0,1.0,1.0,0.0,1.0,0.0,1.0,0.005538628957516525,0.0176826732783657,0.09580573922517464,0.24680953123678417
separated,100,400,4.0,0.05,0.7,162,dkw,1.0,1.0,1.0,0.0,0.96,0.0,1.0,0.0055941451810979535,0.0176826732783657,0.17904110422723246,0.39217581516250866
separated,100,400,4.0,0.05,0.7,163,cp,1.0,1.0,1.0,0.0,1.0,0.0,1.0,0.0006190744217246503,0.007659781783095787,0.09208323713340466,0.2559064963648514
separated,100,400,4.0,0.05,0.7,163,dkw,1.0,1.0,1.0,0.0,0.92,0.0,1.0,0.0011180537823116676,0.011086578425139715,0.1780696306496528,0.3951307987589351
separated,100,400,4.0,0.05,0.7,164,cp,1.0,1.0,1.0,0.0,1.0,0.0,1.0,0.0016694879569032883,0.02443241192207979,0.10363396539322194,0.24151883884977088
separated,100,400,4.0,0.05,0.7,164,dkw,1.0,1.0,1.0,0.0,0.92,0.0,1.0,5.5516223581428824e-05,0.0013879055895357206,0.18691630743080062,0.3998194556853606
separated,100,400,4.0,0.05,0.7,165,cp,1.0,1.0,1.0,0.0,1.0,0.0,1.0,0.0011180537823116676,0.011086578425139715,0.10210115390213603,0.246614566135815
separated,100,400,4.0,0.05,0.7,165,dkw,1.0,1.0,1.0,0.0,0.96,0.0,1.0,0.0037538791682131256,0.029280424459179888,0.1838964000905392,0.3978675137324098
separated,100,400,4.0,0.05,0.7,166,cp,1.0,1.0,1.0,0.0,1.0,0.0,1.0,0.00010894388902879637,0.0013879055895357206,0.10363796359957682,0.21780307577960167
separated,100,400,4.0,0.05,0.7,166,dkw,1.0,1.0,1.0,0.0,0.92,0.0,1.0,0.00036819937398224756,0.004857707356216601,0.1892752602998997,0.39453192940991033
separated,100,400,4.0,0.05,0.7,167,cp,1.0,1.0,1.0,0.0,1.0,0.0,1.0,0.0006190744217246503,0.007659781783095787,0.10319608309102683,0.2586064932781946
separated,100,400,4.0,0.05,0.7,167,dkw,1.0,1.0,1.0,0.0,0.92,0.0,1.0,0.0017352316959861902,0.015429447841863064,0.18394884414948293,0.3998194556853606
separated,100,400,4.0,0.05,0.7,168,cp,1.0,1.0,1.0,0.0,1.0,0.0,1.0,0.0007106393787012478,0.01730478700050242,0.10485087665514893,0.24236015622962537
separated,100,400,4.0,0.05,0.7,168,dkw,1.0,1.0,1.0,0.0,0.92,0.0,1.0,0.00036819937398224756,0.004857707356216601,0.18492153230867112,0.3983591771654793
separated,100,400,4.0,0.05,0.7,169,cp,1.0,1.0,1.0,0.0,1.0,0.0,1.0,5.5516223581428824e-05,0.0013879055895357206,0.12101528385094668,0.27984197002457556
separated,100,400,4.0,0.05,0.7,169,dkw,1.0,1.0,1.0,0.0,0.92,0.0,1.0,0.00017389107973358352,0.0024981739367750944,0.19704831407599513,0.404227652262488
separated,100,400,4.0,0.05,0.7,170,cp,1.0,1.0,1.0,0.0,1.0,0.0,1.0,0.0017352316959861902,0.015429447841863064,0.10700738654577727,0.2665470380907846
separated,100,400,4.0,0.05,0.7,170,dkw,1.0,1.0,1.0,0.0,0.96,0.0,1.0,0.0037538791682131256,0.029280424459179888,0.18610988691523597,0.4010972820909321
separated,100,400,4.0,0.05,0.7,171,cp,1.0,1.0,1.0,0.0,1.0,0.0,1.0,0.00010894388902879637,0.0013879055895357206,0.09557458543995655,0.21273867348576703
separated,100,400,4.0,0.05,0.7,171,dkw,1.0,1.0,1.0,0.0,0.96,0.0,1.0,0.00017389107973358352,0.0024981739367750944,0.18345294683433752,0.39143534067084695
separated,100,400,4.0,0.05,0.7,172,cp,1.0,1.0,1.0,0.0,1.0,0.0,1.0,0.0055941451810979535,0.0176826732783657,0.09495073848320035,0.23357702896423926
separated,100,400,4.0,0.05,0.7,172,dkw,1.0,1.0,1.0,0.0,0.96,0.0,1.0,0.0055941451810979535,0.0176826732783657,0.18048706149662588,0.3902949644340614
separated,100,400,4.0,0.05,0.7,173,cp,1.0,1.0,1.0,0.0,1.0,0.0,1.0,0.00010894388902879637,0.0013879055895357206,0.11339314837770303,0.2487167759955815
separated,100,400,4.0,0.05,0.7,173,dkw,1.0,1.0,1.0,0.0,0.96,0.0,1.0,0.00017389107973358352,0.0024981739367750944,0.19473758691970225,0.3993968458906558
separated,100,400,4.0,0.05,0.7,174,cp,1.0,1.0,1.0,0.0,1.0,0.0,1.0,0.004253963890795469,0.01730478700050242,0.10008690321704616,0.23242314753146542
separated,100,400,4.0,0.05,0.7,174,dkw,1.0,1.0,1.0,0.0,0.96,0.0,1.0,0.003617288634356801,0.014114653745513461,0.18264347137057782,0.39365097148598027
separated,100,400,4.0,0.05,0.7,175,cp,1.0,1.0,1.0,0.0,1.0,0.0,1.0,0.00022699495854578534,0.002951276737924724,0.09494537034639604,0.23663375761711325
separated,100,400,4.0,0.05,0.7,175,dkw,1.0,1.0,1.0,0.0,0.96,0.0,1.0,0.00010894388902879637,0.0013879055895357206,0.18082791701316003,0.391799675815094
separated,100,400,4.0,0.05,0.7,176,cp,1.0,1.0,1.0,0.0,1.0,0.0,1.0,0.0025339843871069467,0.011826492193703464,0.09610611515466826,0.20994810673791875
separated,100,400,4.0,0.05,0.7,176,dkw,1.0,1.0,1.0,0.0,0.96,0.0,1.0,0.0012530151577916193,0.008326918190812438,0.1848156915871658,0.3898947364616008
separated,100,400,4.0,0.05,0.7,177,cp,1.0,1.0,1.0,0.0,1.0,0.0,1.0,0.0010625375587302388,0.011086578425139715,0.08955577269344277,0.24563126331602603
separated,100,400,4.0,0.05,0.7,177,dkw,1.0,1.0,1.0,0.0,0.96,0.0,1.0,0.00258266218984593,0.021185762346493497,0.1764932377691324,0.3951307987589351
separated,100,400,4.0,0.05,0.7,178,cp,1.0,1.0,1.0,0.0,1.0,0.0,1.0,0.0060564884531510675,0.04164835071248185,0.10750061703730462,0.24636956644806707
separated,100,400,4.0,0.05,0.7,178,dkw,1.0,1.0,1.0,0.0,0.92,0.0,1.0,0.012314013295710998,0.1106419599765065,0.18645618928639215,0.40627119921467836
separated,100,400,4.0,0.05,0.7,179,cp,1.0,1.0,1.0,0.0,1.0,0.0,1.0,0.0006361919641535207,0.005801104647893518,0.11704009806112993,0.2487167759955815
separated,100,400,4.0,0.05,0.7,179,dkw,1.0,1.0,1.0,0.0,0.92,0.0,1.0,0.00010894388902879637,0.0013879055895357206,0.1982441360492552,0.3993968458906558
separated,100,400,4.0,0.05,0.7,180,cp,1.0,1.0,1.0,0.0,1.0,0.0,1.0,0.006631726087199597,0.024674535038923584,0.11242504174909337,0.2506758570748594
separated,100,400,4.0,0.05,0.7,180,dkw,1.0,1.0,1.0,0.0,0.96,0.0,1.0,0.0013434988952881488,0.0176826732783657,0.19259751215190687,0.39810455879591045
separated,100,400,4.0,0.05,0.7,181,cp,1.0,1.0,1.0,0.0,1.0,0.0,1.0,0.00040414777823778004,0.0044288204922998675,0.10167405871479357,0.21534767068662208
separated,100,400,4.0,0.05,0.7,181,dkw,1.0,1.0,1.0,0.0,0.96,0.0,1.0,7.396412226257975e-05,0.0013879055895357206,0.18821659059788481,0.3929810628101621
separated,100,400,4.0,0.05,0.7,182,cp,1.0,1.0,1.0,0.0,1.0,0.0,1.0,0.004390554424651793,0.029280424459179888,0.09468739730518436,0.24381653119544633
separated,100,400,4.0,0.05,0.7,182,dkw,1.0,1.0,1.0,0.0,0.92,0.0,1.0,0.007943851120232166,0.06310094808799416,0.17838291384325136,0.39810455879591045
separated,100,400,4.0,0.05,0.7,183,cp,1.0,1.0,1.0,0.0,1.0,0.0,1.0,0.0011180537823116676,0.011086578425139715,0.10686429828704978,0.26226993727239833
separated,100,400,4.0,0.05,0.7,183,dkw,1.0,1.0,1.0,0.0,0.96,0.0,1.0,0.0037538791682131256,0.029280424459179888,0.18546660763752812,0.39810455879591045
separated,100,400,4.0,0.05,0.7,184,cp,1.0,1.0,1.0,0.0,1.0,0.0,1.0,0.0017547290387503356,0.01730478700050242,0.11404211319179501,0.26604773437353324
separated,100,400,4.0,0.05,0.7,184,dkw,1.0,1.0,1.0,0.0,0.92,0.0,1.0,0.0017352316959861902,0.015429447841863064,0.19244765667567346,0.41027463835293787
separated,100,400,4.0,0.05,0.7,185,cp,1.0,1.0,1.0,0.0,1.0,0.0,1.0,0.0006745906453060791,0.007659781783095787,0.10684448731117639,0.24437950287971733
separated,100,400,4.0,0.05,0.7,185,dkw,1.0,1.0,1.0,0.0,0.92,0.0,1.0,0.0037538791682131256,0.029280424459179888,0.1869476166122495,0.3963431557298227
separated,100,400,4.0,0.05,0.7,186,cp,0.0,0.0,1.0,0.0,1.0,0.0,1.0,0.005219066748794874,0.029280424459179888,0.12320610575209277,0.2635046468708159
separated,100,400,4.0,0.05,0.7,186,dkw,0.0,0.0,1.0,0.0,0.92,0.0,1.0,0.012314013295710998,0.1106419599765065,0.19750449477840487,0.41036009430225096
separated,100,400,4.0,0.05,0.7,187,cp,1.0,1.0,1.0,0.0,1.0,0.0,1.0,0.00017389107973358352,0.0024981739367750944,0.09823560600704244,0.2201261117999207
separated,100,400,4.0,0.05,0.7,187,dkw,1.0,1.0,1.0,0.0,0.92,0.0,1.0,0.0011180537823116676,0.011086578425139715,0.18671335365010372,0.396087967183709
separated,100,400,4.0,0.05,0.7,188,cp,1.0,1.0,1.0,0.0,1.0,0.0,1.0,0.00040414777823778004,0.0044288204922998675,0.09357620383344464,0.23663375761711325
separated,100,400,4.0,0.05,0.7,188,dkw,1.0,1.0,1.0,0.0,0.92,0.0,1.0,0.00022699495854578534,0.002951276737924724,0.18096839283942642,0.391799675815094
separated,100,400,4.0,0.05,0.7,189,cp,1.0,1.0,1.0,0.0,1.0,0.0,1.0,7.396412226257975e-05,0.0013879055895357206,0.10223872328764734,0.25987498319531566
separated,100,400,4.0,0.05,0.7,189,dkw,1.0,1.0,1.0,0.0,0.96,0.0,1.0,0.00017389107973358352,0.0024981739367750944,0.18425953040588802,0.39661532010390965
separated,100,400,4.0,0.05,0.7,190,cp,1.0,1.0,1.0,0.0,1.0,0.0,1.0,0.007943851120232166,0.06310094808799416,0.08785523772400392,0.24812679597181697
separated,100,400,4.0,0.05,0.7,190,dkw,1.0,1.0,1.0,0.0,0.96,0.0,1.0,0.012314013295710998,0.1106419599765065,0.1739382612238562,0.3925630793872563
separated,100,400,4.0,0.05,0.7,191,cp,1.0,1.0,1.0,0.0,1.0,0.0,1.0,0.0017547290387503356,0.01730478700050242,0.12106591278361296,0.27474091935609746
separated,100,400,4.0,0.05,0.7,191,dkw,1.0,1.0,1.0,0.0,0.96,0.0,1.0,0.00258266218984593,0.021185762346493497,0.19812896873721544,0.41164139243976505
separated,100,400,4.0,0.05,0.7,192,cp,1.0,1.0,1.0,0.0,1.0,0.0,1.0,0.0005806757405720919,0.005801104647893518,0.1170561365479675,0.27121477034250185
separated,100,400,4.0,0.05,0.7,192,dkw,1.0,1.0,1.0,0.0,0.92,0.0,1.0,0.00022699495854578534,0.002951276737924724,0.19352706847047416,0.4012842795980738
separated,100,400,4.0,0.05,0.7,193,cp,1.0,1.0,1.0,0.0,1.0,0.0,1.0,0.0054198131967124,0.04164835071248185,0.08737148703202441,0.2419908441970281
separated,100,400,4.0,0.05,0.7,193,dkw,1.0,1.0,1.0,0.0,0.96,0.0,1.0,0.012314013295710998,0.1106419599765065,0.1739382612238562,0.3925630793872563
separated,100,400,4.0,0.05,0.7,194,cp,1.0,1.0,1.0,0.0,1.0,0.0,1.0,0.0003126831504008187,0.004857707356216601,0.12265882854964982,0.27649871812186544
separated,100,400,4.0,0.05,0.7,194,dkw,1.0,1.0,1.0,0.0,0.92,0.0,1.0,0.0011180537823116676,0.011086578425139715,0.198696658871608,0.40718947392164795
separated,100,400,4.0,0.05,0.7,195,cp,1.0,1.0,1.0,0.0,1.0,0.0,1.0,0.00017389107973358352,0.0024981739367750944,0.08831816002893472,0.23663375761711325
separated,100,400,4.0,0.05,0.7,195,dkw,1.0,1.0,1.0,0.0,0.92,0.0,1.0,0.0006745906453060791,0.007659781783095787,0.1771680163616292,0.391799675815094
separated,100,400,4.0,0.05,0.7,196,cp,1.0,1.0,1.0,0.0,1.0,0.0,1.0,5.342766544736755e-05,0.0013356916361841886,0.10145891800658542,0.2386996200938849
separated,100,400,4.0,0.05,0.7,196,dkw,1.0,1.0,1.0,0.0,0.96,0.0,1.0,0.00036819937398224756,0.004857707356216601,0.18414119831323858,0.39330926168672464
separated,100,400,4.0,0.05,0.7,197,cp,1.0,1.0,1.0,0.0,1.0,0.0,1.0,0.000864422206577693,0.007093661650140026,0.10281008018172795,0.23521918509074113
separated,100,400,4.0,0.05,0.7,197,dkw,1.0,1.0,1.0,0.0,0.96,0.0,1.0,0.00022699495854578534,0.002951276737924724,0.18597270138303287,0.39330926168672464
separated,100,400,4.0,0.05,0.7,198,cp,1.0,1.0,1.0,0.0,1.0,0.0,1.0,0.0011180537823116676,0.011086578425139715,0.08908123201202983,0.23663375761711325
separated,100,400,4.0,0.05,0.7,198,dkw,1.0,1.0,1.0,0.0,0.96,0.0,1.0,0.0037538791682131256,0.029280424459179888,0.17586011644393074,0.391799675815094
separated,100,400,4.0,0.05,0.7,199,cp,1.0,1.0,1.0,0.0,1.0,0.0,1.0,0.0006745906453060791,0.007659781783095787,0.09606947313784339,0.21780307577960167
separated,100,400,4.0,0.05,0.7,199,dkw,1.0,1.0,1.0,0.0,0.92,0.0,1.0,0.0037538791682131256,0.029280424459179888,0.181661704460684,0.39453192940991033
separated,100,400,4.0,0.05,0.7,200,cp,1.0,1.0,1.0,0.0,1.0,0.0,1.0,0.00017389107973358352,0.0024981739367750944,0.10686722046879595,0.26226993727239833
separated,100,400,4.0,0.05,0.7,200,dkw,1.0,1.0,1.0,0.0,0.92,0.0,1.0,0.0006745906453060791,0.007659781783095787,0.18676967343917802,0.39810455879591045
separated,100,400,4.0,0.05,0.7,201,cp,1.0,1.0,1.0,0.0,1.0,0.0,1.0,5.342766544736755e-05,0.0013356916361841886,0.1049289120234942,0.24478985465099323
separated,100,400,4.0,0.05,0.7,201,dkw,1.0,1.0,1.0,0.0,0.92,0.0,1.0,7.396412226257975e-05,0.0013879055895357206,0.18585671292770725,0.39661532010390965
separated,100,400,4.0,0.05,0.7,202,cp,1.0,1.0,1.0,0.0,1.0,0.0,1.0,0.004390554424651793,0.029280424459179888,0.10860035378804092,0.2629294090411112
separated,100,400,4.0,0.05,0.7,202,dkw,1.0,1.0,1.0,0.0,0.92,0.0,1.0,0.012314013295710998,0.1106419599765065,0.18645618928639215,0.40627119921467836
separated,100,400,4.0,0.05,0.7,203,cp,1.0,1.0,1.0,0.0,1.0,0.0,1.0,0.00017389107973358352,0.0024981739367750944,0.09741415648696684,0.23942125058081365
separated,100,400,4.0,0.05,0.7,203,dkw,1.0,1.0,1.0,0.0,0.92,0.0,1.0,0.0011180537823116676,0.011086578425139715,0.18115484188015643,0.39330926168672464
separated,100,400,4.0,0.05,0.7,204,cp,1.0,1.0,1.0,0.0,1.0,0.0,1.0,0.0034473586878858552,0.02443241192207979,0.12555257468365905,0.24828761869088967
separated,100,400,4.0,0.05,0.7,204,dkw,1.0,1.0,1.0,0.0,0.92,0.0,1.0,0.0017352316959861902,0.015429447841863064,0.20090867659993697,0.4087190183368744
separated,100,400,4.0,0.05,0.7,205,cp,1.0,1.0,1.0,0.0,1.0,0.0,1.0,0.00022699495854578534,0.002951276737924724,0.09259105251740606,0.23357702896423926
separated,100,400,4.0,0.05,0.7,205,dkw,1.0,1.0,1.0,0.0,0.96,0.0,1.0,7.396412226257975e-05,0.0013879055895357206,0.17832667903882232,0.3902949644340614
separated,100,400,4.0,0.05,0.7,206,cp,1.0,1.0,1.0,0.0,1.0,0.0,1.0,7.396412226257975e-05,0.0013879055895357206,0.12701520052424645,0.2719966888731462
separated,100,400,4.0,0.05,0.7,206,dkw,1.0,1.0,1.0,0.0,0.88,0.0,1.0,0.0006745906453060791,0.007659781783095787,0.20327936898598956,0.40562233791910707
separated,100,400,4.0,0.05,0.7,207,cp,1.0,1.0,1.0,0.0,1.0,0.0,1.0,0.00017389107973358352,0.0024981739367750944,0.09355617953776518,0.21273867348576703
separated,100,400,4.0,0.05,0.7,207,dkw,1.0,1.0,1.0,0.0,0.92,0.0,1.0,0.0011180537823116676,0.011086578425139715,0.18091557412185075,0.39143534067084695
separated,100,400,4.0,0.05,0.7,208,cp,1.0,1.0,1.0,0.0,1.0,0.0,1.0,5.5516223581428824e-05,0.0013879055895357206,0.09466412697890414,0.21273867348576703
separated,100,400,4.0,0.05,0.7,208,dkw,1.0,1.0,1.0,0.0,0.96,0.0,1.0,0.0006745906453060791,0.007659781783095787,0.18227411559666185,0.39143534067084695
separated,100,400,4.0,0.05,0.7,209,cp,1.0,1.0,1.0,0.0,1.0,0.0,1.0,0.00017389107973358352,0.0024981739367750944,0.10579946335363254,0.24437950287971733
separated,100,400,4.0,0.05,0.7,209,dkw,1.0,1.0,1.0,0.0,0.96,0.0,1.0,0.0017352316959861902,0.015429447841863064,0.18687377886070156,0.3963431557298227
separated,100,400,4.0,0.05,0.7,210,cp,1.0,1.0,1.0,0.0,1.0,0.0,1.0,0.0010048746304209156,0.01730478700050242,0.10891536438328987,0.24495370532056127
separated,100,400,4.0,0.05,0.7,210,dkw,1.0,1.0,1.0,0.0,0.96,0.0,1.0,0.0017352316959861902,0.015429447841863064,0.18731242293427033,0.3998194556853606
separated,100,400,4.0,0.05,0.7,211,cp,1.0,1.0,1.0,0.0,1.0,0.0,1.0,5.5516223581428824e-05,0.0013879055895357206,0.08272917456992712,0.20693812581832893
separated,100,400,4.0,0.05,0.7,211,dkw,1.0,1.0,1.0,0.0,0.96,0.0,1.0,0.00017389107973358352,0.0024981739367750944,0.17605067577428968,0.3883592238337443
separated,100,400,4.0,0.05,0.7,212,cp,1.0,1.0,1.0,0.0,1.0,0.0,1.0,0.00036819937398224756,0.004857707356216601,0.10727198097785937,0.2487167759955815
separated,100,400,4.0,0.05,0.7,212,dkw,1.0,1.0,1.0,0.0,0.96,0.0,1.0,0.0017352316959861902,0.015429447841863064,0.18919634371054272,0.3993968458906558
separated,100,400,4.0,0.05,0.7,213,cp,1.0,1.0,1.0,0.0,1.0,0.0,1.0,0.00010894388902879637,0.0013879055895357206,0.10346129762596995,0.25987498319531566
separated,100,400,4.0,0.05,0.7,213,dkw,1.0,1.0,1.0,0.0,0.92,0.0,1.0,7.396412226257975e-05,0.0013879055895357206,0.1852825455220102,0.39661532010390965
separated,100,400,4.0,0.05,0.7,214,cp,0.0,1.0,1.0,0.0,1.0,0.0,1.0,0.000864422206577693,0.007093661650140026,0.10704261188183035,0.2550650876998186
separated,100,400,4.0,0.05,0.7,214,dkw,1.0,1.0,1.0,0.0,0.92,0.0,1.0,0.0009199384301591218,0.007093661650140026,0.1881528093576512,0.39661532010390965
separated,100,400,4.0,0.05,0.7,215,cp,1.0,1.0,1.0,0.0,1.0,0.0,1.0,0.003909553481995274,0.02026610653549954,0.10319985240157166,0.23942125058081365
separated,100,400,4.0,0.05,0.7,215,dkw,1.0,1.0,1.0,0.0,0.96,0.0,1.0,0.0006361919641535207,0.005801104647893518,0.1866070235118914,0.39330926168672464
separated,100,400,4.0,0.05,0.7,216,cp,1.0,1.0,1.0,0.0,1.0,0.0,1.0,0.00036819937398224756,0.004857707356216601,0.09994304502338268,0.2201261117999207
separated,100,400,4.0,0.05,0.7,216,dkw,1.0,1.0,1.0,0.0,0.92,0.0,1.0,0.00258266218984593,0.021185762346493497,0.185419812342674,0.396087967183709
separated,100,400,4.0,0.05,0.7,217,cp,1.0,1.0,1.0,0.0,1.0,0.0,1.0,0.00017389107973358352,0.0024981739367750944,0.09783201960572656,0.2419908441970281
separated,100,400,4.0,0.05,0.7,217,dkw,1.0,1.0,1.0,0.0,0.96,0.0,1.0,0.0006745906453060791,0.007659781783095787,0.1828725377986652,0.3948237467143946
separated,100,400,4.0,0.05,0.7,218,cp,1.0,1.0,1.0,0.0,1.0,0.0,1.0,7.396412226257975e-05,0.0013879055895357206,0.10140895992703504,0.2419908441970281
separated,100,400,4.0,0.05,0.7,218,dkw,1.0,1.0,1.0,0.0,0.96,0.0,1.0,0.0006745906453060791,0.007659781783095787,0.18453294316102448,0.3948237467143946
separated,100,400,4.0,0.05,0.7,219,cp,1.0,1.0,1.0,0.0,1.0,0.0,1.0,5.5516223581428824e-05,0.0013879055895357206,0.10432219100418635,0.2419908441970281
separated,100,400,4.0,0.05,0.7,219,dkw,1.0,1.0,1.0,0.0,0.96,0.0,1.0,0.00036819937398224756,0.004857707356216601,0.1862058302244294,0.3948237467143946
separated,100,400,4.0,0.05,0.7,220,cp,1.0,1.0,1.0,0.0,1.0,0.0,1.0,0.00017389107973358352,0.0024981739367750944,0.08553342538657091,0.23357702896423926
separated,100,400,4.0,0.05,0.7,220,dkw,1.0,1.0,1.0,0.0,0.96,0.0,1.0,0.00036819937398224756,0.004857707356216601,0.1751193120688412,0.3902949644340614
separated,100,400,4.0,0.05,0.7,221,cp,1.0,1.0,1.0,0.0,1.0,0.0,1.0,0.003617288634356801,0.014114653745513461,0.10431529383797183,0.23942125058081365
separated,100,400,4.0,0.05,0.7,221,dkw,1.0,1.0,1.0,0.0,0.92,0.0,1.0,0.0030527024845362627,0.012967952435732899,0.18771929100857845,0.39330926168672464
separated,100,400,4.0,0.05,0.7,222,cp,1.0,1.0,1.0,0.0,1.0,0.0,1.0,0.0005806757405720919,0.005801104647893518,0.1178338584788913,0.26334248485578915
separated,100,400,4.0,0.05,0.7,222,dkw,1.0,1.0,1.0,0.0,0.92,0.0,1.0,0.0006361919641535207,0.005801104647893518,0.19659883147265209,0.4027536710328684
separated,100,400,4.0,0.05,0.7,223,cp,1.0,1.0,1.0,0.0,1.0,0.0,1.0,0.00017389107973358352,0.0024981739367750944,0.10015143958198003,0.2419908441970281
separated,100,400,4.0,0.05,0.7,223,dkw,1.0,1.0,1.0,0.0,0.96,0.0,1.0,0.0017352316959861902,0.015429447841863064,0.18317195118810756,0.3948237467143946
separated,100,400,4.0,0.05,0.7,224,cp,1.0,1.0,1.0,0.0,1.0,0.0,1.0,0.01327034762436809,0.03717593363989613,0.10765863724673012,0.2487167759955815
separated,100,400,4.0,0.05,0.7,224,dkw,1.0,1.0,1.0,0.0,0.96,0.0,1.0,0.013479657385568533,0.03222669789706989,0.19011050580197947,0.3993968458906558
separated,100,400,4.0,0.05,0.7,225,cp,1.0,1.0,1.0,0.0,1.0,0.0,1.0,0.0025271459662645013,0.021185762346493497,0.10176149172183764,0.25300560144697903
separated,100,400,4.0,0.05,0.7,225,dkw,1.0,1.0,1.0,0.0,0.92,0.0,1.0,0.007943851120232166,0.06310094808799416,0.1820430562432336,0.39959853826367286
separated,100,400,4.0,0.05,0.7,226,cp,1.0,1.0,1.0,0.0,1.0,0.0,1.0,0.002371906952424858,0.01730478700050242,0.09056215367235387,0.23592503152427569
separated,100,400,4.0,0.05,0.7,226,dkw,1.0,1.0,1.0,0.0,0.92,0.0,1.0,0.0037538791682131256,0.029280424459179888,0.17605259231621315,0.39365097148598027
separated,100,400,4.0,0.05,0.7,227,cp,1.0,1.0,1.0,0.0,1.0,0.0,1.0,0.0054198131967124,0.04164835071248185,0.09605329831134267,0.2665470380907846
separated,100,400,4.0,0.05,0.7,227,dkw,1.0,1.0,1.0,0.0,0.96,0.0,1.0,0.012314013295710998,0.1106419599765065,0.17841541161213353,0.39891700301796496
separated,100,400,4.0,0.05,0.7,228,cp,1.0,1.0,1.0,0.0,1.0,0.0,1.0,0.00036819937398224756,0.004857707356216601,0.11226148194432405,0.26847635085415855
separated,100,400,4.0,0.05,0.7,228,dkw,1.0,1.0,1.0,0.0,0.92,0.0,1.0,0.0017352316959861902,0.015429447841863064,0.19139822183122177,0.4026008140177082
separated,100,400,4.0,0.05,0.7,229,cp,1.0,1.0,1.0,0.0,1.0,0.0,1.0,0.0006745906453060791,0.007659781783095787,0.09482440322487619,0.2419908441970281
separated,100,400,4.0,0.05,0.7,229,dkw,1.0,1.0,1.0,0.0,0.96,0.0,1.0,0.00258266218984593,0.021185762346493497,0.17993073419759242,0.3948237467143946
separated,100,400,4.0,0.05,0.7,230,cp,1.0,1.0,1.0,0.0,1.0,0.0,1.0,0.00017389107973358352,0.0024981739367750944,0.08412756998504228,0.20994810673791875
separated,100,400,4.0,0.05,0.7,230,dkw,1.0,1.0,1.0,0.0,0.96,0.0,1.0,0.0006745906453060791,0.007659781783095787,0.17693311602162326,0.3898947364616008
separated,100,400,4.0,0.05,0.7,231,cp,1.0,1.0,1.0,0.0,1.0,0.0,1.0,0.00017389107973358352,0.0024981739367750944,0.09247489770378946,0.21534767068662208
separated,100,400,4.0,0.05,0.7,231,dkw,1.0,1.0,1.0,0.0,0.96,0.0,1.0,0.0017352316959861902,0.015429447841863064,0.18126923781647644,0.3929810628101621
separated,100,400,4.0,0.05,0.7,232,cp,1.0,1.0,1.0,0.0,1.0,0.0,1.0,0.005538628957516525,0.0176826732783657,0.09991790367602472,0.236060606012358
separated,100,400,4.0,0.05,0.7,232,dkw,1.0,1.0,1.0,0.0,0.92,0.0,1.0,0.0055941451810979535,0.0176826732783657,0.18423284608233145,0.391799675815094
separated,100,400,4.0,0.05,0.7,233,cp,1.0,1.0,1.0,0.0,1.0,0.0,1.0,0.0006361919641535207,0.005801104647893518,0.09342898211296777,0.20994810673791875
separated,100,400,4.0,0.05,0.7,233,dkw,1.0,1.0,1.0,0.0,0.96,0.0,1.0,0.00010894388902879637,0.0013879055895357206,0.1822660494028504,0.3898947364616008
separated,100,400,4.0,0.05,0.7,234,cp,1.0,1.0,1.0,0.0,1.0,0.0,1.0,0.0006361919641535207,0.005801104647893518,0.10039055023396143,0.23942125058081365
separated,100,400,4.0,0.05,0.7,234,dkw,1.0,1.0,1.0,0.0,0.96,0.0,1.0,0.0006361919641535207,0.005801104647893518,0.1853343996201296,0.39330926168672464
separated,100,400,4.0,0.05,0.7,235,cp,1.0,1.0,1.0,0.0,1.0,0.0,1.0,0.005538628957516525,0.0176826732783657,0.10140083051191118,0.25317466990064286
separated,100,400,4.0,0.05,0.7,235,dkw,1.0,1.0,1.0,0.0,0.96,0.0,1.0,0.0055941451810979535,0.0176826732783657,0.18275847691813343,0.39365097148598027
separated,100,400,4.0,0.05,0.7,236,cp,1.0,1.0,1.0,0.0,1.0,0.0,1.0,0.0006361919641535207,0.005801104647893518,0.09189339710824523,0.23357702896423926
separated,100,400,4.0,0.05,0.7,236,dkw,1.0,1.0,1.0,0.0,0.96,0.0,1.0,0.00022699495854578534,0.002951276737924724,0.17853438501923058,0.3902949644340614
separated,100,400,4.0,0.05,0.7,237,cp,0.0,0.0,1.0,0.0,1.0,0.0,1.0,0.0060564884531510675,0.04164835071248185,0.12425727261037256,0.2634445286584962
separated,100,400,4.0,0.05,0.7,237,dkw,1.0,1.0,1.0,0.0,0.92,0.0,1.0,0.012314013295710998,0.1106419599765065,0.19750449477840487,0.41036009430225096
separated,100,400,4.0,0.05,0.7,238,cp,1.0,1.0,1.0,0.0,1.0,0.0,1.0,0.0055941451810979535,0.0176826732783657,0.082872235112414,0.24332026987292799
separated,100,400,4.0,0.05,0.7,238,dkw,1.0,1.0,1.0,0.0,0.96,0.0,1.0,0.0055941451810979535,0.0176826732783657,0.171668101668842,0.3892394236287484
separated,100,400,4.0,0.05,0.7,239,cp,1.0,1.0,1.0,0.0,1.0,0.0,1.0,0.0048313220263818965,0.016462435358671312,0.11497791067963821,0.2540917642442717
separated,100,400,4.0,0.05,0.7,239,dkw,1.0,1.0,1.0,0.0,0.92,0.0,1.0,0.003617288634356801,0.014114653745513461,0.19390787357368372,0.39810455879591045
separated,100,400,4.0,0.05,0.7,240,cp,1.0,1.0,1.0,0.0,1.0,0.0,1.0,0.0006745906453060791,0.007659781783095787,0.12451101720165925,0.2560732832855548
separated,100,400,4.0,0.05,0.7,240,dkw,1.0,1.0,1.0,0.0,0.92,0.0,1.0,0.0037538791682131256,0.029280424459179888,0.20081221022831394,0.40556442544934523
separated,100,400,4.0,0.05,0.7,241,cp,1.0,1.0,1.0,0.0,1.0,0.0,1.0,0.0016797154724047614,0.015429447841863064,0.0985582931732323,0.256044360184686
separated,100,400,4.0,0.05,0.7,241,dkw,1.0,1.0,1.0,0.0,0.92,0.0,1.0,0.0037538791682131256,0.029280424459179888,0.18033749221061018,0.3983591771654793
separated,100,400,4.0,0.05,0.7,242,cp,1.0,1.0,1.0,0.0,1.0,0.0,1.0,0.0009199384301591218,0.007093661650140026,0.07856549665266863,0.20002735964657314
separated,100,400,4.0,0.05,0.7,242,dkw,1.0,1.0,1.0,0.0,0.92,0.0,1.0,0.0009199384301591218,0.007093661650140026,0.1731507022072452,0.3853033688266053
separated,100,400,4.0,0.05,0.7,243,cp,1.0,1.0,1.0,0.0,1.0,0.0,1.0,0.0001714787349643565,0.002951276737924724,0.10633609132661259,0.2550650876998186
separated,100,400,4.0,0.05,0.7,243,dkw,1.0,1.0,1.0,0.0,0.92,0.0,1.0,0.00010894388902879637,0.0013879055895357206,0.18679434635772943,0.39661532010390965
separated,100,400,4.0,0.05,0.7,244,cp,1.0,1.0,1.0,0.0,1.0,0.0,1.0,0.0006361919641535207,0.005801104647893518,0.09591297775802314,0.23663375761711325
separated,100,400,4.0,0.05,0.7,244,dkw,1.0,1.0,1.0,0.0,0.92,0.0,1.0,0.00022699495854578534,0.002951276737924724,0.18160085638448506,0.391799675815094
separated,100,400,4.0,0.05,0.7,245,cp,1.0,1.0,1.0,0.0,1.0,0.0,1.0,0.0017547290387503356,0.01730478700050242,0.11743483888049859,0.2608862671048069
separated,100,400,4.0,0.05,0.7,245,dkw,1.0,1.0,1.0,0.0,0.92,0.0,1.0,0.00258266218984593,0.021185762346493497,0.19371192206887183,0.4057062457043352
separated,100,400,4.0,0.05,0.7,246,cp,1.0,1.0,1.0,0.0,1.0,0.0,1.0,0.005538628957516525,0.0176826732783657,0.10140083051191118,0.25317466990064286
separated,100,400,4.0,0.05,0.7,246,dkw,1.0,1.0,1.0,0.0,0.96,0.0,1.0,0.0055941451810979535,0.0176826732783657,0.18275847691813343,0.39365097148598027
separated,100,400,4.0,0.05,0.7,247,cp,1.0,1.0,1.0,0.0,1.0,0.0,1.0,0.00017389107973358352,0.0024981739367750944,0.10915418144697736,0.275857744006045
separated,100,400,4.0,0.05,0.7,247,dkw,1.0,1.0,1.0,0.0,0.96,0.0,1.0,0.00036819937398224756,0.004857707356216601,0.18854742129385813,0.4012842795980738
separated,100,400,4.0,0.05,0.7,248,cp,1.0,1.0,1.0,0.0,1.0,0.0,1.0,0.0037538791682131256,0.029280424459179888,0.10254329324037215,0.2665470380907846
separated,100,400,4.0,0.05,0.7,248,dkw,1.0,1.0,1.0,0.0,0.92,0.0,1.0,0.012314013295710998,0.1106419599765065,0.18207169042097227,0.40031439270713864
separated,100,400,4.0,0.05,0.7,249,cp,1.0,1.0,1.0,0.0,1.0,0.0,1.0,5.5516223581428824e-05,0.0013879055895357206,0.0947165674453299,0.21534767068662208
separated,100,400,4.0,0.05,0.7,249,dkw,1.0,1.0,1.0,0.0,0.96,0.0,1.0,0.00036819937398224756,0.004857707356216601,0.1839088850196744,0.3929810628101621
separated,100,400,4.0,0.1,0.7,0,cp,1.0,1.0,1.0,0.0,1.0,0.0,1.0,0.0001714787349643565,0.002951276737924724,0.10921277960617302,0.24469870086180434
separated,100,400,4.0,0.1,0.7,0,dkw,1.0,1.0,1.0,0.0,0.92,0.0,1.0,0.00010894388902879637,0.0013879055895357206,0.1838630036044803,0.39263113242859615
separated,100,400,4.0,0.1,0.7,1,cp,1.0,1.0,1.0,0.0,1.0,0.0,1.0,0.0055941451810979535,0.0176826732783657,0.06302605099414083,0.17973721227900885
separated,100,400,4.0,0.1,0.7,1,dkw,1.0,1.0,1.0,0.0,0.96,0.0,1.0,0.0055941451810979535,0.0176826732783657,0.1579810342887251,0.3724833294324672
separated,100,400,4.0,0.1,0.7,2,cp,1.0,1.0,1.0,0.0,1.0,0.0,1.0,0.0005806757405720919,0.005801104647893518,0.10439348420611379,0.24872266799546627
separated,100,400,4.0,0.1,0.7,2,dkw,1.0,1.0,1.0,0.0,0.96,0.0,1.0,0.00022699495854578534,0.002951276737924724,0.18171731243519335,0.3891959668016105
separated,100,400,4.0,0.1,0.7,3,cp,1.0,1.0,1.0,0.0,1.0,0.0,1.0,0.006649201459076468,0.02311615559381819,0.10161304945096279,0.21897746755398173
separated,100,400,4.0,0.1,0.7,3,dkw,1.0,1.0,1.0,0.0,0.96,0.0,1.0,0.014589845137712727,0.1106419599765065,0.17958715926001717,0.38960927030951753
separated,100,400,4.0,0.1,0.7,4,cp,1.0,1.0,1.0,0.0,1.0,0.0,1.0,0.00010894388902879637,0.0013879055895357206,0.08810799772886924,0.22571604592431327
separated,100,400,4.0,0.1,0.7,4,dkw,1.0,1.0,1.0,0.0,0.96,0.0,1.0,7.396412226257975e-05,0.0013879055895357206,0.17093350037348595,0.38251641307829753
separated,100,400,4.0,0.1,0.7,5,cp,1.0,1.0,1.0,0.0,1.0,0.0,1.0,0.0011180537823116676,0.011086578425139715,0.10520476510331399,0.25938565076156483
separated,100,400,4.0,0.1,0.7,5,dkw,1.0,1.0,1.0,0.0,0.96,0.0,1.0,0.0037538791682131256,0.029280424459179888,0.18142198475977078,0.3954052115538671
separated,100,400,4.0,0.1,0.7,6,cp,1.0,1.0,1.0,0.0,1.0,0.0,1.0,5.5516223581428824e-05,0.0013879055895357206,0.07971208774309582,0.19793180429948332
separated,100,400,4.0,0.1,0.7,6,dkw,0.0,1.0,1.0,0.0,0.96,0.0,1.0,0.00017389107973358352,0.0024981739367750944,0.1691673882418645,0.3803728429418739
separated,100,400,4.0,0.1,0.7,7,cp,1.0,1.0,1.0,0.0,1.0,0.0,1.0,0.002371906952424858,0.01730478700050242,0.10116995790404448,0.25048731972556937
separated,100,400,4.0,0.1,0.7,7,dkw,1.0,1.0,1.0,0.0,0.96,0.0,1.0,0.00258266218984593,0.021185762346493497,0.17805743183964146,0.3977152672711045
separated,100,400,4.0,0.1,0.7,8,cp,1.0,1.0,1.0,0.0,1.0,0.0,1.0,0.00010894388902879637,0.0013879055895357206,0.08189681769802755,0.19793180429948332
separated,100,400,4.0,0.1,0.7,8,dkw,1.0,1.0,1.0,0.0,0.92,0.0,1.0,5.5516223581428824e-05,0.0013879055895357206,0.1711613965941988,0.3803728429418739
separated,100,400,4.0,0.1,0.7,9,cp,1.0,1.0,1.0,0.0,1.0,0.0,1.0,0.0001714787349643565,0.002951276737924724,0.10782369361265927,0.26303434656238334
separated,100,400,4.0,0.1,0.7,9,dkw,1.0,1.0,1.0,0.0,0.96,0.0,1.0,0.00022699495854578534,0.002951276737924724,0.18255528094266524,0.39446843754119676
separated,100,400,4.0,0.1,0.7,10,cp,1.0,1.0,1.0,0.0,1.0,0.0,1.0,0.00010894388902879637,0.0013879055895357206,0.07869030847664056,0.21944412952432135
separated,100,400,4.0,0.1,0.7,10,dkw,1.0,1.0,1.0,0.0,0.96,0.0,1.0,5.5516223581428824e-05,0.0013879055895357206,0.16507766842908936,0.3794099856480262
separated,100,400,4.0,0.1,0.7,11,cp,1.0,1.0,1.0,0.0,1.0,0.0,1.0,5.5516223581428824e-05,0.0013879055895357206,0.1095201404164335,0.26708384132049956
separated,100,400,4.0,0.1,0.7,11,dkw,1.0,1.0,1.0,0.0,0.96,0.0,1.0,7.396412226257975e-05,0.0013879055895357206,0.1845081477277726,0.39414944300982535
separated,100,400,4.0,0.1,0.7,12,cp,1.0,1.0,1.0,0.0,1.0,0.0,1.0,0.0011180537823116676,0.011086578425139715,0.09169032284698135,0.24930179846193012
separated,100,400,4.0,0.1,0.7,12,dkw,1.0,1.0,1.0,0.0,0.96,0.0,1.0,0.00258266218984593,0.021185762346493497,0.17129778130675524,0.38765652758145
separated,100,400,4.0,0.1,0.7,13,cp,1.0,1.0,1.0,0.0,1.0,0.0,1.0,0.00036819937398224756,0.004857707356216601,0.07830848460817068,0.22275009099338772
separated,100,400,4.0,0.1,0.7,13,dkw,1.0,1.0,1.0,0.0,0.96,0.0,1.0,0.0011180537823116676,0.011086578425139715,0.1648663474219422,0.3809605772548572
separated,100,400,4.0,0.1,0.7,14,cp,1.0,1.0,1.0,0.0,1.0,0.0,1.0,0.0011180537823116676,0.011086578425139715,0.0894008139664054,0.20993593604496286
separated,100,400,4.0,0.1,0.7,14,dkw,1.0,1.0,1.0,0.0,0.96,0.0,1.0,0.0037538791682131256,0.029280424459179888,0.17351407182613546,0.38840027187269144
separated,100,400,4.0,0.1,0.7,15,cp,1.0,1.0,1.0,0.0,1.0,0.0,1.0,7.396412226257975e-05,0.0013879055895357206,0.08526413714066734,0.20063467759147824
separated,100,400,4.0,0.1,0.7,15,dkw,1.0,1.0,1.0,0.0,0.96,0.0,1.0,0.0006745906453060791,0.007659781783095787,0.1716493740745202,0.3819671763107537
separated,100,400,4.0,0.1,0.7,16,cp,1.0,1.0,1.0,0.0,1.0,0.0,1.0,0.0003486315546563512,0.0044288204922998675,0.10802137256994021,0.2406728155137683
separated,100,400,4.0,0.1,0.7,16,dkw,1.0,1.0,1.0,0.0,0.92,0.0,1.0,0.00010894388902879637,0.0013879055895357206,0.18468139889911472,0.39074052812214644
separated,100,400,4.0,0.1,0.7,17,cp,1.0,1.0,1.0,0.0,1.0,0.0,1.0,0.0035261122799405565,0.018947016236178005,0.09863506045066231,0.2031620714672726
separated,100,400,4.0,0.1,0.7,17,dkw,1.0,1.0,1.0,0.0,0.96,0.0,1.0,0.0006361919641535207,0.005801104647893518,0.18278771539486371,0.3835670557170203
separated,100,400,4.0,0.1,0.7,18,cp,1.0,1.0,1.0,0.0,1.0,0.0,1.0,0.0016797154724047614,0.015429447841863064,0.10057722451435215,0.2598129369865463
separated,100,400,4.0,0.1,0.7,18,dkw,1.0,1.0,1.0,0.0,0.96,0.0,1.0,0.0037538791682131256,0.029280424459179888,0.1779558384925039,0.3956727066280816
separated,100,400,4.0,0.1,0.7,19,cp,1.0,1.0,1.0,0.0,1.0,0.0,1.0,0.0009199384301591218,0.007093661650140026,0.0950670411993743,0.24398057873079704
separated,100,400,4.0,0.1,0.7,19,dkw,1.0,1.0,1.0,0.0,0.96,0.0,1.0,0.00040414777823778004,0.0044288204922998675,0.17312722428053892,0.38459290997425066
separated,100,400,4.0,0.1,0.7,20,cp,1.0,1.0,1.0,0.0,1.0,0.0,1.0,0.00258266218984593,0.021185762346493497,0.08329300459945722,0.20779423558474663
separated,100,400,4.0,0.1,0.7,20,dkw,1.0,1.0,1.0,0.0,0.96,0.0,1.0,0.007943851120232166,0.06310094808799416,0.1673230988067442,0.38678357310875433
separated,100,400,4.0,0.1,0.7,21,cp,1.0,1.0,1.0,0.0,1.0,0.0,1.0,0.003870079084310296,0.028451339216919225,0.09755358986890325,0.22076658585153408
separated,100,400,4.0,0.1,0.7,21,dkw,1.0,1.0,1.0,0.0,0.96,0.0,1.0,0.00258266218984593,0.021185762346493497,0.17784511033816716,0.3959566317738311
separated,100,400,4.0,0.1,0.7,22,cp,1.0,1.0,1.0,0.0,1.0,0.0,1.0,0.001633721639993544,0.009517662055048115,0.09217691145668022,0.22571604592431327
separated,100,400,4.0,0.1,0.7,22,dkw,1.0,1.0,1.0,0.0,0.96,0.0,1.0,0.001633721639993544,0.009517662055048115,0.17417809663506653,0.38251641307829753
separated,100,400,4.0,0.1,0.7,23,cp,1.0,1.0,1.0,0.0,1.0,0.0,1.0,0.001040823034676448,0.01730478700050242,0.0987664689229235,0.23253186179754137
separated,100,400,4.0,0.1,0.7,23,dkw,1.0,1.0,1.0,0.0,0.96,0.0,1.0,0.00022699495854578534,0.002951276737924724,0.17800421790378165,0.38765652758145
separated,100,400,4.0,0.1,0.7,24,cp,1.0,1.0,1.0,0.0,1.0,0.0,1.0,0.0005806757405720919,0.005801104647893518,0.10714481727480908,0.2535930084480731
separated,100,400,4.0,0.1,0.7,24,dkw,1.0,1.0,1.0,0.0,0.96,0.0,1.0,0.00022699495854578534,0.002951276737924724,0.1815637640455837,0.3911177498253826
separated,100,400,4.0,0.1,0.7,25,cp,1.0,1.0,1.0,0.0,1.0,0.0,1.0,0.0006361919641535207,0.005801104647893518,0.09540045219578333,0.22841766715185008
separated,100,400,4.0,0.1,0.7,25,dkw,1.0,1.0,1.0,0.0,0.96,0.0,1.0,0.00022699495854578534,0.002951276737924724,0.1763236662089579,0.3840775207875107
separated,100,400,4.0,0.1,0.7,26,cp,1.0,1.0,1.0,0.0,1.0,0.0,1.0,0.00036819937398224756,0.004857707356216601,0.09198246115324167,0.2031620714672726
separated,100,400,4.0,0.1,0.7,26,dkw,1.0,1.0,1.0,0.0,0.96,0.0,1.0,0.00258266218984593,0.021185762346493497,0.17405736578246117,0.3835670557170203
separated,100,400,4.0,0.1,0.7,27,cp,1.0,1.0,1.0,0.0,1.0,0.0,1.0,0.00036819937398224756,0.004857707356216601,0.0914807478103427,0.20554164385945217
separated,100,400,4.0,0.1,0.7,27,dkw,1.0,1.0,1.0,0.0,0.92,0.0,1.0,0.00258266218984593,0.021185762346493497,0.1744817003261829,0.38517251122313534
separated,100,400,4.0,0.1,0.7,28,cp,1.0,1.0,1.0,0.0,1.0,0.0,1.0,0.00010894388902879637,0.0013879055895357206,0.1046532184298872,0.2353870418599504
separated,100,400,4.0,0.1,0.7,28,dkw,1.0,1.0,1.0,0.0,0.96,0.0,1.0,7.396412226257975e-05,0.0013879055895357206,0.18368014885543416,0.3887927548498432
separated,100,400,4.0,0.1,0.7,29,cp,1.0,1.0,1.0,0.0,1.0,0.0,1.0,0.005367850901534985,0.029280424459179888,0.09198125180444774,0.2319385156942635
separated,100,400,4.0,0.1,0.7,29,dkw,1.0,1.0,1.0,0.0,0.96,0.0,1.0,0.012314013295710998,0.1106419599765065,0.17187591787654735,0.3937284680409101
separated,100,400,4.0,0.1,0.7,30,cp,1.0,1.0,1.0,0.0,1.0,0.0,1.0,0.0037538791682131256,0.029280424459179888,0.08248045732270462,0.20680649713594212
separated,100,400,4.0,0.1,0.7,30,dkw,1.0,1.0,1.0,0.0,0.96,0.0,1.0,0.012314013295710998,0.1106419599765065,0.16637555880550192,0.38154946616382446
separated,100,400,4.0,0.1,0.7,31,cp,1.0,1.0,1.0,0.0,1.0,0.0,1.0,0.0006745906453060791,0.007659781783095787,0.0998038644039017,0.23742509750706542
separated,100,400,4.0,0.1,0.7,31,dkw,1.0,1.0,1.0,0.0,0.96,0.0,1.0,0.00258266218984593,0.021185762346493497,0.1788128947811581,0.390375230710419
separated,100,400,4.0,0.1,0.7,32,cp,1.0,1.0,1.0,0.0,1.0,0.0,1.0,0.0010048746304209156,0.01730478700050242,0.11740412195918339,0.272578811295317
separated,100,400,4.0,0.1,0.7,32,dkw,1.0,1.0,1.0,0.0,0.92,0.0,1.0,0.0011180537823116676,0.011086578425139715,0.19085911303700473,0.40519842331052447
separated,100,400,4.0,0.1,0.7,33,cp,1.0,1.0,1.0,0.0,1.0,0.0,1.0,0.001311265901744747,0.01730478700050242,0.09407432439759714,0.23289393668385505
separated,100,400,4.0,0.1,0.7,33,dkw,1.0,1.0,1.0,0.0,0.92,0.0,1.0,0.0011180537823116676,0.011086578425139715,0.17312600590041907,0.38960927030951753
separated,100,400,4.0,0.1,0.7,34,cp,1.0,1.0,1.0,0.0,1.0,0.0,1.0,0.0017352316959861902,0.015429447841863064,0.08777890254114584,0.23742509750706542
separated,100,400,4.0,0.1,0.7,34,dkw,1.0,1.0,1.0,0.0,0.96,0.0,1.0,0.0037538791682131256,0.029280424459179888,0.17214057306609706,0.390375230710419
separated,100,400,4.0,0.1,0.7,35,cp,1.0,1.0,1.0,0.0,1.0,0.0,1.0,0.0006361919641535207,0.005801104647893518,0.10556117728219175,0.2332211574560149
separated,100,400,4.0,0.1,0.7,35,dkw,1.0,1.0,1.0,0.0,0.92,0.0,1.0,5.5516223581428824e-05,0.0013879055895357206,0.18366019669143335,0.387215663514331
separated,100,400,4.0,0.1,0.7,36,cp,1.0,1.0,1.0,0.0,1.0,0.0,1.0,0.0017352316959861902,0.015429447841863064,0.08749412268588332,0.25162064867520106
separated,100,400,4.0,0.1,0.7,36,dkw,1.0,1.0,1.0,0.0,0.96,0.0,1.0,0.0037538791682131256,0.029280424459179888,0.17001483658396085,0.3891959668016105
separated,100,400,4.0,0.1,0.7,37,cp,1.0,1.0,1.0,0.0,1.0,0.0,1.0,0.00258266218984593,0.021185762346493497,0.08348901772086634,0.2353870418599504
separated,100,400,4.0,0.1,0.7,37,dkw,1.0,1.0,1.0,0.0,0.96,0.0,1.0,0.0054198131967124,0.04164835071248185,0.16810837305894075,0.3887927548498432
separated,100,400,4.0,0.1,0.7,38,cp,1.0,1.0,1.0,0.0,1.0,0.0,1.0,0.0006921914800200968,0.01730478700050242,0.1059766131084698,0.2356274913694003
separated,100,400,4.0,0.1,0.7,38,dkw,1.0,1.0,1.0,0.0,0.96,0.0,1.0,7.396412226257975e-05,0.0013879055895357206,0.1814870833856282,0.39446843754119676
separated,100,400,4.0,0.1,0.7,39,cp,1.0,1.0,1.0,0.0,1.0,0.0,1.0,0.00017389107973358352,0.0024981739367750944,0.09569523784302225,0.20554164385945217
separated,100,400,4.0,0.1,0.7,39,dkw,1.0,1.0,1.0,0.0,0.96,0.0,1.0,0.0011180537823116676,0.011086578425139715,0.1776902220895433,0.38517251122313534
separated,100,400,4.0,0.1,0.7,40,cp,1.0,1.0,1.0,0.0,1.0,0.0,1.0,0.00010894388902879637,0.0013879055895357206,0.11591724569264025,0.25762973127911604
separated,100,400,4.0,0.1,0.7,40,dkw,1.0,1.0,1.0,0.0,0.96,0.0,1.0,0.00017389107973358352,0.0024981739367750944,0.19025663247654656,0.3938451236268574
separated,100,400,4.0,0.1,0.7,41,cp,1.0,1.0,1.0,0.0,1.0,0.0,1.0,0.0,0.0,0.09121624709581777,0.24381969184835783
separated,100,400,4.0,0.1,0.7,41,dkw,1.0,1.0,1.0,0.0,0.96,0.0,1.0,5.5516223581428824e-05,0.0013879055895357206,0.17269729360926944,0.38612218404945
separated,100,400,4.0,0.1,0.7,42,cp,1.0,1.0,1.0,0.0,1.0,0.0,1.0,0.005334687491844558,0.028451339216919225,0.0970733834075043,0.22398079552845118
separated,100,400,4.0,0.1,0.7,42,dkw,1.0,1.0,1.0,0.0,0.96,0.0,1.0,0.0054198131967124,0.04164835071248185,0.1753885065881918,0.39263113242859615
separated,100,400,4.0,0.1,0.7,43,cp,1.0,1.0,1.0,0.0,1.0,0.0,1.0,0.005893120476358531,0.02026610653549954,0.10912757662998607,0.2629107542910346
separated,100,400,4.0,0.1,0.7,43,dkw,1.0,1.0,1.0,0.0,0.96,0.0,1.0,0.0055941451810979535,0.0176826732783657,0.18354985828482853,0.3911177498253826
separated,100,400,4.0,0.1,0.7,44,cp,1.0,1.0,1.0,0.0,1.0,0.0,1.0,0.0025339843871069467,0.011826492193703464,0.09342446954293003,0.20063467759147824
separated,100,400,4.0,0.1,0.7,44,dkw,1.0,1.0,1.0,0.0,0.96,0.0,1.0,0.0020609246993588083,0.010680076484131606,0.17952163495350099,0.3819671763107537
separated,100,400,4.0,0.1,0.7,45,cp,1.0,1.0,1.0,0.0,1.0,0.0,1.0,0.003219337446284598,0.021185762346493497,0.10393313591342138,0.24435904737427894
separated,100,400,4.0,0.1,0.7,45,dkw,1.0,1.0,1.0,0.0,0.96,0.0,1.0,0.0054198131967124,0.04164835071248185,0.17974202104430276,0.39720094851214627
separated,100,400,4.0,0.1,0.7,46,cp,1.0,1.0,1.0,0.0,1.0,0.0,1.0,0.0020054084757773795,0.010680076484131606,0.11147309564742214,0.24755604337964054
separated,100,400,4.0,0.1,0.7,46,dkw,1.0,1.0,1.0,0.0,0.96,0.0,1.0,0.001633721639993544,0.009517662055048115,0.1877435020085039,0.39074052812214644
separated,100,400,4.0,0.1,0.7,47,cp,1.0,1.0,1.0,0.0,1.0,0.0,1.0,0.005364296973130971,0.04164835071248185,0.08179153655742447,0.225677066215192
separated,100,400,4.0,0.1,0.7,47,dkw,1.0,1.0,1.0,0.0,0.96,0.0,1.0,0.012314013295710998,0.1106419599765065,0.1650325446351505,0.3836238911196095
separated,100,400,4.0,0.1,0.7,48,cp,1.0,1.0,1.0,0.0,1.0,0.0,1.0,7.396412226257975e-05,0.0013879055895357206,0.11991641120655014,0.27227326776686755
separated,100,400,4.0,0.1,0.7,48,dkw,1.0,1.0,1.0,0.0,0.92,0.0,1.0,0.00036819937398224756,0.004857707356216601,0.19291516071324225,0.3987341940620115
separated,100,400,4.0,0.1,0.7,49,cp,1.0,1.0,1.0,0.0,1.0,0.0,1.0,0.001311265901744747,0.01730478700050242,0.10832345153243303,0.2543907989719669
separated,100,400,4.0,0.1,0.7,49,dkw,1.0,1.0,1.0,0.0,0.92,0.0,1.0,0.0017352316959861902,0.015429447841863064,0.18306537070500067,0.3974495706010406
separated,100,400,4.0,0.1,0.7,50,cp,1.0,1.0,1.0,0.0,1.0,0.0,1.0,0.0003126831504008187,0.004857707356216601,0.10584947967901477,0.2642910720053907
separated,100,400,4.0,0.1,0.7,50,dkw,1.0,1.0,1.0,0.0,0.96,0.0,1.0,0.0017352316959861902,0.015429447841863064,0.18083165320776803,0.39414944300982535
separated,100,400,4.0,0.1,0.7,51,cp,1.0,1.0,1.0,0.0,1.0,0.0,1.0,0.0055941451810979535,0.0176826732783657,0.08109871188672439,0.19183301161995203
separated,100,400,4.0,0.1,0.7,51,dkw,1.0,1.0,1.0,0.0,0.96,0.0,1.0,0.0055941451810979535,0.0176826732783657,0.169091121636149,0.3772006951407534
separated,100,400,4.0,0.1,0.7,52,cp,1.0,1.0,1.0,0.0,1.0,0.0,1.0,0.0003126831504008187,0.004857707356216601,0.11040517944522955,0.2523338076338366
separated,100,400,4.0,0.1,0.7,52,dkw,1.0,1.0,1.0,0.0,0.92,0.0,1.0,0.0011180537823116676,0.011086578425139715,0.18806267880498617,0.396970529070126
separated,100,400,4.0,0.1,0.7,53,cp,1.0,1.0,1.0,0.0,1.0,0.0,1.0,5.5516223581428824e-05,0.0013879055895357206,0.08628119839649444,0.20063467759147824
separated,100,400,4.0,0.1,0.7,53,dkw,1.0,1.0,1.0,0.0,0.96,0.0,1.0,0.00017389107973358352,0.0024981739367750944,0.17285794426087478,0.3819671763107537
separated,100,400,4.0,0.1,0.7,54,cp,1.0,1.0,1.0,0.0,1.0,0.0,1.0,0.001311265901744747,0.01730478700050242,0.08861284507903257,0.22730044414850892
separated,100,400,4.0,0.1,0.7,54,dkw,1.0,1.0,1.0,0.0,0.92,0.0,1.0,0.0011180537823116676,0.011086578425139715,0.1690827680421965,0.38660692181043266
separated,100,400,4.0,0.1,0.7,55,cp,1.0,1.0,1.0,0.0,1.0,0.0,1.0,0.002997186260954834,0.012967952435732899,0.11680393473635664,0.25384532816819094
separated,100,400,4.0,0.1,0.7,55,dkw,1.0,1.0,1.0,0.0,0.96,0.0,1.0,0.0020609246993588083,0.010680076484131606,0.19054769962195084,0.39414944300982535
separated,100,400,4.0,0.1,0.7,56,cp,1.0,1.0,1.0,0.0,1.0,0.0,1.0,0.00017389107973358352,0.0024981739367750944,0.08563880491584328,0.22275009099338772
separated,100,400,4.0,0.1,0.7,56,dkw,1.0,1.0,1.0,0.0,0.96,0.0,1.0,0.0011180537823116676,0.011086578425139715,0.16812384902051794,0.3809605772548572
separated,100,400,4.0,0.1,0.7,57,cp,1.0,1.0,1.0,0.0,1.0,0.0,1.0,0.0009199384301591218,0.007093661650140026,0.08804260504142648,0.19793180429948332
separated,100,400,4.0,0.1,0.7,57,dkw,1.0,1.0,1.0,0.0,0.96,0.0,1.0,0.00040414777823778004,0.0044288204922998675,0.17398748278357096,0.3803728429418739
separated,100,400,4.0,0.1,0.7,58,cp,1.0,1.0,1.0,0.0,1.0,0.0,1.0,0.0008636702149844533,0.01730478700050242,0.09961346398411468,0.2338750358719206
separated,100,400,4.0,0.1,0.7,58,dkw,1.0,1.0,1.0,0.0,0.96,0.0,1.0,0.00040414777823778004,0.0044288204922998675,0.1764442522263723,0.39150618907998436
separated,100,400,4.0,0.1,0.7,59,cp,1.0,1.0,1.0,0.0,1.0,0.0,1.0,0.0011180537823116676,0.011086578425139715,0.08843431676559707,0.20554164385945217
separated,100,400,4.0,0.1,0.7,59,dkw,1.0,1.0,1.0,0.0,0.96,0.0,1.0,0.0054198131967124,0.04164835071248185,0.1708289050977138,0.38517251122313534
separated,100,400,4.0,0.1,0.7,60,cp,1.0,1.0,1.0,0.0,1.0,0.0,1.0,0.007943851120232166,0.06310094808799416,0.07110071573607088,0.20805786246061908
separated,100,400,4.0,0.1,0.7,60,dkw,1.0,1.0,1.0,0.0,0.96,0.0,1.0,0.012314013295710998,0.1106419599765065,0.1603561348196894,0.3763244253700906
separated,100,400,4.0,0.1,0.7,61,cp,1.0,1.0,1.0,0.0,1.0,0.0,1.0,0.002997186260954834,0.012967952435732899,0.10380699379954318,0.24419642042884504
separated,100,400,4.0,0.1,0.7,61,dkw,1.0,1.0,1.0,0.0,0.96,0.0,1.0,0.003617288634356801,0.014114653745513461,0.17825382500706996,0.39150618907998436
separated,100,400,4.0,0.1,0.7,62,cp,1.0,1.0,1.0,0.0,1.0,0.0,1.0,0.0012530151577916193,0.008326918190812438,0.08327384093889348,0.19501567866907576
separated,100,400,4.0,0.1,0.7,62,dkw,1.0,1.0,1.0,0.0,0.96,0.0,1.0,0.0006361919641535207,0.005801104647893518,0.17089126199277296,0.37878402576316894
separated,100,400,4.0,0.1,0.7,63,cp,1.0,1.0,1.0,0.0,1.0,0.0,1.0,0.0037538791682131256,0.029280424459179888,0.08544839602660309,0.2332211574560149
separated,100,400,4.0,0.1,0.7,63,dkw,1.0,1.0,1.0,0.0,0.92,0.0,1.0,0.012314013295710998,0.1106419599765065,0.16733566863235627,0.38709781874905524
separated,100,400,4.0,0.1,0.7,64,cp,1.0,1.0,1.0,0.0,1.0,0.0,1.0,0.0006745906453060791,0.007659781783095787,0.0780848639569813,0.20063467759147824
separated,100,400,4.0,0.1,0.7,64,dkw,1.0,1.0,1.0,0.0,0.96,0.0,1.0,0.0017352316959861902,0.015429447841863064,0.167144754224442,0.3819671763107537
separated,100,400,4.0,0.1,0.7,65,cp,1.0,1.0,1.0,0.0,1.0,0.0,1.0,0.0001714787349643565,0.002951276737924724,0.09991845051402969,0.235993501261481
separated,100,400,4.0,0.1,0.7,65,dkw,1.0,1.0,1.0,0.0,0.96,0.0,1.0,0.00010894388902879637,0.0013879055895357206,0.1778628589820782,0.38765652758145
separated,100,400,4.0,0.1,0.7,66,cp,1.0,1.0,1.0,0.0,1.0,0.0,1.0,0.0011180537823116676,0.011086578425139715,0.09360502332693986,0.2332211574560149
separated,100,400,4.0,0.1,0.7,66,dkw,1.0,1.0,1.0,0.0,0.96,0.0,1.0,0.0037538791682131256,0.029280424459179888,0.17296130674607624,0.387215663514331
separated,100,400,4.0,0.1,0.7,67,cp,1.0,1.0,1.0,0.0,1.0,0.0,1.0,0.0055941451810979535,0.0176826732783657,0.06302605099414083,0.17973721227900885
separated,100,400,4.0,0.1,0.7,67,dkw,1.0,1.0,1.0,0.0,0.96,0.0,1.0,0.0055941451810979535,0.0176826732783657,0.1579810342887251,0.3724833294324672
separated,100,400,4.0,0.1,0.7,68,cp,1.0,1.0,1.0,0.0,1.0,0.0,1.0,0.0017547290387503356,0.01730478700050242,0.09958054989646406,0.24716026743415598
separated,100,400,4.0,0.1,0.7,68,dkw,1.0,1.0,1.0,0.0,0.92,0.0,1.0,0.0017352316959861902,0.015429447841863064,0.17977256171982514,0.3974495706010406
separated,100,400,4.0,0.1,0.7,69,cp,1.0,1.0,1.0,0.0,1.0,0.0,1.0,0.00036819937398224756,0.004857707356216601,0.10552465242778648,0.2689362539228981
separated,100,400,4.0,0.1,0.7,69,dkw,1.0,1.0,1.0,0.0,0.92,0.0,1.0,0.0006745906453060791,0.007659781783095787,0.1825897492996968,0.3956727066280816
separated,100,400,4.0,0.1,0.7,70,cp,1.0,1.0,1.0,0.0,1.0,0.0,1.0,0.00040414777823778004,0.0044288204922998675,0.09028247441362136,0.20063467759147824
separated,100,400,4.0,0.1,0.7,70,dkw,1.0,1.0,1.0,0.0,0.96,0.0,1.0,5.5516223581428824e-05,0.0013879055895357206,0.17545546060855585,0.3819671763107537
separated,100,400,4.0,0.1,0.7,71,cp,1.0,1.0,1.0,0.0,1.0,0.0,1.0,0.004674722231689538,0.03120265710962078,0.09176255242588884,0.21197942064844688
separated,100,400,4.0,0.1,0.7,71,dkw,1.0,1.0,1.0,0.0,0.92,0.0,1.0,0.0010625375587302388,0.011086578425139715,0.1733204108277121,0.3900226382349071
separated,100,400,4.0,0.1,0.7,72,cp,1.0,1.0,1.0,0.0,1.0,0.0,1.0,0.0009199384301591218,0.007093661650140026,0.09690913733456963,0.22841766715185008
separated,100,400,4.0,0.1,0.7,72,dkw,1.0,1.0,1.0,0.0,0.96,0.0,1.0,0.00022699495854578534,0.002951276737924724,0.17696324264382327,0.3840775207875107
separated,100,400,4.0,0.1,0.7,73,cp,1.0,1.0,1.0,0.0,1.0,0.0,1.0,0.0012728672205921886,0.01730478700050242,0.10207999428573387,0.23253186179754137
separated,100,400,4.0,0.1,0.7,73,dkw,1.0,1.0,1.0,0.0,0.96,0.0,1.0,0.00022699495854578534,0.002951276737924724,0.17927530094151498,0.38765652758145
separated,100,400,4.0,0.1,0.7,74,cp,1.0,1.0,1.0,0.0,1.0,0.0,1.0,0.00040414777823778004,0.0044288204922998675,0.09631760297443824,0.22841766715185008
separated,100,400,4.0,0.1,0.7,74,dkw,1.0,1.0,1.0,0.0,0.96,0.0,1.0,5.5516223581428824e-05,0.0013879055895357206,0.17616507426257005,0.3840775207875107
separated,100,400,4.0,0.1,0.7,75,cp,1.0,1.0,1.0,0.0,1.0,0.0,1.0,0.0011180537823116676,0.011086578425139715,0.07800602468582069,0.19793180429948332
separated,100,400,4.0,0.1,0.7,75,dkw,1.0,1.0,1.0,0.0,0.96,0.0,1.0,0.0054198131967124,0.04164835071248185,0.16484587921534474,0.3803728429418739
separated,100,400,4.0,0.1,0.7,76,cp,1.0,1.0,1.0,0.0,1.0,0.0,1.0,5.5516223581428824e-05,0.0013879055895357206,0.09661187842488417,0.20779423558474663
separated,100,400,4.0,0.1,0.7,76,dkw,1.0,1.0,1.0,0.0,0.92,0.0,1.0,0.00036819937398224756,0.004857707356216601,0.1807467972932027,0.38678357310875433
separated,100,400,4.0,0.1,0.7,77,cp,1.0,1.0,1.0,0.0,1.0,0.0,1.0,5.5516223581428824e-05,0.0013879055895357206,0.08160875645905248,0.22275009099338772
separated,100,400,4.0,0.1,0.7,77,dkw,1.0,1.0,1.0,0.0,0.96,0.0,1.0,7.396412226257975e-05,0.0013879055895357206,0.1672554050964029,0.3809605772548572
separated,100,400,4.0,0.1,0.7,78,cp,1.0,1.0,1.0,0.0,1.0,0.0,1.0,0.0028669868911134788,0.02443241192207979,0.10611681908969127,0.22850768949972555
separated,100,400,4.0,0.1,0.7,78,dkw,1.0,1.0,1.0,0.0,0.92,0.0,1.0,0.0009199384301591218,0.007093661650140026,0.182189003443273,0.3911177498253826
separated,100,400,4.0,0.1,0.7,79,cp,0.0,1.0,1.0,0.0,1.0,0.0,1.0,0.008641166504280262,0.026343391750294987,0.11138285521685137,0.22974768357665576
separated,100,400,4.0,0.1,0.7,79,dkw,0.0,1.0,1.0,0.0,0.96,0.0,1.0,0.002101379544735269,0.018947016236178005,0.18895727288591696,0.39414944300982535
separated,100,400,4.0,0.1,0.7,80,cp,1.0,1.0,1.0,0.0,1.0,0.0,1.0,0.0011180537823116676,0.011086578425139715,0.10059239588144492,0.23935106245625382
separated,100,400,4.0,0.1,0.7,80,dkw,1.0,1.0,1.0,0.0,0.96,0.0,1.0,0.0037538791682131256,0.029280424459179888,0.1791802441600015,0.391963119755242
separated,100,400,4.0,0.1,0.7,81,cp,1.0,1.0,1.0,0.0,1.0,0.0,1.0,0.007943851120232166,0.06310094808799416,0.08248839609413156,0.2363869401052563
separated,100,400,4.0,0.1,0.7,81,dkw,1.0,1.0,1.0,0.0,0.96,0.0,1.0,0.012314013295710998,0.1106419599765065,0.1650325446351505,0.3836238911196095
separated,100,400,4.0,0.1,0.7,82,cp,1.0,1.0,1.0,0.0,1.0,0.0,1.0,0.00036819937398224756,0.004857707356216601,0.08527500716933238,0.2031620714672726
separated,100,400,4.0,0.1,0.7,82,dkw,1.0,1.0,1.0,0.0,0.96,0.0,1.0,0.00258266218984593,0.021185762346493497,0.17080463523559344,0.3835670557170203
separated,100,400,4.0,0.1,0.7,83,cp,1.0,1.0,1.0,0.0,1.0,0.0,1.0,0.0055941451810979535,0.0176826732783657,0.07580977705795486,0.18830627732612903
separated,100,400,4.0,0.1,0.7,83,dkw,1.0,1.0,1.0,0.0,0.96,0.0,1.0,0.0055941451810979535,0.0176826732783657,0.16536696900576253,0.3756228216521652
separated,100,400,4.0,0.1,0.7,84,cp,1.0,1.0,1.0,0.0,1.0,0.0,1.0,7.396412226257975e-05,0.0013879055895357206,0.09529425225028768,0.2332211574560149
separated,100,400,4.0,0.1,0.7,84,dkw,1.0,1.0,1.0,0.0,0.96,0.0,1.0,0.00036819937398224756,0.004857707356216601,0.17725671004704396,0.387215663514331
separated,100,400,4.0,0.1,0.7,85,cp,1.0,1.0,1.0,0.0,1.0,0.0,1.0,0.0030527024845362627,0.012967952435732899,0.09990738815318824,0.2467721440725429
separated,100,400,4.0,0.1,0.7,85,dkw,1.0,1.0,1.0,0.0,0.96,0.0,1.0,0.0030527024845362627,0.012967952435732899,0.17724670669659384,0.38612218404945
separated,100,400,4.0,0.1,0.7,86,cp,1.0,1.0,1.0,0.0,1.0,0.0,1.0,0.00017389107973358352,0.0024981739367750944,0.07860968810082536,0.19501567866907576
separated,100,400,4.0,0.1,0.7,86,dkw,1.0,1.0,1.0,0.0,0.96,0.0,1.0,0.0011180537823116676,0.011086578425139715,0.16619241663740092,0.37878402576316894
separated,100,400,4.0,0.1,0.7,87,cp,1.0,1.0,1.0,0.0,1.0,0.0,1.0,0.00017389107973358352,0.0024981739367750944,0.08273689073186544,0.22571604592431327
separated,100,400,4.0,0.1,0.7,87,dkw,1.0,1.0,1.0,0.0,0.96,0.0,1.0,0.00036819937398224756,0.004857707356216601,0.1682420478839447,0.38251641307829753
separated,100,400,4.0,0.1,0.7,88,cp,1.0,1.0,1.0,0.0,1.0,0.0,1.0,0.00040414777823778004,0.0044288204922998675,0.10542699684199011,0.25162064867520106
separated,100,400,4.0,0.1,0.7,88,dkw,1.0,1.0,1.0,0.0,0.92,0.0,1.0,0.00010894388902879637,0.0013879055895357206,0.18158323970999415,0.3891959668016105
separated,100,400,4.0,0.1,0.7,89,cp,1.0,1.0,1.0,0.0,1.0,0.0,1.0,0.00258266218984593,0.021185762346493497,0.09485389475903543,0.23742509750706542
separated,100,400,4.0,0.1,0.7,89,dkw,1.0,1.0,1.0,0.0,0.92,0.0,1.0,0.007943851120232166,0.06310094808799416,0.17320468584546767,0.390375230710419
separated,100,400,4.0,0.1,0.7,90,cp,1.0,1.0,1.0,0.0,1.0,0.0,1.0,5.5516223581428824e-05,0.0013879055895357206,0.09642278588639228,0.23090705342242812
separated,100,400,4.0,0.1,0.7,90,dkw,1.0,1.0,1.0,0.0,0.96,0.0,1.0,0.00017389107973358352,0.0024981739367750944,0.17676460404720834,0.385643928246202
separated,100,400,4.0,0.1,0.7,91,cp,1.0,1.0,1.0,0.0,1.0,0.0,1.0,0.0055941451810979535,0.0176826732783657,0.08293392705039589,0.24752521401186467
separated,100,400,4.0,0.1,0.7,91,dkw,1.0,1.0,1.0,0.0,0.96,0.0,1.0,0.0055941451810979535,0.0176826732783657,0.1650325446351505,0.3836238911196095
separated,100,400,4.0,0.1,0.7,92,cp,1.0,1.0,1.0,0.0,1.0,0.0,1.0,0.0005806757405720919,0.005801104647893518,0.09774679839693784,0.2474455904936782
separated,100,400,4.0,0.1,0.7,92,dkw,1.0,1.0,1.0,0.0,0.96,0.0,1.0,0.0009199384301591218,0.007093661650140026,0.1747715289319126,0.3881056691572671
separated,100,400,4.0,0.1,0.7,93,cp,1.0,1.0,1.0,0.0,1.0,0.0,1.0,0.00036819937398224756,0.004857707356216601,0.10389854958681614,0.2557613198956249
separated,100,400,4.0,0.1,0.7,93,dkw,0.0,1.0,1.0,0.0,0.92,0.0,1.0,0.0017352316959861902,0.015429447841863064,0.18059648320632557,0.3922902381376876
separated,100,400,4.0,0.1,0.7,94,cp,1.0,1.0,1.0,0.0,1.0,0.0,1.0,0.003617288634356801,0.014114653745513461,0.1053628536252411,0.260528260713325
separated,100,400,4.0,0.1,0.7,94,dkw,1.0,1.0,1.0,0.0,0.92,0.0,1.0,0.003617288634356801,0.014114653745513461,0.1796896179787846,0.38960927030951753
separated,100,400,4.0,0.1,0.7,95,cp,1.0,1.0,1.0,0.0,1.0,0.0,1.0,0.0016879358555844392,0.02443241192207979,0.09879272512921944,0.22850768949972555
separated,100,400,4.0,0.1,0.7,95,dkw,1.0,1.0,1.0,0.0,0.96,0.0,1.0,0.00017389107973358352,0.0024981739367750944,0.17765328894181032,0.3911177498253826
separated,100,400,4.0,0.1,0.7,96,cp,1.0,1.0,1.0,0.0,1.0,0.0,1.0,0.00017389107973358352,0.0024981739367750944,0.10301186663937488,0.25376496585245545
separated,100,400,4.0,0.1,0.7,96,dkw,1.0,1.0,1.0,0.0,0.92,0.0,1.0,0.0006745906453060791,0.007659781783095787,0.17993879091218135,0.39074052812214644
separated,100,400,4.0,0.1,0.7,97,cp,1.0,1.0,1.0,0.0,1.0,0.0,1.0,7.396412226257975e-05,0.0013879055895357206,0.09226912726921052,0.25788633649397763
separated,100,400,4.0,0.1,0.7,97,dkw,1.0,1.0,1.0,0.0,0.92,0.0,1.0,7.396412226257975e-05,0.0013879055895357206,0.17187698238849147,0.3881056691572671
separated,100,400,4.0,0.1,0.7,98,cp,1.0,1.0,1.0,0.0,1.0,0.0,1.0,0.0010625375587302388,0.011086578425139715,0.10004137464583414,0.25384532816819094
separated,100,400,4.0,0.1,0.7,98,dkw,1.0,1.0,1.0,0.0,0.96,0.0,1.0,0.00258266218984593,0.021185762346493497,0.17762838112472656,0.39414944300982535
separated,100,400,4.0,0.1,0.7,99,cp,1.0,1.0,1.0,0.0,1.0,0.0,1.0,0.001633721639993544,0.009517662055048115,0.1078294055312712,0.25162064867520106
separated,100,400,4.0,0.1,0.7,99,dkw,1.0,1.0,1.0,0.0,0.96,0.0,1.0,0.0006361919641535207,0.005801104647893518,0.18364393081555036,0.3891959668016105
separated,100,400,4.0,0.1,0.7,100,cp,1.0,1.0,1.0,0.0,1.0,0.0,1.0,0.004886838249963325,0.016462435358671312,0.08921735983254588,0.22275009099338772
separated,100,400,4.0,0.1,0.7,100,dkw,1.0,1.0,1.0,0.0,0.96,0.0,1.0,0.004886838249963325,0.016462435358671312,0.17143497352053455,0.3809605772548572
separated,100,400,4.0,0.1,0.7,101,cp,1.0,1.0,1.0,0.0,1.0,0.0,1.0,0.0006361919641535207,0.005801104647893518,0.09180920045608562,0.22571604592431327
separated,100,400,4.0,0.1,0.7,101,dkw,1.0,1.0,1.0,0.0,0.96,0.0,1.0,0.00040414777823778004,0.0044288204922998675,0.17323803932436177,0.38251641307829753
separated,100,400,4.0,0.1,0.7,102,cp,1.0,1.0,1.0,0.0,1.0,0.0,1.0,0.005724555235323741,0.021651530086902016,0.09984331762956,0.2139348451870593
separated,100,400,4.0,0.1,0.7,102,dkw,1.0,1.0,1.0,0.0,0.96,0.0,1.0,0.013021320226845625,0.1106419599765065,0.17834827013972593,0.39150618907998436
separated,100,400,4.0,0.1,0.7,103,cp,1.0,1.0,1.0,0.0,1.0,0.0,1.0,0.0006361919641535207,0.005801104647893518,0.09870566673535329,0.23090705342242812
separated,100,400,4.0,0.1,0.7,103,dkw,1.0,1.0,1.0,0.0,0.96,0.0,1.0,0.00022699495854578534,0.002951276737924724,0.1794143443671312,0.385643928246202
separated,100,400,4.0,0.1,0.7,104,cp,1.0,1.0,1.0,0.0,1.0,0.0,1.0,0.0055941451810979535,0.0176826732783657,0.08922774803173762,0.22275009099338772
separated,100,400,4.0,0.1,0.7,104,dkw,1.0,1.0,1.0,0.0,0.96,0.0,1.0,0.0055941451810979535,0.0176826732783657,0.17144544102714765,0.3809605772548572
separated,100,400,4.0,0.1,0.7,105,cp,0.0,0.0,1.0,0.0,1.0,0.0,1.0,0.00036819937398224756,0.004857707356216601,0.10377868742766509,0.2650840555718992
separated,100,400,4.0,0.1,0.7,105,dkw,1.0,1.0,1.0,0.0,0.96,0.0,1.0,0.0011180537823116676,0.011086578425139715,0.17881336448935237,0.39263113242859615
separated,100,400,4.0,0.1,0.7,106,cp,1.0,1.0,1.0,0.0,1.0,0.0,1.0,0.0105945133387841,0.028451339216919225,0.11627962769100667,0.23319656735278382
separated,100,400,4.0,0.1,0.7,106,dkw,1.0,1.0,1.0,0.0,0.96,0.0,1.0,0.005219066748794874,0.029280424459179888,0.1930987654854982,0.404986266542974
separated,100,400,4.0,0.1,0.7,107,cp,1.0,1.0,1.0,0.0,1.0,0.0,1.0,0.0025271459662645013,0.021185762346493497,0.0958623760430487,0.2469704990057141
separated,100,400,4.0,0.1,0.7,107,dkw,1.0,1.0,1.0,0.0,0.92,0.0,1.0,0.0054198131967124,0.04164835071248185,0.17399785376501253,0.39414944300982535
separated,100,400,4.0,0.1,0.7,108,cp,1.0,1.0,1.0,0.0,1.0,0.0,1.0,0.00040414777823778004,0.0044288204922998675,0.09644338295944506,0.20554164385945217
separated,100,400,4.0,0.1,0.7,108,dkw,1.0,1.0,1.0,0.0,0.96,0.0,1.0,5.5516223581428824e-05,0.0013879055895357206,0.18172473575428033,0.38517251122313534
separated,100,400,4.0,0.1,0.7,109,cp,1.0,1.0,1.0,0.0,1.0,0.0,1.0,0.002371906952424858,0.01730478700050242,0.09550436308078555,0.23655159755200927
separated,100,400,4.0,0.1,0.7,109,dkw,1.0,1.0,1.0,0.0,0.96,0.0,1.0,0.0037538791682131256,0.029280424459179888,0.1737918917915257,0.39298496441963926
separated,100,400,4.0,0.1,0.7,110,cp,1.0,1.0,1.0,0.0,1.0,0.0,1.0,0.00258266218984593,0.021185762346493497,0.09263891661869356,0.25938565076156483
separated,100,400,4.0,0.1,0.7,110,dkw,1.0,1.0,1.0,0.0,0.92,0.0,1.0,0.0054198131967124,0.04164835071248185,0.17457977499827204,0.3954052115538671
separated,100,400,4.0,0.1,0.7,111,cp,1.0,1.0,1.0,0.0,1.0,0.0,1.0,0.001311265901744747,0.01730478700050242,0.10861289837120756,0.24435904737427894
separated,100,400,4.0,0.1,0.7,111,dkw,1.0,1.0,1.0,0.0,0.96,0.0,1.0,0.0017352316959861902,0.015429447841863064,0.18484842727597703,0.39720094851214627
separated,100,400,4.0,0.1,0.7,112,cp,1.0,1.0,1.0,0.0,1.0,0.0,1.0,0.0005806757405720919,0.005801104647893518,0.09001186102252284,0.22415814978091908
separated,100,400,4.0,0.1,0.7,112,dkw,1.0,1.0,1.0,0.0,0.96,0.0,1.0,0.00040414777823778004,0.0044288204922998675,0.17260808781983492,0.38251641307829753
separated,100,400,4.0,0.1,0.7,113,cp,1.0,1.0,1.0,0.0,1.0,0.0,1.0,0.0022501636974753803,0.02443241192207979,0.08540744168874122,0.21371543952012917
separated,100,400,4.0,0.1,0.7,113,dkw,1.0,1.0,1.0,0.0,0.96,0.0,1.0,0.0009199384301591218,0.007093661650140026,0.16878118711407125,0.38306867930379973
separated,100,400,4.0,0.1,0.7,114,cp,1.0,1.0,1.0,0.0,1.0,0.0,1.0,0.0016797154724047614,0.015429447841863064,0.10662305087571643,0.2532466752254654
separated,100,400,4.0,0.1,0.7,114,dkw,1.0,1.0,1.0,0.0,0.96,0.0,1.0,0.0054198131967124,0.04164835071248185,0.18182619846950554,0.3987341940620115
separated,100,400,4.0,0.1,0.7,115,cp,1.0,1.0,1.0,0.0,1.0,0.0,1.0,0.0003486315546563512,0.0044288204922998675,0.0906864107370999,0.23422372299667515
separated,100,400,4.0,0.1,0.7,115,dkw,1.0,1.0,1.0,0.0,0.96,0.0,1.0,0.0006361919641535207,0.005801104647893518,0.17186352515940787,0.38459290997425066
separated,100,400,4.0,0.1,0.7,116,cp,1.0,1.0,1.0,0.0,1.0,0.0,1.0,0.0006190744217246503,0.007659781783095787,0.09813194364578823,0.2428527315128557
separated,100,400,4.0,0.1,0.7,116,dkw,1.0,1.0,1.0,0.0,0.92,0.0,1.0,0.00258266218984593,0.021185762346493497,0.17740696535806819,0.3922902381376876
separated,100,400,4.0,0.1,0.7,117,cp,1.0,1.0,1.0,0.0,1.0,0.0,1.0,7.396412226257975e-05,0.0013879055895357206,0.09123599506603891,0.2031620714672726
separated,100,400,4.0,0.1,0.7,117,dkw,1.0,1.0,1.0,0.0,0.96,0.0,1.0,0.0006745906453060791,0.007659781783095787,0.17534583930768843,0.3835670557170203
separated,100,400,4.0,0.1,0.7,118,cp,1.0,1.0,1.0,0.0,1.0,0.0,1.0,0.0010625375587302388,0.011086578425139715,0.08181178307487363,0.22673259338076845
separated,100,400,4.0,0.1,0.7,118,dkw,1.0,1.0,1.0,0.0,0.96,0.0,1.0,0.00258266218984593,0.021185762346493497,0.1674024559373239,0.3840775207875107
separated,100,400,4.0,0.1,0.7,119,cp,1.0,1.0,1.0,0.0,1.0,0.0,1.0,0.0006745906453060791,0.007659781783095787,0.10076406687894644,0.2353870418599504
separated,100,400,4.0,0.1,0.7,119,dkw,1.0,1.0,1.0,0.0,0.96,0.0,1.0,0.00258266218984593,0.021185762346493497,0.17841646719458285,0.3887927548498432
separated,100,400,4.0,0.1,0.7,120,cp,1.0,1.0,1.0,0.0,1.0,0.0,1.0,0.00036819937398224756,0.004857707356216601,0.11243447424366898,0.2411773302496374
separated,100,400,4.0,0.1,0.7,120,dkw,1.0,1.0,1.0,0.0,0.96,0.0,1.0,0.00258266218984593,0.021185762346493497,0.18790228143119528,0.39355645084678625
separated,100,400,4.0,0.1,0.7,121,cp,1.0,1.0,1.0,0.0,1.0,0.0,1.0,0.00040414777823778004,0.0044288204922998675,0.08543692769798569,0.19793180429948332
separated,100,400,4.0,0.1,0.7,121,dkw,1.0,1.0,1.0,0.0,0.96,0.0,1.0,0.00010894388902879637,0.0013879055895357206,0.17260252043200924,0.3803728429418739
separated,100,400,4.0,0.1,0.7,122,cp,1.0,1.0,1.0,0.0,1.0,0.0,1.0,0.00258266218984593,0.021185762346493497,0.09715178822766996,0.21268618387271898
separated,100,400,4.0,0.1,0.7,122,dkw,1.0,1.0,1.0,0.0,0.96,0.0,1.0,0.012314013295710998,0.1106419599765065,0.1760807339634527,0.3881056691572671
separated,100,400,4.0,0.1,0.7,123,cp,1.0,1.0,1.0,0.0,1.0,0.0,1.0,0.0009199384301591218,0.007093661650140026,0.09088209735503387,0.22571604592431327
separated,100,400,4.0,0.1,0.7,123,dkw,1.0,1.0,1.0,0.0,0.96,0.0,1.0,0.0006361919641535207,0.005801104647893518,0.1732362806961527,0.38251641307829753
separated,100,400,4.0,0.1,0.7,124,cp,1.0,1.0,1.0,0.0,1.0,0.0,1.0,0.0006361919641535207,0.005801104647893518,0.08378820027165429,0.19501567866907576
separated,100,400,4.0,0.1,0.7,124,dkw,1.0,1.0,1.0,0.0,0.96,0.0,1.0,5.5516223581428824e-05,0.0013879055895357206,0.17010657385144115,0.37878402576316894
separated,100,400,4.0,0.1,0.7,125,cp,1.0,1.0,1.0,0.0,1.0,0.0,1.0,0.0011180537823116676,0.011086578425139715,0.1153102255797614,0.2811356393311836
separated,100,400,4.0,0.1,0.7,125,dkw,1.0,1.0,1.0,0.0,0.92,0.0,1.0,0.00258266218984593,0.021185762346493497,0.18950946264792512,0.4034692469988759
separated,100,400,4.0,0.1,0.7,126,cp,1.0,1.0,1.0,0.0,1.0,0.0,1.0,0.0,0.0,0.10756613833754095,0.26303434656238334
separated,100,400,4.0,0.1,0.7,126,dkw,1.0,1.0,1.0,0.0,0.96,0.0,1.0,7.396412226257975e-05,0.0013879055895357206,0.1814870833856282,0.39446843754119676
separated,100,400,4.0,0.1,0.7,127,cp,1.0,1.0,1.0,0.0,1.0,0.0,1.0,0.00010894388902879637,0.0013879055895357206,0.09207960384414808,0.2031620714672726
separated,100,400,4.0,0.1,0.7,127,dkw,1.0,1.0,1.0,0.0,0.96,0.0,1.0,0.00036819937398224756,0.004857707356216601,0.17656618852780517,0.3835670557170203
separated,100,400,4.0,0.1,0.7,128,cp,1.0,1.0,1.0,0.0,1.0,0.0,1.0,0.00017389107973358352,0.0024981739367750944,0.0865477404858514,0.2031620714672726
separated,100,400,4.0,0.1,0.7,128,dkw,1.0,1.0,1.0,0.0,0.96,0.0,1.0,0.0011180537823116676,0.011086578425139715,0.17233416030223794,0.3835670557170203
separated,100,400,4.0,0.1,0.7,129,cp,1.0,1.0,1.0,0.0,1.0,0.0,1.0,1.844789868115093e-05,0.0004611974670287733,0.08960098449658695,0.23768536246061478
separated,100,400,4.0,0.1,0.7,129,dkw,1.0,1.0,1.0,0.0,0.96,0.0,1.0,0.00017389107973358352,0.0024981739367750944,0.1700824685029022,0.38459290997425066
separated,100,400,4.0,0.1,0.7,130,cp,1.0,1.0,1.0,0.0,1.0,0.0,1.0,0.0010048746304209156,0.01730478700050242,0.10204285178391763,0.23461294239303454
separated,100,400,4.0,0.1,0.7,130,dkw,1.0,1.0,1.0,0.0,0.96,0.0,1.0,0.0011180537823116676,0.011086578425139715,0.18236511622204093,0.3938451236268574
separated,100,400,4.0,0.1,0.7,131,cp,1.0,1.0,1.0,0.0,1.0,0.0,1.0,0.010607843958124188,0.03809039824530913,0.11267870351509346,0.2176130545178523
separated,100,400,4.0,0.1,0.7,131,dkw,1.0,1.0,1.0,0.0,0.96,0.0,1.0,0.004674722231689538,0.03120265710962078,0.1929574478765177,0.39492405347034054
separated,100,400,4.0,0.1,0.7,132,cp,1.0,1.0,1.0,0.0,1.0,0.0,1.0,7.396412226257975e-05,0.0013879055895357206,0.10097407460701836,0.2353870418599504
separated,100,400,4.0,0.1,0.7,132,dkw,1.0,1.0,1.0,0.0,0.96,0.0,1.0,0.00036819937398224756,0.004857707356216601,0.18095581720935958,0.3887927548498432
separated,100,400,4.0,0.1,0.7,133,cp,1.0,1.0,1.0,0.0,1.0,0.0,1.0,0.00010894388902879637,0.0013879055895357206,0.08294655336475998,0.22275009099338772
separated,100,400,4.0,0.1,0.7,133,dkw,1.0,1.0,1.0,0.0,0.96,0.0,1.0,0.00010894388902879637,0.0013879055895357206,0.16815784258315308,0.3809605772548572
separated,100,400,4.0,0.1,0.7,134,cp,1.0,1.0,1.0,0.0,1.0,0.0,1.0,0.0003126831504008187,0.004857707356216601,0.10122590330915925,0.2406728155137683
separated,100,400,4.0,0.1,0.7,134,dkw,1.0,1.0,1.0,0.0,0.92,0.0,1.0,0.0011180537823116676,0.011086578425139715,0.1785712941103207,0.39074052812214644
separated,100,400,4.0,0.1,0.7,135,cp,1.0,1.0,1.0,0.0,1.0,0.0,1.0,0.0,0.0,0.1034168635547763,0.24575398770167134
separated,100,400,4.0,0.1,0.7,135,dkw,1.0,1.0,1.0,0.0,0.96,0.0,1.0,7.396412226257975e-05,0.0013879055895357206,0.17922480409181485,0.3911177498253826
separated,100,400,4.0,0.1,0.7,136,cp,1.0,1.0,1.0,0.0,1.0,0.0,1.0,0.00036819937398224756,0.004857707356216601,0.08410040522216061,0.20554164385945217
separated,100,400,4.0,0.1,0.7,136,dkw,1.0,1.0,1.0,0.0,0.96,0.0,1.0,0.0011180537823116676,0.011086578425139715,0.17274701434582887,0.38517251122313534
separated,100,400,4.0,0.1,0.7,137,cp,1.0,1.0,1.0,0.0,1.0,0.0,1.0,0.0019603220889262475,0.0176826732783657,0.09304088193702126,0.20063467759147824
separated,100,400,4.0,0.1,0.7,137,dkw,1.0,1.0,1.0,0.0,0.96,0.0,1.0,0.00022699495854578534,0.002951276737924724,0.17772743916535674,0.3819671763107537
separated,100,400,4.0,0.1,0.7,138,cp,1.0,1.0,1.0,0.0,1.0,0.0,1.0,0.005967882469739018,0.028451339216919225,0.10435670665393357,0.22398079552845118
separated,100,400,4.0,0.1,0.7,138,dkw,1.0,1.0,1.0,0.0,0.96,0.0,1.0,0.00036819937398224756,0.004857707356216601,0.1818139113924547,0.39263113242859615
separated,100,400,4.0,0.1,0.7,139,cp,1.0,1.0,1.0,0.0,1.0,0.0,1.0,0.0025339843871069467,0.011826492193703464,0.07736259588977465,0.21568831001099076
separated,100,400,4.0,0.1,0.7,139,dkw,1.0,1.0,1.0,0.0,0.96,0.0,1.0,0.003617288634356801,0.014114653745513461,0.1639305712792423,0.3778646107814867
separated,100,400,4.0,0.1,0.7,140,cp,1.0,1.0,1.0,0.0,1.0,0.0,1.0,0.0010755063051168757,0.0176826732783657,0.11182041851779656,0.25762973127911604
separated,100,400,4.0,0.1,0.7,140,dkw,1.0,1.0,1.0,0.0,0.96,0.0,1.0,0.0017352316959861902,0.015429447841863064,0.18597284894314992,0.3938451236268574
separated,100,400,4.0,0.1,0.7,141,cp,1.0,1.0,1.0,0.0,1.0,0.0,1.0,0.0006745906453060791,0.007659781783095787,0.09525744478170742,0.2332211574560149
separated,100,400,4.0,0.1,0.7,141,dkw,1.0,1.0,1.0,0.0,0.96,0.0,1.0,0.00258266218984593,0.021185762346493497,0.1747253636626489,0.387215663514331
separated,100,400,4.0,0.1,0.7,142,cp,1.0,1.0,1.0,0.0,1.0,0.0,1.0,0.004147956120428806,0.02443241192207979,0.11045092021915158,0.2461482918308331
separated,100,400,4.0,0.1,0.7,142,dkw,1.0,1.0,1.0,0.0,0.96,0.0,1.0,0.0030527024845362627,0.012967952435732899,0.1840763733782774,0.39625598302381815
separated,100,400,4.0,0.1,0.7,143,cp,1.0,1.0,1.0,0.0,1.0,0.0,1.0,7.396412226257975e-05,0.0013879055895357206,0.0868853133597005,0.22571604592431327
separated,100,400,4.0,0.1,0.7,143,dkw,1.0,1.0,1.0,0.0,0.96,0.0,1.0,0.00036819937398224756,0.004857707356216601,0.1698413392443686,0.38251641307829753
separated,100,400,4.0,0.1,0.7,144,cp,1.0,1.0,1.0,0.0,1.0,0.0,1.0,0.0010625375587302388,0.011086578425139715,0.09534909751456937,0.25728382204374434
separated,100,400,4.0,0.1,0.7,144,dkw,1.0,1.0,1.0,0.0,0.96,0.0,1.0,0.00258266218984593,0.021185762346493497,0.17601214170408574,0.39414944300982535
separated,100,400,4.0,0.1,0.7,145,cp,1.0,1.0,1.0,0.0,1.0,0.0,1.0,0.00010894388902879637,0.0013879055895357206,0.08373041644972438,0.19793180429948332
separated,100,400,4.0,0.1,0.7,145,dkw,1.0,1.0,1.0,0.0,0.96,0.0,1.0,0.00017389107973358352,0.0024981739367750944,0.17073743650237508,0.3803728429418739
separated,100,400,4.0,0.1,0.7,146,cp,1.0,1.0,1.0,0.0,1.0,0.0,1.0,0.00419663392316779,0.02443241192207979,0.0912840402134166,0.22503608236831818
separated,100,400,4.0,0.1,0.7,146,dkw,1.0,1.0,1.0,0.0,0.96,0.0,1.0,0.0054198131967124,0.04164835071248185,0.1717370913705037,0.3911177498253826
separated,100,400,4.0,0.1,0.7,147,cp,1.0,1.0,1.0,0.0,1.0,0.0,1.0,0.0006745906453060791,0.007659781783095787,0.0998038644039017,0.23742509750706542
separated,100,400,4.0,0.1,0.7,147,dkw,1.0,1.0,1.0,0.0,0.96,0.0,1.0,0.00258266218984593,0.021185762346493497,0.1788128947811581,0.390375230710419
separated,100,400,4.0,0.1,0.7,148,cp,1.0,1.0,1.0,0.0,1.0,0.0,1.0,0.0017229156223506558,0.02443241192207979,0.10537342939562229,0.23091404212379818
separated,100,400,4.0,0.1,0.7,148,dkw,1.0,1.0,1.0,0.0,0.96,0.0,1.0,7.396412226257975e-05,0.0013879055895357206,0.18235845836127015,0.39263113242859615
separated,100,400,4.0,0.1,0.7,149,cp,1.0,1.0,1.0,0.0,1.0,0.0,1.0,0.0030214509874691943,0.02026610653549954,0.11330568074901308,0.2380606184281051
separated,100,400,4.0,0.1,0.7,149,dkw,1.0,1.0,1.0,0.0,0.96,0.0,1.0,0.00017389107973358352,0.0024981739367750944,0.18970180831567457,0.3938451236268574
separated,100,400,4.0,0.1,0.7,150,cp,1.0,1.0,1.0,0.0,1.0,0.0,1.0,5.5516223581428824e-05,0.0013879055895357206,0.10607147707200225,0.23742509750706542
separated,100,400,4.0,0.1,0.7,150,dkw,1.0,1.0,1.0,0.0,0.96,0.0,1.0,0.00036819937398224756,0.004857707356216601,0.18467509601274404,0.390375230710419
separated,100,400,4.0,0.1,0.7,151,cp,1.0,1.0,1.0,0.0,1.0,0.0,1.0,0.0022885623786279385,0.02443241192207979,0.09035394338284221,0.21974446262579872
separated,100,400,4.0,0.1,0.7,151,dkw,1.0,1.0,1.0,0.0,0.96,0.0,1.0,0.0011180537823116676,0.011086578425139715,0.17110519520692707,0.3881056691572671
separated,100,400,4.0,0.1,0.7,152,cp,1.0,1.0,1.0,0.0,1.0,0.0,1.0,0.0006745906453060791,0.007659781783095787,0.08644850599354903,0.22841766715185008
separated,100,400,4.0,0.1,0.7,152,dkw,1.0,1.0,1.0,0.0,0.92,0.0,1.0,0.00258266218984593,0.021185762346493497,0.16899980808952475,0.3840775207875107
separated,100,400,4.0,0.1,0.7,153,cp,1.0,1.0,1.0,0.0,1.0,0.0,1.0,0.0006745906453060791,0.007659781783095787,0.09830202432446365,0.2332211574560149
separated,100,400,4.0,0.1,0.7,153,dkw,1.0,1.0,1.0,0.0,0.96,0.0,1.0,0.00258266218984593,0.021185762346493497,0.17636488524409574,0.387215663514331
separated,100,400,4.0,0.1,0.7,154,cp,1.0,1.0,1.0,0.0,1.0,0.0,1.0,0.0006745906453060791,0.007659781783095787,0.11473013675239431,0.2610412432503719
separated,100,400,4.0,0.1,0.7,154,dkw,1.0,1.0,1.0,0.0,0.92,0.0,1.0,0.00258266218984593,0.021185762346493497,0.18845010378126628,0.396970529070126
separated,100,400,4.0,0.1,0.7,155,cp,1.0,1.0,1.0,0.0,1.0,0.0,1.0,0.006230820437536621,0.0176826732783657,0.08359329649942299,0.21761901822809937
separated,100,400,4.0,0.1,0.7,155,dkw,1.0,1.0,1.0,0.0,0.96,0.0,1.0,0.0055941451810979535,0.0176826732783657,0.16637555880550192,0.38154946616382446
separated,100,400,4.0,0.1,0.7,156,cp,1.0,1.0,1.0,0.0,1.0,0.0,1.0,0.0034266159473047074,0.028451339216919225,0.09550928736314784,0.2192737467111564
separated,100,400,4.0,0.1,0.7,156,dkw,1.0,1.0,1.0,0.0,0.96,0.0,1.0,0.0011180537823116676,0.011086578425139715,0.1753910949472226,0.39298496441963926
separated,100,400,4.0,0.1,0.7,157,cp,1.0,1.0,1.0,0.0,1.0,0.0,1.0,0.00036819937398224756,0.004857707356216601,0.09289942568124747,0.2332211574560149
separated,100,400,4.0,0.1,0.7,157,dkw,1.0,1.0,1.0,0.0,0.96,0.0,1.0,0.0011180537823116676,0.011086578425139715,0.1746395712922969,0.387215663514331
separated,100,400,4.0,0.1,0.7,158,cp,1.0,1.0,1.0,0.0,1.0,0.0,1.0,0.005421720044769729,0.024674535038923584,0.10903330975019433,0.21581046181106733
separated,100,400,4.0,0.1,0.7,158,dkw,1.0,1.0,1.0,0.0,0.96,0.0,1.0,0.004047849770427678,0.021185762346493497,0.1896489393197292,0.39328449775181484
separated,100,400,4.0,0.1,0.7,159,cp,1.0,1.0,1.0,0.0,1.0,0.0,1.0,7.396412226257975e-05,0.0013879055895357206,0.07715526104021868,0.21944412952432135
separated,100,400,4.0,0.1,0.7,159,dkw,1.0,1.0,1.0,0.0,0.96,0.0,1.0,0.00017389107973358352,0.0024981739367750944,0.16408944692551103,0.3794099856480262
separated,100,400,4.0,0.1,0.7,160,cp,1.0,1.0,1.0,0.0,1.0,0.0,1.0,0.0006361919641535207,0.005801104647893518,0.09405104812280522,0.2031620714672726
separated,100,400,4.0,0.1,0.7,160,dkw,1.0,1.0,1.0,0.0,0.96,0.0,1.0,0.00010894388902879637,0.0013879055895357206,0.17943829174799586,0.3835670557170203
separated,100,400,4.0,0.1,0.7,161,cp,1.0,1.0,1.0,0.0,1.0,0.0,1.0,0.00010894388902879637,0.0013879055895357206,0.0951555058226383,0.20554164385945217
separated,100,400,4.0,0.1,0.7,161,dkw,1.0,1.0,1.0,0.0,0.96,0.0,1.0,0.00017389107973358352,0.0024981739367750944,0.17978302477848435,0.38517251122313534
separated,100,400,4.0,0.1,0.7,162,cp,1.0,1.0,1.0,0.0,1.0,0.0,1.0,0.0037538791682131256,0.029280424459179888,0.09404892867160511,0.2332211574560149
separated,100,400,4.0,0.1,0.7,162,dkw,1.0,1.0,1.0,0.0,0.96,0.0,1.0,0.012314013295710998,0.1106419599765065,0.17237769553014218,0.38660692181043266
separated,100,400,4.0,0.1,0.7,163,cp,1.0,1.0,1.0,0.0,1.0,0.0,1.0,0.00017389107973358352,0.0024981739367750944,0.06808212028236062,0.18830627732612903
separated,100,400,4.0,0.1,0.7,163,dkw,1.0,1.0,1.0,0.0,0.96,0.0,1.0,0.0011180537823116676,0.011086578425139715,0.16047549802217703,0.3756228216521652
separated,100,400,4.0,0.1,0.7,164,cp,1.0,1.0,1.0,0.0,1.0,0.0,1.0,0.004812950001357437,0.028451339216919225,0.09717305834344452,0.21622664028195637
separated,100,400,4.0,0.1,0.7,164,dkw,1.0,1.0,1.0,0.0,0.96,0.0,1.0,0.0020609246993588083,0.010680076484131606,0.17574850895269428,0.3881056691572671
separated,100,400,4.0,0.1,0.7,165,cp,1.0,1.0,1.0,0.0,1.0,0.0,1.0,0.007208116914419813,0.02443241192207979,0.09826799417263843,0.21594351309327087
separated,100,400,4.0,0.1,0.7,165,dkw,1.0,1.0,1.0,0.0,0.92,0.0,1.0,0.0055941451810979535,0.0176826732783657,0.17750606060843485,0.38612218404945
separated,100,400,4.0,0.1,0.7,166,cp,1.0,1.0,1.0,0.0,1.0,0.0,1.0,0.00011837485615215471,0.0024981739367750944,0.09713156743170505,0.24872266799546627
separated,100,400,4.0,0.1,0.7,166,dkw,1.0,1.0,1.0,0.0,0.96,0.0,1.0,0.0006745906453060791,0.007659781783095787,0.17625697591261236,0.3891959668016105
separated,100,400,4.0,0.1,0.7,167,cp,1.0,1.0,1.0,0.0,1.0,0.0,1.0,0.00036819937398224756,0.004857707356216601,0.10100637050601946,0.23742509750706542
separated,100,400,4.0,0.1,0.7,167,dkw,1.0,1.0,1.0,0.0,0.92,0.0,1.0,0.0017352316959861902,0.015429447841863064,0.18035645565454073,0.390375230710419
separated,100,400,4.0,0.1,0.7,168,cp,1.0,1.0,1.0,0.0,1.0,0.0,1.0,0.00010894388902879637,0.0013879055895357206,0.08718973554542607,0.20063467759147824
separated,100,400,4.0,0.1,0.7,168,dkw,1.0,1.0,1.0,0.0,0.96,0.0,1.0,7.396412226257975e-05,0.0013879055895357206,0.17391834514340368,0.3819671763107537
separated,100,400,4.0,0.1,0.7,169,cp,1.0,1.0,1.0,0.0,1.0,0.0,1.0,7.396412226257975e-05,0.0013879055895357206,0.09123599506603891,0.2031620714672726
separated,100,400,4.0,0.1,0.7,169,dkw,1.0,1.0,1.0,0.0,0.96,0.0,1.0,0.0006745906453060791,0.007659781783095787,0.17534583930768843,0.3835670557170203
separated,100,400,4.0,0.1,0.7,170,cp,1.0,1.0,1.0,0.0,1.0,0.0,1.0,0.002384775731030526,0.02026610653549954,0.09591257012378165,0.2031620714672726
separated,100,400,4.0,0.1,0.7,170,dkw,1.0,1.0,1.0,0.0,0.96,0.0,1.0,0.00036819937398224756,0.004857707356216601,0.1786546653686602,0.3835670557170203
separated,100,400,4.0,0.1,0.7,171,cp,1.0,1.0,1.0,0.0,1.0,0.0,1.0,0.00017389107973358352,0.0024981739367750944,0.116825338298358,0.2610412432503719
separated,100,400,4.0,0.1,0.7,171,dkw,1.0,1.0,1.0,0.0,0.96,0.0,1.0,0.0011180537823116676,0.011086578425139715,0.1914342935004455,0.396970529070126
separated,100,400,4.0,0.1,0.7,172,cp,1.0,1.0,1.0,0.0,1.0,0.0,1.0,0.0006190744217246503,0.007659781783095787,0.1020055410203872,0.2428527315128557
separated,100,400,4.0,0.1,0.7,172,dkw,1.0,1.0,1.0,0.0,0.96,0.0,1.0,0.00258266218984593,0.021185762346493497,0.17903929883586045,0.3922902381376876
separated,100,400,4.0,0.1,0.7,173,cp,1.0,1.0,1.0,0.0,1.0,0.0,1.0,0.0031957702721608517,0.02026610653549954,0.10635491307248868,0.25162064867520106
separated,100,400,4.0,0.1,0.7,173,dkw,1.0,1.0,1.0,0.0,0.92,0.0,1.0,0.0006361919641535207,0.005801104647893518,0.18300414231244233,0.3891959668016105
separated,100,400,4.0,0.1,0.7,174,cp,1.0,1.0,1.0,0.0,1.0,0.0,1.0,0.00036819937398224756,0.004857707356216601,0.09378527010545827,0.20779423558474663
separated,100,400,4.0,0.1,0.7,174,dkw,1.0,1.0,1.0,0.0,0.92,0.0,1.0,0.00258266218984593,0.021185762346493497,0.1765344219849041,0.38678357310875433
separated,100,400,4.0,0.1,0.7,175,cp,1.0,1.0,1.0,0.0,1.0,0.0,1.0,0.002371906952424858,0.01730478700050242,0.10771351210662793,0.2483258699070089
separated,100,400,4.0,0.1,0.7,175,dkw,1.0,1.0,1.0,0.0,0.96,0.0,1.0,0.0037538791682131256,0.029280424459179888,0.18110863399997007,0.3959566317738311
separated,100,400,4.0,0.1,0.7,176,cp,1.0,1.0,1.0,0.0,1.0,0.0,1.0,1.844789868115093e-05,0.0004611974670287733,0.1003949028646999,0.24183944012959402
separated,100,400,4.0,0.1,0.7,176,dkw,1.0,1.0,1.0,0.0,0.96,0.0,1.0,0.0006745906453060791,0.007659781783095787,0.17789660264580298,0.3891959668016105
separated,100,400,4.0,0.1,0.7,177,cp,1.0,1.0,1.0,0.0,1.0,0.0,1.0,0.0008105663361722515,0.01730478700050242,0.12621841081116067,0.2536291428067089
separated,100,400,4.0,0.1,0.7,177,dkw,1.0,1.0,1.0,0.0,0.92,0.0,1.0,0.0011180537823116676,0.011086578425139715,0.1991182718247292,0.40181579862391104
separated,100,400,4.0,0.1,0.7,178,cp,1.0,1.0,1.0,0.0,1.0,0.0,1.0,0.00017389107973358352,0.0024981739367750944,0.10510811292528068,0.2557613198956249
separated,100,400,4.0,0.1,0.7,178,dkw,1.0,1.0,1.0,0.0,0.96,0.0,1.0,0.0006745906453060791,0.007659781783095787,0.18198184748658452,0.3922902381376876
separated,100,400,4.0,0.1,0.7,179,cp,1.0,1.0,1.0,0.0,1.0,0.0,1.0,0.00036819937398224756,0.004857707356216601,0.09888532892100323,0.2353870418599504
separated,100,400,4.0,0.1,0.7,179,dkw,1.0,1.0,1.0,0.0,0.92,0.0,1.0,0.0011180537823116676,0.011086578425139715,0.17832453506167503,0.3887927548498432
separated,100,400,4.0,0.1,0.7,180,cp,1.0,1.0,1.0,0.0,1.0,0.0,1.0,0.00036819937398224756,0.004857707356216601,0.11584517293918975,0.2610412432503719
separated,100,400,4.0,0.1,0.7,180,dkw,1.0,1.0,1.0,0.0,0.96,0.0,1.0,0.0017352316959861902,0.015429447841863064,0.1900098295758936,0.396970529070126
separated,100,400,4.0,0.1,0.7,181,cp,1.0,1.0,1.0,0.0,1.0,0.0,1.0,0.00017389107973358352,0.0024981739367750944,0.08410088401403576,0.20063467759147824
separated,100,400,4.0,0.1,0.7,181,dkw,1.0,1.0,1.0,0.0,0.96,0.0,1.0,0.0011180537823116676,0.011086578425139715,0.17028823949699048,0.3819671763107537
separated,100,400,4.0,0.1,0.7,182,cp,1.0,1.0,1.0,0.0,1.0,0.0,1.0,0.0016797154724047614,0.015429447841863064,0.09107809269141606,0.2515741986349367
separated,100,400,4.0,0.1,0.7,182,dkw,1.0,1.0,1.0,0.0,0.96,0.0,1.0,0.0037538791682131256,0.029280424459179888,0.17227455156958565,0.39263113242859615
separated,100,400,4.0,0.1,0.7,183,cp,1.0,1.0,1.0,0.0,1.0,0.0,1.0,0.0011180537823116676,0.011086578425139715,0.10977468329327905,0.2689362539228981
separated,100,400,4.0,0.1,0.7,183,dkw,1.0,1.0,1.0,0.0,0.96,0.0,1.0,0.00258266218984593,0.021185762346493497,0.18293741935792293,0.3956727066280816
separated,100,400,4.0,0.1,0.7,184,cp,1.0,1.0,1.0,0.0,1.0,0.0,1.0,0.00036819937398224756,0.004857707356216601,0.08823730659083255,0.2332211574560149
separated,100,400,4.0,0.1,0.7,184,dkw,1.0,1.0,1.0,0.0,0.92,0.0,1.0,0.0011180537823116676,0.011086578425139715,0.17300765281992006,0.387215663514331
separated,100,400,4.0,0.1,0.7,185,cp,1.0,1.0,1.0,0.0,1.0,0.0,1.0,0.00036819937398224756,0.004857707356216601,0.0950776808456509,0.2629107542910346
separated,100,400,4.0,0.1,0.7,185,dkw,0.0,0.0,1.0,0.0,0.96,0.0,1.0,0.0006745906453060791,0.007659781783095787,0.17487047615646503,0.3911177498253826
separated,100,400,4.0,0.1,0.7,186,cp,1.0,1.0,1.0,0.0,1.0,0.0,1.0,0.0017547290387503356,0.01730478700050242,0.09196988606755113,0.23436779696086152
separated,100,400,4.0,0.1,0.7,186,dkw,1.0,1.0,1.0,0.0,0.96,0.0,1.0,0.00258266218984593,0.021185762346493497,0.1739918222604921,0.39263113242859615
separated,100,400,4.0,0.1,0.7,187,cp,1.0,1.0,1.0,0.0,1.0,0.0,1.0,0.0006745906453060791,0.007659781783095787,0.08997567480051077,0.22841766715185008
separated,100,400,4.0,0.1,0.7,187,dkw,1.0,1.0,1.0,0.0,0.96,0.0,1.0,0.00258266218984593,0.021185762346493497,0.17061292062966985,0.3840775207875107
separated,100,400,4.0,0.1,0.7,188,cp,1.0,1.0,1.0,0.0,1.0,0.0,1.0,0.0017352316959861902,0.015429447841863064,0.08436937219767568,0.22841766715185008
separated,100,400,4.0,0.1,0.7,188,dkw,1.0,1.0,1.0,0.0,0.96,0.0,1.0,0.0054198131967124,0.04164835071248185,0.16716613213678005,0.3840775207875107
separated,100,400,4.0,0.1,0.7,189,cp,1.0,1.0,1.0,0.0,1.0,0.0,1.0,0.0008636702149844533,0.01730478700050242,0.11505829509336124,0.25658727692123406
separated,100,400,4.0,0.1,0.7,189,dkw,1.0,1.0,1.0,0.0,0.96,0.0,1.0,0.00022699495854578534,0.002951276737924724,0.18765255432373323,0.4008643977404267
separated,100,400,4.0,0.1,0.7,190,cp,1.0,1.0,1.0,0.0,1.0,0.0,1.0,0.00036819937398224756,0.004857707356216601,0.08810643052212513,0.22841766715185008
separated,100,400,4.0,0.1,0.7,190,dkw,1.0,1.0,1.0,0.0,0.96,0.0,1.0,0.0011180537823116676,0.011086578425139715,0.17056625268445139,0.3840775207875107
separated,100,400,4.0,0.1,0.7,191,cp,1.0,1.0,1.0,0.0,1.0,0.0,1.0,0.003760009415670891,0.0176826732783657,0.09454855733773289,0.20063467759147824
separated,100,400,4.0,0.1,0.7,191,dkw,1.0,1.0,1.0,0.0,0.96,0.0,1.0,0.0012530151577916193,0.008326918190812438,0.17949134831733446,0.3819671763107537
separated,100,400,4.0,0.1,0.7,192,cp,1.0,1.0,1.0,0.0,1.0,0.0,1.0,0.0006745906453060791,0.007659781783095787,0.10009477153477105,0.2650840555718992
separated,100,400,4.0,0.1,0.7,192,dkw,1.0,1.0,1.0,0.0,0.96,0.0,1.0,0.0011180537823116676,0.011086578425139715,0.1771632911719434,0.39263113242859615
separated,100,400,4.0,0.1,0.7,193,cp,1.0,1.0,1.0,0.0,1.0,0.0,1.0,5.5516223581428824e-05,0.0013879055895357206,0.10553289072826527,0.2353870418599504
separated,100,400,4.0,0.1,0.7,193,dkw,1.0,1.0,1.0,0.0,0.96,0.0,1.0,0.0006745906453060791,0.007659781783095787,0.18303668692123362,0.3887927548498432
separated,100,400,4.0,0.1,0.7,194,cp,1.0,1.0,1.0,0.0,1.0,0.0,1.0,0.00678184698610536,0.026343391750294987,0.11511200127721388,0.2461482918308331
separated,100,400,4.0,0.1,0.7,194,dkw,1.0,1.0,1.0,0.0,0.92,0.0,1.0,0.006029711010214855,0.029280424459179888,0.1921452043485158,0.39836938811389644
separated,100,400,4.0,0.1,0.7,195,cp,1.0,1.0,1.0,0.0,1.0,0.0,1.0,0.00022699495854578534,0.002951276737924724,0.09816124869377024,0.2332211574560149
separated,100,400,4.0,0.1,0.7,195,dkw,1.0,1.0,1.0,0.0,0.96,0.0,1.0,5.5516223581428824e-05,0.0013879055895357206,0.18030876275182905,0.387215663514331
separated,100,400,4.0,0.1,0.7,196,cp,1.0,1.0,1.0,0.0,1.0,0.0,1.0,0.00258266218984593,0.021185762346493497,0.09786371404779805,0.2411773302496374
separated,100,400,4.0,0.1,0.7,196,dkw,1.0,1.0,1.0,0.0,0.96,0.0,1.0,0.007943851120232166,0.06310094808799416,0.175455113059288,0.39355645084678625
separated,100,400,4.0,0.1,0.7,197,cp,1.0,1.0,1.0,0.0,1.0,0.0,1.0,0.00017389107973358352,0.0024981739367750944,0.09421624485357194,0.23090705342242812
separated,100,400,4.0,0.1,0.7,197,dkw,1.0,1.0,1.0,0.0,0.96,0.0,1.0,0.0011180537823116676,0.011086578425139715,0.17424850898387226,0.385643928246202
separated,100,400,4.0,0.1,0.7,198,cp,1.0,1.0,1.0,0.0,1.0,0.0,1.0,7.396412226257975e-05,0.0013879055895357206,0.10993177878015097,0.23935106245625382
separated,100,400,4.0,0.1,0.7,198,dkw,1.0,1.0,1.0,0.0,0.96,0.0,1.0,0.0006745906453060791,0.007659781783095787,0.18715073311699978,0.391963119755242
separated,100,400,4.0,0.1,0.7,199,cp,1.0,1.0,1.0,0.0,1.0,0.0,1.0,0.0006361919641535207,0.005801104647893518,0.08378820027165429,0.19501567866907576
separated,100,400,4.0,0.1,0.7,199,dkw,1.0,1.0,1.0,0.0,0.96,0.0,1.0,5.5516223581428824e-05,0.0013879055895357206,0.17010657385144115,0.37878402576316894
separated,100,400,4.0,0.1,0.7,200,cp,0.0,1.0,1.0,0.0,1.0,0.0,1.0,0.004390554424651793,0.029280424459179888,0.12098067993935245,0.2485662478020999
separated,100,400,4.0,0.1,0.7,200,dkw,1.0,1.0,1.0,0.0,0.96,0.0,1.0,0.007943851120232166,0.06310094808799416,0.19247228546570494,0.4033642093051525
separated,100,400,4.0,0.1,0.7,201,cp,1.0,1.0,1.0,0.0,1.0,0.0,1.0,0.00010894388902879637,0.0013879055895357206,0.10043318127038812,0.23090705342242812
separated,100,400,4.0,0.1,0.7,201,dkw,1.0,1.0,1.0,0.0,0.96,0.0,1.0,0.00036819937398224756,0.004857707356216601,0.17888694739999103,0.385643928246202
separated,100,400,4.0,0.1,0.7,202,cp,1.0,1.0,1.0,0.0,1.0,0.0,1.0,0.00036819937398224756,0.004857707356216601,0.0914807478103427,0.20554164385945217
separated,100,400,4.0,0.1,0.7,202,dkw,1.0,1.0,1.0,0.0,0.92,0.0,1.0,0.00258266218984593,0.021185762346493497,0.1744817003261829,0.38517251122313534
separated,100,400,4.0,0.1,0.7,203,cp,1.0,1.0,1.0,0.0,1.0,0.0,1.0,0.0036893777409749305,0.01730478700050242,0.09923310135212635,0.22998501438087693
separated,100,400,4.0,0.1,0.7,203,dkw,1.0,1.0,1.0,0.0,0.96,0.0,1.0,0.0030527024845362627,0.012967952435732899,0.17724670669659384,0.38612218404945
separated,100,400,4.0,0.1,0.7,204,cp,1.0,1.0,1.0,0.0,1.0,0.0,1.0,0.0011180537823116676,0.011086578425139715,0.09921830184192623,0.2353870418599504
separated,100,400,4.0,0.1,0.7,204,dkw,1.0,1.0,1.0,0.0,0.96,0.0,1.0,0.0037538791682131256,0.029280424459179888,0.17664893502423434,0.3887927548498432
separated,100,400,4.0,0.1,0.7,205,cp,1.0,1.0,1.0,0.0,1.0,0.0,1.0,0.0017352316959861902,0.015429447841863064,0.08777890254114584,0.23742509750706542
separated,100,400,4.0,0.1,0.7,205,dkw,1.0,1.0,1.0,0.0,0.92,0.0,1.0,0.0037538791682131256,0.029280424459179888,0.17214057306609706,0.390375230710419
separated,100,400,4.0,0.1,0.7,206,cp,1.0,1.0,1.0,0.0,1.0,0.0,1.0,0.0054198131967124,0.04164835071248185,0.08105473062099126,0.21368945971836983
separated,100,400,4.0,0.1,0.7,206,dkw,1.0,1.0,1.0,0.0,0.96,0.0,1.0,0.012314013295710998,0.1106419599765065,0.1650325446351505,0.3836238911196095
separated,100,400,4.0,0.1,0.7,207,cp,1.0,1.0,1.0,0.0,1.0,0.0,1.0,0.0055941451810979535,0.0176826732783657,0.07803826139815286,0.21568831001099076
separated,100,400,4.0,0.1,0.7,207,dkw,1.0,1.0,1.0,0.0,0.96,0.0,1.0,0.0055941451810979535,0.0176826732783657,0.16403208452575233,0.3778646107814867
separated,100,400,4.0,0.1,0.7,208,cp,1.0,1.0,1.0,0.0,1.0,0.0,1.0,0.00040414777823778004,0.0044288204922998675,0.09469422775162256,0.22841766715185008
separated,100,400,4.0,0.1,0.7,208,dkw,1.0,1.0,1.0,0.0,0.96,0.0,1.0,0.00010894388902879637,0.0013879055895357206,0.17555221186838602,0.3840775207875107
separated,100,400,4.0,0.1,0.7,209,cp,1.0,1.0,1.0,0.0,1.0,0.0,1.0,0.0006745906453060791,0.007659781783095787,0.09864828718109901,0.2557613198956249
separated,100,400,4.0,0.1,0.7,209,dkw,1.0,1.0,1.0,0.0,0.96,0.0,1.0,0.00258266218984593,0.021185762346493497,0.17740696535806819,0.3922902381376876
separated,100,400,4.0,0.1,0.7,210,cp,1.0,1.0,1.0,0.0,1.0,0.0,1.0,0.0001714787349643565,0.002951276737924724,0.09810333444268249,0.23944725609854434
separated,100,400,4.0,0.1,0.7,210,dkw,1.0,1.0,1.0,0.0,0.96,0.0,1.0,0.00010894388902879637,0.0013879055895357206,0.17724567493578,0.38765652758145
separated,100,400,4.0,0.1,0.7,211,cp,1.0,1.0,1.0,0.0,1.0,0.0,1.0,0.0003486315546563512,0.0044288204922998675,0.08788523314880799,0.23479654981678022
separated,100,400,4.0,0.1,0.7,211,dkw,1.0,1.0,1.0,0.0,0.96,0.0,1.0,0.00040414777823778004,0.0044288204922998675,0.16879984083824984,0.38306867930379973
separated,100,400,4.0,0.1,0.7,212,cp,1.0,1.0,1.0,0.0,1.0,0.0,1.0,0.0010048746304209156,0.01730478700050242,0.1005324611646809,0.24125864636930405
separated,100,400,4.0,0.1,0.7,212,dkw,1.0,1.0,1.0,0.0,0.96,0.0,1.0,0.0006745906453060791,0.007659781783095787,0.17852568704999386,0.39263113242859615
separated,100,400,4.0,0.1,0.7,213,cp,1.0,1.0,1.0,0.0,1.0,0.0,1.0,0.00539205674295319,0.02443241192207979,0.12011532610353014,0.2340376628173545
separated,100,400,4.0,0.1,0.7,213,dkw,1.0,1.0,1.0,0.0,0.96,0.0,1.0,0.00022699495854578534,0.002951276737924724,0.1959170210931971,0.39720094851214627
separated,100,400,4.0,0.1,0.7,214,cp,1.0,1.0,1.0,0.0,1.0,0.0,1.0,0.00040414777823778004,0.0044288204922998675,0.09192428201708498,0.25491221358395266
separated,100,400,4.0,0.1,0.7,214,dkw,1.0,1.0,1.0,0.0,0.96,0.0,1.0,0.0009199384301591218,0.007093661650140026,0.17109301983046826,0.38660692181043266
separated,100,400,4.0,0.1,0.7,215,cp,1.0,1.0,1.0,0.0,1.0,0.0,1.0,0.00040414777823778004,0.0044288204922998675,0.10293795793509147,0.2332211574560149
separated,100,400,4.0,0.1,0.7,215,dkw,1.0,1.0,1.0,0.0,0.96,0.0,1.0,0.00010894388902879637,0.0013879055895357206,0.18238694794798183,0.387215663514331
separated,100,400,4.0,0.1,0.7,216,cp,1.0,1.0,1.0,0.0,1.0,0.0,1.0,0.0017352316959861902,0.015429447841863064,0.08788138563985708,0.2332211574560149
separated,100,400,4.0,0.1,0.7,216,dkw,1.0,1.0,1.0,0.0,0.96,0.0,1.0,0.0054198131967124,0.04164835071248185,0.16946221902051722,0.387215663514331
separated,100,400,4.0,0.1,0.7,217,cp,1.0,1.0,1.0,0.0,1.0,0.0,1.0,0.0037538791682131256,0.029280424459179888,0.08825029880711582,0.23090705342242812
separated,100,400,4.0,0.1,0.7,217,dkw,1.0,1.0,1.0,0.0,0.96,0.0,1.0,0.012314013295710998,0.1106419599765065,0.16869510509201313,0.38511300387496794
separated,100,400,4.0,0.1,0.7,218,cp,1.0,1.0,1.0,0.0,1.0,0.0,1.0,0.0055941451810979535,0.0176826732783657,0.07123219493396171,0.21134484240788953
separated,100,400,4.0,0.1,0.7,218,dkw,1.0,1.0,1.0,0.0,0.96,0.0,1.0,0.0055941451810979535,0.0176826732783657,0.1603561348196894,0.3763244253700906
separated,100,400,4.0,0.1,0.7,219,cp,1.0,1.0,1.0,0.0,1.0,0.0,1.0,0.00040414777823778004,0.0044288204922998675,0.09028247441362136,0.20063467759147824
separated,100,400,4.0,0.1,0.7,219,dkw,1.0,1.0,1.0,0.0,0.96,0.0,1.0,5.5516223581428824e-05,0.0013879055895357206,0.17545546060855585,0.3819671763107537
separated,100,400,4.0,0.1,0.7,220,cp,1.0,1.0,1.0,0.0,1.0,0.0,1.0,0.0035460408237155904,0.021651530086902016,0.11093114807021566,0.2710155227034402
separated,100,400,4.0,0.1,0.7,220,dkw,1.0,1.0,1.0,0.0,0.96,0.0,1.0,0.00022699495854578534,0.002951276737924724,0.18382950708586246,0.39446843754119676
separated,100,400,4.0,0.1,0.7,221,cp,1.0,1.0,1.0,0.0,1.0,0.0,1.0,0.0011974989342101905,0.008326918190812438,0.11236331205889145,0.25901837808365813
separated,100,400,4.0,0.1,0.7,221,dkw,1.0,1.0,1.0,0.0,0.96,0.0,1.0,0.0006361919641535207,0.005801104647893518,0.1859262755654847,0.39263113242859615
separated,100,400,4.0,0.1,0.7,222,cp,1.0,1.0,1.0,0.0,1.0,0.0,1.0,0.00258266218984593,0.021185762346493497,0.08496795177963413,0.23090705342242812
separated,100,400,4.0,0.1,0.7,222,dkw,1.0,1.0,1.0,0.0,0.96,0.0,1.0,0.007943851120232166,0.06310094808799416,0.16727751301224214,0.385643928246202
separated,100,400,4.0,0.1,0.7,223,cp,1.0,1.0,1.0,0.0,1.0,0.0,1.0,0.00036819937398224756,0.004857707356216601,0.08834942196764828,0.2467721440725429
separated,100,400,4.0,0.1,0.7,223,dkw,1.0,1.0,1.0,0.0,0.96,0.0,1.0,0.00036819937398224756,0.004857707356216601,0.17055372519191153,0.38612218404945
separated,100,400,4.0,0.1,0.7,224,cp,1.0,1.0,1.0,0.0,1.0,0.0,1.0,0.00036819937398224756,0.004857707356216601,0.09093436453908627,0.2467721440725429
separated,100,400,4.0,0.1,0.7,224,dkw,1.0,1.0,1.0,0.0,0.96,0.0,1.0,0.0011180537823116676,0.011086578425139715,0.1708384508416431,0.38612218404945
separated,100,400,4.0,0.1,0.7,225,cp,1.0,1.0,1.0,0.0,1.0,0.0,1.0,0.0001714787349643565,0.002951276737924724,0.08544561206425934,0.2278409462939186
separated,100,400,4.0,0.1,0.7,225,dkw,1.0,1.0,1.0,0.0,0.96,0.0,1.0,0.00040414777823778004,0.0044288204922998675,0.16818045123585942,0.38306867930379973
separated,100,400,4.0,0.1,0.7,226,cp,1.0,1.0,1.0,0.0,1.0,0.0,1.0,0.00017389107973358352,0.0024981739367750944,0.09160662736596745,0.22841766715185008
separated,100,400,4.0,0.1,0.7,226,dkw,1.0,1.0,1.0,0.0,0.96,0.0,1.0,0.0011180537823116676,0.011086578425139715,0.17220850589101158,0.3840775207875107
separated,100,400,4.0,0.1,0.7,227,cp,1.0,1.0,1.0,0.0,1.0,0.0,1.0,1.844789868115093e-05,0.0004611974670287733,0.10029915012319285,0.24919214439272352
separated,100,400,4.0,0.1,0.7,227,dkw,1.0,1.0,1.0,0.0,0.96,0.0,1.0,0.00017389107973358352,0.0024981739367750944,0.17765328894181032,0.3911177498253826
separated,100,400,4.0,0.1,0.7,228,cp,1.0,1.0,1.0,0.0,1.0,0.0,1.0,0.00419663392316779,0.02443241192207979,0.11574139379714651,0.2381939037454598
separated,100,400,4.0,0.1,0.7,228,dkw,1.0,1.0,1.0,0.0,0.92,0.0,1.0,0.0054198131967124,0.04164835071248185,0.18928818896280217,0.4034692469988759
separated,100,400,4.0,0.1,0.7,229,cp,1.0,1.0,1.0,0.0,1.0,0.0,1.0,0.0055941451810979535,0.0176826732783657,0.08922774803173762,0.22275009099338772
separated,100,400,4.0,0.1,0.7,229,dkw,1.0,1.0,1.0,0.0,0.96,0.0,1.0,0.0055941451810979535,0.0176826732783657,0.17144544102714765,0.3809605772548572
separated,100,400,4.0,0.1,0.7,230,cp,1.0,1.0,1.0,0.0,1.0,0.0,1.0,0.0037538791682131256,0.029280424459179888,0.10244495968439328,0.26260624728315374
separated,100,400,4.0,0.1,0.7,230,dkw,1.0,1.0,1.0,0.0,0.96,0.0,1.0,0.012314013295710998,0.1106419599765065,0.17775089906309094,0.39829387251049064
separated,100,400,4.0,0.1,0.7,231,cp,1.0,1.0,1.0,0.0,1.0,0.0,1.0,0.005364296973130971,0.04164835071248185,0.0886733279008822,0.2512338765367558
separated,100,400,4.0,0.1,0.7,231,dkw,1.0,1.0,1.0,0.0,0.96,0.0,1.0,0.012314013295710998,0.1106419599765065,0.17049727942266654,0.3955050478363127
separated,100,400,4.0,0.1,0.7,232,cp,1.0,1.0,1.0,0.0,1.0,0.0,1.0,0.0017352316959861902,0.015429447841863064,0.08624959187334022,0.25788633649397763
separated,100,400,4.0,0.1,0.7,232,dkw,1.0,1.0,1.0,0.0,0.96,0.0,1.0,0.00258266218984593,0.021185762346493497,0.1678951659269355,0.3881056691572671
separated,100,400,4.0,0.1,0.7,233,cp,1.0,1.0,1.0,0.0,1.0,0.0,1.0,0.0017352316959861902,0.015429447841863064,0.0826815893357706,0.20554164385945217
separated,100,400,4.0,0.1,0.7,233,dkw,1.0,1.0,1.0,0.0,0.96,0.0,1.0,0.007943851120232166,0.06310094808799416,0.16725865633131945,0.38517251122313534
separated,100,400,4.0,0.1,0.7,234,cp,1.0,1.0,1.0,0.0,1.0,0.0,1.0,0.00036819937398224756,0.004857707356216601,0.10481908236094963,0.25376496585245545
separated,100,400,4.0,0.1,0.7,234,dkw,1.0,1.0,1.0,0.0,0.96,0.0,1.0,0.0011180537823116676,0.011086578425139715,0.18023754474597317,0.39074052812214644
separated,100,400,4.0,0.1,0.7,235,cp,1.0,1.0,1.0,0.0,1.0,0.0,1.0,0.0037538791682131256,0.029280424459179888,0.10220099275482304,0.2610412432503719
separated,100,400,4.0,0.1,0.7,235,dkw,1.0,1.0,1.0,0.0,0.92,0.0,1.0,0.007943851120232166,0.06310094808799416,0.17769796532547638,0.396970529070126
separated,100,400,4.0,0.1,0.7,236,cp,1.0,1.0,1.0,0.0,1.0,0.0,1.0,0.00017389107973358352,0.0024981739367750944,0.10207864057976587,0.2332211574560149
separated,100,400,4.0,0.1,0.7,236,dkw,1.0,1.0,1.0,0.0,0.96,0.0,1.0,0.0011180537823116676,0.011086578425139715,0.179631241429833,0.387215663514331
separated,100,400,4.0,0.1,0.7,237,cp,1.0,1.0,1.0,0.0,1.0,0.0,1.0,0.00017389107973358352,0.0024981739367750944,0.09940116487141605,0.23090705342242812
separated,100,400,4.0,0.1,0.7,237,dkw,1.0,1.0,1.0,0.0,0.96,0.0,1.0,0.0011180537823116676,0.011086578425139715,0.17758730956056287,0.385643928246202
separated,100,400,4.0,0.1,0.7,238,cp,1.0,1.0,1.0,0.0,1.0,0.0,1.0,0.00036819937398224756,0.004857707356216601,0.08364255375263997,0.22841766715185008
separated,100,400,4.0,0.1,0.7,238,dkw,1.0,1.0,1.0,0.0,0.96,0.0,1.0,0.0011180537823116676,0.011086578425139715,0.16893958876157908,0.3840775207875107
separated,100,400,4.0,0.1,0.7,239,cp,1.0,1.0,1.0,0.0,1.0,0.0,1.0,0.012314013295710998,0.1106419599765065,0.07770907935289138,0.23313572041719677
separated,100,400,4.0,0.1,0.7,239,dkw,1.0,1.0,1.0,0.0,0.92,0.0,1.0,0.012314013295710998,0.1106419599765065,0.1627063269570786,0.38003524485631635
separated,100,400,4.0,0.1,0.7,240,cp,1.0,1.0,1.0,0.0,1.0,0.0,1.0,5.342766544736755e-05,0.0013356916361841886,0.10795117378912027,0.2531682837784883
separated,100,400,4.0,0.1,0.7,240,dkw,1.0,1.0,1.0,0.0,0.92,0.0,1.0,7.396412226257975e-05,0.0013879055895357206,0.1853883426760371,0.3922902381376876
separated,100,400,4.0,0.1,0.7,241,cp,1.0,1.0,1.0,0.0,1.0,0.0,1.0,0.00017389107973358352,0.0024981739367750944,0.10200437777951517,0.2353870418599504
separated,100,400,4.0,0.1,0.7,241,dkw,1.0,1.0,1.0,0.0,0.96,0.0,1.0,0.0011180537823116676,0.011086578425139715,0.17999078569732752,0.3887927548498432
separated,100,400,4.0,0.1,0.7,242,cp,1.0,1.0,1.0,0.0,1.0,0.0,1.0,0.00010894388902879637,0.0013879055895357206,0.08810799772886924,0.22571604592431327
separated,100,400,4.0,0.1,0.7,242,dkw,1.0,1.0,1.0,0.0,0.96,0.0,1.0,7.396412226257975e-05,0.0013879055895357206,0.17093350037348595,0.38251641307829753
separated,100,400,4.0,0.1,0.7,243,cp,1.0,1.0,1.0,0.0,1.0,0.0,1.0,0.0011180537823116676,0.011086578425139715,0.08104596367569186,0.20063467759147824
separated,100,400,4.0,0.1,0.7,243,dkw,1.0,1.0,1.0,0.0,0.92,0.0,1.0,0.0037538791682131256,0.029280424459179888,0.16698142324996013,0.3819671763107537
separated,100,400,4.0,0.1,0.7,244,cp,1.0,1.0,1.0,0.0,1.0,0.0,1.0,0.00040414777823778004,0.0044288204922998675,0.1029915699547815,0.20779423558474663
separated,100,400,4.0,0.1,0.7,244,dkw,1.0,1.0,1.0,0.0,0.96,0.0,1.0,5.5516223581428824e-05,0.0013879055895357206,0.18609843210574747,0.38678357310875433
separated,100,400,4.0,0.1,0.7,245,cp,0.0,0.0,1.0,0.0,1.0,0.0,1.0,0.004666674217858122,0.02443241192207979,0.11052267054749883,0.22745240265985855
separated,100,400,4.0,0.1,0.7,245,dkw,1.0,1.0,1.0,0.0,0.96,0.0,1.0,0.0030527024845362627,0.012967952435732899,0.1869408430833953,0.39263113242859615
separated,100,400,4.0,0.1,0.7,246,cp,1.0,1.0,1.0,0.0,1.0,0.0,1.0,0.0006745906453060791,0.007659781783095787,0.0780848639569813,0.20063467759147824
separated,100,400,4.0,0.1,0.7,246,dkw,1.0,1.0,1.0,0.0,0.96,0.0,1.0,0.0017352316959861902,0.015429447841863064,0.167144754224442,0.3819671763107537
separated,100,400,4.0,0.1,0.7,247,cp,1.0,1.0,1.0,0.0,1.0,0.0,1.0,0.0006745906453060791,0.007659781783095787,0.08378139229003687,0.2031620714672726
separated,100,400,4.0,0.1,0.7,247,dkw,1.0,1.0,1.0,0.0,0.96,0.0,1.0,0.0037538791682131256,0.029280424459179888,0.16907999618740127,0.3835670557170203
separated,100,400,4.0,0.1,0.7,248,cp,1.0,1.0,1.0,0.0,1.0,0.0,1.0,0.000864422206577693,0.007093661650140026,0.0948508893174035,0.22323336723769638
separated,100,400,4.0,0.1,0.7,248,dkw,1.0,1.0,1.0,0.0,0.96,0.0,1.0,0.0009199384301591218,0.007093661650140026,0.17689031403850491,0.3840775207875107
separated,100,400,4.0,0.1,0.7,249,cp,1.0,1.0,1.0,0.0,1.0,0.0,1.0,0.001633721639993544,0.009517662055048115,0.1078294055312712,0.25162064867520106
separated,100,400,4.0,0.1,0.7,249,dkw,1.0,1.0,1.0,0.0,0.92,0.0,1.0,0.0006361919641535207,0.005801104647893518,0.18364393081555036,0.3891959668016105
crossing,100,400,4.0,0.01,0.7,0,cp,1.0,1.0,1.0,0.0,0.0,0.0,0.0,0.038779960317720484,0.12023074069810574,0.20768576719087556,0.2526084323226211
crossing,100,400,4.0,0.01,0.7,0,dkw,1.0,1.0,1.0,0.0,0.0,0.0,0.0,0.03332963721948148,0.1303854875283446,0.25210181033923207,0.2719345242512089
crossing,100,400,4.0,0.01,0.7,1,cp,1.0,1.0,1.0,0.0,0.0,0.0,0.0,0.01615293610616615,0.08316548437573729,0.19658670028899003,0.2439767595279717
crossing,100,400,4.0,0.01,0.7,1,dkw,1.0,1.0,1.0,0.0,0.0,0.0,0.0,0.02233402334100002,0.10910957078160166,0.24132637093120432,0.29498833183705564
crossing,100,400,4.0,0.01,0.7,2,cp,1.0,1.0,1.0,0.0,0.0,0.0,0.0,0.005755157064027874,0.028545808724175337,0.20819921413716272,0.2579848038366932
crossing,100,400,4.0,0.01,0.7,2,dkw,1.0,1.0,1.0,0.0,0.0,0.0,0.0,0.01384709025202179,0.08316548437573729,0.2762578393417001,0.3401685132131559
crossing,100,400,4.0,0.01,0.7,3,cp,1.0,1.0,1.0,0.0,0.0,0.0,0.0,0.024823455257412187,0.09683427142838308,0.21639647060295508,0.24881799634708907
crossing,100,400,4.0,0.01,0.7,3,dkw,1.0,1.0,1.0,0.0,0.0,0.0,0.0,0.03132818591210182,0.1303854875283446,0.2670749507677312,0.2997246149972356
crossing,100,400,4.0,0.01,0.7,4,cp,1.0,1.0,1.0,0.0,0.0,0.0,0.0,0.021088011785912103,0.10910957078160166,0.22190750377217028,0.25427287272410376
crossing,100,400,4.0,0.01,0.7,4,dkw,1.0,1.0,1.0,0.0,0.0,0.0,0.0,0.02590196325007102,0.12023074069810574,0.25004839389988237,0.26992501854269957
crossing,100,400,4.0,0.01,0.7,5,cp,1.0,1.0,1.0,0.0,0.0,0.0,0.0,0.02886187367670648,0.08004679670371673,0.23770131137237585,0.2728097800805922
crossing,100,400,4.0,0.01,0.7,5,dkw,1.0,1.0,1.0,0.0,0.0,0.0,0.0,0.032828517905011574,0.08004679670371673,0.27391246096070376,0.293796562075655
crossing,100,400,4.0,0.01,0.7,6,cp,1.0,1.0,1.0,0.0,0.0,0.0,0.0,0.020502071345700975,0.10910957078160166,0.21902821419723695,0.23944264285568395
crossing,100,400,4.0,0.01,0.7,6,dkw,1.0,1.0,1.0,0.0,0.0,0.0,0.0,0.017120079707648964,0.09683427142838308,0.26053522776020555,0.2756674172290765
crossing,100,400,4.0,0.01,0.7,7,cp,1.0,1.0,1.0,0.0,0.0,0.0,0.0,0.007655863150362561,0.045523681005445404,0.240692294378169,0.26040088295829567
crossing,100,400,4.0,0.01,0.7,7,dkw,1.0,1.0,1.0,0.0,0.0,0.0,0.0,0.012061600171893833,0.045523681005445404,0.2880089565413423,0.31820590410218696
crossing,100,400,4.0,0.01,0.7,8,cp,1.0,1.0,1.0,0.0,0.0,0.0,0.0,0.026406988606607264,0.10910957078160166,0.20500493496768335,0.23632774793608263
crossing,100,400,4.0,0.01,0.7,8,dkw,1.0,1.0,1.0,0.0,0.0,0.0,0.0,0.02233402334100002,0.10910957078160166,0.24852856407214663,0.2784565594805053
crossing,100,400,4.0,0.01,0.7,9,cp,1.0,1.0,1.0,0.0,0.0,0.0,0.0,0.018707948841789786,0.08316548437573729,0.1923940207991726,0.21108916502476344
crossing,100,400,4.0,0.01,0.7,9,dkw,1.0,1.0,1.0,0.0,0.0,0.0,0.0,0.018707948841789786,0.08316548437573729,0.23725499005832984,0.27671983771531644
crossing,100,400,4.0,0.01,0.7,10,cp,1.0,1.0,1.0,0.0,0.0,0.0,0.0,0.008526839047011223,0.05878190040811415,0.22992989151441046,0.26472519309125875
crossing,100,400,4.0,0.01,0.7,10,dkw,1.0,1.0,1.0,0.0,0.0,0.0,0.0,0.013582853784235835,0.08316548437573729,0.2846794000792327,0.3166554895601586
crossing,100,400,4.0,0.01,0.7,11,cp,1.0,1.0,1.0,0.0,0.0,0.0,0.0,0.03750703090930905,0.14359667222319933,0.20654645246426162,0.2481567804732358
crossing,100,400,4.0,0.01,0.7,11,dkw,1.0,1.0,1.0,0.0,0.0,0.0,0.0,0.036547725175815796,0.14359667222319933,0.24921412269936524,0.2610638821438646
crossing,100,400,4.0,0.01,0.7,12,cp,1.0,1.0,1.0,0.0,0.0,0.0,0.0,0.019722699379139313,0.09683427142838308,0.21444476722732334,0.23969722478405925
crossing,100,400,4.0,0.01,0.7,12,dkw,1.0,1.0,1.0,0.0,0.0,0.0,0.0,0.016873696236347584,0.09683427142838308,0.2586758047612905,0.2765906755996015
crossing,100,400,4.0,0.01,0.7,13,cp,1.0,1.0,1.0,0.0,0.0,0.0,0.0,0.015046736304844304,0.08316548437573729,0.2092817510439093,0.2429581245491863
crossing,100,400,4.0,0.01,0.7,13,dkw,1.0,1.0,1.0,0.0,0.0,0.0,0.0,0.01768957137632762,0.09683427142838308,0.2507368169587023,0.27956068849558036
crossing,100,400,4.0,0.01,0.7,14,cp,1.0,1.0,1.0,0.0,0.0,0.0,0.0,0.0217929477846639,0.09683427142838308,0.22948206096228888,0.26210802356638574
crossing,100,400,4.0,0.01,0.7,14,dkw,1.0,1.0,1.0,0.0,0.0,0.0,0.0,0.02327083235074174,0.09683427142838308,0.27134482296459184,0.2890735052827397
crossing,100,400,4.0,0.01,0.7,15,cp,1.0,1.0,1.0,0.0,0.0,0.0,0.0,0.013526243911332624,0.06948618691543856,0.22255688640986254,0.25169663536673825
crossing,100,400,4.0,0.01,0.7,15,dkw,1.0,1.0,1.0,0.0,0.0,0.0,0.0,0.024837609793360648,0.12023074069810574,0.27388043499361897,0.3033122088881512
crossing,100,400,4.0,0.01,0.7,16,cp,1.0,1.0,1.0,0.0,0.0,0.0,0.0,0.03397073068979625,0.10910957078160166,0.21035006357869984,0.25427287272410376
crossing,100,400,4.0,0.01,0.7,16,dkw,1.0,1.0,1.0,0.0,0.0,0.0,0.0,0.027726484383953295,0.12023074069810574,0.25118924934297504,0.2785257122675383
crossing,100,400,4.0,0.01,0.7,17,cp,1.0,1.0,1.0,0.0,0.0,0.0,0.0,0.020748454817002354,0.10910957078160166,0.20977182957556068,0.23109076988646138
crossing,100,400,4.0,0.01,0.7,17,dkw,1.0,1.0,1.0,0.0,0.0,0.0,0.0,0.024589699041011947,0.10910957078160166,0.2594811527864654,0.2769084216104619
crossing,100,400,4.0,0.01,0.7,18,cp,1.0,1.0,1.0,0.0,0.0,0.0,0.0,0.013784815117707601,0.06948618691543856,0.22412581735063256,0.25222880921639257
crossing,100,400,4.0,0.01,0.7,18,dkw,1.0,1.0,1.0,0.0,0.0,0.0,0.0,0.025777620395886408,0.12023074069810574,0.2723389503622116,0.30377060832341585
crossing,100,400,4.0,0.01,0.7,19,cp,1.0,1.0,1.0,0.0,0.0,0.0,0.0,0.03652171736087429,0.14359667222319933,0.21107431470992,0.254996008998947
crossing,100,400,4.0,0.01,0.7,19,dkw,1.0,1.0,1.0,0.0,0.0,0.0,0.0,0.03652171736087429,0.14359667222319933,0.24747204646908666,0.2668684475449286
crossing,100,400,4.0,0.01,0.7,20,cp,1.0,1.0,1.0,0.0,0.0,0.0,0.0,0.007086079422729608,0.05878190040811415,0.23013146500579545,0.2504835974674241
crossing,100,400,4.0,0.01,0.7,20,dkw,1.0,1.0,1.0,0.0,0.0,0.0,0.0,0.015216613109736554,0.06948618691543856,0.2791228438556446,0.3107821467495972
crossing,100,400,4.0,0.01,0.7,21,cp,1.0,1.0,1.0,0.0,0.0,0.0,0.0,0.0249195827846789,0.12023074069810574,0.2105884308522332,0.24089143235812382
crossing,100,400,4.0,0.01,0.7,21,dkw,1.0,1.0,1.0,0.0,0.0,0.0,0.0,0.02152655335461042,0.10910957078160166,0.2509730599004925,0.2678336882074175
crossing,100,400,4.0,0.01,0.7,22,cp,1.0,1.0,1.0,0.0,0.0,0.0,0.0,0.007808739505507569,0.05878190040811415,0.2096687481845987,0.2542220703363861
crossing,100,400,4.0,0.01,0.7,22,dkw,1.0,1.0,1.0,0.0,0.0,0.0,0.0,0.01384709025202179,0.08316548437573729,0.2552101397475679,0.299393010439322
crossing,100,400,4.0,0.01,0.7,23,cp,1.0,1.0,1.0,0.0,0.0,0.0,0.0,0.028162921963400814,0.12023074069810574,0.21693288063435354,0.24417469023263816
crossing,100,400,4.0,0.01,0.7,23,dkw,1.0,1.0,1.0,0.0,0.0,0.0,0.0,0.03132818591210182,0.1303854875283446,0.2616277175800694,0.28220276933687477
crossing,100,400,4.0,0.01,0.7,24,cp,1.0,1.0,1.0,0.0,0.0,0.0,0.0,0.004270523077421507,0.045523681005445404,0.23666611402130386,0.26256171123999134
crossing,100,400,4.0,0.01,0.7,24,dkw,1.0,1.0,1.0,0.0,0.0,0.0,0.0,0.011497384893361697,0.06948618691543856,0.2816533778145167,0.30558480463889054
crossing,100,400,4.0,0.01,0.7,25,cp,1.0,1.0,1.0,0.0,0.0,0.0,0.0,0.03150276691361283,0.12023074069810574,0.22723729869402548,0.2583528131754168
crossing,100,400,4.0,0.01,0.7,25,dkw,1.0,1.0,1.0,0.0,0.0,0.0,0.0,0.03127461735555573,0.12023074069810574,0.26042200238454294,0.28066186629433454
crossing,100,400,4.0,0.01,0.7,26,cp,1.0,1.0,1.0,0.0,0.0,0.0,0.0,0.028582329479871355,0.10910957078160166,0.2231566393680321,0.25372970956672103
crossing,100,400,4.0,0.01,0.7,26,dkw,1.0,1.0,1.0,0.0,0.0,0.0,0.0,0.025803628210827913,0.12023074069810574,0.27544635077539253,0.2966786787058541
crossing,100,400,4.0,0.01,0.7,27,cp,1.0,1.0,1.0,0.0,0.0,0.0,0.0,0.008691916830127187,0.05878190040811415,0.2270129994690917,0.25216767848535493
crossing,100,400,4.0,0.01,0.7,27,dkw,1.0,1.0,1.0,0.0,0.0,0.0,0.0,0.01725241501889515,0.09683427142838308,0.27201161448304706,0.306115261783925
crossing,100,400,4.0,0.01,0.7,28,cp,1.0,1.0,1.0,0.0,0.0,0.0,0.0,0.01284431421485576,0.06948618691543856,0.22802772032795443,0.26213296641762895
crossing,100,400,4.0,0.01,0.7,28,dkw,1.0,1.0,1.0,0.0,0.0,0.0,0.0,0.028771809356643186,0.09683427142838308,0.27697906200569306,0.31015082087433965
crossing,100,400,4.0,0.01,0.7,29,cp,1.0,1.0,1.0,0.0,0.0,0.0,0.0,0.008303284500317573,0.045523681005445404,0.2220460768819979,0.24696500539258787
crossing,100,400,4.0,0.01,0.7,29,dkw,1.0,1.0,1.0,0.0,0.0,0.0,0.0,0.02043930070322657,0.08316548437573729,0.279401991898421,0.32331530368910294
crossing,100,400,4.0,0.01,0.7,30,cp,1.0,1.0,1.0,0.0,0.0,0.0,0.0,0.02999840799499308,0.1303854875283446,0.21580155732009745,0.24727791914310382
crossing,100,400,4.0,0.01,0.7,30,dkw,1.0,1.0,1.0,0.0,0.0,0.0,0.0,0.030980788460385197,0.1303854875283446,0.2593742214078456,0.2692709347183923
crossing,100,400,4.0,0.01,0.7,31,cp,1.0,1.0,1.0,0.0,0.0,0.0,0.0,0.05058317065875286,0.14359667222319933,0.21543835320989374,0.24254462862928805
crossing,100,400,4.0,0.01,0.7,31,dkw,1.0,1.0,1.0,0.0,0.0,0.0,0.0,0.031999859302372737,0.1303854875283446,0.26249584766244033,0.2762073093487291
crossing,100,400,4.0,0.01,0.7,32,cp,1.0,1.0,1.0,0.0,0.0,0.0,0.0,0.029326450790944977,0.06948618691543856,0.2281232918183411,0.2518636108125245
crossing,100,400,4.0,0.01,0.7,32,dkw,1.0,1.0,1.0,0.0,0.0,0.0,0.0,0.033603536818218135,0.08316548437573729,0.2680586282108901,0.2803832256431112
crossing,100,400,4.0,0.01,0.7,33,cp,1.0,1.0,1.0,0.0,0.0,0.0,0.0,0.01731765873245911,0.09683427142838308,0.20646061081025963,0.2284833008514433
crossing,100,400,4.0,0.01,0.7,33,dkw,1.0,1.0,1.0,0.0,0.0,0.0,0.0,0.01683382478854666,0.09683427142838308,0.2545317349153206,0.27180506540844673
crossing,100,400,4.0,0.01,0.7,34,cp,1.0,1.0,1.0,0.0,0.0,0.0,0.0,0.01789817824525703,0.09683427142838308,0.21468318454180377,0.24333267442340822
crossing,100,400,4.0,0.01,0.7,34,dkw,1.0,1.0,1.0,0.0,0.0,0.0,0.0,0.020961323931658553,0.09683427142838308,0.2603006862254736,0.2754808992994624
crossing,100,400,4.0,0.01,0.7,35,cp,1.0,1.0,1.0,0.0,0.0,0.0,0.0,0.010575243091249622,0.06948618691543856,0.22211835087238757,0.25024596917396325
crossing,100,400,4.0,0.01,0.7,35,dkw,1.0,1.0,1.0,0.0,0.0,0.0,0.0,0.016277820467900633,0.09683427142838308,0.27067813941376084,0.3064241936382145
crossing,100,400,4.0,0.01,0.7,36,cp,1.0,1.0,1.0,0.0,0.0,0.0,0.0,0.01656977351304953,0.09683427142838308,0.2090527946704227,0.2528907396261294
crossing,100,400,4.0,0.01,0.7,36,dkw,1.0,1.0,1.0,0.0,0.0,0.0,0.0,0.01572864191995358,0.09683427142838308,0.2497999080544345,0.276554155165493
crossing,100,400,4.0,0.01,0.7,37,cp,1.0,1.0,1.0,0.0,0.0,0.0,0.0,0.01815428084162075,0.09683427142838308,0.20682518868041863,0.23966946440358855
crossing,100,400,4.0,0.01,0.7,37,dkw,1.0,1.0,1.0,0.0,0.0,0.0,0.0,0.01731765873245911,0.09683427142838308,0.251555353907449,0.27605966437241536
crossing,100,400,4.0,0.01,0.7,38,cp,1.0,1.0,1.0,0.0,0.0,0.0,0.0,0.02802623916705028,0.09683427142838308,0.21853060436293423,0.2435657591780916
crossing,100,400,4.0,0.01,0.7,38,dkw,1.0,1.0,1.0,0.0,0.0,0.0,0.0,0.024631252460260353,0.10910957078160166,0.2678070800038568,0.29682942870148066
crossing,100,400,4.0,0.01,0.7,39,cp,1.0,1.0,1.0,0.0,0.0,0.0,0.0,0.012663227137347417,0.08316548437573729,0.22357668134714737,0.2485403974904966
crossing,100,400,4.0,0.01,0.7,39,dkw,1.0,1.0,1.0,0.0,0.0,0.0,0.0,0.018990894747932544,0.09683427142838308,0.2674798676227187,0.28233917565880196
crossing,100,400,4.0,0.01,0.7,40,cp,1.0,1.0,1.0,0.0,0.0,0.0,0.0,0.018870669229102684,0.08316548437573729,0.22705912065533662,0.25398423761700395
crossing,100,400,4.0,0.01,0.7,40,dkw,1.0,1.0,1.0,0.0,0.0,0.0,0.0,0.028909503810669434,0.10910957078160166,0.2698276176143997,0.3001311840839189
crossing,100,400,4.0,0.01,0.7,41,cp,1.0,1.0,1.0,0.0,0.0,0.0,0.0,0.022029831472816074,0.10910957078160166,0.21705612314794043,0.2445690662010072
crossing,100,400,4.0,0.01,0.7,41,dkw,1.0,1.0,1.0,0.0,0.0,0.0,0.0,0.02152655335461042,0.10910957078160166,0.2619373595794008,0.28616832013356835
crossing,100,400,4.0,0.01,0.7,42,cp,1.0,1.0,1.0,0.0,0.0,0.0,0.0,0.015066646597741862,0.08316548437573729,0.21393538979878401,0.23604931780808136
crossing,100,400,4.0,0.01,0.7,42,dkw,1.0,1.0,1.0,0.0,0.0,0.0,0.0,0.019218086755308752,0.08316548437573729,0.2617682995338775,0.288252894926683
crossing,100,400,4.0,0.01,0.7,43,cp,1.0,1.0,1.0,0.0,0.0,0.0,0.0,0.01683382478854666,0.09683427142838308,0.20955897060417825,0.23544727434492174
crossing,100,400,4.0,0.01,0.7,43,dkw,1.0,1.0,1.0,0.0,0.0,0.0,0.0,0.01789817824525703,0.09683427142838308,0.2510710700261709,0.2662752652834739
crossing,100,400,4.0,0.01,0.7,44,cp,1.0,1.0,1.0,0.0,0.0,0.0,0.0,0.00836699525412635,0.05878190040811415,0.21100767780250748,0.2483399570784265
crossing,100,400,4.0,0.01,0.7,44,dkw,1.0,1.0,1.0,0.0,0.0,0.0,0.0,0.013444287875323787,0.08316548437573729,0.268858467231287,0.3077621369665618
crossing,100,400,4.0,0.01,0.7,45,cp,1.0,1.0,1.0,0.0,0.0,0.0,0.0,0.016939153951779737,0.09683427142838308,0.20653610994802626,0.25051469877163474
crossing,100,400,4.0,0.01,0.7,45,dkw,1.0,1.0,1.0,0.0,0.0,0.0,0.0,0.026894073568345406,0.12023074069810574,0.23799014836130689,0.2739306180817666
crossing,100,400,4.0,0.01,0.7,46,cp,1.0,1.0,1.0,0.0,0.0,0.0,0.0,0.01696848209902927,0.09683427142838308,0.21572133926185758,0.23894164615660107
crossing,100,400,4.0,0.01,0.7,46,dkw,1.0,1.0,1.0,0.0,0.0,0.0,0.0,0.017120079707648964,0.09683427142838308,0.26782431104368476,0.29360534192941423
crossing,100,400,4.0,0.01,0.7,47,cp,1.0,1.0,1.0,0.0,0.0,0.0,0.0,0.02363120147304912,0.06948618691543856,0.22867898134795883,0.2697429436784412
crossing,100,400,4.0,0.01,0.7,47,dkw,1.0,1.0,1.0,0.0,0.0,0.0,0.0,0.025316112762090573,0.09683427142838308,0.2783523008249444,0.29038946766023127
crossing,100,400,4.0,0.01,0.7,48,cp,1.0,1.0,1.0,0.0,0.0,0.0,0.0,0.01629905594323682,0.09683427142838308,0.20542647790650803,0.2377625811564445
crossing,100,400,4.0,0.01,0.7,48,dkw,1.0,1.0,1.0,0.0,0.0,0.0,0.0,0.01789817824525703,0.09683427142838308,0.25700321502010914,0.2739759636961019
crossing,100,400,4.0,0.01,0.7,49,cp,1.0,1.0,1.0,0.0,0.0,0.0,0.0,0.02738189573786726,0.09683427142838308,0.22256709810893485,0.2611458362684487
crossing,100,400,4.0,0.01,0.7,49,dkw,1.0,1.0,1.0,0.0,0.0,0.0,0.0,0.023139083486426636,0.10910957078160166,0.2542000952169628,0.27206121872307976
crossing,100,400,4.0,0.01,0.7,50,cp,1.0,1.0,1.0,0.0,0.0,0.0,0.0,0.02578027616523891,0.12023074069810574,0.211161985764007,0.2568689824612201
crossing,100,400,4.0,0.01,0.7,50,dkw,1.0,1.0,1.0,0.0,0.0,0.0,0.0,0.036547725175815796,0.14359667222319933,0.24862061089464418,0.2770348614918008
crossing,100,400,4.0,0.01,0.7,51,cp,1.0,1.0,1.0,0.0,0.0,0.0,0.0,0.021098559850556954,0.10910957078160166,0.2110704809578681,0.24625546527223785
crossing,100,400,4.0,0.01,0.7,51,dkw,1.0,1.0,1.0,0.0,0.0,0.0,0.0,0.02121757016854102,0.10910957078160166,0.25043218161943637,0.2681103278860042
crossing,100,400,4.0,0.01,0.7,52,cp,1.0,1.0,1.0,0.0,0.0,0.0,0.0,0.014565770200434574,0.08316548437573729,0.2193993639438233,0.24361871544836267
crossing,100,400,4.0,0.01,0.7,52,dkw,1.0,1.0,1.0,0.0,0.0,0.0,0.0,0.02327083235074174,0.09683427142838308,0.2624887173679468,0.28019341464382186
crossing,100,400,4.0,0.01,0.7,53,cp,1.0,1.0,1.0,0.0,0.0,0.0,0.0,0.01965483929600358,0.09683427142838308,0.19563587253358,0.22531709729504934
crossing,100,400,4.0,0.01,0.7,53,dkw,1.0,1.0,1.0,0.0,0.0,0.0,0.0,0.017721248071759656,0.09683427142838308,0.24536713803366406,0.26603084880305117
crossing,100,400,4.0,0.01,0.7,54,cp,1.0,1.0,1.0,0.0,0.0,0.0,0.0,0.0301882177945835,0.09683427142838308,0.22001909424551214,0.26138960503530917
crossing,100,400,4.0,0.01,0.7,54,dkw,1.0,1.0,1.0,0.0,0.0,0.0,0.0,0.023410128250319663,0.09683427142838308,0.2564213682097947,0.2776522497593772
crossing,100,400,4.0,0.01,0.7,55,cp,1.0,1.0,1.0,0.0,0.0,0.0,0.0,0.01563042464170155,0.05878190040811415,0.2351493153088671,0.2613336870187388
crossing,100,400,4.0,0.01,0.7,55,dkw,1.0,1.0,1.0,0.0,0.0,0.0,0.0,0.022010110352704393,0.08316548437573729,0.2788684491823527,0.3077621369665618
crossing,100,400,4.0,0.01,0.7,56,cp,1.0,1.0,1.0,0.0,0.0,0.0,0.0,0.01532920077040833,0.05878190040811415,0.2276838455576527,0.2534269762984219
crossing,100,400,4.0,0.01,0.7,56,dkw,1.0,1.0,1.0,0.0,0.0,0.0,0.0,0.025777620395886408,0.12023074069810574,0.2762985388648076,0.30887386108460085
crossing,100,400,4.0,0.01,0.7,57,cp,1.0,1.0,1.0,0.0,0.0,0.0,0.0,0.012062114930630023,0.06948618691543856,0.2161183967413214,0.248591428164337
crossing,100,400,4.0,0.01,0.7,57,dkw,1.0,1.0,1.0,0.0,0.0,0.0,0.0,0.020663438774500883,0.10910957078160166,0.26488481740576086,0.306487277825761
crossing,100,400,4.0,0.01,0.7,58,cp,1.0,1.0,1.0,0.0,0.0,0.0,0.0,0.012696402655914207,0.08316548437573729,0.21701706867717793,0.2588142046259573
crossing,100,400,4.0,0.01,0.7,58,dkw,1.0,1.0,1.0,0.0,0.0,0.0,0.0,0.02099439858290368,0.10910957078160166,0.26010892621028825,0.2855154116935279
crossing,100,400,4.0,0.01,0.7,59,cp,1.0,1.0,1.0,0.0,0.0,0.0,0.0,0.020761393509927707,0.10910957078160166,0.20575420417954057,0.23864922022340995
crossing,100,400,4.0,0.01,0.7,59,dkw,1.0,1.0,1.0,0.0,0.0,0.0,0.0,0.020359532557333512,0.10910957078160166,0.23858616929548962,0.25735340138604745
crossing,100,400,4.0,0.01,0.7,60,cp,1.0,1.0,1.0,0.0,0.0,0.0,0.0,0.02328321440535697,0.10910957078160166,0.19453452751436096,0.21736395791266894
crossing,100,400,4.0,0.01,0.7,60,dkw,1.0,1.0,1.0,0.0,0.0,0.0,0.0,0.022518663672884815,0.10910957078160166,0.23818654275467177,0.25946718570589333
crossing,100,400,4.0,0.01,0.7,61,cp,1.0,1.0,1.0,0.0,0.0,0.0,0.0,0.02328321440535697,0.10910957078160166,0.1921111090509743,0.2157866822215252
crossing,100,400,4.0,0.01,0.7,61,dkw,1.0,1.0,1.0,0.0,0.0,0.0,0.0,0.021349623181113046,0.10910957078160166,0.24516630879666867,0.2666097268519334
crossing,100,400,4.0,0.01,0.7,62,cp,1.0,1.0,1.0,0.0,0.0,0.0,0.0,0.020538357830373895,0.09683427142838308,0.21070143990958054,0.23428857465839292
crossing,100,400,4.0,0.01,0.7,62,dkw,1.0,1.0,1.0,0.0,0.0,0.0,0.0,0.020538357830373895,0.09683427142838308,0.26036526504241536,0.29373664675456557
crossing,100,400,4.0,0.01,0.7,63,cp,1.0,1.0,1.0,0.0,0.0,0.0,0.0,0.01436743948981777,0.08316548437573729,0.21159803883364567,0.2419727310517047
crossing,100,400,4.0,0.01,0.7,63,dkw,1.0,1.0,1.0,0.0,0.0,0.0,0.0,0.013439522525303232,0.08316548437573729,0.2593145902325476,0.28042524844121436
crossing,100,400,4.0,0.01,0.7,64,cp,1.0,1.0,1.0,0.0,0.0,0.0,0.0,0.029118484795505,0.05878190040811415,0.22130327738592542,0.26021606520104046
crossing,100,400,4.0,0.01,0.7,64,dkw,1.0,1.0,1.0,0.0,0.0,0.0,0.0,0.028722142040562545,0.12023074069810574,0.2781688066908853,0.3204085080477013
crossing,100,400,4.0,0.01,0.7,65,cp,0.0,1.0,1.0,0.0,0.0,0.0,0.0,0.012274460420949476,0.08316548437573729,0.21376697291481023,0.24729895584738276
crossing,100,400,4.0,0.01,0.7,65,dkw,1.0,1.0,1.0,0.0,0.0,0.0,0.0,0.013042426922729588,0.08316548437573729,0.26545906864455593,0.29169494028652165
crossing,100,400,4.0,0.01,0.7,66,cp,1.0,1.0,1.0,0.0,0.0,0.0,0.0,0.02328321440535697,0.10910957078160166,0.18483366093869155,0.2152707471166052
crossing,100,400,4.0,0.01,0.7,66,dkw,1.0,1.0,1.0,0.0,0.0,0.0,0.0,0.021349623181113046,0.10910957078160166,0.22007330478128473,0.2446967624834273
crossing,100,400,4.0,0.01,0.7,67,cp,1.0,1.0,1.0,0.0,0.0,0.0,0.0,0.01317063722495714,0.08316548437573729,0.21609715541770516,0.2642619267457446
crossing,100,400,4.0,0.01,0.7,67,dkw,1.0,1.0,1.0,0.0,0.0,0.0,0.0,0.016606663706050618,0.09683427142838308,0.2588380661274672,0.294523633426489
crossing,100,400,4.0,0.01,0.7,68,cp,1.0,1.0,1.0,0.0,0.0,0.0,0.0,0.007064570373310106,0.05878190040811415,0.22970438498618684,0.26283197917819723
crossing,100,400,4.0,0.01,0.7,68,dkw,1.0,1.0,1.0,0.0,0.0,0.0,0.0,0.00930200736218245,0.06948618691543856,0.27860724044109075,0.31406805958100276
crossing,100,400,4.0,0.01,0.7,69,cp,1.0,1.0,1.0,0.0,0.0,0.0,0.0,0.013956290947326803,0.08316548437573729,0.2126485143106852,0.24716270605942758
crossing,100,400,4.0,0.01,0.7,69,dkw,1.0,1.0,1.0,0.0,0.0,0.0,0.0,0.012955688581390783,0.08316548437573729,0.26054286186552433,0.2810038816307121
crossing,100,400,4.0,0.01,0.7,70,cp,1.0,1.0,1.0,0.0,0.0,0.0,0.0,0.010520470876992299,0.06948618691543856,0.2056097015420718,0.24952403994089578
crossing,100,400,4.0,0.01,0.7,70,dkw,1.0,1.0,1.0,0.0,0.0,0.0,0.0,0.01384709025202179,0.08316548437573729,0.24453666555274522,0.2779910793060672
crossing,100,400,4.0,0.01,0.7,71,cp,1.0,1.0,1.0,0.0,0.0,0.0,0.0,0.0034152566003836783,0.045523681005445404,0.23166770967272166,0.25418408914465807
crossing,100,400,4.0,0.01,0.7,71,dkw,1.0,1.0,1.0,0.0,0.0,0.0,0.0,0.011273752160201512,0.06948618691543856,0.2760639470731628,0.30046105459247063
crossing,100,400,4.0,0.01,0.7,72,cp,1.0,1.0,1.0,0.0,0.0,0.0,0.0,0.02537821666677832,0.10910957078160166,0.20616557050977213,0.2406758686213457
crossing,100,400,4.0,0.01,0.7,72,dkw,1.0,1.0,1.0,0.0,0.0,0.0,0.0,0.02854950465990198,0.10910957078160166,0.2464543685289432,0.2698284880996904
crossing,100,400,4.0,0.01,0.7,73,cp,1.0,1.0,1.0,0.0,0.0,0.0,0.0,0.020538357830373895,0.09683427142838308,0.18664941492206505,0.21096070135859601
crossing,100,400,4.0,0.01,0.7,73,dkw,1.0,1.0,1.0,0.0,0.0,0.0,0.0,0.018890288563531425,0.09683427142838308,0.2337751695113926,0.2572253266759771
crossing,100,400,4.0,0.01,0.7,74,cp,1.0,1.0,1.0,0.0,0.0,0.0,0.0,0.009477159507837188,0.06948618691543856,0.22203967232873037,0.2523286530241049
crossing,100,400,4.0,0.01,0.7,74,dkw,1.0,1.0,1.0,0.0,0.0,0.0,0.0,0.01725241501889515,0.09683427142838308,0.265319031002121,0.29360534192941423
crossing,100,400,4.0,0.01,0.7,75,cp,1.0,1.0,1.0,0.0,0.0,0.0,0.0,0.026894073568345406,0.12023074069810574,0.20393227832040922,0.23171334724135012
crossing,100,400,4.0,0.01,0.7,75,dkw,1.0,1.0,1.0,0.0,0.0,0.0,0.0,0.026894073568345406,0.12023074069810574,0.24987754322256475,0.2803277654010285
crossing,100,400,4.0,0.01,0.7,76,cp,1.0,1.0,1.0,0.0,0.0,0.0,0.0,0.00713228647844292,0.05878190040811415,0.22678661573363684,0.2641284217401155
crossing,100,400,4.0,0.01,0.7,76,dkw,1.0,1.0,1.0,0.0,0.0,0.0,0.0,0.008482359997671723,0.06948618691543856,0.27016055483394746,0.2900369093593883
crossing,100,400,4.0,0.01,0.7,77,cp,1.0,1.0,1.0,0.0,0.0,0.0,0.0,0.0213035367830438,0.10910957078160166,0.20620532542733375,0.2490041258544805
crossing,100,400,4.0,0.01,0.7,77,dkw,1.0,1.0,1.0,0.0,0.0,0.0,0.0,0.026894073568345406,0.12023074069810574,0.23439493792091895,0.27330655044831986
crossing,100,400,4.0,0.01,0.7,78,cp,1.0,1.0,1.0,0.0,0.0,0.0,0.0,0.014889716424244486,0.08316548437573729,0.204989188807882,0.22537723393935716
crossing,100,400,4.0,0.01,0.7,78,dkw,1.0,1.0,1.0,0.0,0.0,0.0,0.0,0.014002293141031493,0.08316548437573729,0.2583820654479603,0.2808826431226092
crossing,100,400,4.0,0.01,0.7,79,cp,1.0,1.0,1.0,0.0,0.0,0.0,0.0,0.02327083235074174,0.09683427142838308,0.20916980636083304,0.2326698711000278
crossing,100,400,4.0,0.01,0.7,79,dkw,1.0,1.0,1.0,0.0,0.0,0.0,0.0,0.02327083235074174,0.09683427142838308,0.25678866306945186,0.288670613628091
crossing,100,400,4.0,0.01,0.7,80,cp,1.0,1.0,1.0,0.0,0.0,0.0,0.0,0.020538357830373895,0.09683427142838308,0.1978138269991851,0.2195131644014674
crossing,100,400,4.0,0.01,0.7,80,dkw,1.0,1.0,1.0,0.0,0.0,0.0,0.0,0.018890288563531425,0.09683427142838308,0.24492059350037973,0.27956068849558036
crossing,100,400,4.0,0.01,0.7,81,cp,1.0,1.0,1.0,0.0,0.0,0.0,0.0,0.007950205553353781,0.05878190040811415,0.21798536311707825,0.24995877496393482
crossing,100,400,4.0,0.01,0.7,81,dkw,1.0,1.0,1.0,0.0,0.0,0.0,0.0,0.01659223842722449,0.09683427142838308,0.27182536838824206,0.31535096731368784
crossing,100,400,4.0,0.01,0.7,82,cp,1.0,1.0,1.0,0.0,0.0,0.0,0.0,0.015414044049458479,0.08316548437573729,0.19738614890095824,0.21762944706387777
crossing,100,400,4.0,0.01,0.7,82,dkw,1.0,1.0,1.0,0.0,0.0,0.0,0.0,0.014203532017632324,0.08316548437573729,0.24617713853768577,0.2627574527226507
crossing,100,400,4.0,0.01,0.7,83,cp,1.0,1.0,1.0,0.0,0.0,0.0,0.0,0.016660825319463536,0.05878190040811415,0.22463247683729104,0.25841401285047755
crossing,100,400,4.0,0.01,0.7,83,dkw,1.0,1.0,1.0,0.0,0.0,0.0,0.0,0.020663438774500883,0.10910957078160166,0.282407475116852,0.3268699980035834
crossing,100,400,4.0,0.01,0.7,84,cp,1.0,1.0,1.0,0.0,0.0,0.0,0.0,0.010690235470003959,0.06948618691543856,0.22322999581336841,0.24751485872778844
crossing,100,400,4.0,0.01,0.7,84,dkw,1.0,1.0,1.0,0.0,0.0,0.0,0.0,0.02107565533377958,0.10910957078160166,0.2744154916632149,0.30671973683300147
crossing,100,400,4.0,0.01,0.7,85,cp,1.0,1.0,1.0,0.0,0.0,0.0,0.0,0.01912153101502862,0.09683427142838308,0.21247016303709118,0.23861904061050188
crossing,100,400,4.0,0.01,0.7,85,dkw,1.0,1.0,1.0,0.0,0.0,0.0,0.0,0.020003796870720424,0.09683427142838308,0.25154639930632355,0.27271125618617253
crossing,100,400,4.0,0.01,0.7,86,cp,1.0,1.0,1.0,0.0,0.0,0.0,0.0,0.026894073568345406,0.12023074069810574,0.2022533661183511,0.2371886486006915
crossing,100,400,4.0,0.01,0.7,86,dkw,1.0,1.0,1.0,0.0,0.0,0.0,0.0,0.021349623181113046,0.10910957078160166,0.24104066427917176,0.2755877238546731
crossing,100,400,4.0,0.01,0.7,87,cp,1.0,1.0,1.0,0.0,0.0,0.0,0.0,0.009406673473885803,0.06948618691543856,0.22098128421149998,0.2590836625463242
crossing,100,400,4.0,0.01,0.7,87,dkw,1.0,1.0,1.0,0.0,0.0,0.0,0.0,0.00930200736218245,0.06948618691543856,0.2679537317030236,0.2895677561931282
crossing,100,400,4.0,0.01,0.7,88,cp,1.0,1.0,1.0,0.0,0.0,0.0,0.0,0.012628626737211941,0.08316548437573729,0.22767129852167517,0.25697371683258496
crossing,100,400,4.0,0.01,0.7,88,dkw,1.0,1.0,1.0,0.0,0.0,0.0,0.0,0.01763340325677392,0.09683427142838308,0.27252210931580384,0.2950041469508935
crossing,100,400,4.0,0.01,0.7,89,cp,1.0,1.0,1.0,0.0,0.0,0.0,0.0,0.04530168170689425,0.1303854875283446,0.21713275818154507,0.2642579794375586
crossing,100,400,4.0,0.01,0.7,89,dkw,1.0,1.0,1.0,0.0,0.0,0.0,0.0,0.0430765887491739,0.15937520329398996,0.2680911069325988,0.28292809370239774
crossing,100,400,4.0,0.01,0.7,90,cp,1.0,1.0,1.0,0.0,0.0,0.0,0.0,0.026188293874390648,0.08316548437573729,0.23161110380262406,0.27312946884497435
crossing,100,400,4.0,0.01,0.7,90,dkw,1.0,1.0,1.0,0.0,0.0,0.0,0.0,0.02661849391056738,0.08316548437573729,0.2679403849085121,0.285891507258337
crossing,100,400,4.0,0.01,0.7,91,cp,1.0,1.0,1.0,0.0,0.0,0.0,0.0,0.01729034369470942,0.09683427142838308,0.20842768357648406,0.24720401409746323
crossing,100,400,4.0,0.01,0.7,91,dkw,1.0,1.0,1.0,0.0,0.0,0.0,0.0,0.016352275864170315,0.09683427142838308,0.2533931135673379,0.27806066706574195
crossing,100,400,4.0,0.01,0.7,92,cp,1.0,1.0,1.0,0.0,0.0,0.0,0.0,0.025321443737273092,0.12023074069810574,0.1954998125979743,0.2293634197616315
crossing,100,400,4.0,0.01,0.7,92,dkw,1.0,1.0,1.0,0.0,0.0,0.0,0.0,0.0249195827846789,0.12023074069810574,0.24093667667309548,0.2558940216452814
crossing,100,400,4.0,0.01,0.7,93,cp,1.0,1.0,1.0,0.0,0.0,0.0,0.0,0.013593665893355063,0.08316548437573729,0.2123411028309546,0.23146660450839396
crossing,100,400,4.0,0.01,0.7,93,dkw,1.0,1.0,1.0,0.0,0.0,0.0,0.0,0.015853016892970723,0.08316548437573729,0.25817754288951555,0.2795812429498552
crossing,100,400,4.0,0.01,0.7,94,cp,1.0,1.0,1.0,0.0,0.0,0.0,0.0,0.013487108103940732,0.045523681005445404,0.21602028656176336,0.24657845021243568
crossing,100,400,4.0,0.01,0.7,94,dkw,1.0,1.0,1.0,0.0,0.0,0.0,0.0,0.019318059255711104,0.09683427142838308,0.2569905335252207,0.2991263369503183
crossing,100,400,4.0,0.01,0.7,95,cp,1.0,1.0,1.0,0.0,0.0,0.0,0.0,0.021343469375701987,0.09683427142838308,0.23040474692036303,0.2616254061482205
crossing,100,400,4.0,0.01,0.7,95,dkw,1.0,1.0,1.0,0.0,0.0,0.0,0.0,0.025332242239214244,0.09683427142838308,0.26976588995640866,0.2938569830082623
crossing,100,400,4.0,0.01,0.7,96,cp,1.0,1.0,1.0,0.0,0.0,0.0,0.0,0.009931315840902878,0.06948618691543856,0.21859257420984746,0.25552750746783437
crossing,100,400,4.0,0.01,0.7,96,dkw,1.0,1.0,1.0,0.0,0.0,0.0,0.0,0.013065783094644411,0.08316548437573729,0.2636975275237412,0.29726185625300783
crossing,100,400,4.0,0.01,0.7,97,cp,1.0,1.0,1.0,0.0,0.0,0.0,0.0,0.020462199897900053,0.10910957078160166,0.2102093821665344,0.2361120912960576
crossing,100,400,4.0,0.01,0.7,97,dkw,1.0,1.0,1.0,0.0,0.0,0.0,0.0,0.018473742392366325,0.09683427142838308,0.2518131717801183,0.2674514627132204
crossing,100,400,4.0,0.01,0.7,98,cp,1.0,1.0,1.0,0.0,0.0,0.0,0.0,0.00713228647844292,0.05878190040811415,0.22474162547621104,0.2630707182434614
crossing,100,400,4.0,0.01,0.7,98,dkw,1.0,1.0,1.0,0.0,0.0,0.0,0.0,0.00984401784992765,0.06948618691543856,0.2721774309514741,0.2931990847643094
crossing,100,400,4.0,0.01,0.7,99,cp,1.0,1.0,1.0,0.0,0.0,0.0,0.0,0.020971046537314682,0.10910957078160166,0.21778054522710527,0.2589341149741135
crossing,100,400,4.0,0.01,0.7,99,dkw,1.0,1.0,1.0,0.0,0.0,0.0,0.0,0.03011767388027566,0.1303854875283446,0.26325341706575217,0.29047369141994556
crossing,100,400,4.0,0.01,0.7,100,cp,1.0,1.0,1.0,0.0,0.0,0.0,0.0,0.009369783280884716,0.06948618691543856,0.21385694865199864,0.25706042118092437
crossing,100,400,4.0,0.01,0.7,100,dkw,1.0,1.0,1.0,0.0,0.0,0.0,0.0,0.012696402655914207,0.08316548437573729,0.2628421022165477,0.29158147672311047
crossing,100,400,4.0,0.01,0.7,101,cp,1.0,1.0,1.0,0.0,0.0,0.0,0.0,0.04405163226898969,0.12023074069810574,0.2084921078988745,0.25753103432234087
crossing,100,400,4.0,0.01,0.7,101,dkw,1.0,1.0,1.0,0.0,0.0,0.0,0.0,0.04349595513836091,0.14359667222319933,0.2604502897620321,0.2841407528504355
crossing,100,400,4.0,0.01,0.7,102,cp,1.0,1.0,1.0,0.0,0.0,0.0,0.0,0.022518663672884815,0.10910957078160166,0.1954261014920874,0.22064954668444037
crossing,100,400,4.0,0.01,0.7,102,dkw,1.0,1.0,1.0,0.0,0.0,0.0,0.0,0.0209460338418125,0.10910957078160166,0.2470140692789281,0.2605631952466495
crossing,100,400,4.0,0.01,0.7,103,cp,1.0,1.0,1.0,0.0,0.0,0.0,0.0,0.01676165441181308,0.09683427142838308,0.2112440424339512,0.242665404779616
crossing,100,400,4.0,0.01,0.7,103,dkw,1.0,1.0,1.0,0.0,0.0,0.0,0.0,0.016394377407687642,0.09683427142838308,0.24847165004455565,0.26493086072227134
crossing,100,400,4.0,0.01,0.7,104,cp,1.0,1.0,1.0,0.0,0.0,0.0,0.0,0.013718481733539347,0.08316548437573729,0.22168282676332193,0.2584511356259479
crossing,100,400,4.0,0.01,0.7,104,dkw,1.0,1.0,1.0,0.0,0.0,0.0,0.0,0.026280768385470124,0.10910957078160166,0.26363808809947287,0.28620380012432917
crossing,100,400,4.0,0.01,0.7,105,cp,1.0,1.0,1.0,0.0,0.0,0.0,0.0,0.02334433983889556,0.10910957078160166,0.22050755398810737,0.2524488327515437
crossing,100,400,4.0,0.01,0.7,105,dkw,1.0,1.0,1.0,0.0,0.0,0.0,0.0,0.03100417589053882,0.12023074069810574,0.25931606614227815,0.27259882844085814
crossing,100,400,4.0,0.01,0.7,106,cp,1.0,1.0,1.0,0.0,0.0,0.0,0.0,0.026894073568345406,0.12023074069810574,0.20186390754107295,0.24240313133156982
crossing,100,400,4.0,0.01,0.7,106,dkw,1.0,1.0,1.0,0.0,0.0,0.0,0.0,0.03132818591210182,0.1303854875283446,0.23549600357858347,0.2650429114308816
crossing,100,400,4.0,0.01,0.7,107,cp,1.0,1.0,1.0,0.0,0.0,0.0,0.0,0.025457797542250315,0.10910957078160166,0.20677812247287772,0.23634077448372204
crossing,100,400,4.0,0.01,0.7,107,dkw,1.0,1.0,1.0,0.0,0.0,0.0,0.0,0.02233402334100002,0.10910957078160166,0.2507597834191638,0.27544478585773646
crossing,100,400,4.0,0.01,0.7,108,cp,1.0,1.0,1.0,0.0,0.0,0.0,0.0,0.03637138198114351,0.1303854875283446,0.2149264117759967,0.24871442332392035
crossing,100,400,4.0,0.01,0.7,108,dkw,1.0,1.0,1.0,0.0,0.0,0.0,0.0,0.030230852962998687,0.1303854875283446,0.25434533995508984,0.275763357532519
crossing,100,400,4.0,0.01,0.7,109,cp,1.0,1.0,1.0,0.0,0.0,0.0,0.0,0.02657040928177291,0.10910957078160166,0.21549224427219774,0.2584722829977725
crossing,100,400,4.0,0.01,0.7,109,dkw,1.0,1.0,1.0,0.0,0.0,0.0,0.0,0.033368988967953574,0.1303854875283446,0.24700159385838505,0.2759038920379022
crossing,100,400,4.0,0.01,0.7,110,cp,1.0,1.0,1.0,0.0,0.0,0.0,0.0,0.009927380320570256,0.05878190040811415,0.21464275621377077,0.25115198835799324
crossing,100,400,4.0,0.01,0.7,110,dkw,1.0,1.0,1.0,0.0,0.0,0.0,0.0,0.017721248071759656,0.09683427142838308,0.2689355324146613,0.31535096731368784
crossing,100,400,4.0,0.01,0.7,111,cp,1.0,1.0,1.0,0.0,0.0,0.0,0.0,0.037865267332155964,0.1303854875283446,0.21112881433679323,0.2467434577966925
crossing,100,400,4.0,0.01,0.7,111,dkw,1.0,1.0,1.0,0.0,0.0,0.0,0.0,0.03091703736961085,0.1303854875283446,0.25552029301455265,0.2762684607836859
crossing,100,400,4.0,0.01,0.7,112,cp,1.0,1.0,1.0,0.0,0.0,0.0,0.0,0.009541052209453138,0.05878190040811415,0.21271475739038168,0.2443688567884308
crossing,100,400,4.0,0.01,0.7,112,dkw,1.0,1.0,1.0,0.0,0.0,0.0,0.0,0.01448612708494394,0.08316548437573729,0.2689939107789725,0.3130142821085407
crossing,100,400,4.0,0.01,0.7,113,cp,1.0,1.0,1.0,0.0,0.0,0.0,0.0,0.018365997718150687,0.08316548437573729,0.2178009667418488,0.23860561927256896
crossing,100,400,4.0,0.01,0.7,113,dkw,1.0,1.0,1.0,0.0,0.0,0.0,0.0,0.014288548060133794,0.08316548437573729,0.26234455863399553,0.28042524844121436
crossing,100,400,4.0,0.01,0.7,114,cp,1.0,1.0,1.0,0.0,0.0,0.0,0.0,0.03349877424338271,0.10910957078160166,0.2032378477188222,0.2361448174595565
crossing,100,400,4.0,0.01,0.7,114,dkw,1.0,1.0,1.0,0.0,0.0,0.0,0.0,0.02210211750171972,0.10910957078160166,0.2493039683857467,0.2680893446844592
crossing,100,400,4.0,0.01,0.7,115,cp,1.0,1.0,1.0,0.0,0.0,0.0,0.0,0.01824557569697365,0.09683427142838308,0.21007939492807587,0.23557479834136436
crossing,100,400,4.0,0.01,0.7,115,dkw,1.0,1.0,1.0,0.0,0.0,0.0,0.0,0.01731765873245911,0.09683427142838308,0.2559063623793596,0.2922826893448712
crossing,100,400,4.0,0.01,0.7,116,cp,1.0,1.0,1.0,0.0,0.0,0.0,0.0,0.03132818591210182,0.1303854875283446,0.20706540735229417,0.24172739928091896
crossing,100,400,4.0,0.01,0.7,116,dkw,1.0,1.0,1.0,0.0,0.0,0.0,0.0,0.03132818591210182,0.1303854875283446,0.2494035536992905,0.26229745292777973
crossing,100,400,4.0,0.01,0.7,117,cp,1.0,1.0,1.0,0.0,0.0,0.0,0.0,0.013398503164827451,0.08316548437573729,0.21607870172689772,0.23640496335045202
crossing,100,400,4.0,0.01,0.7,117,dkw,1.0,1.0,1.0,0.0,0.0,0.0,0.0,0.01789817824525703,0.09683427142838308,0.26590204276665635,0.29588489011591823
crossing,100,400,4.0,0.01,0.7,118,cp,1.0,1.0,1.0,0.0,0.0,0.0,0.0,0.029339437136327483,0.10910957078160166,0.21557066483880363,0.25843696456066156
crossing,100,400,4.0,0.01,0.7,118,dkw,1.0,1.0,1.0,0.0,0.0,0.0,0.0,0.030400268947587277,0.1303854875283446,0.25921628404150154,0.2795360369244476
crossing,100,400,4.0,0.01,0.7,119,cp,1.0,1.0,1.0,0.0,0.0,0.0,0.0,0.010520470876992299,0.06948618691543856,0.20782726045056524,0.2496290417876667
crossing,100,400,4.0,0.01,0.7,119,dkw,1.0,1.0,1.0,0.0,0.0,0.0,0.0,0.013956290947326803,0.08316548437573729,0.2564391788941704,0.28604135248751467
crossing,100,400,4.0,0.01,0.7,120,cp,1.0,1.0,1.0,0.0,0.0,0.0,0.0,0.02720866643528088,0.12023074069810574,0.19871307636863336,0.22951817623598608
crossing,100,400,4.0,0.01,0.7,120,dkw,1.0,1.0,1.0,0.0,0.0,0.0,0.0,0.02503884866996148,0.12023074069810574,0.2362093667359649,0.24902849341814515
crossing,100,400,4.0,0.01,0.7,121,cp,1.0,1.0,1.0,0.0,0.0,0.0,0.0,0.025743385972237826,0.12023074069810574,0.20719767007383325,0.252213076028607
crossing,100,400,4.0,0.01,0.7,121,dkw,1.0,1.0,1.0,0.0,0.0,0.0,0.0,0.036547725175815796,0.14359667222319933,0.24372966875794255,0.2834955626759493
crossing,100,400,4.0,0.01,0.7,122,cp,1.0,1.0,1.0,0.0,0.0,0.0,0.0,0.025699140045067258,0.08316548437573729,0.20759677828251188,0.24525042312683565
crossing,100,400,4.0,0.01,0.7,122,dkw,1.0,1.0,1.0,0.0,0.0,0.0,0.0,0.026894073568345406,0.12023074069810574,0.25988434059971266,0.30201842731797285
crossing,100,400,4.0,0.01,0.7,123,cp,1.0,1.0,1.0,0.0,0.0,0.0,0.0,0.016630015751639613,0.09683427142838308,0.20797698304768994,0.25075422889382537
crossing,100,400,4.0,0.01,0.7,123,dkw,1.0,1.0,1.0,0.0,0.0,0.0,0.0,0.01725241501889515,0.09683427142838308,0.24455803486837502,0.26420794290254623
crossing,100,400,4.0,0.01,0.7,124,cp,1.0,1.0,1.0,0.0,0.0,0.0,0.0,0.015857067050165586,0.08316548437573729,0.2226035079402572,0.26086070540604095
crossing,100,400,4.0,0.01,0.7,124,dkw,1.0,1.0,1.0,0.0,0.0,0.0,0.0,0.020093024751217645,0.10910957078160166,0.27378101981685476,0.3024277029614448
crossing,100,400,4.0,0.01,0.7,125,cp,1.0,1.0,1.0,0.0,0.0,0.0,0.0,0.014203532017632324,0.08316548437573729,0.21043163186760758,0.23050593888643056
crossing,100,400,4.0,0.01,0.7,125,dkw,1.0,1.0,1.0,0.0,0.0,0.0,0.0,0.014288548060133794,0.08316548437573729,0.26268389939531256,0.28604135248751467
crossing,100,400,4.0,0.01,0.7,126,cp,1.0,1.0,1.0,0.0,0.0,0.0,0.0,0.029643238051533273,0.09683427142838308,0.21550151671025586,0.2610672500951733
crossing,100,400,4.0,0.01,0.7,126,dkw,1.0,1.0,1.0,0.0,0.0,0.0,0.0,0.026016507299118915,0.12023074069810574,0.2567008209832922,0.285301907575158
crossing,100,400,4.0,0.01,0.7,127,cp,1.0,1.0,1.0,0.0,0.0,0.0,0.0,0.020641835601315942,0.10910957078160166,0.21845447089263373,0.24446366753443172
crossing,100,400,4.0,0.01,0.7,127,dkw,1.0,1.0,1.0,0.0,0.0,0.0,0.0,0.023632171980073818,0.10910957078160166,0.25260082241923143,0.27394236812076
crossing,100,400,4.0,0.01,0.7,128,cp,1.0,1.0,1.0,0.0,0.0,0.0,0.0,0.01605777426169205,0.08316548437573729,0.23374396959686908,0.26953623402043747
crossing,100,400,4.0,0.01,0.7,128,dkw,1.0,1.0,1.0,0.0,0.0,0.0,0.0,0.02033037280044557,0.09683427142838308,0.2771309186964396,0.29360534192941423
crossing,100,400,4.0,0.01,0.7,129,cp,1.0,1.0,1.0,0.0,0.0,0.0,0.0,0.015950252253274653,0.09683427142838308,0.21781732454468217,0.2490337151034424
crossing,100,400,4.0,0.01,0.7,129,dkw,1.0,1.0,1.0,0.0,0.0,0.0,0.0,0.023632171980073818,0.10910957078160166,0.2537093454306447,0.27310960065887757
crossing,100,400,4.0,0.01,0.7,130,cp,1.0,1.0,1.0,0.0,0.0,0.0,0.0,0.01676724322242844,0.09683427142838308,0.22202920546511984,0.2413612507858076
crossing,100,400,4.0,0.01,0.7,130,dkw,1.0,1.0,1.0,0.0,0.0,0.0,0.0,0.02152655335461042,0.10910957078160166,0.27114632752240125,0.2956381120636987
crossing,100,400,4.0,0.01,0.7,131,cp,1.0,1.0,1.0,0.0,0.0,0.0,0.0,0.026399927856079745,0.05358202188670702,0.23453077969191521,0.25505786219585747
crossing,100,400,4.0,0.01,0.7,131,dkw,1.0,1.0,1.0,0.0,0.0,0.0,0.0,0.03864209077208195,0.08316548437573729,0.27805129164559234,0.3130142821085407
crossing,100,400,4.0,0.01,0.7,132,cp,1.0,1.0,1.0,0.0,0.0,0.0,0.0,0.021497663563867144,0.09683427142838308,0.20232218410141858,0.2238856788349265
crossing,100,400,4.0,0.01,0.7,132,dkw,1.0,1.0,1.0,0.0,0.0,0.0,0.0,0.01965483929600358,0.09683427142838308,0.24531950327292143,0.2739759636961019
crossing,100,400,4.0,0.01,0.7,133,cp,1.0,1.0,1.0,0.0,0.0,0.0,0.0,0.01287468665814902,0.08316548437573729,0.22835359742443612,0.2530899765852319
crossing,100,400,4.0,0.01,0.7,133,dkw,1.0,1.0,1.0,0.0,0.0,0.0,0.0,0.02130732907425687,0.10910957078160166,0.2731466205466095,0.2956381120636987
crossing,100,400,4.0,0.01,0.7,134,cp,1.0,1.0,1.0,0.0,0.0,0.0,0.0,0.01384709025202179,0.08316548437573729,0.2032614884745228,0.2478416516672961
crossing,100,400,4.0,0.01,0.7,134,dkw,1.0,1.0,1.0,0.0,0.0,0.0,0.0,0.017720461109157114,0.09683427142838308,0.25045267438416974,0.28312330048880385
crossing,100,400,4.0,0.01,0.7,135,cp,1.0,1.0,1.0,0.0,0.0,0.0,0.0,0.011556140201080216,0.06948618691543856,0.22200382128812962,0.25908536767492374
crossing,100,400,4.0,0.01,0.7,135,dkw,1.0,1.0,1.0,0.0,0.0,0.0,0.0,0.020206203833940672,0.10910957078160166,0.2774344376573002,0.3163603605364782
crossing,100,400,4.0,0.01,0.7,136,cp,1.0,1.0,1.0,0.0,0.0,0.0,0.0,0.027843744634455075,0.08316548437573729,0.23114224878248874,0.27460368870275254
crossing,100,400,4.0,0.01,0.7,136,dkw,1.0,1.0,1.0,0.0,0.0,0.0,0.0,0.019803631805585104,0.09683427142838308,0.2732686967750441,0.2914637609913959
crossing,100,400,4.0,0.01,0.7,137,cp,1.0,1.0,1.0,0.0,0.0,0.0,0.0,0.016097817066635985,0.09683427142838308,0.2209612481889869,0.24278100332437824
crossing,100,400,4.0,0.01,0.7,137,dkw,1.0,1.0,1.0,0.0,0.0,0.0,0.0,0.01789817824525703,0.09683427142838308,0.2682708897144772,0.2949199768756277
crossing,100,400,4.0,0.01,0.7,138,cp,1.0,1.0,1.0,0.0,0.0,0.0,0.0,0.01725241501889515,0.09683427142838308,0.2176026126195579,0.2501255728791847
crossing,100,400,4.0,0.01,0.7,138,dkw,1.0,1.0,1.0,0.0,0.0,0.0,0.0,0.017664631578173842,0.09683427142838308,0.2594138783086282,0.28432724706424495
crossing,100,400,4.0,0.01,0.7,139,cp,1.0,1.0,1.0,0.0,0.0,0.0,0.0,0.02328321440535697,0.10910957078160166,0.1902652011536382,0.2247416690401366
crossing,100,400,4.0,0.01,0.7,139,dkw,1.0,1.0,1.0,0.0,0.0,0.0,0.0,0.026894073568345406,0.12023074069810574,0.2181069331083509,0.24873493302705374
crossing,100,400,4.0,0.01,0.7,140,cp,1.0,1.0,1.0,0.0,0.0,0.0,0.0,0.02328321440535697,0.10910957078160166,0.20824065308702877,0.24223392249891162
crossing,100,400,4.0,0.01,0.7,140,dkw,1.0,1.0,1.0,0.0,0.0,0.0,0.0,0.022518663672884815,0.10910957078160166,0.25397076023760995,0.2856818513646282
crossing,100,400,4.0,0.01,0.7,141,cp,1.0,1.0,1.0,0.0,0.0,0.0,0.0,0.014203532017632324,0.08316548437573729,0.21017120263455194,0.23009281865502718
crossing,100,400,4.0,0.01,0.7,141,dkw,1.0,1.0,1.0,0.0,0.0,0.0,0.0,0.014615748576911019,0.08316548437573729,0.25862709090461594,0.2857917840637491
crossing,100,400,4.0,0.01,0.7,142,cp,1.0,1.0,1.0,0.0,0.0,0.0,0.0,0.01683382478854666,0.09683427142838308,0.20836159858244044,0.24582172677139602
crossing,100,400,4.0,0.01,0.7,142,dkw,1.0,1.0,1.0,0.0,0.0,0.0,0.0,0.01744728022442619,0.09683427142838308,0.23943103963306114,0.26734746502515416
crossing,100,400,4.0,0.01,0.7,143,cp,1.0,1.0,1.0,0.0,0.0,0.0,0.0,0.02578027616523891,0.12023074069810574,0.21295335199621163,0.2580700176668093
crossing,100,400,4.0,0.01,0.7,143,dkw,1.0,1.0,1.0,0.0,0.0,0.0,0.0,0.036402707042890226,0.14359667222319933,0.24402915292263758,0.2828528228301283
crossing,100,400,4.0,0.01,0.7,144,cp,1.0,1.0,1.0,0.0,0.0,0.0,0.0,0.027160561549608178,0.09683427142838308,0.21746485486270906,0.24575628545738892
crossing,100,400,4.0,0.01,0.7,144,dkw,1.0,1.0,1.0,0.0,0.0,0.0,0.0,0.02152655335461042,0.10910957078160166,0.2626106275300269,0.2825318298092616
crossing,100,400,4.0,0.01,0.7,145,cp,1.0,1.0,1.0,0.0,0.0,0.0,0.0,0.008811246755100382,0.06948618691543856,0.2211063040678546,0.25868733469071137
crossing,100,400,4.0,0.01,0.7,145,dkw,1.0,1.0,1.0,0.0,0.0,0.0,0.0,0.0157459703254906,0.09683427142838308,0.2739395973105251,0.2991263369503183
crossing,100,400,4.0,0.01,0.7,146,cp,1.0,1.0,1.0,0.0,0.0,0.0,0.0,0.016796238360281837,0.09683427142838308,0.20556364350008058,0.23904026637769127
crossing,100,400,4.0,0.01,0.7,146,dkw,1.0,1.0,1.0,0.0,0.0,0.0,0.0,0.01631240441636939,0.09683427142838308,0.24217376990834272,0.2562964163175584
crossing,100,400,4.0,0.01,0.7,147,cp,1.0,1.0,1.0,0.0,0.0,0.0,0.0,0.012922867503146515,0.08316548437573729,0.21117589085547106,0.24045450527279072
crossing,100,400,4.0,0.01,0.7,147,dkw,1.0,1.0,1.0,0.0,0.0,0.0,0.0,0.016497044748254183,0.09683427142838308,0.2516825032763636,0.2598291789230766
crossing,100,400,4.0,0.01,0.7,148,cp,1.0,1.0,1.0,0.0,0.0,0.0,0.0,0.013008675911090112,0.045523681005445404,0.23469507796355388,0.2602626333778707
crossing,100,400,4.0,0.01,0.7,148,dkw,1.0,1.0,1.0,0.0,0.0,0.0,0.0,0.017167320647172413,0.09683427142838308,0.2843912638105155,0.31525996441227877
crossing,100,400,4.0,0.01,0.7,149,cp,1.0,1.0,1.0,0.0,0.0,0.0,0.0,0.013811272814401233,0.08316548437573729,0.21700174343557244,0.2507129053432916
crossing,100,400,4.0,0.01,0.7,149,dkw,1.0,1.0,1.0,0.0,0.0,0.0,0.0,0.01306886766411381,0.08316548437573729,0.2505368929827581,0.2627076850826211
crossing,100,400,4.0,0.01,0.7,150,cp,1.0,1.0,1.0,0.0,0.0,0.0,0.0,0.03465328721196698,0.10910957078160166,0.21427665631711854,0.25204564192400203
crossing,100,400,4.0,0.01,0.7,150,dkw,1.0,1.0,1.0,0.0,0.0,0.0,0.0,0.03239929519178529,0.12023074069810574,0.26369147679069777,0.27438886173572946
crossing,100,400,4.0,0.01,0.7,151,cp,1.0,1.0,1.0,0.0,0.0,0.0,0.0,0.01917514877948057,0.09683427142838308,0.2141706290794394,0.24593455582158263
crossing,100,400,4.0,0.01,0.7,151,dkw,1.0,1.0,1.0,0.0,0.0,0.0,0.0,0.02327083235074174,0.09683427142838308,0.2622780018518012,0.2800704903332858
crossing,100,400,4.0,0.01,0.7,152,cp,1.0,1.0,1.0,0.0,0.0,0.0,0.0,0.00844059189391096,0.06948618691543856,0.23021930757235268,0.25866904333727064
crossing,100,400,4.0,0.01,0.7,152,dkw,1.0,1.0,1.0,0.0,0.0,0.0,0.0,0.01689127590378016,0.09683427142838308,0.2715754918080333,0.2882947173672053
crossing,100,400,4.0,0.01,0.7,153,cp,1.0,1.0,1.0,0.0,0.0,0.0,0.0,0.020502071345700975,0.10910957078160166,0.20846721492808865,0.22914635210618617
crossing,100,400,4.0,0.01,0.7,153,dkw,1.0,1.0,1.0,0.0,0.0,0.0,0.0,0.02152655335461042,0.10910957078160166,0.2617124451571457,0.2784565594805053
crossing,100,400,4.0,0.01,0.7,154,cp,1.0,1.0,1.0,0.0,0.0,0.0,0.0,0.008395520418390517,0.045523681005445404,0.23118238854988893,0.2596228824708345
crossing,100,400,4.0,0.01,0.7,154,dkw,1.0,1.0,1.0,0.0,0.0,0.0,0.0,0.0157459703254906,0.09683427142838308,0.28495019741613326,0.3256728735587502
crossing,100,400,4.0,0.01,0.7,155,cp,1.0,1.0,1.0,0.0,0.0,0.0,0.0,0.02023592240814179,0.09683427142838308,0.21365063853178462,0.2430809336663003
crossing,100,400,4.0,0.01,0.7,155,dkw,1.0,1.0,1.0,0.0,0.0,0.0,0.0,0.021349623181113046,0.10910957078160166,0.26297685518746794,0.2956381120636987
crossing,100,400,4.0,0.01,0.7,156,cp,1.0,1.0,1.0,0.0,0.0,0.0,0.0,0.025777620395886408,0.12023074069810574,0.218397627672223,0.25879559567966826
crossing,100,400,4.0,0.01,0.7,156,dkw,1.0,1.0,1.0,0.0,0.0,0.0,0.0,0.02652458460240437,0.12023074069810574,0.2511217915657908,0.27024626813959823
crossing,100,400,4.0,0.01,0.7,157,cp,1.0,1.0,1.0,0.0,0.0,0.0,0.0,0.02328321440535697,0.10910957078160166,0.20361687662417252,0.22692491170471007
crossing,100,400,4.0,0.01,0.7,157,dkw,1.0,1.0,1.0,0.0,0.0,0.0,0.0,0.02187395080632704,0.10910957078160166,0.24803647492329325,0.27482829698066036
crossing,100,400,4.0,0.01,0.7,158,cp,1.0,1.0,1.0,0.0,0.0,0.0,0.0,0.017120079707648964,0.09683427142838308,0.20751500819728064,0.23414280810842603
crossing,100,400,4.0,0.01,0.7,158,dkw,1.0,1.0,1.0,0.0,0.0,0.0,0.0,0.020003796870720424,0.09683427142838308,0.24641555114943364,0.27375524978851473
crossing,100,400,4.0,0.01,0.7,159,cp,1.0,1.0,1.0,0.0,0.0,0.0,0.0,0.026894073568345406,0.12023074069810574,0.19792068649612068,0.221654936043306
crossing,100,400,4.0,0.01,0.7,159,dkw,1.0,1.0,1.0,0.0,0.0,0.0,0.0,0.025725033076573638,0.12023074069810574,0.24323193890831757,0.25928790944404495
crossing,100,400,4.0,0.01,0.7,160,cp,1.0,1.0,1.0,0.0,0.0,0.0,0.0,0.015187768717569017,0.05878190040811415,0.22699640574636423,0.26086792066422326
crossing,100,400,4.0,0.01,0.7,160,dkw,1.0,1.0,1.0,0.0,0.0,0.0,0.0,0.012696402655914207,0.08316548437573729,0.2778175037757262,0.3077621369665618
crossing,100,400,4.0,0.01,0.7,161,cp,1.0,1.0,1.0,0.0,0.0,0.0,0.0,0.03686466496621994,0.1303854875283446,0.20752466647645257,0.24150895069513023
crossing,100,400,4.0,0.01,0.7,161,dkw,1.0,1.0,1.0,0.0,0.0,0.0,0.0,0.030980788460385197,0.1303854875283446,0.24437422102209946,0.26347529496310607
crossing,100,400,4.0,0.01,0.7,162,cp,1.0,1.0,1.0,0.0,0.0,0.0,0.0,0.020467866437476487,0.09683427142838308,0.20768311168646378,0.24101472124296297
crossing,100,400,4.0,0.01,0.7,162,dkw,1.0,1.0,1.0,0.0,0.0,0.0,0.0,0.021845698320152596,0.10910957078160166,0.24845790449372818,0.2758313796577436
crossing,100,400,4.0,0.01,0.7,163,cp,1.0,1.0,1.0,0.0,0.0,0.0,0.0,0.015045460716957582,0.08316548437573729,0.20445607617512135,0.24618336584073097
crossing,100,400,4.0,0.01,0.7,163,dkw,1.0,1.0,1.0,0.0,0.0,0.0,0.0,0.01824557569697365,0.09683427142838308,0.2494370761696477,0.2780287580061102
crossing,100,400,4.0,0.01,0.7,164,cp,1.0,1.0,1.0,0.0,0.0,0.0,0.0,0.018274468168277217,0.09683427142838308,0.2206527217587378,0.26089631171507177
crossing,100,400,4.0,0.01,0.7,164,dkw,1.0,1.0,1.0,0.0,0.0,0.0,0.0,0.020543204442709073,0.09683427142838308,0.2567639954992175,0.2738888309472392
crossing,100,400,4.0,0.01,0.7,165,cp,1.0,1.0,1.0,0.0,0.0,0.0,0.0,0.015841295050929332,0.08316548437573729,0.21288920734692954,0.23900470561549808
crossing,100,400,4.0,0.01,0.7,165,dkw,1.0,1.0,1.0,0.0,0.0,0.0,0.0,0.021349623181113046,0.10910957078160166,0.2547425243109008,0.2784565594805053
crossing,100,400,4.0,0.01,0.7,166,cp,1.0,1.0,1.0,0.0,0.0,0.0,0.0,0.01836886819135415,0.09683427142838308,0.2080564984504143,0.2411529283177325
crossing,100,400,4.0,0.01,0.7,166,dkw,1.0,1.0,1.0,0.0,0.0,0.0,0.0,0.01768957137632762,0.09683427142838308,0.25325479502498494,0.28233917565880196
crossing,100,400,4.0,0.01,0.7,167,cp,1.0,1.0,1.0,0.0,0.0,0.0,0.0,0.010085125048079213,0.05878190040811415,0.23132584800972256,0.2669838947414993
crossing,100,400,4.0,0.01,0.7,167,dkw,1.0,1.0,1.0,0.0,0.0,0.0,0.0,0.016001731081352163,0.06948618691543856,0.2743083486237314,0.2936826369947875
crossing,100,400,4.0,0.01,0.7,168,cp,1.0,1.0,1.0,0.0,0.0,0.0,0.0,0.030017847769595696,0.12023074069810574,0.199310441691757,0.23028154276881863
crossing,100,400,4.0,0.01,0.7,168,dkw,1.0,1.0,1.0,0.0,0.0,0.0,0.0,0.026894073568345406,0.12023074069810574,0.2394197376195076,0.2622730877814813
crossing,100,400,4.0,0.01,0.7,169,cp,1.0,1.0,1.0,0.0,0.0,0.0,0.0,0.017721248071759656,0.09683427142838308,0.213507296697248,0.23478383860046992
crossing,100,400,4.0,0.01,0.7,169,dkw,1.0,1.0,1.0,0.0,0.0,0.0,0.0,0.016873696236347584,0.09683427142838308,0.2600797822515775,0.2922826893448712
crossing,100,400,4.0,0.01,0.7,170,cp,1.0,1.0,1.0,0.0,0.0,0.0,0.0,0.02091580344864941,0.10910957078160166,0.21391421694525994,0.2453575281120946
crossing,100,400,4.0,0.01,0.7,170,dkw,1.0,1.0,1.0,0.0,0.0,0.0,0.0,0.020663438774500883,0.10910957078160166,0.25513600874149317,0.2794269175419122
crossing,100,400,4.0,0.01,0.7,171,cp,1.0,1.0,1.0,0.0,0.0,0.0,0.0,0.013655708389407457,0.08316548437573729,0.222113338426128,0.256866173413947
crossing,100,400,4.0,0.01,0.7,171,dkw,1.0,1.0,1.0,0.0,0.0,0.0,0.0,0.016939153951779737,0.09683427142838308,0.2717777523219347,0.3045747470464636
crossing,100,400,4.0,0.01,0.7,172,cp,1.0,1.0,1.0,0.0,0.0,0.0,0.0,0.01958077614456054,0.08316548437573729,0.232774639036922,0.26633361702225433
crossing,100,400,4.0,0.01,0.7,172,dkw,1.0,1.0,1.0,0.0,0.0,0.0,0.0,0.018420565170810334,0.08316548437573729,0.269605856261777,0.28046759955431244
crossing,100,400,4.0,0.01,0.7,173,cp,1.0,1.0,1.0,0.0,0.0,0.0,0.0,0.02624936070178763,0.12023074069810574,0.19975659087806943,0.22532330847427928
crossing,100,400,4.0,0.01,0.7,173,dkw,1.0,1.0,1.0,0.0,0.0,0.0,0.0,0.025321443737273092,0.12023074069810574,0.2366841754237286,0.25144680375330614
crossing,100,400,4.0,0.01,0.7,174,cp,1.0,1.0,1.0,0.0,0.0,0.0,0.0,0.014889716424244486,0.08316548437573729,0.20988392035855477,0.230036111829369
crossing,100,400,4.0,0.01,0.7,174,dkw,1.0,1.0,1.0,0.0,0.0,0.0,0.0,0.014002293141031493,0.08316548437573729,0.26062533450918834,0.28604135248751467
crossing,100,400,4.0,0.01,0.7,175,cp,1.0,1.0,1.0,0.0,0.0,0.0,0.0,0.020839988644181975,0.10910957078160166,0.2165932501569576,0.2457935877247006
crossing,100,400,4.0,0.01,0.7,175,dkw,1.0,1.0,1.0,0.0,0.0,0.0,0.0,0.0202429756175465,0.10910957078160166,0.2588274102302575,0.2849767047284162
crossing,100,400,4.0,0.01,0.7,176,cp,1.0,1.0,1.0,0.0,0.0,0.0,0.0,0.02152655335461042,0.10910957078160166,0.20849454951561305,0.2399937295669935
crossing,100,400,4.0,0.01,0.7,176,dkw,1.0,1.0,1.0,0.0,0.0,0.0,0.0,0.02689920746009513,0.10910957078160166,0.24731600150911434,0.27992686387168364
crossing,100,400,4.0,0.01,0.7,177,cp,1.0,1.0,1.0,0.0,0.0,0.0,0.0,0.02117448884933375,0.08316548437573729,0.23429929568445854,0.27588826160402136
crossing,100,400,4.0,0.01,0.7,177,dkw,1.0,1.0,1.0,0.0,0.0,0.0,0.0,0.018814344855709618,0.08316548437573729,0.275568555262973,0.29699898933133684
crossing,100,400,4.0,0.01,0.7,178,cp,1.0,1.0,1.0,0.0,0.0,0.0,0.0,0.03132818591210182,0.1303854875283446,0.21210465639847376,0.2461486528786458
crossing,100,400,4.0,0.01,0.7,178,dkw,1.0,1.0,1.0,0.0,0.0,0.0,0.0,0.03132818591210182,0.1303854875283446,0.260071830491183,0.2881196542282521
crossing,100,400,4.0,0.01,0.7,179,cp,1.0,1.0,1.0,0.0,0.0,0.0,0.0,0.020028380165436416,0.10910957078160166,0.21518331111058356,0.24387846000077656
crossing,100,400,4.0,0.01,0.7,179,dkw,1.0,1.0,1.0,0.0,0.0,0.0,0.0,0.02152655335461042,0.10910957078160166,0.25589034350696277,0.26594011212684976
crossing,100,400,4.0,0.01,0.7,180,cp,1.0,1.0,1.0,0.0,0.0,0.0,0.0,0.025284665712736628,0.10910957078160166,0.2068245375116319,0.2360950212398933
crossing,100,400,4.0,0.01,0.7,180,dkw,1.0,1.0,1.0,0.0,0.0,0.0,0.0,0.026894073568345406,0.12023074069810574,0.2498347158064214,0.28533780550753524
crossing,100,400,4.0,0.01,0.7,181,cp,1.0,1.0,1.0,0.0,0.0,0.0,0.0,0.026894073568345406,0.12023074069810574,0.19925480648126867,0.23152629330475988
crossing,100,400,4.0,0.01,0.7,181,dkw,1.0,1.0,1.0,0.0,0.0,0.0,0.0,0.026894073568345406,0.12023074069810574,0.24380328318405858,0.27378229807386306
crossing,100,400,4.0,0.01,0.7,182,cp,1.0,1.0,1.0,0.0,0.0,0.0,0.0,0.006573276015064499,0.05878190040811415,0.22242850272680212,0.2557226665498372
crossing,100,400,4.0,0.01,0.7,182,dkw,1.0,1.0,1.0,0.0,0.0,0.0,0.0,0.013930283132385299,0.08316548437573729,0.27095611125884794,0.30244029821554735
crossing,100,400,4.0,0.01,0.7,183,cp,1.0,1.0,1.0,0.0,0.0,0.0,0.0,0.026347817561460582,0.10910957078160166,0.21675032303428796,0.24665232231310852
crossing,100,400,4.0,0.01,0.7,183,dkw,1.0,1.0,1.0,0.0,0.0,0.0,0.0,0.02210211750171972,0.10910957078160166,0.2512457771540535,0.27193179112782784
crossing,100,400,4.0,0.01,0.7,184,cp,1.0,1.0,1.0,0.0,0.0,0.0,0.0,0.011790626477037026,0.08316548437573729,0.22958236822075737,0.2533293599964239
crossing,100,400,4.0,0.01,0.7,184,dkw,1.0,1.0,1.0,0.0,0.0,0.0,0.0,0.017780842952287875,0.09683427142838308,0.2720492595811483,0.29502048433268224
crossing,100,400,4.0,0.01,0.7,185,cp,1.0,1.0,1.0,0.0,0.0,0.0,0.0,0.017461303327840513,0.09683427142838308,0.21897993668776206,0.25610970944611716
crossing,100,400,4.0,0.01,0.7,185,dkw,1.0,1.0,1.0,0.0,0.0,0.0,0.0,0.02159855840641979,0.10910957078160166,0.2569398304916115,0.27430464308384583
crossing,100,400,4.0,0.01,0.7,186,cp,1.0,1.0,1.0,0.0,0.0,0.0,0.0,0.014025088828137662,0.08316548437573729,0.21488776498134549,0.25288899197939585
crossing,100,400,4.0,0.01,0.7,186,dkw,1.0,1.0,1.0,0.0,0.0,0.0,0.0,0.01768957137632762,0.09683427142838308,0.24881165634122648,0.27665016715691115
crossing,100,400,4.0,0.01,0.7,187,cp,1.0,1.0,1.0,0.0,0.0,0.0,0.0,0.037155715351952716,0.1303854875283446,0.2110219610166526,0.2459928401962942
crossing,100,400,4.0,0.01,0.7,187,dkw,1.0,1.0,1.0,0.0,0.0,0.0,0.0,0.036353442565869906,0.1303854875283446,0.25286451391388914,0.27913075378901664
crossing,100,400,4.0,0.01,0.7,188,cp,1.0,1.0,1.0,0.0,0.0,0.0,0.0,0.02328321440535697,0.10910957078160166,0.19241418646000297,0.2210442298842885
crossing,100,400,4.0,0.01,0.7,188,dkw,1.0,1.0,1.0,0.0,0.0,0.0,0.0,0.022518663672884815,0.10910957078160166,0.22448143868826334,0.2441897552371708
crossing,100,400,4.0,0.01,0.7,189,cp,1.0,1.0,1.0,0.0,0.0,0.0,0.0,0.01824557569697365,0.09683427142838308,0.2078366874413124,0.22657067529484692
crossing,100,400,4.0,0.01,0.7,189,dkw,1.0,1.0,1.0,0.0,0.0,0.0,0.0,0.017035063665147492,0.09683427142838308,0.25597383717365474,0.2765906755996015
crossing,100,400,4.0,0.01,0.7,190,cp,1.0,1.0,1.0,0.0,0.0,0.0,0.0,0.009647525106476635,0.05878190040811415,0.23882911663980097,0.26287607304852223
crossing,100,400,4.0,0.01,0.7,190,dkw,1.0,1.0,1.0,0.0,0.0,0.0,0.0,0.018946855949820887,0.08316548437573729,0.2855427962383547,0.3130142821085407
crossing,100,400,4.0,0.01,0.7,191,cp,1.0,1.0,1.0,0.0,0.0,0.0,0.0,0.017044008082092464,0.09683427142838308,0.20974433950888197,0.2622103602445338
crossing,100,400,4.0,0.01,0.7,191,dkw,1.0,1.0,1.0,0.0,0.0,0.0,0.0,0.026217620541280757,0.12023074069810574,0.23980692715304402,0.2859048562729251
crossing,100,400,4.0,0.01,0.7,192,cp,1.0,1.0,1.0,0.0,0.0,0.0,0.0,0.01392983325063317,0.06948618691543856,0.21917562022876727,0.25540727039024613
crossing,100,400,4.0,0.01,0.7,192,dkw,1.0,1.0,1.0,0.0,0.0,0.0,0.0,0.03132818591210182,0.1303854875283446,0.2738293845078065,0.31843356156959873
crossing,100,400,4.0,0.01,0.7,193,cp,1.0,1.0,1.0,0.0,0.0,0.0,0.0,0.03969657651111461,0.1303854875283446,0.19806230137025288,0.22215275980992522
crossing,100,400,4.0,0.01,0.7,193,dkw,1.0,1.0,1.0,0.0,0.0,0.0,0.0,0.03132818591210182,0.1303854875283446,0.23919408660845298,0.2623528571313789
crossing,100,400,4.0,0.01,0.7,194,cp,1.0,1.0,1.0,0.0,0.0,0.0,0.0,0.018473742392366325,0.09683427142838308,0.21481784723946162,0.24658699960437103
crossing,100,400,4.0,0.01,0.7,194,dkw,1.0,1.0,1.0,0.0,0.0,0.0,0.0,0.02204961840282392,0.09683427142838308,0.24901233318857546,0.2800625373205615
crossing,100,400,4.0,0.01,0.7,195,cp,1.0,1.0,1.0,0.0,0.0,0.0,0.0,0.02187395080632704,0.10910957078160166,0.21062954761706704,0.23760041685800426
crossing,100,400,4.0,0.01,0.7,195,dkw,1.0,1.0,1.0,0.0,0.0,0.0,0.0,0.020663438774500883,0.10910957078160166,0.2575358164715081,0.2904561838630735
crossing,100,400,4.0,0.01,0.7,196,cp,1.0,1.0,1.0,0.0,0.0,0.0,0.0,0.012952671216817318,0.05878190040811415,0.23189131124876863,0.255124886707671
crossing,100,400,4.0,0.01,0.7,196,dkw,1.0,1.0,1.0,0.0,0.0,0.0,0.0,0.026465387727631497,0.10910957078160166,0.2799358835168864,0.31684904646802714
crossing,100,400,4.0,0.01,0.7,197,cp,1.0,1.0,1.0,0.0,0.0,0.0,0.0,0.009999984635588788,0.06948618691543856,0.2285573066229702,0.2580544072310903
crossing,100,400,4.0,0.01,0.7,197,dkw,1.0,1.0,1.0,0.0,0.0,0.0,0.0,0.02124357798348252,0.10910957078160166,0.2703147243520219,0.2956381120636987
crossing,100,400,4.0,0.01,0.7,198,cp,1.0,1.0,1.0,0.0,0.0,0.0,0.0,0.017720461109157114,0.09683427142838308,0.2046199079631089,0.24639404764113187
crossing,100,400,4.0,0.01,0.7,198,dkw,1.0,1.0,1.0,0.0,0.0,0.0,0.0,0.020663438774500883,0.10910957078160166,0.25472359782416304,0.2724277361633426
crossing,100,400,4.0,0.01,0.7,199,cp,1.0,1.0,1.0,0.0,0.0,0.0,0.0,0.02054109386551438,0.09683427142838308,0.2214772018942713,0.24849313984206522
crossing,100,400,4.0,0.01,0.7,199,dkw,1.0,1.0,1.0,0.0,0.0,0.0,0.0,0.02267656903057926,0.10910957078160166,0.26649563316904634,0.29621170336881397
crossing,100,400,4.0,0.01,0.7,200,cp,1.0,1.0,1.0,0.0,0.0,0.0,0.0,0.015360078555657339,0.08316548437573729,0.22413461601897994,0.2538535919103949
crossing,100,400,4.0,0.01,0.7,200,dkw,1.0,1.0,1.0,0.0,0.0,0.0,0.0,0.020168129896044627,0.08316548437573729,0.25476304656535115,0.2787854177272985
crossing,100,400,4.0,0.01,0.7,201,cp,1.0,1.0,1.0,0.0,0.0,0.0,0.0,0.01656977351304953,0.09683427142838308,0.21237253922601912,0.25465924314773003
crossing,100,400,4.0,0.01,0.7,201,dkw,1.0,1.0,1.0,0.0,0.0,0.0,0.0,0.020093024751217645,0.10910957078160166,0.25034744381941965,0.2805175000858133
crossing,100,400,4.0,0.01,0.7,202,cp,1.0,1.0,1.0,0.0,0.0,0.0,0.0,0.02208484394042118,0.10910957078160166,0.20969920395810868,0.24733385700463772
crossing,100,400,4.0,0.01,0.7,202,dkw,1.0,1.0,1.0,0.0,0.0,0.0,0.0,0.026894073568345406,0.12023074069810574,0.2579977104359438,0.2919708153226234
crossing,100,400,4.0,0.01,0.7,203,cp,1.0,1.0,1.0,0.0,0.0,0.0,0.0,0.02204338784858395,0.05878190040811415,0.24006315245361545,0.2663446258807007
crossing,100,400,4.0,0.01,0.7,203,dkw,1.0,1.0,1.0,0.0,0.0,0.0,0.0,0.031822550300913424,0.08316548437573729,0.28303738006714935,0.30938490464122503
crossing,100,400,4.0,0.01,0.7,204,cp,1.0,1.0,1.0,0.0,0.0,0.0,0.0,0.007808739505507569,0.05878190040811415,0.20604510852123134,0.2541598390243538
crossing,100,400,4.0,0.01,0.7,204,dkw,1.0,1.0,1.0,0.0,0.0,0.0,0.0,0.010520470876992299,0.06948618691543856,0.2565013737377887,0.28966002705852223
crossing,100,400,4.0,0.01,0.7,205,cp,1.0,1.0,1.0,0.0,0.0,0.0,0.0,0.025677993512177314,0.10910957078160166,0.20838531421386775,0.24737907456775143
crossing,100,400,4.0,0.01,0.7,205,dkw,1.0,1.0,1.0,0.0,0.0,0.0,0.0,0.02689920746009513,0.10910957078160166,0.24996544150677857,0.2799313414007858
crossing,100,400,4.0,0.01,0.7,206,cp,1.0,1.0,1.0,0.0,0.0,0.0,0.0,0.014203532017632324,0.08316548437573729,0.208957351210238,0.22996761618314143
crossing,100,400,4.0,0.01,0.7,206,dkw,1.0,1.0,1.0,0.0,0.0,0.0,0.0,0.014288548060133794,0.08316548437573729,0.25600369793180133,0.27897557315594307
crossing,100,400,4.0,0.01,0.7,207,cp,1.0,1.0,1.0,0.0,0.0,0.0,0.0,0.022803523888833964,0.10910957078160166,0.20924987630233996,0.2511527983561005
crossing,100,400,4.0,0.01,0.7,207,dkw,1.0,1.0,1.0,0.0,0.0,0.0,0.0,0.02689920746009513,0.10910957078160166,0.2397228695619391,0.2798644797741162
crossing,100,400,4.0,0.01,0.7,208,cp,1.0,1.0,1.0,0.0,0.0,0.0,0.0,0.0064994186866977575,0.045523681005445404,0.23381982114892239,0.2611632716099268
crossing,100,400,4.0,0.01,0.7,208,dkw,1.0,1.0,1.0,0.0,0.0,0.0,0.0,0.010418651196796027,0.05878190040811415,0.27618015552387976,0.2938374935787014
crossing,100,400,4.0,0.01,0.7,209,cp,1.0,1.0,1.0,0.0,0.0,0.0,0.0,0.007885646965807847,0.045523681005445404,0.21457930385916385,0.2590548806946457
crossing,100,400,4.0,0.01,0.7,209,dkw,1.0,1.0,1.0,0.0,0.0,0.0,0.0,0.016581651010548436,0.09683427142838308,0.276141497475082,0.3304876663896132
crossing,100,400,4.0,0.01,0.7,210,cp,1.0,1.0,1.0,0.0,0.0,0.0,0.0,0.024094820738564976,0.10910957078160166,0.2168612155248457,0.25858744887891616
crossing,100,400,4.0,0.01,0.7,210,dkw,1.0,1.0,1.0,0.0,0.0,0.0,0.0,0.03077201923668528,0.1303854875283446,0.25746259895326434,0.2835294841573088
crossing,100,400,4.0,0.01,0.7,211,cp,1.0,1.0,1.0,0.0,0.0,0.0,0.0,0.01836886819135415,0.09683427142838308,0.2044037888353352,0.2375831795143496
crossing,100,400,4.0,0.01,0.7,211,dkw,1.0,1.0,1.0,0.0,0.0,0.0,0.0,0.01772415532479638,0.09683427142838308,0.23744427889236072,0.2540381023869085
crossing,100,400,4.0,0.01,0.7,212,cp,1.0,1.0,1.0,0.0,0.0,0.0,0.0,0.01824557569697365,0.09683427142838308,0.2051547559986749,0.23409915126645187
crossing,100,400,4.0,0.01,0.7,212,dkw,1.0,1.0,1.0,0.0,0.0,0.0,0.0,0.016873696236347584,0.09683427142838308,0.2526631821656082,0.2799831626416227
crossing,100,400,4.0,0.01,0.7,213,cp,1.0,1.0,1.0,0.0,0.0,0.0,0.0,0.01291218857884007,0.06948618691543856,0.2028211271703191,0.2283289326599841
crossing,100,400,4.0,0.01,0.7,213,dkw,1.0,1.0,1.0,0.0,0.0,0.0,0.0,0.012024765295627076,0.06948618691543856,0.2543471097335406,0.27477964670010907
crossing,100,400,4.0,0.01,0.7,214,cp,1.0,1.0,1.0,0.0,0.0,0.0,0.0,0.012089548372348349,0.06948618691543856,0.2342185206239644,0.2675870839215857
crossing,100,400,4.0,0.01,0.7,214,dkw,1.0,1.0,1.0,0.0,0.0,0.0,0.0,0.016829455176652342,0.08316548437573729,0.2819774917937979,0.3114836924963625
crossing,100,400,4.0,0.01,0.7,215,cp,1.0,1.0,1.0,0.0,0.0,0.0,0.0,0.016939153951779737,0.09683427142838308,0.21462948650442285,0.25372158736019085
crossing,100,400,4.0,0.01,0.7,215,dkw,1.0,1.0,1.0,0.0,0.0,0.0,0.0,0.020663438774500883,0.10910957078160166,0.25558119603293594,0.27393621841231997
crossing,100,400,4.0,0.01,0.7,216,cp,1.0,1.0,1.0,0.0,0.0,0.0,0.0,0.01384709025202179,0.08316548437573729,0.2089245329081404,0.24836945035984065
crossing,100,400,4.0,0.01,0.7,216,dkw,1.0,1.0,1.0,0.0,0.0,0.0,0.0,0.01824557569697365,0.09683427142838308,0.2533724876117193,0.2765906755996015
crossing,100,400,4.0,0.01,0.7,217,cp,1.0,1.0,1.0,0.0,0.0,0.0,0.0,0.014016967056914041,0.06948618691543856,0.2323580936390827,0.2531638465374296
crossing,100,400,4.0,0.01,0.7,217,dkw,1.0,1.0,1.0,0.0,0.0,0.0,0.0,0.01921320746205839,0.08316548437573729,0.27518209187659903,0.2970472608987052
crossing,100,400,4.0,0.01,0.7,218,cp,1.0,1.0,1.0,0.0,0.0,0.0,0.0,0.026214776753318878,0.12023074069810574,0.2018805126175749,0.24104530887241588
crossing,100,400,4.0,0.01,0.7,218,dkw,1.0,1.0,1.0,0.0,0.0,0.0,0.0,0.025004264721492718,0.12023074069810574,0.24302641776767817,0.250402775562005
crossing,100,400,4.0,0.01,0.7,219,cp,1.0,1.0,1.0,0.0,0.0,0.0,0.0,0.022443495462680308,0.10910957078160166,0.20853525892648073,0.24306584654054103
crossing,100,400,4.0,0.01,0.7,219,dkw,1.0,1.0,1.0,0.0,0.0,0.0,0.0,0.023609173382635212,0.10910957078160166,0.2524142134536483,0.27257356656234744
crossing,100,400,4.0,0.01,0.7,220,cp,1.0,1.0,1.0,0.0,0.0,0.0,0.0,0.009825774439641445,0.05878190040811415,0.22404293437365289,0.2531766253270617
crossing,100,400,4.0,0.01,0.7,220,dkw,1.0,1.0,1.0,0.0,0.0,0.0,0.0,0.017278422833836654,0.09683427142838308,0.27087611880875856,0.311912710042788
crossing,100,400,4.0,0.01,0.7,221,cp,1.0,1.0,1.0,0.0,0.0,0.0,0.0,0.020046733061100604,0.10910957078160166,0.21860470831978135,0.25437278738255353
crossing,100,400,4.0,0.01,0.7,221,dkw,1.0,1.0,1.0,0.0,0.0,0.0,0.0,0.02590196325007102,0.12023074069810574,0.26119932470842555,0.2741546305749283
crossing,100,400,4.0,0.01,0.7,222,cp,1.0,1.0,1.0,0.0,0.0,0.0,0.0,0.00689896846288661,0.05878190040811415,0.22946432670497996,0.26188761516212045
crossing,100,400,4.0,0.01,0.7,222,dkw,1.0,1.0,1.0,0.0,0.0,0.0,0.0,0.012813096234434062,0.06948618691543856,0.2790461197653464,0.30377204468301583
crossing,100,400,4.0,0.01,0.7,223,cp,1.0,1.0,1.0,0.0,0.0,0.0,0.0,0.010426070853915361,0.06948618691543856,0.23146885049487514,0.2601471727519322
crossing,100,400,4.0,0.01,0.7,223,dkw,1.0,1.0,1.0,0.0,0.0,0.0,0.0,0.019173928336780766,0.09683427142838308,0.27587120776984053,0.2991263369503183
crossing,100,400,4.0,0.01,0.7,224,cp,1.0,1.0,1.0,0.0,0.0,0.0,0.0,0.02769668477954747,0.10910957078160166,0.2233400705426859,0.2565870575916075
crossing,100,400,4.0,0.01,0.7,224,dkw,1.0,1.0,1.0,0.0,0.0,0.0,0.0,0.02152655335461042,0.10910957078160166,0.26811896599526636,0.28316260816412786
crossing,100,400,4.0,0.01,0.7,225,cp,1.0,1.0,1.0,0.0,0.0,0.0,0.0,0.037960396088093123,0.14359667222319933,0.21899887321380554,0.2618860373877279
crossing,100,400,4.0,0.01,0.7,225,dkw,1.0,1.0,1.0,0.0,0.0,0.0,0.0,0.03883027397477657,0.14359667222319933,0.2507808353794224,0.2791140127989295
crossing,100,400,4.0,0.01,0.7,226,cp,1.0,1.0,1.0,0.0,0.0,0.0,0.0,0.02387723688807806,0.08316548437573729,0.22522260341858144,0.25299957642911863
crossing,100,400,4.0,0.01,0.7,226,dkw,1.0,1.0,1.0,0.0,0.0,0.0,0.0,0.03310846413568249,0.10910957078160166,0.26182480265370633,0.2802628207246256
crossing,100,400,4.0,0.01,0.7,227,cp,1.0,1.0,1.0,0.0,0.0,0.0,0.0,0.01671483929174861,0.045523681005445404,0.2349007321371124,0.2503455703858245
crossing,100,400,4.0,0.01,0.7,227,dkw,1.0,1.0,1.0,0.0,0.0,0.0,0.0,0.02804535451945356,0.06948618691543856,0.2792224262284204,0.3107821467495972
crossing,100,400,4.0,0.01,0.7,228,cp,1.0,1.0,1.0,0.0,0.0,0.0,0.0,0.03633417400879648,0.12023074069810574,0.22089756062902022,0.24921172063517433
crossing,100,400,4.0,0.01,0.7,228,dkw,1.0,1.0,1.0,0.0,0.0,0.0,0.0,0.026477527397180314,0.12023074069810574,0.2659652337395503,0.2803277654010285
crossing,100,400,4.0,0.01,0.7,229,cp,1.0,1.0,1.0,0.0,0.0,0.0,0.0,0.014042164588832416,0.08316548437573729,0.2110652423260735,0.23272079523676192
crossing,100,400,4.0,0.01,0.7,229,dkw,1.0,1.0,1.0,0.0,0.0,0.0,0.0,0.014615748576911019,0.08316548437573729,0.25666021121508226,0.26507895661072367
crossing,100,400,4.0,0.01,0.7,230,cp,1.0,1.0,1.0,0.0,0.0,0.0,0.0,0.021349623181113046,0.10910957078160166,0.2093708984734264,0.23591972071134049
crossing,100,400,4.0,0.01,0.7,230,dkw,1.0,1.0,1.0,0.0,0.0,0.0,0.0,0.016873696236347584,0.09683427142838308,0.25107049199178144,0.2822196231309502
crossing,100,400,4.0,0.01,0.7,231,cp,1.0,1.0,1.0,0.0,0.0,0.0,0.0,0.025725033076573638,0.12023074069810574,0.211627572905822,0.2370440257578128
crossing,100,400,4.0,0.01,0.7,231,dkw,1.0,1.0,1.0,0.0,0.0,0.0,0.0,0.020663438774500883,0.10910957078160166,0.25552903259077114,0.27004848279143945
crossing,100,400,4.0,0.01,0.7,232,cp,1.0,1.0,1.0,0.0,0.0,0.0,0.0,0.022393558818243075,0.08316548437573729,0.22842258223030232,0.26197907313289537
crossing,100,400,4.0,0.01,0.7,232,dkw,1.0,1.0,1.0,0.0,0.0,0.0,0.0,0.01904322219285378,0.09683427142838308,0.2773047501533991,0.29954952221871967
crossing,100,400,4.0,0.01,0.7,233,cp,1.0,1.0,1.0,0.0,0.0,0.0,0.0,0.011718286711617591,0.045523681005445404,0.22936695010581382,0.25162311754603583
crossing,100,400,4.0,0.01,0.7,233,dkw,1.0,1.0,1.0,0.0,0.0,0.0,0.0,0.01308588831049101,0.05878190040811415,0.2787770842059913,0.3186793329282295
crossing,100,400,4.0,0.01,0.7,234,cp,1.0,1.0,1.0,0.0,0.0,0.0,0.0,0.03249343631280363,0.12023074069810574,0.20671378133255988,0.2362032685564192
crossing,100,400,4.0,0.01,0.7,234,dkw,1.0,1.0,1.0,0.0,0.0,0.0,0.0,0.0209460338418125,0.10910957078160166,0.25658259388272103,0.28032383395457017
crossing,100,400,4.0,0.01,0.7,235,cp,1.0,1.0,1.0,0.0,0.0,0.0,0.0,0.02732289504465275,0.12023074069810574,0.20872439687284836,0.23386861593448288
crossing,100,400,4.0,0.01,0.7,235,dkw,1.0,1.0,1.0,0.0,0.0,0.0,0.0,0.024837609793360648,0.12023074069810574,0.2523612088657962,0.27104591821944096
crossing,100,400,4.0,0.01,0.7,236,cp,1.0,1.0,1.0,0.0,0.0,0.0,0.0,0.009406673473885803,0.06948618691543856,0.2221182593431407,0.26049331738115544
crossing,100,400,4.0,0.01,0.7,236,dkw,1.0,1.0,1.0,0.0,0.0,0.0,0.0,0.012733292848915294,0.08316548437573729,0.2644881103943738,0.2812256066839142
crossing,100,400,4.0,0.01,0.7,237,cp,1.0,1.0,1.0,0.0,0.0,0.0,0.0,0.0066010158991963675,0.05878190040811415,0.22583111273126982,0.2504586765179641
crossing,100,400,4.0,0.01,0.7,237,dkw,1.0,1.0,1.0,0.0,0.0,0.0,0.0,0.015793645973292626,0.08316548437573729,0.2811833138361974,0.31825145388221554
crossing,100,400,4.0,0.01,0.7,238,cp,1.0,1.0,1.0,0.0,0.0,0.0,0.0,0.02187395080632704,0.10910957078160166,0.2084524785706058,0.22813974342043508
crossing,100,400,4.0,0.01,0.7,238,dkw,1.0,1.0,1.0,0.0,0.0,0.0,0.0,0.020663438774500883,0.10910957078160166,0.25262370184412347,0.2666097268519334
crossing,100,400,4.0,0.01,0.7,239,cp,1.0,1.0,1.0,0.0,0.0,0.0,0.0,0.026894073568345406,0.12023074069810574,0.1932100675353344,0.22502086119783166
crossing,100,400,4.0,0.01,0.7,239,dkw,1.0,1.0,1.0,0.0,0.0,0.0,0.0,0.025725033076573638,0.12023074069810574,0.23202160465467614,0.24809543187666733
crossing,100,400,4.0,0.01,0.7,240,cp,1.0,1.0,1.0,0.0,0.0,0.0,0.0,0.0274945789273189,0.08316548437573729,0.2251087670584828,0.2563309623774314
crossing,100,400,4.0,0.01,0.7,240,dkw,1.0,1.0,1.0,0.0,0.0,0.0,0.0,0.035560571711107915,0.09683427142838308,0.26838475871269385,0.28959585148659184
crossing,100,400,4.0,0.01,0.7,241,cp,1.0,1.0,1.0,0.0,0.0,0.0,0.0,0.01824557569697365,0.09683427142838308,0.19690343942026758,0.22209621465300722
crossing,100,400,4.0,0.01,0.7,241,dkw,1.0,1.0,1.0,0.0,0.0,0.0,0.0,0.016873696236347584,0.09683427142838308,0.23678254151015332,0.2527198130775984
crossing,100,400,4.0,0.01,0.7,242,cp,1.0,1.0,1.0,0.0,0.0,0.0,0.0,0.014084266132349744,0.08316548437573729,0.20766852644037764,0.2356389584510029
crossing,100,400,4.0,0.01,0.7,242,dkw,1.0,1.0,1.0,0.0,0.0,0.0,0.0,0.015642210744851157,0.08316548437573729,0.2505051385686599,0.26924258566289117
crossing,100,400,4.0,0.01,0.7,243,cp,1.0,1.0,1.0,0.0,0.0,0.0,0.0,0.024877481241161573,0.12023074069810574,0.21518992783803514,0.24118972334136868
crossing,100,400,4.0,0.01,0.7,243,dkw,1.0,1.0,1.0,0.0,0.0,0.0,0.0,0.020748454817002354,0.10910957078160166,0.25953711036987664,0.27314348459856996
crossing,100,400,4.0,0.01,0.7,244,cp,1.0,1.0,1.0,0.0,0.0,0.0,0.0,0.029033073902966295,0.10910957078160166,0.20688280835816797,0.24498287475648806
crossing,100,400,4.0,0.01,0.7,244,dkw,1.0,1.0,1.0,0.0,0.0,0.0,0.0,0.026894073568345406,0.12023074069810574,0.24648986384766297,0.27986523224946996
crossing,100,400,4.0,0.01,0.7,245,cp,1.0,1.0,1.0,0.0,0.0,0.0,0.0,0.020614725906644503,0.10910957078160166,0.2253298830202249,0.25111103047915473
crossing,100,400,4.0,0.01,0.7,245,dkw,1.0,1.0,1.0,0.0,0.0,0.0,0.0,0.020969610136149053,0.10910957078160166,0.2654477937155511,0.2904561838630735
crossing,100,400,4.0,0.01,0.7,246,cp,1.0,1.0,1.0,0.0,0.0,0.0,0.0,0.016796238360281837,0.09683427142838308,0.21904936858780155,0.24637627211258473
crossing,100,400,4.0,0.01,0.7,246,dkw,1.0,1.0,1.0,0.0,0.0,0.0,0.0,0.016497044748254183,0.09683427142838308,0.2647790036742776,0.28801016825697867
crossing,100,400,4.0,0.01,0.7,247,cp,1.0,1.0,1.0,0.0,0.0,0.0,0.0,0.022971573350120154,0.10910957078160166,0.21159835831992793,0.239255261699182
crossing,100,400,4.0,0.01,0.7,247,dkw,1.0,1.0,1.0,0.0,0.0,0.0,0.0,0.026894073568345406,0.12023074069810574,0.2569160538292221,0.28618783649937435
crossing,100,400,4.0,0.01,0.7,248,cp,1.0,1.0,1.0,0.0,0.0,0.0,0.0,0.016939153951779737,0.09683427142838308,0.2022175161319285,0.25076140224225807
crossing,100,400,4.0,0.01,0.7,248,dkw,1.0,1.0,1.0,0.0,0.0,0.0,0.0,0.02624936070178763,0.12023074069810574,0.24178074907405503,0.2799581273782271
crossing,100,400,4.0,0.01,0.7,249,cp,1.0,1.0,1.0,0.0,0.0,0.0,0.0,0.011097266740930907,0.06948618691543856,0.22935808389516216,0.2600514399669813
crossing,100,400,4.0,0.01,0.7,249,dkw,1.0,1.0,1.0,0.0,0.0,0.0,0.0,0.01482400426839119,0.08316548437573729,0.2681043214592116,0.28371453283639975
crossing,100,400,4.0,0.05,0.7,0,cp,1.0,1.0,1.0,0.0,0.0,0.0,0.0,0.013276862807632055,0.045523681005445404,0.21331255282375508,0.24418035739245147
crossing,100,400,4.0,0.05,0.7,0,dkw,1.0,1.0,1.0,0.0,0.0,0.0,0.0,0.015514273920101091,0.08316548437573729,0.2611229955689207,0.29709137731177343
crossing,100,400,4.0,0.05,0.7,1,cp,1.0,1.0,1.0,0.0,0.0,0.0,0.0,0.03349877424338271,0.10910957078160166,0.1881274592710091,0.22259314793010582
crossing,100,400,4.0,0.05,0.7,1,dkw,1.0,1.0,1.0,0.0,0.0,0.0,0.0,0.024846408207802147,0.09683427142838308,0.22046005390306145,0.23580405645054858
crossing,100,400,4.0,0.05,0.7,2,cp,1.0,1.0,1.0,0.0,0.0,0.0,0.0,0.009040650910871282,0.05878190040811415,0.1863259179403109,0.22418907747688516
crossing,100,400,4.0,0.05,0.7,2,dkw,1.0,1.0,1.0,0.0,0.0,0.0,0.0,0.013202377385464014,0.08316548437573729,0.2271131420361195,0.2770504282326953
crossing,100,400,4.0,0.05,0.7,3,cp,1.0,1.0,1.0,0.0,0.0,0.0,0.0,0.010095038429826784,0.05878190040811415,0.20040163721819135,0.22769063705841863
crossing,100,400,4.0,0.05,0.7,3,dkw,1.0,1.0,1.0,0.0,0.0,0.0,0.0,0.010675250254494204,0.06948618691543856,0.23118378645327012,0.25393986093703796
crossing,100,400,4.0,0.05,0.7,4,cp,0.0,1.0,1.0,0.0,0.0,0.0,0.0,0.018918831574092906,0.09683427142838308,0.17389684286256,0.21475906773275044
crossing,100,400,4.0,0.05,0.7,4,dkw,1.0,1.0,1.0,0.0,0.0,0.0,0.0,0.022518663672884815,0.10910957078160166,0.20176420904537842,0.23219546444356598
crossing,100,400,4.0,0.05,0.7,5,cp,1.0,1.0,1.0,0.0,0.0,0.0,0.0,0.010400492525964578,0.045523681005445404,0.20465572642725552,0.22270672898669175
crossing,100,400,4.0,0.05,0.7,5,dkw,1.0,1.0,1.0,0.0,0.0,0.0,0.0,0.01533483439666625,0.06948618691543856,0.24858994638078574,0.2880701280967208
crossing,100,400,4.0,0.05,0.7,6,cp,1.0,1.0,1.0,0.0,0.0,0.0,0.0,0.017075748242599338,0.09683427142838308,0.1852245512362074,0.21969748034368808
crossing,100,400,4.0,0.05,0.7,6,dkw,1.0,1.0,1.0,0.0,0.0,0.0,0.0,0.020663438774500883,0.10910957078160166,0.2118157665263038,0.23157010292267122
crossing,100,400,4.0,0.05,0.7,7,cp,1.0,1.0,1.0,0.0,0.0,0.0,0.0,0.026894073568345406,0.12023074069810574,0.17210043991132382,0.19884483496478023
crossing,100,400,4.0,0.05,0.7,7,dkw,1.0,1.0,1.0,0.0,0.0,0.0,0.0,0.026894073568345406,0.12023074069810574,0.21122197778274437,0.2219744174000558
crossing,100,400,4.0,0.05,0.7,8,cp,1.0,1.0,1.0,0.0,0.0,0.0,0.0,0.01300032537921226,0.08316548437573729,0.1863739236159897,0.21054258368765544
crossing,100,400,4.0,0.05,0.7,8,dkw,1.0,1.0,1.0,0.0,0.0,0.0,0.0,0.01744728022442619,0.09683427142838308,0.2209944766658296,0.23040547238951603
crossing,100,400,4.0,0.05,0.7,9,cp,1.0,1.0,1.0,0.0,0.0,0.0,0.0,0.0069748322846607145,0.05878190040811415,0.2030802531856801,0.2340517049887897
crossing,100,400,4.0,0.05,0.7,9,dkw,1.0,1.0,1.0,0.0,0.0,0.0,0.0,0.011951194602609547,0.08316548437573729,0.23975456733459286,0.27439888527530487
crossing,100,400,4.0,0.05,0.7,10,cp,1.0,1.0,1.0,0.0,0.0,0.0,0.0,0.006658051909399987,0.05878190040811415,0.19947940063936354,0.23450452276701816
crossing,100,400,4.0,0.05,0.7,10,dkw,1.0,1.0,1.0,0.0,0.0,0.0,0.0,0.008503878549808459,0.06948618691543856,0.2394273044413902,0.26592177335748435
crossing,100,400,4.0,0.05,0.7,11,cp,1.0,1.0,1.0,0.0,0.0,0.0,0.0,0.015196582184371556,0.08316548437573729,0.1877400186222916,0.21576983254534743
crossing,100,400,4.0,0.05,0.7,11,dkw,1.0,1.0,1.0,0.0,0.0,0.0,0.0,0.02047879844261609,0.10910957078160166,0.22989648025134207,0.26511030078646247
crossing,100,400,4.0,0.05,0.7,12,cp,1.0,1.0,1.0,0.0,0.0,0.0,0.0,0.013503832328060525,0.08316548437573729,0.19321146781808815,0.227881384139625
crossing,100,400,4.0,0.05,0.7,12,dkw,1.0,1.0,1.0,0.0,0.0,0.0,0.0,0.020512214109348864,0.10910957078160166,0.23220305493490534,0.26789785701985713
crossing,100,400,4.0,0.05,0.7,13,cp,1.0,1.0,1.0,0.0,0.0,0.0,0.0,0.016551420617385345,0.09683427142838308,0.1913873024930556,0.22034180369686018
crossing,100,400,4.0,0.05,0.7,13,dkw,1.0,1.0,1.0,0.0,0.0,0.0,0.0,0.020663438774500883,0.10910957078160166,0.22583728442399298,0.2502451509909408
crossing,100,400,4.0,0.05,0.7,14,cp,1.0,1.0,1.0,0.0,0.0,0.0,0.0,0.014042164588832416,0.08316548437573729,0.18775371739427352,0.2100227073389278
crossing,100,400,4.0,0.05,0.7,14,dkw,1.0,1.0,1.0,0.0,0.0,0.0,0.0,0.014615748576911019,0.08316548437573729,0.21788046998543886,0.23152121186722496
crossing,100,400,4.0,0.05,0.7,15,cp,1.0,1.0,1.0,0.0,0.0,0.0,0.0,0.016601516478344406,0.08316548437573729,0.1941665675960847,0.22225776754998472
crossing,100,400,4.0,0.05,0.7,15,dkw,1.0,1.0,1.0,0.0,0.0,0.0,0.0,0.019218086755308752,0.08316548437573729,0.22090480202272086,0.24501891149063848
crossing,100,400,4.0,0.05,0.7,16,cp,1.0,1.0,1.0,0.0,0.0,0.0,0.0,0.018631903808090766,0.09683427142838308,0.19086211175197212,0.2158170495026232
crossing,100,400,4.0,0.05,0.7,16,dkw,1.0,1.0,1.0,0.0,0.0,0.0,0.0,0.0209460338418125,0.10910957078160166,0.22088874567562772,0.2513561820715715
crossing,100,400,4.0,0.05,0.7,17,cp,1.0,1.0,1.0,0.0,0.0,0.0,0.0,0.005918017864432385,0.028545808724175337,0.21023912554315324,0.24060229381094145
crossing,100,400,4.0,0.05,0.7,17,dkw,1.0,1.0,1.0,0.0,0.0,0.0,0.0,0.00713228647844292,0.05878190040811415,0.2501372979743182,0.28246840583470934
crossing,100,400,4.0,0.05,0.7,18,cp,1.0,1.0,1.0,0.0,0.0,0.0,0.0,0.01824557569697365,0.09683427142838308,0.1747779748723763,0.20102355784520554
crossing,100,400,4.0,0.05,0.7,18,dkw,1.0,1.0,1.0,0.0,0.0,0.0,0.0,0.017035063665147492,0.09683427142838308,0.2057884524627031,0.21835085972550028
crossing,100,400,4.0,0.05,0.7,19,cp,1.0,1.0,1.0,0.0,0.0,0.0,0.0,0.005066730852025589,0.045523681005445404,0.20438076488709747,0.22711906172259133
crossing,100,400,4.0,0.05,0.7,19,dkw,1.0,1.0,1.0,0.0,0.0,0.0,0.0,0.011481281323169485,0.06948618691543856,0.2444588395062658,0.2954534349001517
crossing,100,400,4.0,0.05,0.7,20,cp,1.0,1.0,1.0,0.0,0.0,0.0,0.0,0.02139894351904784,0.10910957078160166,0.18872681486890783,0.21212292558484347
crossing,100,400,4.0,0.05,0.7,20,dkw,1.0,1.0,1.0,0.0,0.0,0.0,0.0,0.024837609793360648,0.12023074069810574,0.2229941018277242,0.25426713509610105
crossing,100,400,4.0,0.05,0.7,21,cp,1.0,1.0,1.0,0.0,0.0,0.0,0.0,0.005848108937608058,0.045523681005445404,0.1939833164853865,0.22554986092215856
crossing,100,400,4.0,0.05,0.7,21,dkw,1.0,1.0,1.0,0.0,0.0,0.0,0.0,0.011688325881429476,0.06948618691543856,0.2310177049472697,0.2812505769755261
crossing,100,400,4.0,0.05,0.7,22,cp,1.0,1.0,1.0,0.0,0.0,0.0,0.0,0.006407063812473921,0.045523681005445404,0.19459100258781498,0.2245671855672715
crossing,100,400,4.0,0.05,0.7,22,dkw,1.0,1.0,1.0,0.0,0.0,0.0,0.0,0.01631240441636939,0.09683427142838308,0.24719874824261967,0.2920776908075535
crossing,100,400,4.0,0.05,0.7,23,cp,0.0,0.0,1.0,0.0,0.0,0.0,0.0,0.014002293141031493,0.08316548437573729,0.18811230693569353,0.21746593261145852
crossing,100,400,4.0,0.05,0.7,23,dkw,0.0,0.0,1.0,0.0,0.0,0.0,0.0,0.014615748576911019,0.08316548437573729,0.21823967716102935,0.23398587122604964
crossing,100,400,4.0,0.05,0.7,24,cp,1.0,1.0,1.0,0.0,0.0,0.0,0.0,0.02507659494807529,0.06948618691543856,0.1991599089195823,0.2322985600821107
crossing,100,400,4.0,0.05,0.7,24,dkw,1.0,1.0,1.0,0.0,0.0,0.0,0.0,0.02140795760557143,0.08316548437573729,0.24013964859560918,0.26652431701319995
crossing,100,400,4.0,0.05,0.7,25,cp,1.0,1.0,1.0,0.0,0.0,0.0,0.0,0.027853379301838656,0.12023074069810574,0.17134796253207837,0.19670290256615358
crossing,100,400,4.0,0.05,0.7,25,dkw,1.0,1.0,1.0,0.0,0.0,0.0,0.0,0.026894073568345406,0.12023074069810574,0.20990627164480424,0.23677469452755656
crossing,100,400,4.0,0.05,0.7,26,cp,1.0,1.0,1.0,0.0,0.0,0.0,0.0,0.020538357830373895,0.09683427142838308,0.16489646936403307,0.18818445240234272
crossing,100,400,4.0,0.05,0.7,26,dkw,1.0,1.0,1.0,0.0,0.0,0.0,0.0,0.02328321440535697,0.10910957078160166,0.19696665100209512,0.23115796169914815
crossing,100,400,4.0,0.05,0.7,27,cp,1.0,1.0,1.0,0.0,0.0,0.0,0.0,0.017083187724502676,0.08316548437573729,0.2014777372109515,0.2262350837782494
crossing,100,400,4.0,0.05,0.7,27,dkw,1.0,1.0,1.0,0.0,0.0,0.0,0.0,0.019392696143585863,0.08316548437573729,0.2351963072909281,0.25617772256879734
crossing,100,400,4.0,0.05,0.7,28,cp,1.0,1.0,1.0,0.0,0.0,0.0,0.0,0.01556727449115367,0.09683427142838308,0.18810647963592292,0.22572744652769905
crossing,100,400,4.0,0.05,0.7,28,dkw,1.0,1.0,1.0,0.0,0.0,0.0,0.0,0.020641835601315942,0.10910957078160166,0.21662344220370613,0.23616161843987582
crossing,100,400,4.0,0.05,0.7,29,cp,1.0,1.0,1.0,0.0,0.0,0.0,0.0,0.03132818591210182,0.1303854875283446,0.1817192691616233,0.21495395542119594
crossing,100,400,4.0,0.05,0.7,29,dkw,1.0,1.0,1.0,0.0,0.0,0.0,0.0,0.030803858286887822,0.1303854875283446,0.2124568967731128,0.24763721757834978
crossing,100,400,4.0,0.05,0.7,30,cp,1.0,1.0,1.0,0.0,0.0,0.0,0.0,0.013599742041428282,0.08316548437573729,0.1907599521329073,0.21313199607127942
crossing,100,400,4.0,0.05,0.7,30,dkw,1.0,1.0,1.0,0.0,0.0,0.0,0.0,0.017120079707648964,0.09683427142838308,0.22908888921586285,0.26043422716000764
crossing,100,400,4.0,0.05,0.7,31,cp,0.0,1.0,1.0,0.0,0.0,0.0,0.0,0.01325606956125795,0.045523681005445404,0.20724793047099255,0.23271151400785395
crossing,100,400,4.0,0.05,0.7,31,dkw,1.0,1.0,1.0,0.0,0.0,0.0,0.0,0.023095370185278206,0.06079128358890973,0.23702353328241144,0.261193556853077
crossing,100,400,4.0,0.05,0.7,32,cp,1.0,1.0,1.0,0.0,0.0,0.0,0.0,0.013318601387807646,0.06948618691543856,0.20469006721917146,0.23945658843760587
crossing,100,400,4.0,0.05,0.7,32,dkw,1.0,1.0,1.0,0.0,0.0,0.0,0.0,0.012421733247493634,0.06948618691543856,0.23521034013898706,0.24744387210740787
crossing,100,400,4.0,0.05,0.7,33,cp,1.0,1.0,1.0,0.0,0.0,0.0,0.0,0.024589699041011947,0.10910957078160166,0.19535245075322358,0.23567557767956426
crossing,100,400,4.0,0.05,0.7,33,dkw,1.0,1.0,1.0,0.0,0.0,0.0,0.0,0.02327083235074174,0.09683427142838308,0.21776927784256478,0.24660092646192855
crossing,100,400,4.0,0.05,0.7,34,cp,1.0,1.0,1.0,0.0,0.0,0.0,0.0,0.006462306901139195,0.045523681005445404,0.2064588280510031,0.2334956872493263
crossing,100,400,4.0,0.05,0.7,34,dkw,1.0,1.0,1.0,0.0,0.0,0.0,0.0,0.009182997044198385,0.06948618691543856,0.24341689893918717,0.28157227912466876
crossing,100,400,4.0,0.05,0.7,35,cp,1.0,1.0,1.0,0.0,0.0,0.0,0.0,0.009841534728460704,0.05878190040811415,0.2054357840739173,0.23142538955708541
crossing,100,400,4.0,0.05,0.7,35,dkw,1.0,1.0,1.0,0.0,0.0,0.0,0.0,0.02159855840641979,0.10910957078160166,0.24615076338236747,0.27928365165517244
crossing,100,400,4.0,0.05,0.7,36,cp,1.0,1.0,1.0,0.0,0.0,0.0,0.0,0.007151868364285337,0.05878190040811415,0.19260348769449076,0.23023940089056721
crossing,100,400,4.0,0.05,0.7,36,dkw,1.0,1.0,1.0,0.0,0.0,0.0,0.0,0.013065783094644411,0.08316548437573729,0.23620060544949606,0.28074260486758723
crossing,100,400,4.0,0.05,0.7,37,cp,1.0,1.0,1.0,0.0,0.0,0.0,0.0,0.015682350229836536,0.09683427142838308,0.1979036721146185,0.2281415448590648
crossing,100,400,4.0,0.05,0.7,37,dkw,1.0,1.0,1.0,0.0,0.0,0.0,0.0,0.021058149673678028,0.10910957078160166,0.22667238971643675,0.25549349252039394
crossing,100,400,4.0,0.05,0.7,38,cp,1.0,1.0,1.0,0.0,0.0,0.0,0.0,0.012960453931411337,0.08316548437573729,0.1879556605964517,0.21085502590400806
crossing,100,400,4.0,0.05,0.7,38,dkw,1.0,1.0,1.0,0.0,0.0,0.0,0.0,0.015066646597741862,0.08316548437573729,0.21497855118256592,0.23191365554747323
crossing,100,400,4.0,0.05,0.7,39,cp,1.0,1.0,1.0,0.0,0.0,0.0,0.0,0.015553164280997754,0.03723635987812823,0.19864541260215066,0.2306736659465337
crossing,100,400,4.0,0.05,0.7,39,dkw,1.0,1.0,1.0,0.0,0.0,0.0,0.0,0.013065783094644411,0.08316548437573729,0.2525545471100625,0.3009678051715386
crossing,100,400,4.0,0.05,0.7,40,cp,1.0,1.0,1.0,0.0,0.0,0.0,0.0,0.006472350382088745,0.05878190040811415,0.197700359619538,0.2219683134777033
crossing,100,400,4.0,0.05,0.7,40,dkw,1.0,1.0,1.0,0.0,0.0,0.0,0.0,0.012189617477648754,0.06948618691543856,0.2346769633173065,0.2610085162981424
crossing,100,400,4.0,0.05,0.7,41,cp,1.0,1.0,1.0,0.0,0.0,0.0,0.0,0.011857586400930676,0.06948618691543856,0.20186517035242646,0.2249181488215637
crossing,100,400,4.0,0.05,0.7,41,dkw,1.0,1.0,1.0,0.0,0.0,0.0,0.0,0.016125660663564547,0.08316548437573729,0.22108838227284064,0.24369791034955246
crossing,100,400,4.0,0.05,0.7,42,cp,1.0,1.0,1.0,0.0,0.0,0.0,0.0,0.008340335022249335,0.05878190040811415,0.1908794164335303,0.21756540368768396
crossing,100,400,4.0,0.05,0.7,42,dkw,1.0,1.0,1.0,0.0,0.0,0.0,0.0,0.01347410647377199,0.08316548437573729,0.2300285128278998,0.27400013978652177
crossing,100,400,4.0,0.05,0.7,43,cp,1.0,1.0,1.0,0.0,0.0,0.0,0.0,0.020323601900832676,0.09683427142838308,0.19190048601961396,0.2151728489641072
crossing,100,400,4.0,0.05,0.7,43,dkw,1.0,1.0,1.0,0.0,0.0,0.0,0.0,0.016698283624855016,0.09683427142838308,0.22525122866687547,0.2525016690329297
crossing,100,400,4.0,0.05,0.7,44,cp,1.0,1.0,1.0,0.0,0.0,0.0,0.0,0.022069007527710065,0.09683427142838308,0.19245751555973217,0.21737952048316206
crossing,100,400,4.0,0.05,0.7,44,dkw,1.0,1.0,1.0,0.0,0.0,0.0,0.0,0.0209460338418125,0.10910957078160166,0.22901434191208017,0.25618408064052745
crossing,100,400,4.0,0.05,0.7,45,cp,0.0,1.0,1.0,0.0,0.0,0.0,0.0,0.02119752936566586,0.09683427142838308,0.1920447879844147,0.2220285208345787
crossing,100,400,4.0,0.05,0.7,45,dkw,1.0,1.0,1.0,0.0,0.0,0.0,0.0,0.01683382478854666,0.09683427142838308,0.2185092438527591,0.24558295921137252
crossing,100,400,4.0,0.05,0.7,46,cp,1.0,1.0,1.0,0.0,0.0,0.0,0.0,0.013503832328060525,0.08316548437573729,0.19156849441326051,0.22818772903263862
crossing,100,400,4.0,0.05,0.7,46,dkw,1.0,1.0,1.0,0.0,0.0,0.0,0.0,0.026214776753318878,0.12023074069810574,0.23017277897415753,0.2679677820698125
crossing,100,400,4.0,0.05,0.7,47,cp,1.0,1.0,1.0,0.0,0.0,0.0,0.0,0.009035202229664571,0.05878190040811415,0.20464886892688952,0.22984522425713705
crossing,100,400,4.0,0.05,0.7,47,dkw,1.0,1.0,1.0,0.0,0.0,0.0,0.0,0.01725241501889515,0.09683427142838308,0.24542273669291492,0.2749997260949001
crossing,100,400,4.0,0.05,0.7,48,cp,1.0,1.0,1.0,0.0,0.0,0.0,0.0,0.009214836094400927,0.06948618691543856,0.1925052334760617,0.2292301564350664
crossing,100,400,4.0,0.05,0.7,48,dkw,1.0,1.0,1.0,0.0,0.0,0.0,0.0,0.012425685086101495,0.08316548437573729,0.21759633999001748,0.24588566229443104
crossing,100,400,4.0,0.05,0.7,49,cp,1.0,1.0,1.0,0.0,0.0,0.0,0.0,0.0165319577021999,0.06948618691543856,0.20548855859610882,0.23526678930020467
crossing,100,400,4.0,0.05,0.7,49,dkw,1.0,1.0,1.0,0.0,0.0,0.0,0.0,0.016761068073759596,0.06948618691543856,0.2365756494635494,0.24765290245217875
crossing,100,400,4.0,0.05,0.7,50,cp,1.0,1.0,1.0,0.0,0.0,0.0,0.0,0.016264740035451603,0.04760672167190627,0.22415914692846656,0.24063756251987467
crossing,100,400,4.0,0.05,0.7,50,dkw,1.0,1.0,1.0,0.0,0.0,0.0,0.0,0.0121346499116647,0.045523681005445404,0.276590501675246,0.3295142367798461
crossing,100,400,4.0,0.05,0.7,51,cp,1.0,1.0,1.0,0.0,0.0,0.0,0.0,0.018420565170810334,0.08316548437573729,0.20482928230780317,0.24083043263296755
crossing,100,400,4.0,0.05,0.7,51,dkw,1.0,1.0,1.0,0.0,0.0,0.0,0.0,0.022010110352704393,0.08316548437573729,0.23314359618206576,0.24696162489648654
crossing,100,400,4.0,0.05,0.7,52,cp,1.0,1.0,1.0,0.0,0.0,0.0,0.0,0.0026471548620138363,0.028545808724175337,0.20013928249956328,0.2342201929472758
crossing,100,400,4.0,0.05,0.7,52,dkw,1.0,1.0,1.0,0.0,0.0,0.0,0.0,0.007680130987025127,0.05878190040811415,0.23909130922778513,0.28394721627747666
crossing,100,400,4.0,0.05,0.7,53,cp,1.0,1.0,1.0,0.0,0.0,0.0,0.0,0.02208484394042118,0.10910957078160166,0.18358364243828684,0.21689744788352322
crossing,100,400,4.0,0.05,0.7,53,dkw,1.0,1.0,1.0,0.0,0.0,0.0,0.0,0.026894073568345406,0.12023074069810574,0.21270579910725756,0.2442041036788622
crossing,100,400,4.0,0.05,0.7,54,cp,1.0,1.0,1.0,0.0,0.0,0.0,0.0,0.00734297112270351,0.05878190040811415,0.19195134249920184,0.21198574199717246
crossing,100,400,4.0,0.05,0.7,54,dkw,1.0,1.0,1.0,0.0,0.0,0.0,0.0,0.013721939455083503,0.06948618691543856,0.23171182701285914,0.2654481780097051
crossing,100,400,4.0,0.05,0.7,55,cp,1.0,1.0,1.0,0.0,0.0,0.0,0.0,0.007046539201052262,0.05878190040811415,0.19528149125319771,0.21478141429774883
crossing,100,400,4.0,0.05,0.7,55,dkw,1.0,1.0,1.0,0.0,0.0,0.0,0.0,0.014600371535231003,0.08316548437573729,0.23387671595930296,0.2714888534556504
crossing,100,400,4.0,0.05,0.7,56,cp,1.0,1.0,1.0,0.0,0.0,0.0,0.0,0.018890288563531425,0.09683427142838308,0.17476900406369927,0.20063435215960368
crossing,100,400,4.0,0.05,0.7,56,dkw,1.0,1.0,1.0,0.0,0.0,0.0,0.0,0.01731765873245911,0.09683427142838308,0.20982284668873738,0.2380878089611307
crossing,100,400,4.0,0.05,0.7,57,cp,1.0,1.0,1.0,0.0,0.0,0.0,0.0,0.01587779373289219,0.045523681005445404,0.1927534230668622,0.2236421646924836
crossing,100,400,4.0,0.05,0.7,57,dkw,1.0,1.0,1.0,0.0,0.0,0.0,0.0,0.00938166077838362,0.06948618691543856,0.24223527086742055,0.28986344427345945
crossing,100,400,4.0,0.05,0.7,58,cp,1.0,1.0,1.0,0.0,0.0,0.0,0.0,0.014373307216157842,0.05886654227057586,0.20611841769965566,0.2396879569927471
crossing,100,400,4.0,0.05,0.7,58,dkw,1.0,1.0,1.0,0.0,0.0,0.0,0.0,0.011644490998123891,0.06948618691543856,0.24415566922690585,0.2835807432922093
crossing,100,400,4.0,0.05,0.7,59,cp,1.0,1.0,1.0,0.0,0.0,0.0,0.0,0.023641892385029374,0.09683427142838308,0.18110739237789125,0.2086894952050634
crossing,100,400,4.0,0.05,0.7,59,dkw,1.0,1.0,1.0,0.0,0.0,0.0,0.0,0.01836886819135415,0.09683427142838308,0.21017429250769878,0.22891187633795174
crossing,100,400,4.0,0.05,0.7,60,cp,1.0,1.0,1.0,0.0,0.0,0.0,0.0,0.011845469157307307,0.06948618691543856,0.19770835442850815,0.23670929589805334
crossing,100,400,4.0,0.05,0.7,60,dkw,1.0,1.0,1.0,0.0,0.0,0.0,0.0,0.012670394840972703,0.08316548437573729,0.22893308285285893,0.2515306059966363
crossing,100,400,4.0,0.05,0.7,61,cp,1.0,1.0,1.0,0.0,0.0,0.0,0.0,0.020748454817002354,0.10910957078160166,0.19163719091084225,0.22613777103513172
crossing,100,400,4.0,0.05,0.7,61,dkw,1.0,1.0,1.0,0.0,0.0,0.0,0.0,0.02210211750171972,0.10910957078160166,0.21520388341057925,0.24601184935245002
crossing,100,400,4.0,0.05,0.7,62,cp,1.0,1.0,1.0,0.0,0.0,0.0,0.0,0.013726848899627147,0.08316548437573729,0.19978831820678508,0.22104696762959453
crossing,100,400,4.0,0.05,0.7,62,dkw,1.0,1.0,1.0,0.0,0.0,0.0,0.0,0.020961323931658553,0.09683427142838308,0.23449359073009898,0.26043422716000764
crossing,100,400,4.0,0.05,0.7,63,cp,1.0,1.0,1.0,0.0,0.0,0.0,0.0,0.015414044049458479,0.08316548437573729,0.17504005659024613,0.1975221170518593
crossing,100,400,4.0,0.05,0.7,63,dkw,1.0,1.0,1.0,0.0,0.0,0.0,0.0,0.01448612708494394,0.08316548437573729,0.20585804518820358,0.2174354974942473
crossing,100,400,4.0,0.05,0.7,64,cp,1.0,1.0,1.0,0.0,0.0,0.0,0.0,0.011744494000983175,0.06948618691543856,0.18492315028083275,0.21718099048983003
crossing,100,400,4.0,0.05,0.7,64,dkw,1.0,1.0,1.0,0.0,0.0,0.0,0.0,0.010816577036468634,0.06948618691543856,0.21842442872843834,0.2479203650971311
crossing,100,400,4.0,0.05,0.7,65,cp,1.0,1.0,1.0,0.0,0.0,0.0,0.0,0.018461615846790944,0.049622241976431836,0.21758140858316855,0.24576460873155948
crossing,100,400,4.0,0.05,0.7,65,dkw,1.0,1.0,1.0,0.0,0.0,0.0,0.0,0.019715893127804755,0.045523681005445404,0.2621667048199752,0.28943186303452834
crossing,100,400,4.0,0.05,0.7,66,cp,1.0,1.0,1.0,0.0,0.0,0.0,0.0,0.03392763248813811,0.1303854875283446,0.1867611925632465,0.21559528019498309
crossing,100,400,4.0,0.05,0.7,66,dkw,1.0,1.0,1.0,0.0,0.0,0.0,0.0,0.03011767388027566,0.1303854875283446,0.21770132223675798,0.2436491943613579
crossing,100,400,4.0,0.05,0.7,67,cp,1.0,1.0,1.0,0.0,0.0,0.0,0.0,0.007885646965807847,0.045523681005445404,0.19652153751674675,0.2307125889161563
crossing,100,400,4.0,0.05,0.7,67,dkw,1.0,1.0,1.0,0.0,0.0,0.0,0.0,0.013111869492713656,0.08316548437573729,0.24090573592634568,0.2868843448972201
crossing,100,400,4.0,0.05,0.7,68,cp,1.0,1.0,1.0,0.0,0.0,0.0,0.0,0.01274824774209474,0.05878190040811415,0.19604471838534984,0.22927210983033164
crossing,100,400,4.0,0.05,0.7,68,dkw,1.0,1.0,1.0,0.0,0.0,0.0,0.0,0.020544172889218303,0.10910957078160166,0.23355200876131113,0.2777225056551862
crossing,100,400,4.0,0.05,0.7,69,cp,1.0,1.0,1.0,0.0,0.0,0.0,0.0,0.006842730164145214,0.05878190040811415,0.1977923989617022,0.22510787879834077
crossing,100,400,4.0,0.05,0.7,69,dkw,1.0,1.0,1.0,0.0,0.0,0.0,0.0,0.01326003384377576,0.08316548437573729,0.23479154683677528,0.27256399189271213
crossing,100,400,4.0,0.05,0.7,70,cp,1.0,1.0,1.0,0.0,0.0,0.0,0.0,0.032828517905011574,0.08004679670371673,0.21257198455967471,0.24851724096133654
crossing,100,400,4.0,0.05,0.7,70,dkw,1.0,1.0,1.0,0.0,0.0,0.0,0.0,0.032828517905011574,0.08004679670371673,0.24473892758916513,0.26557758100696177
crossing,100,400,4.0,0.05,0.7,71,cp,1.0,1.0,1.0,0.0,0.0,0.0,0.0,0.03069124085112409,0.09683427142838308,0.18514608475879527,0.2145648596465255
crossing,100,400,4.0,0.05,0.7,71,dkw,1.0,1.0,1.0,0.0,0.0,0.0,0.0,0.01903651497252715,0.09683427142838308,0.22394697448731413,0.2459784619288179
crossing,100,400,4.0,0.05,0.7,72,cp,1.0,1.0,1.0,0.0,0.0,0.0,0.0,0.010907697335090883,0.06948618691543856,0.1927420590312282,0.21024213061434477
crossing,100,400,4.0,0.05,0.7,72,dkw,1.0,1.0,1.0,0.0,0.0,0.0,0.0,0.014288548060133794,0.08316548437573729,0.23814341541241998,0.2731555144412597
crossing,100,400,4.0,0.05,0.7,73,cp,1.0,1.0,1.0,0.0,0.0,0.0,0.0,0.015454966939812213,0.08316548437573729,0.18595439729417954,0.20881671832910154
crossing,100,400,4.0,0.05,0.7,73,dkw,1.0,1.0,1.0,0.0,0.0,0.0,0.0,0.017721248071759656,0.09683427142838308,0.22582852621830457,0.2648689779880098
crossing,100,400,4.0,0.05,0.7,74,cp,1.0,1.0,1.0,0.0,0.0,0.0,0.0,0.004433195452400878,0.028545808724175337,0.2135588229549964,0.24123191833273827
crossing,100,400,4.0,0.05,0.7,74,dkw,1.0,1.0,1.0,0.0,0.0,0.0,0.0,0.00851178930858334,0.05878190040811415,0.2524276922277126,0.28608233865015575
crossing,100,400,4.0,0.05,0.7,75,cp,1.0,1.0,1.0,0.0,0.0,0.0,0.0,0.01768957137632762,0.09683427142838308,0.18711031993342078,0.2169010570578611
crossing,100,400,4.0,0.05,0.7,75,dkw,1.0,1.0,1.0,0.0,0.0,0.0,0.0,0.017278422833836654,0.09683427142838308,0.21565987542699003,0.2433575290265626
crossing,100,400,4.0,0.05,0.7,76,cp,1.0,1.0,1.0,0.0,0.0,0.0,0.0,0.009369783280884716,0.06948618691543856,0.18648222788948118,0.23278042100412855
crossing,100,400,4.0,0.05,0.7,76,dkw,1.0,1.0,1.0,0.0,0.0,0.0,0.0,0.012292813316613662,0.08316548437573729,0.21626625281436695,0.25425384226415715
crossing,100,400,4.0,0.05,0.7,77,cp,1.0,1.0,1.0,0.0,0.0,0.0,0.0,0.012696402655914207,0.08316548437573729,0.1934195459866558,0.2304834158051347
crossing,100,400,4.0,0.05,0.7,77,dkw,1.0,1.0,1.0,0.0,0.0,0.0,0.0,0.021440131073863403,0.10910957078160166,0.2347547378199425,0.2622191921684315
crossing,100,400,4.0,0.05,0.7,78,cp,1.0,1.0,1.0,0.0,0.0,0.0,0.0,0.008683598874272553,0.06948618691543856,0.19634128302434387,0.23077172194958062
crossing,100,400,4.0,0.05,0.7,78,dkw,1.0,1.0,1.0,0.0,0.0,0.0,0.0,0.008511396144857028,0.06948618691543856,0.22433384655262992,0.24493242382775415
crossing,100,400,4.0,0.05,0.7,79,cp,1.0,1.0,1.0,0.0,0.0,0.0,0.0,0.02022961904203725,0.10910957078160166,0.1884681029734174,0.21977599419101046
crossing,100,400,4.0,0.05,0.7,79,dkw,1.0,1.0,1.0,0.0,0.0,0.0,0.0,0.020544172889218303,0.10910957078160166,0.2185608924302955,0.234983550649087
crossing,100,400,4.0,0.05,0.7,80,cp,1.0,1.0,1.0,0.0,0.0,0.0,0.0,0.016551420617385345,0.09683427142838308,0.183650814689713,0.21927461503721757
crossing,100,400,4.0,0.05,0.7,80,dkw,1.0,1.0,1.0,0.0,0.0,0.0,0.0,0.020502071345700975,0.10910957078160166,0.21031331356916413,0.23456145031351439
crossing,100,400,4.0,0.05,0.7,81,cp,1.0,1.0,1.0,0.0,0.0,0.0,0.0,0.02709957650958895,0.08316548437573729,0.20346408484298006,0.2349850654298667
crossing,100,400,4.0,0.05,0.7,81,dkw,1.0,1.0,1.0,0.0,0.0,0.0,0.0,0.025387377181021433,0.09683427142838308,0.23840890475704415,0.25590261951784987
crossing,100,400,4.0,0.05,0.7,82,cp,1.0,1.0,1.0,0.0,0.0,0.0,0.0,0.010681288288880146,0.06948618691543856,0.197582633245575,0.21781564526870612
crossing,100,400,4.0,0.05,0.7,82,dkw,1.0,1.0,1.0,0.0,0.0,0.0,0.0,0.01683382478854666,0.09683427142838308,0.2346456348475676,0.2726542272444721
crossing,100,400,4.0,0.05,0.7,83,cp,1.0,1.0,1.0,0.0,0.0,0.0,0.0,0.022130638168009788,0.0616015165254985,0.2184474272508882,0.23166873385782127
crossing,100,400,4.0,0.05,0.7,83,dkw,1.0,1.0,1.0,0.0,0.0,0.0,0.0,0.024591174746213446,0.0616015165254985,0.26497352190419926,0.3295142367798461
crossing,100,400,4.0,0.05,0.7,84,cp,1.0,1.0,1.0,0.0,0.0,0.0,0.0,0.007964353797439965,0.05878190040811415,0.20228653480576958,0.2393184061839505
crossing,100,400,4.0,0.05,0.7,84,dkw,1.0,1.0,1.0,0.0,0.0,0.0,0.0,0.0075132747163216915,0.05878190040811415,0.2318538250136538,0.2550823541639
crossing,100,400,4.0,0.05,0.7,85,cp,1.0,1.0,1.0,0.0,0.0,0.0,0.0,0.033069317750091066,0.10910957078160166,0.1802580050802681,0.2146979745238291
crossing,100,400,4.0,0.05,0.7,85,dkw,1.0,1.0,1.0,0.0,0.0,0.0,0.0,0.017133404700911084,0.09683427142838308,0.2085760388157973,0.23647467882773882
crossing,100,400,4.0,0.05,0.7,86,cp,1.0,1.0,1.0,0.0,0.0,0.0,0.0,0.017721248071759656,0.09683427142838308,0.1891797284819404,0.20717184106407116
crossing,100,400,4.0,0.05,0.7,86,dkw,1.0,1.0,1.0,0.0,0.0,0.0,0.0,0.017035063665147492,0.09683427142838308,0.22804866984929897,0.2511038127498322
crossing,100,400,4.0,0.05,0.7,87,cp,1.0,1.0,1.0,0.0,0.0,0.0,0.0,0.018631903808090766,0.09683427142838308,0.1927650991125547,0.21510884528308916
crossing,100,400,4.0,0.05,0.7,87,dkw,1.0,1.0,1.0,0.0,0.0,0.0,0.0,0.0209460338418125,0.10910957078160166,0.22957260950245145,0.2595922466083416
crossing,100,400,4.0,0.05,0.7,88,cp,1.0,1.0,1.0,0.0,0.0,0.0,0.0,0.016855573179795615,0.05878190040811415,0.2040496576547177,0.23195259656851697
crossing,100,400,4.0,0.05,0.7,88,dkw,1.0,1.0,1.0,0.0,0.0,0.0,0.0,0.014385295425101126,0.06948618691543856,0.2408160555517453,0.27576379622506897
crossing,100,400,4.0,0.05,0.7,89,cp,1.0,1.0,1.0,0.0,0.0,0.0,0.0,0.010954290609455934,0.06948618691543856,0.1850582145458928,0.22209350978039089
crossing,100,400,4.0,0.05,0.7,89,dkw,1.0,1.0,1.0,0.0,0.0,0.0,0.0,0.014889716424244486,0.08316548437573729,0.22484181881110912,0.2555227432440966
crossing,100,400,4.0,0.05,0.7,90,cp,1.0,1.0,1.0,0.0,0.0,0.0,0.0,0.017035063665147492,0.09683427142838308,0.1734177265332273,0.19737094182743764
crossing,100,400,4.0,0.05,0.7,90,dkw,1.0,1.0,1.0,0.0,0.0,0.0,0.0,0.01744728022442619,0.09683427142838308,0.21084165940366126,0.2296210782233543
crossing,100,400,4.0,0.05,0.7,91,cp,1.0,1.0,1.0,0.0,0.0,0.0,0.0,0.00973916371961492,0.06948618691543856,0.18537430313821648,0.22770781360642878
crossing,100,400,4.0,0.05,0.7,91,dkw,1.0,1.0,1.0,0.0,0.0,0.0,0.0,0.010520470876992299,0.06948618691543856,0.2207138490605443,0.2495834551330809
crossing,100,400,4.0,0.05,0.7,92,cp,1.0,1.0,1.0,0.0,0.0,0.0,0.0,0.02345415063042203,0.05878190040811415,0.2026861966178442,0.2423299330369048
crossing,100,400,4.0,0.05,0.7,92,dkw,1.0,1.0,1.0,0.0,0.0,0.0,0.0,0.030519699069515852,0.09683427142838308,0.24314791892500942,0.2719315097724617
crossing,100,400,4.0,0.05,0.7,93,cp,1.0,1.0,1.0,0.0,0.0,0.0,0.0,0.01731765873245911,0.09683427142838308,0.1869423956022662,0.2085139481765459
crossing,100,400,4.0,0.05,0.7,93,dkw,1.0,1.0,1.0,0.0,0.0,0.0,0.0,0.01683382478854666,0.09683427142838308,0.21710967989221402,0.23930929395734535
crossing,100,400,4.0,0.05,0.7,94,cp,1.0,1.0,1.0,0.0,0.0,0.0,0.0,0.03675191856248334,0.12023074069810574,0.18449083441708866,0.21081905178058097
crossing,100,400,4.0,0.05,0.7,94,dkw,1.0,1.0,1.0,0.0,0.0,0.0,0.0,0.028895524875725064,0.12023074069810574,0.21955757333570752,0.24318194124749998
crossing,100,400,4.0,0.05,0.7,95,cp,1.0,1.0,1.0,0.0,0.0,0.0,0.0,0.0134169728375741,0.08316548437573729,0.1894143513524242,0.21993632693331178
crossing,100,400,4.0,0.05,0.7,95,dkw,1.0,1.0,1.0,0.0,0.0,0.0,0.0,0.018750100084743093,0.09683427142838308,0.2216268309836106,0.2525016690329297
crossing,100,400,4.0,0.05,0.7,96,cp,1.0,1.0,1.0,0.0,0.0,0.0,0.0,0.004682571480515492,0.045523681005445404,0.1999552905702197,0.23511841206949968
crossing,100,400,4.0,0.05,0.7,96,dkw,1.0,1.0,1.0,0.0,0.0,0.0,0.0,0.007491974559870571,0.05878190040811415,0.23637171781721672,0.26243616612040255
crossing,100,400,4.0,0.05,0.7,97,cp,1.0,1.0,1.0,0.0,0.0,0.0,0.0,0.01957360251259796,0.08316548437573729,0.19389303200128272,0.22226642909419547
crossing,100,400,4.0,0.05,0.7,97,dkw,1.0,1.0,1.0,0.0,0.0,0.0,0.0,0.02327083235074174,0.09683427142838308,0.21814112328640284,0.24604368091585482
crossing,100,400,4.0,0.05,0.7,98,cp,1.0,1.0,1.0,0.0,0.0,0.0,0.0,0.01541534589740714,0.08316548437573729,0.19967351495181165,0.21994949226231708
crossing,100,400,4.0,0.05,0.7,98,dkw,1.0,1.0,1.0,0.0,0.0,0.0,0.0,0.01789817824525703,0.09683427142838308,0.2307516705926238,0.2593864950198943
crossing,100,400,4.0,0.05,0.7,99,cp,1.0,1.0,1.0,0.0,0.0,0.0,0.0,0.01147136430674473,0.06948618691543856,0.19977905473569316,0.22622547626942147
crossing,100,400,4.0,0.05,0.7,99,dkw,1.0,1.0,1.0,0.0,0.0,0.0,0.0,0.01725241501889515,0.09683427142838308,0.23298556671871512,0.2679590200959142
crossing,100,400,4.0,0.05,0.7,100,cp,1.0,1.0,1.0,0.0,0.0,0.0,0.0,0.009117948774442847,0.05878190040811415,0.204753318471995,0.23972750757903993
crossing,100,400,4.0,0.05,0.7,100,dkw,1.0,1.0,1.0,0.0,0.0,0.0,0.0,0.01189739625106039,0.06948618691543856,0.233156631063162,0.2531651117667682
crossing,100,400,4.0,0.05,0.7,101,cp,1.0,1.0,1.0,0.0,0.0,0.0,0.0,0.005453290986855705,0.045523681005445404,0.2035696235129,0.23465882546428185
crossing,100,400,4.0,0.05,0.7,101,dkw,1.0,1.0,1.0,0.0,0.0,0.0,0.0,0.013841804262478894,0.06948618691543856,0.24652023654758357,0.28338768544154347
crossing,100,400,4.0,0.05,0.7,102,cp,1.0,1.0,1.0,0.0,0.0,0.0,0.0,0.018762606309717055,0.05878190040811415,0.2026986704665523,0.22503420830784526
crossing,100,400,4.0,0.05,0.7,102,dkw,1.0,1.0,1.0,0.0,0.0,0.0,0.0,0.022494557724497277,0.06948618691543856,0.23294206125043337,0.24652426106353192
crossing,100,400,4.0,0.05,0.7,103,cp,1.0,1.0,1.0,0.0,0.0,0.0,0.0,0.016915797779864912,0.09683427142838308,0.1935736478540603,0.21522707765057025
crossing,100,400,4.0,0.05,0.7,103,dkw,1.0,1.0,1.0,0.0,0.0,0.0,0.0,0.01789817824525703,0.09683427142838308,0.22972806805548107,0.25578954139497745
crossing,100,400,4.0,0.05,0.7,104,cp,1.0,1.0,1.0,0.0,0.0,0.0,0.0,0.014615748576911019,0.08316548437573729,0.18658571005645147,0.21168960149399307
crossing,100,400,4.0,0.05,0.7,104,dkw,1.0,1.0,1.0,0.0,0.0,0.0,0.0,0.018129792284143385,0.08316548437573729,0.22037893652069648,0.2416470848741541
crossing,100,400,4.0,0.05,0.7,105,cp,1.0,1.0,1.0,0.0,0.0,0.0,0.0,0.01384709025202179,0.08316548437573729,0.1858171513391119,0.22330604913067703
crossing,100,400,4.0,0.05,0.7,105,dkw,1.0,1.0,1.0,0.0,0.0,0.0,0.0,0.01340505197670133,0.08316548437573729,0.20838139334760578,0.233420904675242
crossing,100,400,4.0,0.05,0.7,106,cp,1.0,1.0,1.0,0.0,0.0,0.0,0.0,0.014071175226206907,0.08316548437573729,0.1909156145372931,0.21971430735445568
crossing,100,400,4.0,0.05,0.7,106,dkw,1.0,1.0,1.0,0.0,0.0,0.0,0.0,0.017035063665147492,0.09683427142838308,0.21494477953038385,0.23468488540745247
crossing,100,400,4.0,0.05,0.7,107,cp,1.0,1.0,1.0,0.0,0.0,0.0,0.0,0.020920282881472563,0.09683427142838308,0.1804258711063688,0.21864627646119672
crossing,100,400,4.0,0.05,0.7,107,dkw,1.0,1.0,1.0,0.0,0.0,0.0,0.0,0.02328321440535697,0.10910957078160166,0.2086557301139694,0.24225473011863075
crossing,100,400,4.0,0.05,0.7,108,cp,1.0,1.0,1.0,0.0,0.0,0.0,0.0,0.014385295425101126,0.06948618691543856,0.20384667754710942,0.23351471817920222
crossing,100,400,4.0,0.05,0.7,108,dkw,1.0,1.0,1.0,0.0,0.0,0.0,0.0,0.01746505087497522,0.06948618691543856,0.23187026452145307,0.25056442708634247
crossing,100,400,4.0,0.05,0.7,109,cp,1.0,1.0,1.0,0.0,0.0,0.0,0.0,0.020538357830373895,0.09683427142838308,0.16564427171792803,0.1840355402958168
crossing,100,400,4.0,0.05,0.7,109,dkw,1.0,1.0,1.0,0.0,0.0,0.0,0.0,0.020538357830373895,0.09683427142838308,0.20176245625454725,0.2319759277868173
crossing,100,400,4.0,0.05,0.7,110,cp,0.0,1.0,1.0,0.0,0.0,0.0,0.0,0.006917337834876563,0.05878190040811415,0.20354590626228952,0.2262060168262432
crossing,100,400,4.0,0.05,0.7,110,dkw,1.0,1.0,1.0,0.0,0.0,0.0,0.0,0.010980782476904472,0.06948618691543856,0.23715102979038558,0.25384737864106016
crossing,100,400,4.0,0.05,0.7,111,cp,1.0,1.0,1.0,0.0,0.0,0.0,0.0,0.013478696228380509,0.06948618691543856,0.20333900340851785,0.23625684115792067
crossing,100,400,4.0,0.05,0.7,111,dkw,1.0,1.0,1.0,0.0,0.0,0.0,0.0,0.012095234291803515,0.08316548437573729,0.23636297193240136,0.2590175319346577
crossing,100,400,4.0,0.05,0.7,112,cp,1.0,1.0,1.0,0.0,0.0,0.0,0.0,0.022308928914606296,0.10910957078160166,0.18651332193928877,0.2092002000655464
crossing,100,400,4.0,0.05,0.7,112,dkw,1.0,1.0,1.0,0.0,0.0,0.0,0.0,0.020663438774500883,0.10910957078160166,0.21765826153639814,0.2391983119948633
crossing,100,400,4.0,0.05,0.7,113,cp,1.0,1.0,1.0,0.0,0.0,0.0,0.0,0.013606500583330754,0.05878190040811415,0.1983255967046816,0.22051611000506677
crossing,100,400,4.0,0.05,0.7,113,dkw,1.0,1.0,1.0,0.0,0.0,0.0,0.0,0.01731765873245911,0.09683427142838308,0.24494675699631757,0.2807697930405262
crossing,100,400,4.0,0.05,0.7,114,cp,1.0,1.0,1.0,0.0,0.0,0.0,0.0,0.010433413024609105,0.06948618691543856,0.19864541676053268,0.2307253548184831
crossing,100,400,4.0,0.05,0.7,114,dkw,1.0,1.0,1.0,0.0,0.0,0.0,0.0,0.01585179645027092,0.08316548437573729,0.22082837659728688,0.23831676044581007
crossing,100,400,4.0,0.05,0.7,115,cp,1.0,1.0,1.0,0.0,0.0,0.0,0.0,0.0070274323481301915,0.05878190040811415,0.18980160548075758,0.22825478192004628
crossing,100,400,4.0,0.05,0.7,115,dkw,1.0,1.0,1.0,0.0,0.0,0.0,0.0,0.010520470876992299,0.06948618691543856,0.2294699084651767,0.26693397945795955
crossing,100,400,4.0,0.05,0.7,116,cp,1.0,1.0,1.0,0.0,0.0,0.0,0.0,0.024128303363435043,0.06948618691543856,0.19344159108312717,0.23451402816261419
crossing,100,400,4.0,0.05,0.7,116,dkw,1.0,1.0,1.0,0.0,0.0,0.0,0.0,0.020808830748032317,0.09683427142838308,0.23287582005879842,0.25398010784699443
crossing,100,400,4.0,0.05,0.7,117,cp,1.0,1.0,1.0,0.0,0.0,0.0,0.0,0.021405547125394647,0.10910957078160166,0.1873205392736861,0.2195800843126547
crossing,100,400,4.0,0.05,0.7,117,dkw,1.0,1.0,1.0,0.0,0.0,0.0,0.0,0.025321443737273092,0.12023074069810574,0.22345654640549548,0.23477517280607563
crossing,100,400,4.0,0.05,0.7,118,cp,1.0,1.0,1.0,0.0,0.0,0.0,0.0,0.010028503208186622,0.06948618691543856,0.19889549469915377,0.2235884656309342
crossing,100,400,4.0,0.05,0.7,118,dkw,1.0,1.0,1.0,0.0,0.0,0.0,0.0,0.014595606185210448,0.08316548437573729,0.22614247889045586,0.23662748735853945
crossing,100,400,4.0,0.05,0.7,119,cp,1.0,1.0,1.0,0.0,0.0,0.0,0.0,0.037157977196355406,0.12023074069810574,0.18632980425725576,0.22507891178788908
crossing,100,400,4.0,0.05,0.7,119,dkw,1.0,1.0,1.0,0.0,0.0,0.0,0.0,0.03011767388027566,0.1303854875283446,0.22171250689110308,0.2530460449257647
crossing,100,400,4.0,0.05,0.7,120,cp,1.0,1.0,1.0,0.0,0.0,0.0,0.0,0.012696402655914207,0.08316548437573729,0.1931036880143138,0.23015850331118792
crossing,100,400,4.0,0.05,0.7,120,dkw,1.0,1.0,1.0,0.0,0.0,0.0,0.0,0.016193010745606293,0.09683427142838308,0.22019335017814473,0.24469750173738286
crossing,100,400,4.0,0.05,0.7,121,cp,1.0,1.0,1.0,0.0,0.0,0.0,0.0,0.017278422833836654,0.09683427142838308,0.19439811628620673,0.22497504110339528
crossing,100,400,4.0,0.05,0.7,121,dkw,1.0,1.0,1.0,0.0,0.0,0.0,0.0,0.01659223842722449,0.09683427142838308,0.22937956123677966,0.24677067576950562
crossing,100,400,4.0,0.05,0.7,122,cp,1.0,1.0,1.0,0.0,0.0,0.0,0.0,0.00894086824706746,0.06948618691543856,0.20410969784275498,0.23095982284838823
crossing,100,400,4.0,0.05,0.7,122,dkw,1.0,1.0,1.0,0.0,0.0,0.0,0.0,0.011848574636291385,0.06948618691543856,0.2315083905026809,0.24723033234090974
crossing,100,400,4.0,0.05,0.7,123,cp,1.0,1.0,1.0,0.0,0.0,0.0,0.0,0.025862636438387872,0.12023074069810574,0.19674333787232962,0.2299216663173529
crossing,100,400,4.0,0.05,0.7,123,dkw,1.0,1.0,1.0,0.0,0.0,0.0,0.0,0.0275161001249238,0.12023074069810574,0.2208057518059248,0.23652306459870615
crossing,100,400,4.0,0.05,0.7,124,cp,1.0,1.0,1.0,0.0,0.0,0.0,0.0,0.009803506060304985,0.06948618691543856,0.1948616090505455,0.21992911884732502
crossing,100,400,4.0,0.05,0.7,124,dkw,1.0,1.0,1.0,0.0,0.0,0.0,0.0,0.01744728022442619,0.09683427142838308,0.23053447440747377,0.267391706097314
crossing,100,400,4.0,0.05,0.7,125,cp,1.0,1.0,1.0,0.0,0.0,0.0,0.0,0.01309934260412663,0.05878190040811415,0.20483248402761725,0.22364216977740448
crossing,100,400,4.0,0.05,0.7,125,dkw,1.0,1.0,1.0,0.0,0.0,0.0,0.0,0.01744728022442619,0.09683427142838308,0.2447798569904696,0.28162497863678904
crossing,100,400,4.0,0.05,0.7,126,cp,1.0,1.0,1.0,0.0,0.0,0.0,0.0,0.022984139175923818,0.08316548437573729,0.18588818695854187,0.2144657317334555
crossing,100,400,4.0,0.05,0.7,126,dkw,1.0,1.0,1.0,0.0,0.0,0.0,0.0,0.019218086755308752,0.08316548437573729,0.21764142333271008,0.2445076840590229
crossing,100,400,4.0,0.05,0.7,127,cp,1.0,1.0,1.0,0.0,0.0,0.0,0.0,0.016807114670229363,0.09683427142838308,0.19205247728846364,0.21359965364596722
crossing,100,400,4.0,0.05,0.7,127,dkw,1.0,1.0,1.0,0.0,0.0,0.0,0.0,0.016783299667356488,0.09683427142838308,0.2189098336619436,0.24798686380476354
crossing,100,400,4.0,0.05,0.7,128,cp,0.0,0.0,1.0,0.0,0.0,0.0,0.0,0.015820176857164497,0.08316548437573729,0.19206997995888628,0.2294358759457813
crossing,100,400,4.0,0.05,0.7,128,dkw,1.0,1.0,1.0,0.0,0.0,0.0,0.0,0.016484997618714043,0.09683427142838308,0.2213764717301898,0.24998085528746206
crossing,100,400,4.0,0.05,0.7,129,cp,1.0,1.0,1.0,0.0,0.0,0.0,0.0,0.012549188248631594,0.06948618691543856,0.20508862514056556,0.23596027526530816
crossing,100,400,4.0,0.05,0.7,129,dkw,1.0,1.0,1.0,0.0,0.0,0.0,0.0,0.013834663220263103,0.08316548437573729,0.23301000347818995,0.2471166645509978
crossing,100,400,4.0,0.05,0.7,130,cp,1.0,1.0,1.0,0.0,0.0,0.0,0.0,0.010239021375807074,0.05878190040811415,0.1882392904232156,0.21458001455553088
crossing,100,400,4.0,0.05,0.7,130,dkw,1.0,1.0,1.0,0.0,0.0,0.0,0.0,0.019318059255711104,0.09683427142838308,0.2254605730982714,0.26321859097765476
crossing,100,400,4.0,0.05,0.7,131,cp,1.0,1.0,1.0,0.0,0.0,0.0,0.0,0.015995927369201253,0.08316548437573729,0.18321061032289035,0.208023229094637
crossing,100,400,4.0,0.05,0.7,131,dkw,1.0,1.0,1.0,0.0,0.0,0.0,0.0,0.015046736304844304,0.08316548437573729,0.21301779662187953,0.2333152335105702
crossing,100,400,4.0,0.05,0.7,132,cp,1.0,1.0,1.0,0.0,0.0,0.0,0.0,0.01411898702025912,0.08316548437573729,0.19973101678808397,0.22886053598943734
crossing,100,400,4.0,0.05,0.7,132,dkw,1.0,1.0,1.0,0.0,0.0,0.0,0.0,0.018009478183486326,0.09683427142838308,0.2221932059439935,0.24693086384869473
crossing,100,400,4.0,0.05,0.7,133,cp,1.0,1.0,1.0,0.0,0.0,0.0,0.0,0.022169136257507757,0.09683427142838308,0.1931613099931916,0.2307862742540001
crossing,100,400,4.0,0.05,0.7,133,dkw,1.0,1.0,1.0,0.0,0.0,0.0,0.0,0.020934156344313597,0.10910957078160166,0.2254594619461956,0.24720050949426203
crossing,100,400,4.0,0.05,0.7,134,cp,1.0,1.0,1.0,0.0,0.0,0.0,0.0,0.017429860669296176,0.08316548437573729,0.19983553213320954,0.22221327955457082
crossing,100,400,4.0,0.05,0.7,134,dkw,1.0,1.0,1.0,0.0,0.0,0.0,0.0,0.020544172889218303,0.10910957078160166,0.24050375926345452,0.2649590985079677
crossing,100,400,4.0,0.05,0.7,135,cp,1.0,1.0,1.0,0.0,0.0,0.0,0.0,0.025294879666632956,0.10910957078160166,0.1869660221457281,0.23062559762794144
crossing,100,400,4.0,0.05,0.7,135,dkw,1.0,1.0,1.0,0.0,0.0,0.0,0.0,0.03011767388027566,0.1303854875283446,0.21159418998785948,0.2429587627719948
crossing,100,400,4.0,0.05,0.7,136,cp,1.0,1.0,1.0,0.0,0.0,0.0,0.0,0.019910634114722298,0.08316548437573729,0.19559240694413688,0.23003235868096783
crossing,100,400,4.0,0.05,0.7,136,dkw,1.0,1.0,1.0,0.0,0.0,0.0,0.0,0.017482559363387735,0.08316548437573729,0.2211763443250677,0.23919970293040427
crossing,100,400,4.0,0.05,0.7,137,cp,1.0,1.0,1.0,0.0,0.0,0.0,0.0,0.020277570275630607,0.05878190040811415,0.1982178192413302,0.23133043089702043
crossing,100,400,4.0,0.05,0.7,137,dkw,1.0,1.0,1.0,0.0,0.0,0.0,0.0,0.01368162153890623,0.06948618691543856,0.22463787991502113,0.23919446101985675
crossing,100,400,4.0,0.05,0.7,138,cp,1.0,1.0,1.0,0.0,0.0,0.0,0.0,0.0200147368629559,0.040549578034126954,0.19640097724261502,0.2319356660156614
crossing,100,400,4.0,0.05,0.7,138,dkw,1.0,1.0,1.0,0.0,0.0,0.0,0.0,0.01687483349453611,0.09683427142838308,0.25137186598471806,0.30308704566033917
crossing,100,400,4.0,0.05,0.7,139,cp,1.0,1.0,1.0,0.0,0.0,0.0,0.0,0.022313767633601555,0.08316548437573729,0.1984035743176321,0.21965149294254338
crossing,100,400,4.0,0.05,0.7,139,dkw,1.0,1.0,1.0,0.0,0.0,0.0,0.0,0.020003796870720424,0.09683427142838308,0.2368054997759883,0.2648689779880098
crossing,100,400,4.0,0.05,0.7,140,cp,1.0,1.0,1.0,0.0,0.0,0.0,0.0,0.01333836759820908,0.06948618691543856,0.17248701184585846,0.2145754587894182
crossing,100,400,4.0,0.05,0.7,140,dkw,1.0,1.0,1.0,0.0,0.0,0.0,0.0,0.014889716424244486,0.08316548437573729,0.21985117949737584,0.24947674636477363
crossing,100,400,4.0,0.05,0.7,141,cp,1.0,1.0,1.0,0.0,0.0,0.0,0.0,0.010369365074318992,0.06948618691543856,0.19311656887427942,0.22553993424023577
crossing,100,400,4.0,0.05,0.7,141,dkw,1.0,1.0,1.0,0.0,0.0,0.0,0.0,0.017278422833836654,0.09683427142838308,0.22598732991535567,0.26262221293161714
crossing,100,400,4.0,0.05,0.7,142,cp,1.0,1.0,1.0,0.0,0.0,0.0,0.0,0.032967205586522885,0.09683427142838308,0.1768961660974282,0.20824379631864198
crossing,100,400,4.0,0.05,0.7,142,dkw,1.0,1.0,1.0,0.0,0.0,0.0,0.0,0.019319110039838768,0.09683427142838308,0.21304627976564433,0.2265660585008391
crossing,100,400,4.0,0.05,0.7,143,cp,1.0,1.0,1.0,0.0,0.0,0.0,0.0,0.026894073568345406,0.12023074069810574,0.17924700370544572,0.2096258678293858
crossing,100,400,4.0,0.05,0.7,143,dkw,1.0,1.0,1.0,0.0,0.0,0.0,0.0,0.025725033076573638,0.12023074069810574,0.20764168311319925,0.23868644687578294
crossing,100,400,4.0,0.05,0.7,144,cp,1.0,1.0,1.0,0.0,0.0,0.0,0.0,0.0070274323481301915,0.05878190040811415,0.19485559044367545,0.22762081450619986
crossing,100,400,4.0,0.05,0.7,144,dkw,1.0,1.0,1.0,0.0,0.0,0.0,0.0,0.009785250117684165,0.06948618691543856,0.23661240780671608,0.2769804215497737
crossing,100,400,4.0,0.05,0.7,145,cp,1.0,1.0,1.0,0.0,0.0,0.0,0.0,0.01773933439268324,0.05878190040811415,0.2097320981726567,0.2461194768358923
crossing,100,400,4.0,0.05,0.7,145,dkw,1.0,1.0,1.0,0.0,0.0,0.0,0.0,0.011447197109755487,0.06948618691543856,0.2410384704196083,0.26456525472191783
crossing,100,400,4.0,0.05,0.7,146,cp,1.0,1.0,1.0,0.0,0.0,0.0,0.0,0.020416904887502394,0.045523681005445404,0.20808690145440478,0.2435019668905387
crossing,100,400,4.0,0.05,0.7,146,dkw,1.0,1.0,1.0,0.0,0.0,0.0,0.0,0.01317591598242479,0.06948618691543856,0.24344265700590625,0.27137344139388975
crossing,100,400,4.0,0.05,0.7,147,cp,1.0,1.0,1.0,0.0,0.0,0.0,0.0,0.02208484394042118,0.10910957078160166,0.1800444763642278,0.2169981701683364
crossing,100,400,4.0,0.05,0.7,147,dkw,1.0,1.0,1.0,0.0,0.0,0.0,0.0,0.026894073568345406,0.12023074069810574,0.20679864221410107,0.2344364474383141
crossing,100,400,4.0,0.05,0.7,148,cp,1.0,1.0,1.0,0.0,0.0,0.0,0.0,0.014042164588832416,0.08316548437573729,0.19063221447210313,0.2143400818041722
crossing,100,400,4.0,0.05,0.7,148,dkw,1.0,1.0,1.0,0.0,0.0,0.0,0.0,0.014288548060133794,0.08316548437573729,0.227643547765039,0.24334330449795522
crossing,100,400,4.0,0.05,0.7,149,cp,1.0,1.0,1.0,0.0,0.0,0.0,0.0,0.03285019321261613,0.12023074069810574,0.19583966021682506,0.2291601722557075
crossing,100,400,4.0,0.05,0.7,149,dkw,1.0,1.0,1.0,0.0,0.0,0.0,0.0,0.024589699041011947,0.10910957078160166,0.22086986830441763,0.24548734318102983
crossing,100,400,4.0,0.05,0.7,150,cp,1.0,1.0,1.0,0.0,0.0,0.0,0.0,0.008327412811187934,0.06948618691543856,0.19669734912332326,0.2259622451777626
crossing,100,400,4.0,0.05,0.7,150,dkw,1.0,1.0,1.0,0.0,0.0,0.0,0.0,0.012854979933747396,0.08316548437573729,0.227917207270425,0.24825342580719573
crossing,100,400,4.0,0.05,0.7,151,cp,1.0,1.0,1.0,0.0,0.0,0.0,0.0,0.00973916371961492,0.06948618691543856,0.1930159066255931,0.22773080244830646
crossing,100,400,4.0,0.05,0.7,151,dkw,1.0,1.0,1.0,0.0,0.0,0.0,0.0,0.012678049760250021,0.08316548437573729,0.23311223304464626,0.2645080582910282
crossing,100,400,4.0,0.05,0.7,152,cp,1.0,1.0,1.0,0.0,0.0,0.0,0.0,0.012311020214729377,0.06948618691543856,0.17900200580070325,0.20282166398393753
crossing,100,400,4.0,0.05,0.7,152,dkw,1.0,1.0,1.0,0.0,0.0,0.0,0.0,0.015194737377800839,0.06948618691543856,0.2115020678291826,0.242601729398787
crossing,100,400,4.0,0.05,0.7,153,cp,1.0,1.0,1.0,0.0,0.0,0.0,0.0,0.017959769850501878,0.09683427142838308,0.18957708696065226,0.21590932557548642
crossing,100,400,4.0,0.05,0.7,153,dkw,1.0,1.0,1.0,0.0,0.0,0.0,0.0,0.017278422833836654,0.09683427142838308,0.21532829805493173,0.24493927231471962
crossing,100,400,4.0,0.05,0.7,154,cp,1.0,1.0,1.0,0.0,0.0,0.0,0.0,0.014565770200434574,0.08316548437573729,0.19853671567853115,0.22330462640417592
crossing,100,400,4.0,0.05,0.7,154,dkw,1.0,1.0,1.0,0.0,0.0,0.0,0.0,0.02327083235074174,0.09683427142838308,0.22574583826015052,0.253067383582962
crossing,100,400,4.0,0.05,0.7,155,cp,1.0,1.0,1.0,0.0,0.0,0.0,0.0,0.02318012239193085,0.06948618691543856,0.2019809946482766,0.23769243938524837
crossing,100,400,4.0,0.05,0.7,155,dkw,1.0,1.0,1.0,0.0,0.0,0.0,0.0,0.02462004710136378,0.08316548437573729,0.23450454803224574,0.2501243994214398
crossing,100,400,4.0,0.05,0.7,156,cp,1.0,1.0,1.0,0.0,0.0,0.0,0.0,0.01189739625106039,0.06948618691543856,0.1996355108816136,0.24115796065149925
crossing,100,400,4.0,0.05,0.7,156,dkw,1.0,1.0,1.0,0.0,0.0,0.0,0.0,0.015224015626089882,0.08316548437573729,0.22422731194619647,0.25440925320168106
crossing,100,400,4.0,0.05,0.7,157,cp,1.0,1.0,1.0,0.0,0.0,0.0,0.0,0.02107565533377958,0.10910957078160166,0.1912653943660047,0.22281832365302778
crossing,100,400,4.0,0.05,0.7,157,dkw,1.0,1.0,1.0,0.0,0.0,0.0,0.0,0.020003796870720424,0.09683427142838308,0.21991435686650562,0.24009679241165416
crossing,100,400,4.0,0.05,0.7,158,cp,1.0,1.0,1.0,0.0,0.0,0.0,0.0,0.03830866479246298,0.12023074069810574,0.17681285841934724,0.20352376388063226
crossing,100,400,4.0,0.05,0.7,158,dkw,1.0,1.0,1.0,0.0,0.0,0.0,0.0,0.028895524875725064,0.12023074069810574,0.21447328298720772,0.24180113730887676
crossing,100,400,4.0,0.05,0.7,159,cp,1.0,1.0,1.0,0.0,0.0,0.0,0.0,0.012860806162157562,0.08316548437573729,0.1901333873487892,0.22201543592692974
crossing,100,400,4.0,0.05,0.7,159,dkw,1.0,1.0,1.0,0.0,0.0,0.0,0.0,0.014311271370264072,0.08316548437573729,0.21093759623669858,0.2306809201918879
crossing,100,400,4.0,0.05,0.7,160,cp,1.0,1.0,1.0,0.0,0.0,0.0,0.0,0.020934156344313597,0.10910957078160166,0.19283740464029556,0.22802601327506977
crossing,100,400,4.0,0.05,0.7,160,dkw,1.0,1.0,1.0,0.0,0.0,0.0,0.0,0.03011767388027566,0.1303854875283446,0.2321195437775156,0.25763484010542453
crossing,100,400,4.0,0.05,0.7,161,cp,1.0,1.0,1.0,0.0,0.0,0.0,0.0,0.004479277687551386,0.045523681005445404,0.19983503418362347,0.2204743703274461
crossing,100,400,4.0,0.05,0.7,161,dkw,1.0,1.0,1.0,0.0,0.0,0.0,0.0,0.011975158547315757,0.06948618691543856,0.24150604975797751,0.28314439937128694
crossing,100,400,4.0,0.05,0.7,162,cp,1.0,1.0,1.0,0.0,0.0,0.0,0.0,0.020454581213832812,0.05878190040811415,0.19597379514958874,0.22290241737696115
crossing,100,400,4.0,0.05,0.7,162,dkw,1.0,1.0,1.0,0.0,0.0,0.0,0.0,0.023498981908798844,0.09683427142838308,0.23738986270829482,0.2785469082228895
crossing,100,400,4.0,0.05,0.7,163,cp,1.0,1.0,1.0,0.0,0.0,0.0,0.0,0.01600374444841115,0.08316548437573729,0.1898420310392084,0.21298537021260644
crossing,100,400,4.0,0.05,0.7,163,dkw,1.0,1.0,1.0,0.0,0.0,0.0,0.0,0.014615748576911019,0.08316548437573729,0.2186609243323087,0.23744370976178109
crossing,100,400,4.0,0.05,0.7,164,cp,1.0,1.0,1.0,0.0,0.0,0.0,0.0,0.01731765873245911,0.09683427142838308,0.18302231419461393,0.20126923374214056
crossing,100,400,4.0,0.05,0.7,164,dkw,1.0,1.0,1.0,0.0,0.0,0.0,0.0,0.017120079707648964,0.09683427142838308,0.2209178878286127,0.24609014299921717
crossing,100,400,4.0,0.05,0.7,165,cp,1.0,1.0,1.0,0.0,0.0,0.0,0.0,0.01965483929600358,0.09683427142838308,0.17488092970080932,0.19130758094618294
crossing,100,400,4.0,0.05,0.7,165,dkw,1.0,1.0,1.0,0.0,0.0,0.0,0.0,0.01824557569697365,0.09683427142838308,0.2074662243747215,0.23166375739100575
crossing,100,400,4.0,0.05,0.7,166,cp,1.0,1.0,1.0,0.0,0.0,0.0,0.0,0.00757610430424569,0.045523681005445404,0.1890130049870849,0.22502688689725298
crossing,100,400,4.0,0.05,0.7,166,dkw,1.0,1.0,1.0,0.0,0.0,0.0,0.0,0.01815428084162075,0.09683427142838308,0.23703456111928783,0.2906548668053268
crossing,100,400,4.0,0.05,0.7,167,cp,1.0,1.0,1.0,0.0,0.0,0.0,0.0,0.012779404120982074,0.06948618691543856,0.19451413358611214,0.21871393606634704
crossing,100,400,4.0,0.05,0.7,167,dkw,1.0,1.0,1.0,0.0,0.0,0.0,0.0,0.02328321440535697,0.10910957078160166,0.23751559856843887,0.2649590985079677
crossing,100,400,4.0,0.05,0.7,168,cp,1.0,1.0,1.0,0.0,0.0,0.0,0.0,0.01787524048665902,0.09683427142838308,0.1988592835724165,0.23155274272324972
crossing,100,400,4.0,0.05,0.7,168,dkw,1.0,1.0,1.0,0.0,0.0,0.0,0.0,0.019705410781342043,0.09683427142838308,0.22944531469411167,0.2435777329803569
crossing,100,400,4.0,0.05,0.7,169,cp,1.0,1.0,1.0,0.0,0.0,0.0,0.0,0.01480639598551504,0.08316548437573729,0.18566812173809794,0.21979312532467343
crossing,100,400,4.0,0.05,0.7,169,dkw,1.0,1.0,1.0,0.0,0.0,0.0,0.0,0.02233402334100002,0.10910957078160166,0.214168821829174,0.24032373558067877
crossing,100,400,4.0,0.05,0.7,170,cp,1.0,1.0,1.0,0.0,0.0,0.0,0.0,0.026061562642358278,0.10910957078160166,0.1845662855043693,0.21608669757208043
crossing,100,400,4.0,0.05,0.7,170,dkw,1.0,1.0,1.0,0.0,0.0,0.0,0.0,0.02107565533377958,0.10910957078160166,0.20728023092636916,0.2311105398782647
crossing,100,400,4.0,0.05,0.7,171,cp,1.0,1.0,1.0,0.0,0.0,0.0,0.0,0.0209460338418125,0.10910957078160166,0.17494262115450732,0.20096060745167632
crossing,100,400,4.0,0.05,0.7,171,dkw,1.0,1.0,1.0,0.0,0.0,0.0,0.0,0.020462199897900053,0.10910957078160166,0.20129448314693993,0.22276600663579105
crossing,100,400,4.0,0.05,0.7,172,cp,1.0,1.0,1.0,0.0,0.0,0.0,0.0,0.013760032399638598,0.08316548437573729,0.19827149089592944,0.23025979088659043
crossing,100,400,4.0,0.05,0.7,172,dkw,1.0,1.0,1.0,0.0,0.0,0.0,0.0,0.014952336281767366,0.08316548437573729,0.22795782291058767,0.24630124768730982
crossing,100,400,4.0,0.05,0.7,173,cp,1.0,1.0,1.0,0.0,0.0,0.0,0.0,0.01818921402033762,0.09683427142838308,0.18695043010610266,0.22082503419047622
crossing,100,400,4.0,0.05,0.7,173,dkw,1.0,1.0,1.0,0.0,0.0,0.0,0.0,0.020936619348656992,0.09683427142838308,0.21325692902400598,0.2437100043522108
crossing,100,400,4.0,0.05,0.7,174,cp,1.0,1.0,1.0,0.0,0.0,0.0,0.0,0.022206026450508842,0.09683427142838308,0.19200212462438085,0.23468625309852897
crossing,100,400,4.0,0.05,0.7,174,dkw,1.0,1.0,1.0,0.0,0.0,0.0,0.0,0.015980792884012437,0.09683427142838308,0.22049671995635334,0.24499835468753384
crossing,100,400,4.0,0.05,0.7,175,cp,1.0,1.0,1.0,0.0,0.0,0.0,0.0,0.007887745359482508,0.045523681005445404,0.18862651657894586,0.22077837694434538
crossing,100,400,4.0,0.05,0.7,175,dkw,1.0,1.0,1.0,0.0,0.0,0.0,0.0,0.017216225943864044,0.08316548437573729,0.2321205478385617,0.28450814014509623
crossing,100,400,4.0,0.05,0.7,176,cp,1.0,1.0,1.0,0.0,0.0,0.0,0.0,0.0078899633147637,0.05878190040811415,0.19742685946791702,0.22996207905046973
crossing,100,400,4.0,0.05,0.7,176,dkw,1.0,1.0,1.0,0.0,0.0,0.0,0.0,0.012696402655914207,0.08316548437573729,0.23630102116744056,0.2775797168804587
crossing,100,400,4.0,0.05,0.7,177,cp,1.0,1.0,1.0,0.0,0.0,0.0,0.0,0.009285007386549228,0.06948618691543856,0.1966415188623414,0.22608786850731666
crossing,100,400,4.0,0.05,0.7,177,dkw,1.0,1.0,1.0,0.0,0.0,0.0,0.0,0.013760032399638598,0.08316548437573729,0.2312420225999964,0.2614714532658809
crossing,100,400,4.0,0.05,0.7,178,cp,1.0,1.0,1.0,0.0,0.0,0.0,0.0,0.009747903038240812,0.06948618691543856,0.19971234960918005,0.22017254526191976
crossing,100,400,4.0,0.05,0.7,178,dkw,1.0,1.0,1.0,0.0,0.0,0.0,0.0,0.013241943500493085,0.08316548437573729,0.23867002007338795,0.27105579077316994
crossing,100,400,4.0,0.05,0.7,179,cp,1.0,1.0,1.0,0.0,0.0,0.0,0.0,0.017720461109157114,0.09683427142838308,0.18894502326087237,0.2201542186355988
crossing,100,400,4.0,0.05,0.7,179,dkw,1.0,1.0,1.0,0.0,0.0,0.0,0.0,0.02187395080632704,0.10910957078160166,0.22372186561866425,0.24734112071488235
crossing,100,400,4.0,0.05,0.7,180,cp,1.0,1.0,1.0,0.0,0.0,0.0,0.0,0.03445196011335211,0.1303854875283446,0.1775336216853897,0.20820126412369588
crossing,100,400,4.0,0.05,0.7,180,dkw,1.0,1.0,1.0,0.0,0.0,0.0,0.0,0.03132818591210182,0.1303854875283446,0.21204596724465635,0.24365415537066615
crossing,100,400,4.0,0.05,0.7,181,cp,1.0,1.0,1.0,0.0,0.0,0.0,0.0,0.0161478312780848,0.09683427142838308,0.18980375347710599,0.21833287291764714
crossing,100,400,4.0,0.05,0.7,181,dkw,1.0,1.0,1.0,0.0,0.0,0.0,0.0,0.01631240441636939,0.09683427142838308,0.22246753135860992,0.24823983558434537
crossing,100,400,4.0,0.05,0.7,182,cp,1.0,1.0,1.0,0.0,0.0,0.0,0.0,0.02749124825091185,0.09683427142838308,0.19445036969207183,0.2349051996233873
crossing,100,400,4.0,0.05,0.7,182,dkw,1.0,1.0,1.0,0.0,0.0,0.0,0.0,0.019173928336780766,0.09683427142838308,0.23156979203083627,0.24807482374123935
crossing,100,400,4.0,0.05,0.7,183,cp,1.0,1.0,1.0,0.0,0.0,0.0,0.0,0.007778683852049468,0.05878190040811415,0.19862133690749195,0.2329170458745457
crossing,100,400,4.0,0.05,0.7,183,dkw,1.0,1.0,1.0,0.0,0.0,0.0,0.0,0.009406673473885803,0.06948618691543856,0.22850527444716942,0.2588948920896583
crossing,100,400,4.0,0.05,0.7,184,cp,1.0,1.0,1.0,0.0,0.0,0.0,0.0,0.010236922982132413,0.05878190040811415,0.18836400527433647,0.226959947917589
crossing,100,400,4.0,0.05,0.7,184,dkw,1.0,1.0,1.0,0.0,0.0,0.0,0.0,0.02328321440535697,0.10910957078160166,0.2334508844712062,0.2897666233053775
crossing,100,400,4.0,0.05,0.7,185,cp,1.0,1.0,1.0,0.0,0.0,0.0,0.0,0.02124357798348252,0.10910957078160166,0.18866564602206887,0.21946547108062953
crossing,100,400,4.0,0.05,0.7,185,dkw,1.0,1.0,1.0,0.0,0.0,0.0,0.0,0.021098559850556954,0.10910957078160166,0.22509775971936477,0.24654225573417127
crossing,100,400,4.0,0.05,0.7,186,cp,1.0,1.0,1.0,0.0,0.0,0.0,0.0,0.027607047534675244,0.10910957078160166,0.18127793476130652,0.21510991171869176
crossing,100,400,4.0,0.05,0.7,186,dkw,1.0,1.0,1.0,0.0,0.0,0.0,0.0,0.022518663672884815,0.10910957078160166,0.21166468282184922,0.23026725015282112
crossing,100,400,4.0,0.05,0.7,187,cp,1.0,1.0,1.0,0.0,0.0,0.0,0.0,0.013018468852424615,0.06948618691543856,0.1834987792258681,0.2181249212095121
crossing,100,400,4.0,0.05,0.7,187,dkw,1.0,1.0,1.0,0.0,0.0,0.0,0.0,0.017721248071759656,0.09683427142838308,0.21987723663025577,0.266751416863383
crossing,100,400,4.0,0.05,0.7,188,cp,1.0,1.0,1.0,0.0,0.0,0.0,0.0,0.01824557569697365,0.09683427142838308,0.186059155210137,0.20255877584810067
crossing,100,400,4.0,0.05,0.7,188,dkw,1.0,1.0,1.0,0.0,0.0,0.0,0.0,0.017035063665147492,0.09683427142838308,0.22703545862540372,0.2511038127498322
crossing,100,400,4.0,0.05,0.7,189,cp,1.0,1.0,1.0,0.0,0.0,0.0,0.0,0.014615748576911019,0.08316548437573729,0.1866275662217669,0.211181032881122
crossing,100,400,4.0,0.05,0.7,189,dkw,1.0,1.0,1.0,0.0,0.0,0.0,0.0,0.017172265223205255,0.08316548437573729,0.21468945947277246,0.24093640874053357
crossing,100,400,4.0,0.05,0.7,190,cp,1.0,1.0,1.0,0.0,0.0,0.0,0.0,0.027611668737046,0.10910957078160166,0.18339643480818008,0.2176753655576168
crossing,100,400,4.0,0.05,0.7,190,dkw,1.0,1.0,1.0,0.0,0.0,0.0,0.0,0.01683382478854666,0.09683427142838308,0.21122617508041105,0.24611613808322086
crossing,100,400,4.0,0.05,0.7,191,cp,0.0,1.0,1.0,0.0,0.0,0.0,0.0,0.0117230646823409,0.05878190040811415,0.20388104002557783,0.2304220517352787
crossing,100,400,4.0,0.05,0.7,191,dkw,0.0,1.0,1.0,0.0,0.0,0.0,0.0,0.014901014664202614,0.06948618691543856,0.23403161239508818,0.2573566368709588
crossing,100,400,4.0,0.05,0.7,192,cp,1.0,1.0,1.0,0.0,0.0,0.0,0.0,0.01392983325063317,0.06948618691543856,0.19753987583640295,0.2253946134661452
crossing,100,400,4.0,0.05,0.7,192,dkw,1.0,1.0,1.0,0.0,0.0,0.0,0.0,0.026214776753318878,0.12023074069810574,0.23862643107634668,0.27399953297917196
crossing,100,400,4.0,0.05,0.7,193,cp,1.0,1.0,1.0,0.0,0.0,0.0,0.0,0.009818716303651364,0.05878190040811415,0.20553468665354876,0.2370620909519272
crossing,100,400,4.0,0.05,0.7,193,dkw,1.0,1.0,1.0,0.0,0.0,0.0,0.0,0.008367284258988856,0.06948618691543856,0.24965411545579086,0.2789696707804179
crossing,100,400,4.0,0.05,0.7,194,cp,1.0,1.0,1.0,0.0,0.0,0.0,0.0,0.02043930070322657,0.08316548437573729,0.1867852433918888,0.21929903170192533
crossing,100,400,4.0,0.05,0.7,194,dkw,1.0,1.0,1.0,0.0,0.0,0.0,0.0,0.02043930070322657,0.08316548437573729,0.22018713928268524,0.24632742945098574
crossing,100,400,4.0,0.05,0.7,195,cp,1.0,1.0,1.0,0.0,0.0,0.0,0.0,0.009040650910871282,0.05878190040811415,0.19348039203527534,0.22282642542853592
crossing,100,400,4.0,0.05,0.7,195,dkw,1.0,1.0,1.0,0.0,0.0,0.0,0.0,0.01836886819135415,0.09683427142838308,0.23201226485489687,0.27469680518245165
crossing,100,400,4.0,0.05,0.7,196,cp,1.0,1.0,1.0,0.0,0.0,0.0,0.0,0.009406673473885803,0.06948618691543856,0.20303909486737354,0.236702791070605
crossing,100,400,4.0,0.05,0.7,196,dkw,1.0,1.0,1.0,0.0,0.0,0.0,0.0,0.010622158059961292,0.06948618691543856,0.24081597051128198,0.26178629664856784
crossing,100,400,4.0,0.05,0.7,197,cp,1.0,1.0,1.0,0.0,0.0,0.0,0.0,0.01728428706072961,0.08316548437573729,0.192758869944322,0.2147669676045285
crossing,100,400,4.0,0.05,0.7,197,dkw,1.0,1.0,1.0,0.0,0.0,0.0,0.0,0.015066646597741862,0.08316548437573729,0.22158547572199846,0.2435026582975941
crossing,100,400,4.0,0.05,0.7,198,cp,1.0,1.0,1.0,0.0,0.0,0.0,0.0,0.007473415966377917,0.045523681005445404,0.20654013931263915,0.22932690104491282
crossing,100,400,4.0,0.05,0.7,198,dkw,1.0,1.0,1.0,0.0,0.0,0.0,0.0,0.01746505087497522,0.06948618691543856,0.25073877912962145,0.293501779357573
crossing,100,400,4.0,0.05,0.7,199,cp,1.0,1.0,1.0,0.0,0.0,0.0,0.0,0.02294748514919216,0.10910957078160166,0.186114055407008,0.20755055591505178
crossing,100,400,4.0,0.05,0.7,199,dkw,1.0,1.0,1.0,0.0,0.0,0.0,0.0,0.020502071345700975,0.10910957078160166,0.2135150806338819,0.23556620075875784
crossing,100,400,4.0,0.05,0.7,200,cp,1.0,1.0,1.0,0.0,0.0,0.0,0.0,0.017035063665147492,0.09683427142838308,0.1853107526852096,0.2052451011471681
crossing,100,400,4.0,0.05,0.7,200,dkw,1.0,1.0,1.0,0.0,0.0,0.0,0.0,0.016915797779864912,0.09683427142838308,0.21724035220119764,0.23878551877211135
crossing,100,400,4.0,0.05,0.7,201,cp,1.0,1.0,1.0,0.0,0.0,0.0,0.0,0.025725033076573638,0.12023074069810574,0.18029269438548504,0.20519158592322007
crossing,100,400,4.0,0.05,0.7,201,dkw,1.0,1.0,1.0,0.0,0.0,0.0,0.0,0.02503884866996148,0.12023074069810574,0.20802420120855622,0.22607591241128067
crossing,100,400,4.0,0.05,0.7,202,cp,1.0,1.0,1.0,0.0,0.0,0.0,0.0,0.01150959656368147,0.06948618691543856,0.19591765206929615,0.21425480004048747
crossing,100,400,4.0,0.05,0.7,202,dkw,1.0,1.0,1.0,0.0,0.0,0.0,0.0,0.0163436171319654,0.08316548437573729,0.23423665186087447,0.25972274290711744
crossing,100,400,4.0,0.05,0.7,203,cp,1.0,1.0,1.0,0.0,0.0,0.0,0.0,0.008979799825789423,0.06948618691543856,0.20038575068857178,0.21882343117022462
crossing,100,400,4.0,0.05,0.7,203,dkw,1.0,1.0,1.0,0.0,0.0,0.0,0.0,0.014024807388121707,0.08316548437573729,0.23408508438971146,0.2614714532658809
crossing,100,400,4.0,0.05,0.7,204,cp,1.0,1.0,1.0,0.0,0.0,0.0,0.0,0.021315669452362886,0.08316548437573729,0.19181971535035824,0.2251661556265247
crossing,100,400,4.0,0.05,0.7,204,dkw,1.0,1.0,1.0,0.0,0.0,0.0,0.0,0.013956290947326803,0.08316548437573729,0.2281275849525496,0.2442663044021966
crossing,100,400,4.0,0.05,0.7,205,cp,1.0,1.0,1.0,0.0,0.0,0.0,0.0,0.007118576711477393,0.05878190040811415,0.192917652185396,0.21942161279079864
crossing,100,400,4.0,0.05,0.7,205,dkw,1.0,1.0,1.0,0.0,0.0,0.0,0.0,0.008557010786481736,0.05878190040811415,0.22268478761142724,0.23593207564641522
crossing,100,400,4.0,0.05,0.7,206,cp,1.0,1.0,1.0,0.0,0.0,0.0,0.0,0.009369783280884716,0.06948618691543856,0.1920002784545569,0.23092209101157374
crossing,100,400,4.0,0.05,0.7,206,dkw,1.0,1.0,1.0,0.0,0.0,0.0,0.0,0.009328015177123955,0.06948618691543856,0.2183161371337257,0.249834556040545
crossing,100,400,4.0,0.05,0.7,207,cp,1.0,1.0,1.0,0.0,0.0,0.0,0.0,0.00894086824706746,0.06948618691543856,0.2033992760156847,0.23044980746144889
crossing,100,400,4.0,0.05,0.7,207,dkw,1.0,1.0,1.0,0.0,0.0,0.0,0.0,0.01496059855921079,0.08316548437573729,0.2383599722820722,0.24947674636477363
crossing,100,400,4.0,0.05,0.7,208,cp,1.0,1.0,1.0,0.0,0.0,0.0,0.0,0.007256722494598065,0.05878190040811415,0.20338106971045353,0.23748893156227857
crossing,100,400,4.0,0.05,0.7,208,dkw,1.0,1.0,1.0,0.0,0.0,0.0,0.0,0.011890952364019465,0.08316548437573729,0.24186752635243708,0.27400013978652177
crossing,100,400,4.0,0.05,0.7,209,cp,1.0,1.0,1.0,0.0,0.0,0.0,0.0,0.02328321440535697,0.10910957078160166,0.17988045437780179,0.19827440323983914
crossing,100,400,4.0,0.05,0.7,209,dkw,1.0,1.0,1.0,0.0,0.0,0.0,0.0,0.022518663672884815,0.10910957078160166,0.22105932480505286,0.2500626096784191
crossing,100,400,4.0,0.05,0.7,210,cp,1.0,1.0,1.0,0.0,0.0,0.0,0.0,0.01367468286981066,0.05886654227057586,0.20282392834026552,0.23811282447258802
crossing,100,400,4.0,0.05,0.7,210,dkw,1.0,1.0,1.0,0.0,0.0,0.0,0.0,0.010036874828589875,0.06948618691543856,0.2563448530395978,0.30383721166889505
crossing,100,400,4.0,0.05,0.7,211,cp,1.0,1.0,1.0,0.0,0.0,0.0,0.0,0.026894073568345406,0.12023074069810574,0.17713098710465944,0.2163784412665326
crossing,100,400,4.0,0.05,0.7,211,dkw,1.0,1.0,1.0,0.0,0.0,0.0,0.0,0.026894073568345406,0.12023074069810574,0.2071890842106798,0.24619865723067025
crossing,100,400,4.0,0.05,0.7,212,cp,1.0,1.0,1.0,0.0,0.0,0.0,0.0,0.018875147543727242,0.09683427142838308,0.18264535823501657,0.2067094770189689
crossing,100,400,4.0,0.05,0.7,212,dkw,1.0,1.0,1.0,0.0,0.0,0.0,0.0,0.01744728022442619,0.09683427142838308,0.21201201353859842,0.22986088673965543
crossing,100,400,4.0,0.05,0.7,213,cp,1.0,1.0,1.0,0.0,0.0,0.0,0.0,0.02079830518606677,0.08316548437573729,0.1936043330124086,0.22157121693938098
crossing,100,400,4.0,0.05,0.7,213,dkw,1.0,1.0,1.0,0.0,0.0,0.0,0.0,0.020748454817002354,0.10910957078160166,0.23775010366903904,0.2649590985079677
crossing,100,400,4.0,0.05,0.7,214,cp,1.0,1.0,1.0,0.0,0.0,0.0,0.0,0.020538357830373895,0.09683427142838308,0.16585638771085726,0.1894682247744135
crossing,100,400,4.0,0.05,0.7,214,dkw,1.0,1.0,1.0,0.0,0.0,0.0,0.0,0.02328321440535697,0.10910957078160166,0.19377004907158762,0.21724894085370783
crossing,100,400,4.0,0.05,0.7,215,cp,1.0,1.0,1.0,0.0,0.0,0.0,0.0,0.008157171464687796,0.05878190040811415,0.19629771313869618,0.22558396508562645
crossing,100,400,4.0,0.05,0.7,215,dkw,1.0,1.0,1.0,0.0,0.0,0.0,0.0,0.020003796870720424,0.09683427142838308,0.24088375883825588,0.2803620751847393
crossing,100,400,4.0,0.05,0.7,216,cp,1.0,1.0,1.0,0.0,0.0,0.0,0.0,0.012706827797187799,0.06948618691543856,0.18308323377048327,0.21878777280874973
crossing,100,400,4.0,0.05,0.7,216,dkw,1.0,1.0,1.0,0.0,0.0,0.0,0.0,0.02328321440535697,0.10910957078160166,0.22585240635515852,0.2736279191054186
crossing,100,400,4.0,0.05,0.7,217,cp,1.0,1.0,1.0,0.0,0.0,0.0,0.0,0.009895554197292862,0.05878190040811415,0.19256102946574097,0.22101313888711538
crossing,100,400,4.0,0.05,0.7,217,dkw,1.0,1.0,1.0,0.0,0.0,0.0,0.0,0.020186977441677113,0.08316548437573729,0.23691264917751848,0.27887089710522933
crossing,100,400,4.0,0.05,0.7,218,cp,1.0,1.0,1.0,0.0,0.0,0.0,0.0,0.011261807801678068,0.06948618691543856,0.20227410824080208,0.22374140727029446
crossing,100,400,4.0,0.05,0.7,218,dkw,1.0,1.0,1.0,0.0,0.0,0.0,0.0,0.020003796870720424,0.09683427142838308,0.23091436209337615,0.26551869696090136
crossing,100,400,4.0,0.05,0.7,219,cp,1.0,1.0,1.0,0.0,0.0,0.0,0.0,0.014002704543954185,0.08316548437573729,0.19605113722965306,0.23722107772364287
crossing,100,400,4.0,0.05,0.7,219,dkw,1.0,1.0,1.0,0.0,0.0,0.0,0.0,0.014192690374339208,0.08316548437573729,0.21746571203318527,0.2452085226468721
crossing,100,400,4.0,0.05,0.7,220,cp,1.0,1.0,1.0,0.0,0.0,0.0,0.0,0.009089904703491612,0.05878190040811415,0.2064219569323706,0.2297814965550431
crossing,100,400,4.0,0.05,0.7,220,dkw,1.0,1.0,1.0,0.0,0.0,0.0,0.0,0.018129792284143385,0.08316548437573729,0.2367807870613225,0.2712146279692062
crossing,100,400,4.0,0.05,0.7,221,cp,1.0,1.0,1.0,0.0,0.0,0.0,0.0,0.01613768851443691,0.09683427142838308,0.18473875715334884,0.2139150149377934
crossing,100,400,4.0,0.05,0.7,221,dkw,1.0,1.0,1.0,0.0,0.0,0.0,0.0,0.017162170523346357,0.09683427142838308,0.21611146494278263,0.23562387081194125
crossing,100,400,4.0,0.05,0.7,222,cp,1.0,1.0,1.0,0.0,0.0,0.0,0.0,0.02328321440535697,0.10910957078160166,0.17443157087794126,0.1952414283585362
crossing,100,400,4.0,0.05,0.7,222,dkw,1.0,1.0,1.0,0.0,0.0,0.0,0.0,0.02328321440535697,0.10910957078160166,0.20958031517374556,0.23850889415573562
crossing,100,400,4.0,0.05,0.7,223,cp,1.0,1.0,1.0,0.0,0.0,0.0,0.0,0.016939153951779737,0.09683427142838308,0.18232184072591945,0.22293364476356475
crossing,100,400,4.0,0.05,0.7,223,dkw,1.0,1.0,1.0,0.0,0.0,0.0,0.0,0.02124357798348252,0.10910957078160166,0.21530946412801089,0.24469407115050112
crossing,100,400,4.0,0.05,0.7,224,cp,1.0,1.0,1.0,0.0,0.0,0.0,0.0,0.015045460716957582,0.08316548437573729,0.1787246614954066,0.21963673449141052
crossing,100,400,4.0,0.05,0.7,224,dkw,1.0,1.0,1.0,0.0,0.0,0.0,0.0,0.018890288563531425,0.09683427142838308,0.209191524509142,0.24434654443224624
crossing,100,400,4.0,0.05,0.7,225,cp,1.0,1.0,1.0,0.0,0.0,0.0,0.0,0.01731765873245911,0.09683427142838308,0.18111522669331045,0.2023105402201213
crossing,100,400,4.0,0.05,0.7,225,dkw,1.0,1.0,1.0,0.0,0.0,0.0,0.0,0.016915797779864912,0.09683427142838308,0.2138037906667108,0.2309723276479002
crossing,100,400,4.0,0.05,0.7,226,cp,1.0,1.0,1.0,0.0,0.0,0.0,0.0,0.00938988915082498,0.05878190040811415,0.1998980966501991,0.22478739135663528
crossing,100,400,4.0,0.05,0.7,226,dkw,1.0,1.0,1.0,0.0,0.0,0.0,0.0,0.015191974944790467,0.05878190040811415,0.23465880520125065,0.26404821382387006
crossing,100,400,4.0,0.05,0.7,227,cp,1.0,1.0,1.0,0.0,0.0,0.0,0.0,0.026511627959955753,0.06240183665354959,0.21514196545305025,0.23804178440271584
crossing,100,400,4.0,0.05,0.7,227,dkw,1.0,1.0,1.0,0.0,0.0,0.0,0.0,0.028675604033915537,0.06948618691543856,0.25091068626743757,0.2769804215497737
crossing,100,400,4.0,0.05,0.7,228,cp,1.0,1.0,1.0,0.0,0.0,0.0,0.0,0.016873696236347584,0.09683427142838308,0.19099778738754242,0.21170077589542757
crossing,100,400,4.0,0.05,0.7,228,dkw,1.0,1.0,1.0,0.0,0.0,0.0,0.0,0.017120079707648964,0.09683427142838308,0.22770712607067703,0.2449164799603506
crossing,100,400,4.0,0.05,0.7,229,cp,1.0,1.0,1.0,0.0,0.0,0.0,0.0,0.013288372037448218,0.06948618691543856,0.19842115426056178,0.22673993303543682
crossing,100,400,4.0,0.05,0.7,229,dkw,1.0,1.0,1.0,0.0,0.0,0.0,0.0,0.01808546199582363,0.06948618691543856,0.22066733249632475,0.24601574301618645
crossing,100,400,4.0,0.05,0.7,230,cp,1.0,1.0,1.0,0.0,0.0,0.0,0.0,0.008464007102007535,0.06948618691543856,0.19608293071748922,0.22349514526450487
crossing,100,400,4.0,0.05,0.7,230,dkw,1.0,1.0,1.0,0.0,0.0,0.0,0.0,0.009777539959296748,0.06948618691543856,0.22606227214331864,0.23415513618296113
crossing,100,400,4.0,0.05,0.7,231,cp,1.0,1.0,1.0,0.0,0.0,0.0,0.0,0.015434794415979669,0.06948618691543856,0.1830193702552102,0.2106440612090109
crossing,100,400,4.0,0.05,0.7,231,dkw,1.0,1.0,1.0,0.0,0.0,0.0,0.0,0.015194737377800839,0.06948618691543856,0.21017340168186135,0.23985881822648103
crossing,100,400,4.0,0.05,0.7,232,cp,1.0,1.0,1.0,0.0,0.0,0.0,0.0,0.010936618941305338,0.06948618691543856,0.19972183720000558,0.21781372695299533
crossing,100,400,4.0,0.05,0.7,232,dkw,1.0,1.0,1.0,0.0,0.0,0.0,0.0,0.022803523888833964,0.10910957078160166,0.24496201514262844,0.2768504334131314
crossing,100,400,4.0,0.05,0.7,233,cp,1.0,1.0,1.0,0.0,0.0,0.0,0.0,0.012038172611748905,0.05878190040811415,0.2043385085002713,0.23175955491347855
crossing,100,400,4.0,0.05,0.7,233,dkw,1.0,1.0,1.0,0.0,0.0,0.0,0.0,0.012525177075241428,0.06948618691543856,0.23764408887250352,0.2478548340594306
crossing,100,400,4.0,0.05,0.7,234,cp,1.0,1.0,1.0,0.0,0.0,0.0,0.0,0.012137866130129873,0.08316548437573729,0.1949668321092558,0.2249218224746099
crossing,100,400,4.0,0.05,0.7,234,dkw,1.0,1.0,1.0,0.0,0.0,0.0,0.0,0.01613768851443691,0.09683427142838308,0.22556644255516303,0.24978568758128905
crossing,100,400,4.0,0.05,0.7,235,cp,1.0,1.0,1.0,0.0,0.0,0.0,0.0,0.031731795800464965,0.10910957078160166,0.17862875138488993,0.20599555242909112
crossing,100,400,4.0,0.05,0.7,235,dkw,1.0,1.0,1.0,0.0,0.0,0.0,0.0,0.017721248071759656,0.09683427142838308,0.2122189055269087,0.23467784927840096
crossing,100,400,4.0,0.05,0.7,236,cp,1.0,1.0,1.0,0.0,0.0,0.0,0.0,0.030104109294557185,0.12023074069810574,0.19149227496067348,0.22970762726082472
crossing,100,400,4.0,0.05,0.7,236,dkw,1.0,1.0,1.0,0.0,0.0,0.0,0.0,0.02995630645147575,0.1303854875283446,0.22212601543871643,0.24846193314675274
crossing,100,400,4.0,0.05,0.7,237,cp,1.0,1.0,1.0,0.0,0.0,0.0,0.0,0.01836886819135415,0.09683427142838308,0.18335931371763742,0.20980421355651246
crossing,100,400,4.0,0.05,0.7,237,dkw,1.0,1.0,1.0,0.0,0.0,0.0,0.0,0.01768957137632762,0.09683427142838308,0.2170793705291165,0.2548874646597341
crossing,100,400,4.0,0.05,0.7,238,cp,1.0,1.0,1.0,0.0,0.0,0.0,0.0,0.020538357830373895,0.09683427142838308,0.17176972456681697,0.1987979899207586
crossing,100,400,4.0,0.05,0.7,238,dkw,1.0,1.0,1.0,0.0,0.0,0.0,0.0,0.019318059255711104,0.09683427142838308,0.20102041877141755,0.22294617702978603
crossing,100,400,4.0,0.05,0.7,239,cp,1.0,1.0,1.0,0.0,0.0,0.0,0.0,0.017278422833836654,0.09683427142838308,0.18929173614233982,0.221244721800689
crossing,100,400,4.0,0.05,0.7,239,dkw,1.0,1.0,1.0,0.0,0.0,0.0,0.0,0.018983410225661412,0.09683427142838308,0.22251689775782246,0.2525016690329297
crossing,100,400,4.0,0.05,0.7,240,cp,1.0,1.0,1.0,0.0,0.0,0.0,0.0,0.02694898592557127,0.10910957078160166,0.19026352315312348,0.21260081068569847
crossing,100,400,4.0,0.05,0.7,240,dkw,1.0,1.0,1.0,0.0,0.0,0.0,0.0,0.020663438774500883,0.10910957078160166,0.22758217499814612,0.2502451509909408
crossing,100,400,4.0,0.05,0.7,241,cp,1.0,1.0,1.0,0.0,0.0,0.0,0.0,0.019217612770022506,0.05878190040811415,0.21261232192670312,0.23738688045000744
crossing,100,400,4.0,0.05,0.7,241,dkw,1.0,1.0,1.0,0.0,0.0,0.0,0.0,0.019278486768879798,0.06079128358890973,0.2473349369612692,0.2694913035795846
crossing,100,400,4.0,0.05,0.7,242,cp,1.0,1.0,1.0,0.0,0.0,0.0,0.0,0.011910993463216049,0.06948618691543856,0.1858589876545021,0.2186564229312612
crossing,100,400,4.0,0.05,0.7,242,dkw,1.0,1.0,1.0,0.0,0.0,0.0,0.0,0.014372204839838325,0.08316548437573729,0.22112077891092685,0.2644782270797719
crossing,100,400,4.0,0.05,0.7,243,cp,1.0,1.0,1.0,0.0,0.0,0.0,0.0,0.012618677365026637,0.08316548437573729,0.19783563523308623,0.22022106783212503
crossing,100,400,4.0,0.05,0.7,243,dkw,1.0,1.0,1.0,0.0,0.0,0.0,0.0,0.017083187724502676,0.08316548437573729,0.2266003297131242,0.24719529119193973
crossing,100,400,4.0,0.05,0.7,244,cp,1.0,1.0,1.0,0.0,0.0,0.0,0.0,0.00419197462726425,0.028545808724175337,0.21338541713952416,0.23901615607363658
crossing,100,400,4.0,0.05,0.7,244,dkw,1.0,1.0,1.0,0.0,0.0,0.0,0.0,0.00713228647844292,0.05878190040811415,0.26377771460562977,0.3172801384351034
crossing,100,400,4.0,0.05,0.7,245,cp,1.0,1.0,1.0,0.0,0.0,0.0,0.0,0.014952336281767366,0.08316548437573729,0.19813412300969827,0.23472562678190506
crossing,100,400,4.0,0.05,0.7,245,dkw,1.0,1.0,1.0,0.0,0.0,0.0,0.0,0.015238591200869669,0.08316548437573729,0.22157908468735144,0.24084580103205738
crossing,100,400,4.0,0.05,0.7,246,cp,1.0,1.0,1.0,0.0,0.0,0.0,0.0,0.011790626477037026,0.08316548437573729,0.1960913576231097,0.21833090233971492
crossing,100,400,4.0,0.05,0.7,246,dkw,1.0,1.0,1.0,0.0,0.0,0.0,0.0,0.017162170523346357,0.09683427142838308,0.23085838379473603,0.25674476034771215
crossing,100,400,4.0,0.05,0.7,247,cp,1.0,1.0,1.0,0.0,0.0,0.0,0.0,0.007073274570927337,0.05878190040811415,0.20194878362324553,0.22807305175284387
crossing,100,400,4.0,0.05,0.7,247,dkw,1.0,1.0,1.0,0.0,0.0,0.0,0.0,0.012525177075241428,0.06948618691543856,0.2355930590738149,0.2478548340594306
crossing,100,400,4.0,0.05,0.7,248,cp,1.0,1.0,1.0,0.0,0.0,0.0,0.0,0.0296719273820566,0.10910957078160166,0.18453165800702787,0.2217887673600913
crossing,100,400,4.0,0.05,0.7,248,dkw,1.0,1.0,1.0,0.0,0.0,0.0,0.0,0.02624936070178763,0.12023074069810574,0.22312271711127174,0.24670494433590812
crossing,100,400,4.0,0.05,0.7,249,cp,1.0,1.0,1.0,0.0,0.0,0.0,0.0,0.02333741361092656,0.10910957078160166,0.17993008904639754,0.20850862462297015
crossing,100,400,4.0,0.05,0.7,249,dkw,1.0,1.0,1.0,0.0,0.0,0.0,0.0,0.024041065993366254,0.10910957078160166,0.2079508102569925,0.22432979789922214
crossing,100,400,4.0,0.1,0.7,0,cp,0.0,1.0,1.0,0.0,0.0,0.0,0.0,0.0031085561410189454,0.028545808724175337,0.1915131562537331,0.21497323667956736
crossing,100,400,4.0,0.1,0.7,0,dkw,0.0,1.0,1.0,0.0,0.0,0.0,0.0,0.006680516823574947,0.05878190040811415,0.23261577780143056,0.28563708007561484
crossing,100,400,4.0,0.1,0.7,1,cp,1.0,1.0,1.0,0.0,0.0,0.0,0.0,0.016990131472580848,0.05878190040811415,0.18959786014063984,0.2264808899269467
crossing,100,400,4.0,0.1,0.7,1,dkw,1.0,1.0,1.0,0.0,0.0,0.0,0.0,0.0072102853397827986,0.05878190040811415,0.21733792171693977,0.24079965018795102
crossing,100,400,4.0,0.1,0.7,2,cp,1.0,1.0,1.0,0.0,0.0,0.0,0.0,0.009173653393295043,0.05878190040811415,0.18640498480408754,0.2025024474654067
crossing,100,400,4.0,0.1,0.7,2,dkw,1.0,1.0,1.0,0.0,0.0,0.0,0.0,0.013158541258921406,0.05878190040811415,0.21305529440218193,0.24090629375406514
crossing,100,400,4.0,0.1,0.7,3,cp,1.0,1.0,1.0,0.0,0.0,0.0,0.0,0.02328321440535697,0.10910957078160166,0.17017298896135247,0.1963425136107878
crossing,100,400,4.0,0.1,0.7,3,dkw,1.0,1.0,1.0,0.0,0.0,0.0,0.0,0.026894073568345406,0.12023074069810574,0.19984717066193705,0.22371528628384407
crossing,100,400,4.0,0.1,0.7,4,cp,1.0,1.0,1.0,0.0,0.0,0.0,0.0,0.0066396990137358005,0.05878190040811415,0.18459225961622783,0.21250620616929533
crossing,100,400,4.0,0.1,0.7,4,dkw,1.0,1.0,1.0,0.0,0.0,0.0,0.0,0.009835073432982677,0.06948618691543856,0.21384614145837103,0.24311035627489946
crossing,100,400,4.0,0.1,0.7,5,cp,1.0,1.0,1.0,0.0,0.0,0.0,0.0,0.00900710997044336,0.05878190040811415,0.1670229019492397,0.20697512098779025
crossing,100,400,4.0,0.1,0.7,5,dkw,1.0,1.0,1.0,0.0,0.0,0.0,0.0,0.01171884134192809,0.06948618691543856,0.1917806151974719,0.2266284105564857
crossing,100,400,4.0,0.1,0.7,6,cp,1.0,1.0,1.0,0.0,0.0,0.0,0.0,0.01419563873585504,0.05878190040811415,0.18406359309728595,0.20702588556201507
crossing,100,400,4.0,0.1,0.7,6,dkw,1.0,1.0,1.0,0.0,0.0,0.0,0.0,0.018451274110292647,0.09683427142838308,0.2175135070035705,0.25444266799356574
crossing,100,400,4.0,0.1,0.7,7,cp,1.0,1.0,1.0,0.0,0.0,0.0,0.0,0.018707948841789786,0.08316548437573729,0.1561678876746264,0.17930722566902757
crossing,100,400,4.0,0.1,0.7,7,dkw,1.0,1.0,1.0,0.0,0.0,0.0,0.0,0.018707948841789786,0.08316548437573729,0.18902617917540102,0.20699801400291623
crossing,100,400,4.0,0.1,0.7,8,cp,1.0,1.0,1.0,0.0,0.0,0.0,0.0,0.018461772857822155,0.06948618691543856,0.17578623474842306,0.20454611078564788
crossing,100,400,4.0,0.1,0.7,8,dkw,1.0,1.0,1.0,0.0,0.0,0.0,0.0,0.018461772857822155,0.06948618691543856,0.20880996452834943,0.23038250807803162
crossing,100,400,4.0,0.1,0.7,9,cp,1.0,1.0,1.0,0.0,0.0,0.0,0.0,0.014042164588832416,0.08316548437573729,0.1691251037507343,0.19495137020818176
crossing,100,400,4.0,0.1,0.7,9,dkw,1.0,1.0,1.0,0.0,0.0,0.0,0.0,0.014615748576911019,0.08316548437573729,0.1948510960840091,0.21470389724371264
crossing,100,400,4.0,0.1,0.7,10,cp,1.0,1.0,1.0,0.0,0.0,0.0,0.0,0.013016370458749956,0.06948618691543856,0.18277513313394117,0.21157875996929132
crossing,100,400,4.0,0.1,0.7,10,dkw,1.0,1.0,1.0,0.0,0.0,0.0,0.0,0.026894073568345406,0.12023074069810574,0.21677882652982938,0.2514761356813264
crossing,100,400,4.0,0.1,0.7,11,cp,1.0,1.0,1.0,0.0,0.0,0.0,0.0,0.01171884134192809,0.06948618691543856,0.17360287112664768,0.20938910441182124
crossing,100,400,4.0,0.1,0.7,11,dkw,1.0,1.0,1.0,0.0,0.0,0.0,0.0,0.017908795656681173,0.09683427142838308,0.20804773543210797,0.2436982690315116
crossing,100,400,4.0,0.1,0.7,12,cp,1.0,1.0,1.0,0.0,0.0,0.0,0.0,0.005027721506935745,0.02727124547348836,0.199777275297742,0.22617046725093248
crossing,100,400,4.0,0.1,0.7,12,dkw,1.0,1.0,1.0,0.0,0.0,0.0,0.0,0.006746236315252325,0.05878190040811415,0.24894396703143193,0.30157056295322715
crossing,100,400,4.0,0.1,0.7,13,cp,1.0,1.0,1.0,0.0,0.0,0.0,0.0,0.025123864712462946,0.12023074069810574,0.17675972079875787,0.20596319395078888
crossing,100,400,4.0,0.1,0.7,13,dkw,1.0,1.0,1.0,0.0,0.0,0.0,0.0,0.023632171980073818,0.10910957078160166,0.19974811975573306,0.2232357411394157
crossing,100,400,4.0,0.1,0.7,14,cp,1.0,1.0,1.0,0.0,0.0,0.0,0.0,0.0039165665570527275,0.028545808724175337,0.19628425324519413,0.2279510410115334
crossing,100,400,4.0,0.1,0.7,14,dkw,1.0,1.0,1.0,0.0,0.0,0.0,0.0,0.007964353797439965,0.05878190040811415,0.23765182501006715,0.2834071577729952
crossing,100,400,4.0,0.1,0.7,15,cp,1.0,1.0,1.0,0.0,0.0,0.0,0.0,0.006764135029890945,0.05878190040811415,0.18186848804725103,0.20843470002288428
crossing,100,400,4.0,0.1,0.7,15,dkw,1.0,1.0,1.0,0.0,0.0,0.0,0.0,0.01300032537921226,0.08316548437573729,0.2088928354062465,0.24177500202547297
crossing,100,400,4.0,0.1,0.7,16,cp,1.0,1.0,1.0,0.0,0.0,0.0,0.0,0.01926451846802373,0.06948618691543856,0.18248904624592527,0.21995676463020997
crossing,100,400,4.0,0.1,0.7,16,dkw,1.0,1.0,1.0,0.0,0.0,0.0,0.0,0.012696402655914207,0.08316548437573729,0.21101784372783758,0.2302217772275098
crossing,100,400,4.0,0.1,0.7,17,cp,0.0,1.0,1.0,0.0,0.0,0.0,0.0,0.025872015663564864,0.05878190040811415,0.18549732627135312,0.20966509924400772
crossing,100,400,4.0,0.1,0.7,17,dkw,0.0,1.0,1.0,0.0,0.0,0.0,0.0,0.031324395821031865,0.12023074069810574,0.23478191945920523,0.2660472244292608
crossing,100,400,4.0,0.1,0.7,18,cp,1.0,1.0,1.0,0.0,0.0,0.0,0.0,0.01291218857884007,0.06948618691543856,0.1681603026026221,0.19160665603492366
crossing,100,400,4.0,0.1,0.7,18,dkw,1.0,1.0,1.0,0.0,0.0,0.0,0.0,0.012064636743427998,0.06948618691543856,0.19409151883568332,0.20842359260053023
crossing,100,400,4.0,0.1,0.7,19,cp,1.0,1.0,1.0,0.0,0.0,0.0,0.0,0.004306775893075421,0.045523681005445404,0.1899762790665763,0.2214392657784835
crossing,100,400,4.0,0.1,0.7,19,dkw,1.0,1.0,1.0,0.0,0.0,0.0,0.0,0.005953514607123638,0.05878190040811415,0.229154247903055,0.2736244461061471
crossing,100,400,4.0,0.1,0.7,20,cp,1.0,1.0,1.0,0.0,0.0,0.0,0.0,0.010449153067075617,0.045523681005445404,0.18683790532676256,0.21340485828972977
crossing,100,400,4.0,0.1,0.7,20,dkw,1.0,1.0,1.0,0.0,0.0,0.0,0.0,0.009830620584036774,0.05878190040811415,0.2154134948981044,0.24827093936379685
crossing,100,400,4.0,0.1,0.7,21,cp,1.0,1.0,1.0,0.0,0.0,0.0,0.0,0.010103448470106144,0.045523681005445404,0.19754859194349286,0.22892684858585255
crossing,100,400,4.0,0.1,0.7,21,dkw,1.0,1.0,1.0,0.0,0.0,0.0,0.0,0.011430182072035649,0.06948618691543856,0.22509162231023402,0.24710234905919404
crossing,100,400,4.0,0.1,0.7,22,cp,1.0,1.0,1.0,0.0,0.0,0.0,0.0,0.023923952076046938,0.08316548437573729,0.18467872446513392,0.21588576643991808
crossing,100,400,4.0,0.1,0.7,22,dkw,1.0,1.0,1.0,0.0,0.0,0.0,0.0,0.023314727877250817,0.09683427142838308,0.2049327264168676,0.22421380452113593
crossing,100,400,4.0,0.1,0.7,23,cp,1.0,1.0,1.0,0.0,0.0,0.0,0.0,0.02328321440535697,0.10910957078160166,0.15693613257553077,0.18132581148309734
crossing,100,400,4.0,0.1,0.7,23,dkw,1.0,1.0,1.0,0.0,0.0,0.0,0.0,0.02328321440535697,0.10910957078160166,0.18224988220863358,0.20149782960245033
crossing,100,400,4.0,0.1,0.7,24,cp,0.0,1.0,1.0,0.0,0.0,0.0,0.0,0.019419059418495022,0.08316548437573729,0.18752366105175824,0.20744421598258617
crossing,100,400,4.0,0.1,0.7,24,dkw,0.0,1.0,1.0,0.0,0.0,0.0,0.0,0.024928664107271833,0.08316548437573729,0.21015992412098744,0.22996451246950478
crossing,100,400,4.0,0.1,0.7,25,cp,1.0,1.0,1.0,0.0,0.0,0.0,0.0,0.011062461816485318,0.045523681005445404,0.1926879939953816,0.2097751403449647
crossing,100,400,4.0,0.1,0.7,25,dkw,1.0,1.0,1.0,0.0,0.0,0.0,0.0,0.016070842118576924,0.06948618691543856,0.2235734736584718,0.25787298428102645
crossing,100,400,4.0,0.1,0.7,26,cp,1.0,1.0,1.0,0.0,0.0,0.0,0.0,0.011882450452654568,0.06948618691543856,0.17641996382977976,0.2000589561794256
crossing,100,400,4.0,0.1,0.7,26,dkw,1.0,1.0,1.0,0.0,0.0,0.0,0.0,0.014889716424244486,0.08316548437573729,0.21320011525965232,0.2508368105064966
crossing,100,400,4.0,0.1,0.7,27,cp,1.0,1.0,1.0,0.0,0.0,0.0,0.0,0.006590335804267173,0.05878190040811415,0.18678494940692694,0.21851325081197925
crossing,100,400,4.0,0.1,0.7,27,dkw,1.0,1.0,1.0,0.0,0.0,0.0,0.0,0.008665245978608366,0.06948618691543856,0.21545280065740166,0.2462635008244642
crossing,100,400,4.0,0.1,0.7,28,cp,1.0,1.0,1.0,0.0,0.0,0.0,0.0,0.023044149673914428,0.10910957078160166,0.16981984504964356,0.2034770276450713
crossing,100,400,4.0,0.1,0.7,28,dkw,1.0,1.0,1.0,0.0,0.0,0.0,0.0,0.02187395080632704,0.10910957078160166,0.19269326429781994,0.21489450646755504
crossing,100,400,4.0,0.1,0.7,29,cp,1.0,1.0,1.0,0.0,0.0,0.0,0.0,0.021358896794465766,0.09683427142838308,0.18270043666777663,0.20420646975740098
crossing,100,400,4.0,0.1,0.7,29,dkw,0.0,1.0,1.0,0.0,0.0,0.0,0.0,0.016915797779864912,0.09683427142838308,0.21690597817785093,0.23464345493861916
crossing,100,400,4.0,0.1,0.7,30,cp,0.0,1.0,1.0,0.0,0.0,0.0,0.0,0.011704679290816472,0.06948618691543856,0.1913850417079336,0.22217117880252157
crossing,100,400,4.0,0.1,0.7,30,dkw,0.0,1.0,1.0,0.0,0.0,0.0,0.0,0.01585179645027092,0.08316548437573729,0.21667976926587137,0.2407263027104255
crossing,100,400,4.0,0.1,0.7,31,cp,1.0,1.0,1.0,0.0,0.0,0.0,0.0,0.012606628014919916,0.06948618691543856,0.1824616095593443,0.1989665266160875
crossing,100,400,4.0,0.1,0.7,31,dkw,1.0,1.0,1.0,0.0,0.0,0.0,0.0,0.019255138975893815,0.08316548437573729,0.21110985434820798,0.23496561610252603
crossing,100,400,4.0,0.1,0.7,32,cp,1.0,1.0,1.0,0.0,0.0,0.0,0.0,0.012224446209500663,0.08316548437573729,0.1870218161239929,0.20532081707562322
crossing,100,400,4.0,0.1,0.7,32,dkw,1.0,1.0,1.0,0.0,0.0,0.0,0.0,0.01744728022442619,0.09683427142838308,0.220511128855743,0.24702113292968864
crossing,100,400,4.0,0.1,0.7,33,cp,1.0,1.0,1.0,0.0,0.0,0.0,0.0,0.02328321440535697,0.10910957078160166,0.16410551140096108,0.19348081162045383
crossing,100,400,4.0,0.1,0.7,33,dkw,1.0,1.0,1.0,0.0,0.0,0.0,0.0,0.02328321440535697,0.10910957078160166,0.20345024935550904,0.2192055146874714
crossing,100,400,4.0,0.1,0.7,34,cp,1.0,1.0,1.0,0.0,0.0,0.0,0.0,0.00757610430424569,0.045523681005445404,0.1812125478156436,0.20781798973148413
crossing,100,400,4.0,0.1,0.7,34,dkw,1.0,1.0,1.0,0.0,0.0,0.0,0.0,0.017908795656681173,0.09683427142838308,0.224116385748128,0.2686656182067759
crossing,100,400,4.0,0.1,0.7,35,cp,1.0,1.0,1.0,0.0,0.0,0.0,0.0,0.018944763948643275,0.049639648412025394,0.19053094333148546,0.20631171501650547
crossing,100,400,4.0,0.1,0.7,35,dkw,1.0,1.0,1.0,0.0,0.0,0.0,0.0,0.028825005129560145,0.0616015165254985,0.214635254219304,0.23949147481294353
crossing,100,400,4.0,0.1,0.7,36,cp,1.0,1.0,1.0,0.0,0.0,0.0,0.0,0.006141969005939405,0.045523681005445404,0.1955208426078844,0.22662225203966657
crossing,100,400,4.0,0.1,0.7,36,dkw,1.0,1.0,1.0,0.0,0.0,0.0,0.0,0.009710001876008905,0.05878190040811415,0.2252736879509201,0.24569152166999164
crossing,100,400,4.0,0.1,0.7,37,cp,1.0,1.0,1.0,0.0,0.0,0.0,0.0,0.017120079707648964,0.09683427142838308,0.17721829452019583,0.2030124566477246
crossing,100,400,4.0,0.1,0.7,37,dkw,1.0,1.0,1.0,0.0,0.0,0.0,0.0,0.01917514877948057,0.09683427142838308,0.2018607006684129,0.2213241378892652
crossing,100,400,4.0,0.1,0.7,38,cp,1.0,1.0,1.0,0.0,0.0,0.0,0.0,0.018492895756063762,0.06948618691543856,0.18115521161476836,0.20288826781281055
crossing,100,400,4.0,0.1,0.7,38,dkw,1.0,1.0,1.0,0.0,0.0,0.0,0.0,0.0209460338418125,0.10910957078160166,0.21583482183485464,0.2494166461091215
crossing,100,400,4.0,0.1,0.7,39,cp,1.0,1.0,1.0,0.0,0.0,0.0,0.0,0.025677993512177314,0.10910957078160166,0.18271730052794422,0.22077749915370792
crossing,100,400,4.0,0.1,0.7,39,dkw,1.0,1.0,1.0,0.0,0.0,0.0,0.0,0.02327083235074174,0.09683427142838308,0.2048153955049587,0.22986480813498822
crossing,100,400,4.0,0.1,0.7,40,cp,1.0,1.0,1.0,0.0,0.0,0.0,0.0,0.010357523018236899,0.030530348697945464,0.20151848228060854,0.21471481108199064
crossing,100,400,4.0,0.1,0.7,40,dkw,1.0,1.0,1.0,0.0,0.0,0.0,0.0,0.01281900433577464,0.045523681005445404,0.22911616354169972,0.2500374546157231
crossing,100,400,4.0,0.1,0.7,41,cp,1.0,1.0,1.0,0.0,0.0,0.0,0.0,0.008683598874272553,0.06948618691543856,0.18606669101864043,0.21750041368253764
crossing,100,400,4.0,0.1,0.7,41,dkw,1.0,1.0,1.0,0.0,0.0,0.0,0.0,0.011872599468355277,0.08316548437573729,0.20774221118955777,0.2268011413362403
crossing,100,400,4.0,0.1,0.7,42,cp,1.0,1.0,1.0,0.0,0.0,0.0,0.0,0.016873696236347584,0.09683427142838308,0.17265259017087678,0.19784232306333993
crossing,100,400,4.0,0.1,0.7,42,dkw,1.0,1.0,1.0,0.0,0.0,0.0,0.0,0.01744728022442619,0.09683427142838308,0.19848391758303863,0.21472540714944788
crossing,100,400,4.0,0.1,0.7,43,cp,1.0,1.0,1.0,0.0,0.0,0.0,0.0,0.019966698814969732,0.06948618691543856,0.17863954875510235,0.19947185828991482
crossing,100,400,4.0,0.1,0.7,43,dkw,1.0,1.0,1.0,0.0,0.0,0.0,0.0,0.020538357830373895,0.09683427142838308,0.21640478082349268,0.24576843821547434
crossing,100,400,4.0,0.1,0.7,44,cp,1.0,1.0,1.0,0.0,0.0,0.0,0.0,0.0064282239250417076,0.045523681005445404,0.19777154737937466,0.22462847711076273
crossing,100,400,4.0,0.1,0.7,44,dkw,1.0,1.0,1.0,0.0,0.0,0.0,0.0,0.009953653131013698,0.05878190040811415,0.22536211195925712,0.24032758862015413
crossing,100,400,4.0,0.1,0.7,45,cp,1.0,1.0,1.0,0.0,0.0,0.0,0.0,0.020538357830373895,0.09683427142838308,0.16564327014472024,0.18688551895583494
crossing,100,400,4.0,0.1,0.7,45,dkw,1.0,1.0,1.0,0.0,0.0,0.0,0.0,0.020538357830373895,0.09683427142838308,0.19362564458508558,0.2191057979331532
crossing,100,400,4.0,0.1,0.7,46,cp,1.0,1.0,1.0,0.0,0.0,0.0,0.0,0.0068224554156433425,0.05878190040811415,0.18406765523712879,0.2105228796685501
crossing,100,400,4.0,0.1,0.7,46,dkw,1.0,1.0,1.0,0.0,0.0,0.0,0.0,0.007721681653124377,0.05878190040811415,0.21163400250381087,0.24177420434110086
crossing,100,400,4.0,0.1,0.7,47,cp,1.0,1.0,1.0,0.0,0.0,0.0,0.0,0.01744728022442619,0.09683427142838308,0.1859484035909517,0.21180210430427526
crossing,100,400,4.0,0.1,0.7,47,dkw,1.0,1.0,1.0,0.0,0.0,0.0,0.0,0.01761969851935072,0.08316548437573729,0.20921526137084878,0.23046205172221135
crossing,100,400,4.0,0.1,0.7,48,cp,1.0,1.0,1.0,0.0,0.0,0.0,0.0,0.01720856799785291,0.06948618691543856,0.17713550332090022,0.20111790995017953
crossing,100,400,4.0,0.1,0.7,48,dkw,1.0,1.0,1.0,0.0,0.0,0.0,0.0,0.01731765873245911,0.09683427142838308,0.21731205683139532,0.25564562615740005
crossing,100,400,4.0,0.1,0.7,49,cp,1.0,1.0,1.0,0.0,0.0,0.0,0.0,0.0048341499961627845,0.045523681005445404,0.19005801586584745,0.20981145630964504
crossing,100,400,4.0,0.1,0.7,49,dkw,1.0,1.0,1.0,0.0,0.0,0.0,0.0,0.012960453931411337,0.08316548437573729,0.22582691940778735,0.2675151700476926
crossing,100,400,4.0,0.1,0.7,50,cp,1.0,1.0,1.0,0.0,0.0,0.0,0.0,0.012425210014982719,0.06948618691543856,0.19055800787463717,0.21501567050801906
crossing,100,400,4.0,0.1,0.7,50,dkw,1.0,1.0,1.0,0.0,0.0,0.0,0.0,0.018129792284143385,0.08316548437573729,0.21312743233486858,0.23685200048305505
crossing,100,400,4.0,0.1,0.7,51,cp,1.0,1.0,1.0,0.0,0.0,0.0,0.0,0.008111952617120903,0.05878190040811415,0.19044197041124505,0.21857593009408272
crossing,100,400,4.0,0.1,0.7,51,dkw,1.0,1.0,1.0,0.0,0.0,0.0,0.0,0.014764420373383012,0.06948618691543856,0.21968804268997855,0.235013655316116
crossing,100,400,4.0,0.1,0.7,52,cp,1.0,1.0,1.0,0.0,0.0,0.0,0.0,0.010877491346965444,0.06948618691543856,0.18386176467905976,0.20198936009065938
crossing,100,400,4.0,0.1,0.7,52,dkw,1.0,1.0,1.0,0.0,0.0,0.0,0.0,0.017172265223205255,0.08316548437573729,0.2133962260230642,0.24370408606010813
crossing,100,400,4.0,0.1,0.7,53,cp,1.0,1.0,1.0,0.0,0.0,0.0,0.0,0.008740931204046698,0.06948618691543856,0.19139966300451355,0.22048017389959795
crossing,100,400,4.0,0.1,0.7,53,dkw,1.0,1.0,1.0,0.0,0.0,0.0,0.0,0.009804464754338372,0.06948618691543856,0.22161954445800475,0.24031084638337968
crossing,100,400,4.0,0.1,0.7,54,cp,1.0,1.0,1.0,0.0,0.0,0.0,0.0,0.013228850961436323,0.06948618691543856,0.1886877979802316,0.22177128606006125
crossing,100,400,4.0,0.1,0.7,54,dkw,1.0,1.0,1.0,0.0,0.0,0.0,0.0,0.01746505087497522,0.06948618691543856,0.21800426222933836,0.22857039660807094
crossing,100,400,4.0,0.1,0.7,55,cp,1.0,1.0,1.0,0.0,0.0,0.0,0.0,0.014203532017632324,0.08316548437573729,0.17671532220394529,0.20046756091503193
crossing,100,400,4.0,0.1,0.7,55,dkw,1.0,1.0,1.0,0.0,0.0,0.0,0.0,0.012024765295627076,0.06948618691543856,0.20203316115889813,0.2218046932279133
crossing,100,400,4.0,0.1,0.7,56,cp,1.0,1.0,1.0,0.0,0.0,0.0,0.0,0.0209460338418125,0.10910957078160166,0.17296957095757232,0.19851175837931878
crossing,100,400,4.0,0.1,0.7,56,dkw,1.0,1.0,1.0,0.0,0.0,0.0,0.0,0.020462199897900053,0.10910957078160166,0.19367717075917135,0.21930425673851628
crossing,100,400,4.0,0.1,0.7,57,cp,1.0,1.0,1.0,0.0,0.0,0.0,0.0,0.01306762861675977,0.06948618691543856,0.18430949026018012,0.20427938943219992
crossing,100,400,4.0,0.1,0.7,57,dkw,1.0,1.0,1.0,0.0,0.0,0.0,0.0,0.013072245521177792,0.08316548437573729,0.21583847653105598,0.2486690484163145
crossing,100,400,4.0,0.1,0.7,58,cp,1.0,1.0,1.0,0.0,0.0,0.0,0.0,0.0077729220678870135,0.05878190040811415,0.1833501210747176,0.21378183997654554
crossing,100,400,4.0,0.1,0.7,58,dkw,1.0,1.0,1.0,0.0,0.0,0.0,0.0,0.008279016929271764,0.05878190040811415,0.20920794034049536,0.2198268801155514
crossing,100,400,4.0,0.1,0.7,59,cp,1.0,1.0,1.0,0.0,0.0,0.0,0.0,0.009690649356767585,0.033721680452172276,0.20398126118218407,0.22326663025431648
crossing,100,400,4.0,0.1,0.7,59,dkw,1.0,1.0,1.0,0.0,0.0,0.0,0.0,0.005760676600796337,0.045523681005445404,0.24735720474806036,0.29851278330610703
crossing,100,400,4.0,0.1,0.7,60,cp,1.0,1.0,1.0,0.0,0.0,0.0,0.0,0.009369783280884716,0.06948618691543856,0.1820958102152815,0.22081355133222608
crossing,100,400,4.0,0.1,0.7,60,dkw,1.0,1.0,1.0,0.0,0.0,0.0,0.0,0.012611626761578721,0.08316548437573729,0.20359757398477307,0.22916555659090576
crossing,100,400,4.0,0.1,0.7,61,cp,0.0,1.0,1.0,0.0,0.0,0.0,0.0,0.0037399051086372246,0.045523681005445404,0.19468831133146008,0.21757388216518786
crossing,100,400,4.0,0.1,0.7,61,dkw,0.0,1.0,1.0,0.0,0.0,0.0,0.0,0.008905599681777012,0.05878190040811415,0.22816743662355551,0.2529973315829604
crossing,100,400,4.0,0.1,0.7,62,cp,1.0,1.0,1.0,0.0,0.0,0.0,0.0,0.0192048814304669,0.09683427142838308,0.1772380296591733,0.19555245834625445
crossing,100,400,4.0,0.1,0.7,62,dkw,1.0,1.0,1.0,0.0,0.0,0.0,0.0,0.01731765873245911,0.09683427142838308,0.20313065610548697,0.22367173408074048
crossing,100,400,4.0,0.1,0.7,63,cp,1.0,1.0,1.0,0.0,0.0,0.0,0.0,0.006840639369665458,0.045523681005445404,0.19426850088516912,0.21702232412471123
crossing,100,400,4.0,0.1,0.7,63,dkw,1.0,1.0,1.0,0.0,0.0,0.0,0.0,0.012717329196529386,0.06948618691543856,0.2238195769757461,0.26693030162999554
crossing,100,400,4.0,0.1,0.7,64,cp,1.0,1.0,1.0,0.0,0.0,0.0,0.0,0.016985240349848982,0.09683427142838308,0.1698241207995873,0.19896331693215386
crossing,100,400,4.0,0.1,0.7,64,dkw,1.0,1.0,1.0,0.0,0.0,0.0,0.0,0.016873696236347584,0.09683427142838308,0.19906610917691445,0.21313434398143605
crossing,100,400,4.0,0.1,0.7,65,cp,1.0,1.0,1.0,0.0,0.0,0.0,0.0,0.013368055164037168,0.05878190040811415,0.19645908971208134,0.22321935104444246
crossing,100,400,4.0,0.1,0.7,65,dkw,1.0,1.0,1.0,0.0,0.0,0.0,0.0,0.012648115720683703,0.05878190040811415,0.21654393788097726,0.23247123941711878
crossing,100,400,4.0,0.1,0.7,66,cp,1.0,1.0,1.0,0.0,0.0,0.0,0.0,0.008667749633137944,0.05878190040811415,0.19749260156530973,0.2217353122125525
crossing,100,400,4.0,0.1,0.7,66,dkw,1.0,1.0,1.0,0.0,0.0,0.0,0.0,0.012481975486083716,0.06948618691543856,0.22513626823442837,0.2484464969927342
crossing,100,400,4.0,0.1,0.7,67,cp,1.0,1.0,1.0,0.0,0.0,0.0,0.0,0.018661453771695743,0.08316548437573729,0.1863738224286926,0.22189705818351868
crossing,100,400,4.0,0.1,0.7,67,dkw,1.0,1.0,1.0,0.0,0.0,0.0,0.0,0.02327083235074174,0.09683427142838308,0.20171638868463682,0.23030222774236697
crossing,100,400,4.0,0.1,0.7,68,cp,1.0,1.0,1.0,0.0,0.0,0.0,0.0,0.011045585464808834,0.06948618691543856,0.17044847474262795,0.19563543785904525
crossing,100,400,4.0,0.1,0.7,68,dkw,1.0,1.0,1.0,0.0,0.0,0.0,0.0,0.014042164588832416,0.08316548437573729,0.19905960469356923,0.22306010637946233
crossing,100,400,4.0,0.1,0.7,69,cp,1.0,1.0,1.0,0.0,0.0,0.0,0.0,0.016664986973238573,0.08316548437573729,0.17107259258249272,0.19521654360676116
crossing,100,400,4.0,0.1,0.7,69,dkw,1.0,1.0,1.0,0.0,0.0,0.0,0.0,0.016058756916016256,0.08316548437573729,0.20196527655550917,0.2358241515777914
crossing,100,400,4.0,0.1,0.7,70,cp,1.0,1.0,1.0,0.0,0.0,0.0,0.0,0.009406673473885803,0.06948618691543856,0.18055937486039536,0.22160917507829364
crossing,100,400,4.0,0.1,0.7,70,dkw,1.0,1.0,1.0,0.0,0.0,0.0,0.0,0.009406673473885803,0.06948618691543856,0.20467649181285988,0.2379198461801828
crossing,100,400,4.0,0.1,0.7,71,cp,1.0,1.0,1.0,0.0,0.0,0.0,0.0,0.012209480095126119,0.045523681005445404,0.18866473668747588,0.2156907120475976
crossing,100,400,4.0,0.1,0.7,71,dkw,1.0,1.0,1.0,0.0,0.0,0.0,0.0,0.0209460338418125,0.10910957078160166,0.22706826149761916,0.26885281348529855
crossing,100,400,4.0,0.1,0.7,72,cp,1.0,1.0,1.0,0.0,0.0,0.0,0.0,0.007901840812262605,0.05878190040811415,0.18231014753455732,0.20628232476479796
crossing,100,400,4.0,0.1,0.7,72,dkw,1.0,1.0,1.0,0.0,0.0,0.0,0.0,0.013593665893355063,0.08316548437573729,0.21893151901690786,0.26234461791138164
crossing,100,400,4.0,0.1,0.7,73,cp,1.0,1.0,1.0,0.0,0.0,0.0,0.0,0.01656977351304953,0.09683427142838308,0.1726351824504978,0.21474612127518483
crossing,100,400,4.0,0.1,0.7,73,dkw,1.0,1.0,1.0,0.0,0.0,0.0,0.0,0.020375619818529263,0.10910957078160166,0.19291718772038557,0.22994290096838343
crossing,100,400,4.0,0.1,0.7,74,cp,1.0,1.0,1.0,0.0,0.0,0.0,0.0,0.025284665712736628,0.10910957078160166,0.16186717327511715,0.19144134222955134
crossing,100,400,4.0,0.1,0.7,74,dkw,1.0,1.0,1.0,0.0,0.0,0.0,0.0,0.02328321440535697,0.10910957078160166,0.1870495433905524,0.21925856813208355
crossing,100,400,4.0,0.1,0.7,75,cp,1.0,1.0,1.0,0.0,0.0,0.0,0.0,0.019772179162368234,0.09683427142838308,0.1813248563657374,0.20437318375751734
crossing,100,400,4.0,0.1,0.7,75,dkw,1.0,1.0,1.0,0.0,0.0,0.0,0.0,0.020050756775283972,0.08316548437573729,0.2054795194260045,0.22455185417555168
crossing,100,400,4.0,0.1,0.7,76,cp,1.0,1.0,1.0,0.0,0.0,0.0,0.0,0.017278422833836654,0.09683427142838308,0.17714355050603672,0.20600029813226783
crossing,100,400,4.0,0.1,0.7,76,dkw,1.0,1.0,1.0,0.0,0.0,0.0,0.0,0.016689442204799558,0.09683427142838308,0.20438930718109646,0.23069756489247872
crossing,100,400,4.0,0.1,0.7,77,cp,1.0,1.0,1.0,0.0,0.0,0.0,0.0,0.008801139052180185,0.05878190040811415,0.17966676336058238,0.1918632282000463
crossing,100,400,4.0,0.1,0.7,77,dkw,1.0,1.0,1.0,0.0,0.0,0.0,0.0,0.009807897273906496,0.05878190040811415,0.2194387115849109,0.2591111188065004
crossing,100,400,4.0,0.1,0.7,78,cp,1.0,1.0,1.0,0.0,0.0,0.0,0.0,0.01619840990263113,0.06948618691543856,0.1815875104523193,0.20279681544618255
crossing,100,400,4.0,0.1,0.7,78,dkw,1.0,1.0,1.0,0.0,0.0,0.0,0.0,0.02283176487150576,0.06948618691543856,0.2137341011560715,0.23354435854614214
crossing,100,400,4.0,0.1,0.7,79,cp,1.0,1.0,1.0,0.0,0.0,0.0,0.0,0.01046527478768675,0.06948618691543856,0.18406354750743933,0.20423241267777525
crossing,100,400,4.0,0.1,0.7,79,dkw,1.0,1.0,1.0,0.0,0.0,0.0,0.0,0.014002293141031493,0.08316548437573729,0.21283110561116503,0.23773059284005726
crossing,100,400,4.0,0.1,0.7,80,cp,1.0,1.0,1.0,0.0,0.0,0.0,0.0,0.0164007145254576,0.08316548437573729,0.18684604559714388,0.20814995205671766
crossing,100,400,4.0,0.1,0.7,80,dkw,1.0,1.0,1.0,0.0,0.0,0.0,0.0,0.014565770200434574,0.08316548437573729,0.2198646874084081,0.2366049697976222
crossing,100,400,4.0,0.1,0.7,81,cp,1.0,1.0,1.0,0.0,0.0,0.0,0.0,0.014203532017632324,0.08316548437573729,0.17093478588805305,0.197912563625396
crossing,100,400,4.0,0.1,0.7,81,dkw,1.0,1.0,1.0,0.0,0.0,0.0,0.0,0.014084266132349744,0.08316548437573729,0.19550867151088056,0.2130322232907662
crossing,100,400,4.0,0.1,0.7,82,cp,1.0,1.0,1.0,0.0,0.0,0.0,0.0,0.012233963209785306,0.08316548437573729,0.1831954140287987,0.20870041044074794
crossing,100,400,4.0,0.1,0.7,82,dkw,1.0,1.0,1.0,0.0,0.0,0.0,0.0,0.017578768822900378,0.09683427142838308,0.20992644833998825,0.23098040062252223
crossing,100,400,4.0,0.1,0.7,83,cp,1.0,1.0,1.0,0.0,0.0,0.0,0.0,0.01276655317457711,0.06948618691543856,0.19408880348578067,0.22442264347046198
crossing,100,400,4.0,0.1,0.7,83,dkw,1.0,1.0,1.0,0.0,0.0,0.0,0.0,0.009095815433551249,0.06948618691543856,0.21633244741110222,0.2344317527703514
crossing,100,400,4.0,0.1,0.7,84,cp,1.0,1.0,1.0,0.0,0.0,0.0,0.0,0.013401295667205335,0.06948618691543856,0.1891787430895142,0.21240845602010472
crossing,100,400,4.0,0.1,0.7,84,dkw,1.0,1.0,1.0,0.0,0.0,0.0,0.0,0.012247802317909583,0.06948618691543856,0.21208057082516782,0.23269021538881363
crossing,100,400,4.0,0.1,0.7,85,cp,1.0,1.0,1.0,0.0,0.0,0.0,0.0,0.01384709025202179,0.08316548437573729,0.1720201992772735,0.20736517039690305
crossing,100,400,4.0,0.1,0.7,85,dkw,1.0,1.0,1.0,0.0,0.0,0.0,0.0,0.012892645212360105,0.08316548437573729,0.1944766465805787,0.2220344825672711
crossing,100,400,4.0,0.1,0.7,86,cp,1.0,1.0,1.0,0.0,0.0,0.0,0.0,0.007964353797439965,0.05878190040811415,0.1892081463967002,0.22403204568117252
crossing,100,400,4.0,0.1,0.7,86,dkw,1.0,1.0,1.0,0.0,0.0,0.0,0.0,0.007964353797439965,0.05878190040811415,0.2130058217395512,0.23441798463844277
crossing,100,400,4.0,0.1,0.7,87,cp,1.0,1.0,1.0,0.0,0.0,0.0,0.0,0.021358896794465766,0.09683427142838308,0.17555314144515052,0.19941085779781542
crossing,100,400,4.0,0.1,0.7,87,dkw,1.0,1.0,1.0,0.0,0.0,0.0,0.0,0.016915797779864912,0.09683427142838308,0.2049054440059946,0.22506090388760325
crossing,100,400,4.0,0.1,0.7,88,cp,1.0,1.0,1.0,0.0,0.0,0.0,0.0,0.014150303363635123,0.08316548437573729,0.1880206202656796,0.2154313451716655
crossing,100,400,4.0,0.1,0.7,88,dkw,1.0,1.0,1.0,0.0,0.0,0.0,0.0,0.018091039748412502,0.08316548437573729,0.20721794571567367,0.2293448701501336
crossing,100,400,4.0,0.1,0.7,89,cp,1.0,1.0,1.0,0.0,0.0,0.0,0.0,0.004465446332879144,0.045523681005445404,0.18987015971860066,0.21579328333346792
crossing,100,400,4.0,0.1,0.7,89,dkw,1.0,1.0,1.0,0.0,0.0,0.0,0.0,0.008362746564627672,0.05878190040811415,0.21774043538004167,0.25599248505189925
crossing,100,400,4.0,0.1,0.7,90,cp,1.0,1.0,1.0,0.0,0.0,0.0,0.0,0.009214836094400927,0.06948618691543856,0.18385268870859162,0.21806848862274297
crossing,100,400,4.0,0.1,0.7,90,dkw,1.0,1.0,1.0,0.0,0.0,0.0,0.0,0.008503878549808459,0.06948618691543856,0.21546344890184127,0.2387279889088667
crossing,100,400,4.0,0.1,0.7,91,cp,1.0,1.0,1.0,0.0,0.0,0.0,0.0,0.011333345458492208,0.06948618691543856,0.17783575816871142,0.2098728909919727
crossing,100,400,4.0,0.1,0.7,91,dkw,1.0,1.0,1.0,0.0,0.0,0.0,0.0,0.011188327325566638,0.06948618691543856,0.206321343962062,0.22766229617511397
crossing,100,400,4.0,0.1,0.7,92,cp,1.0,1.0,1.0,0.0,0.0,0.0,0.0,0.026510597660381913,0.08004679670371673,0.19923914386006142,0.2288493220599903
crossing,100,400,4.0,0.1,0.7,92,dkw,1.0,1.0,1.0,0.0,0.0,0.0,0.0,0.030116786533526847,0.08004679670371673,0.21998212424493835,0.23494368222998352
crossing,100,400,4.0,0.1,0.7,93,cp,1.0,1.0,1.0,0.0,0.0,0.0,0.0,0.01958825772988536,0.09683427142838308,0.17346887927964372,0.196931504967442
crossing,100,400,4.0,0.1,0.7,93,dkw,1.0,1.0,1.0,0.0,0.0,0.0,0.0,0.018890288563531425,0.09683427142838308,0.20212274157862653,0.23483375331515344
crossing,100,400,4.0,0.1,0.7,94,cp,1.0,1.0,1.0,0.0,0.0,0.0,0.0,0.01586727915885818,0.05023943168811096,0.19667701060213222,0.2175260101315838
crossing,100,400,4.0,0.1,0.7,94,dkw,1.0,1.0,1.0,0.0,0.0,0.0,0.0,0.019397461493606417,0.08316548437573729,0.22991512563084232,0.26099663856968164
crossing,100,400,4.0,0.1,0.7,95,cp,1.0,1.0,1.0,0.0,0.0,0.0,0.0,0.00823228304360604,0.05878190040811415,0.1902190396505419,0.2166667145431045
crossing,100,400,4.0,0.1,0.7,95,dkw,1.0,1.0,1.0,0.0,0.0,0.0,0.0,0.011307337643550703,0.06948618691543856,0.22316981269641079,0.24678012749780043
crossing,100,400,4.0,0.1,0.7,96,cp,1.0,1.0,1.0,0.0,0.0,0.0,0.0,0.017435045571514363,0.08316548437573729,0.1819065511805989,0.21858009857306915
crossing,100,400,4.0,0.1,0.7,96,dkw,1.0,1.0,1.0,0.0,0.0,0.0,0.0,0.01232939079293277,0.06948618691543856,0.19869354255382332,0.22371054401579082
crossing,100,400,4.0,0.1,0.7,97,cp,1.0,1.0,1.0,0.0,0.0,0.0,0.0,0.02328321440535697,0.10910957078160166,0.15892257318607933,0.18132581148309734
crossing,100,400,4.0,0.1,0.7,97,dkw,1.0,1.0,1.0,0.0,0.0,0.0,0.0,0.02328321440535697,0.10910957078160166,0.1862064971026868,0.20874201323212593
crossing,100,400,4.0,0.1,0.7,98,cp,1.0,1.0,1.0,0.0,0.0,0.0,0.0,0.02541868505129717,0.05878190040811415,0.18525224245602653,0.2103519656196492
crossing,100,400,4.0,0.1,0.7,98,dkw,1.0,1.0,1.0,0.0,0.0,0.0,0.0,0.029437375532931118,0.08316548437573729,0.216729707374399,0.25082355870848055
crossing,100,400,4.0,0.1,0.7,99,cp,1.0,1.0,1.0,0.0,0.0,0.0,0.0,0.007964353797439965,0.05878190040811415,0.19077127711534314,0.22827816787651817
crossing,100,400,4.0,0.1,0.7,99,dkw,1.0,1.0,1.0,0.0,0.0,0.0,0.0,0.006931047601842088,0.05878190040811415,0.218622832545758,0.24580937568302502
crossing,100,400,4.0,0.1,0.7,100,cp,1.0,1.0,1.0,0.0,0.0,0.0,0.0,0.020538357830373895,0.09683427142838308,0.1493765665013236,0.17334046515160373
crossing,100,400,4.0,0.1,0.7,100,dkw,1.0,1.0,1.0,0.0,0.0,0.0,0.0,0.020538357830373895,0.09683427142838308,0.17199602892415022,0.18794129054859254
crossing,100,400,4.0,0.1,0.7,101,cp,1.0,1.0,1.0,0.0,0.0,0.0,0.0,0.008301223984212753,0.045523681005445404,0.18594102606175883,0.21063235484846987
crossing,100,400,4.0,0.1,0.7,101,dkw,1.0,1.0,1.0,0.0,0.0,0.0,0.0,0.013359110747092196,0.05878190040811415,0.21225872181688168,0.23228881023116632
crossing,100,400,4.0,0.1,0.7,102,cp,1.0,1.0,1.0,0.0,0.0,0.0,0.0,0.017720461109157114,0.09683427142838308,0.168000044740645,0.20422059134307236
crossing,100,400,4.0,0.1,0.7,102,dkw,1.0,1.0,1.0,0.0,0.0,0.0,0.0,0.01815428084162075,0.09683427142838308,0.1885440039895145,0.2119821236908711
crossing,100,400,4.0,0.1,0.7,103,cp,1.0,1.0,1.0,0.0,0.0,0.0,0.0,0.018097657664788873,0.06948618691543856,0.1820815656480374,0.2027446399521996
crossing,100,400,4.0,0.1,0.7,103,dkw,1.0,1.0,1.0,0.0,0.0,0.0,0.0,0.014084266132349744,0.08316548437573729,0.22002277875366252,0.2554288899985937
crossing,100,400,4.0,0.1,0.7,104,cp,1.0,1.0,1.0,0.0,0.0,0.0,0.0,0.00644055426052077,0.05878190040811415,0.18289901546844473,0.20528414027373648
crossing,100,400,4.0,0.1,0.7,104,dkw,1.0,1.0,1.0,0.0,0.0,0.0,0.0,0.010980782476904472,0.06948618691543856,0.2053285598985844,0.216679887732122
crossing,100,400,4.0,0.1,0.7,105,cp,1.0,1.0,1.0,0.0,0.0,0.0,0.0,0.012010218249302046,0.08316548437573729,0.18421810283703993,0.2166622183357374
crossing,100,400,4.0,0.1,0.7,105,dkw,1.0,1.0,1.0,0.0,0.0,0.0,0.0,0.011736005177535676,0.08316548437573729,0.20520162204420742,0.2258336917573604
crossing,100,400,4.0,0.1,0.7,106,cp,1.0,1.0,1.0,0.0,0.0,0.0,0.0,0.008959181308672966,0.045523681005445404,0.19238137324793725,0.2160494080557585
crossing,100,400,4.0,0.1,0.7,106,dkw,1.0,1.0,1.0,0.0,0.0,0.0,0.0,0.017035063665147492,0.09683427142838308,0.22785665965344448,0.2690333447792328
crossing,100,400,4.0,0.1,0.7,107,cp,1.0,1.0,1.0,0.0,0.0,0.0,0.0,0.02218101375500666,0.09683427142838308,0.17839478141816284,0.2021623002650646
crossing,100,400,4.0,0.1,0.7,107,dkw,1.0,1.0,1.0,0.0,0.0,0.0,0.0,0.01683382478854666,0.09683427142838308,0.20040513976472468,0.23018957639055748
crossing,100,400,4.0,0.1,0.7,108,cp,1.0,1.0,1.0,0.0,0.0,0.0,0.0,0.0024550027407258777,0.028545808724175337,0.19278623205806944,0.2259979440904577
crossing,100,400,4.0,0.1,0.7,108,dkw,1.0,1.0,1.0,0.0,0.0,0.0,0.0,0.0065902759906977205,0.05878190040811415,0.2324168735003378,0.2746415844818785
crossing,100,400,4.0,0.1,0.7,109,cp,1.0,1.0,1.0,0.0,0.0,0.0,0.0,0.017048187612223962,0.08316548437573729,0.17713372030526195,0.202695567047746
crossing,100,400,4.0,0.1,0.7,109,dkw,1.0,1.0,1.0,0.0,0.0,0.0,0.0,0.014586663770171322,0.08316548437573729,0.21397203393015993,0.23674955127144975
crossing,100,400,4.0,0.1,0.7,110,cp,1.0,1.0,1.0,0.0,0.0,0.0,0.0,0.03522370123525021,0.10910957078160166,0.1745286587027096,0.20827444547732243
crossing,100,400,4.0,0.1,0.7,110,dkw,1.0,1.0,1.0,0.0,0.0,0.0,0.0,0.026347817561460582,0.10910957078160166,0.20025045857872537,0.21960630562428674
crossing,100,400,4.0,0.1,0.7,111,cp,1.0,1.0,1.0,0.0,0.0,0.0,0.0,0.024589699041011947,0.10910957078160166,0.18410651353898314,0.22040380591909337
crossing,100,400,4.0,0.1,0.7,111,dkw,1.0,1.0,1.0,0.0,0.0,0.0,0.0,0.02689920746009513,0.10910957078160166,0.20167230648461662,0.22982210580942397
crossing,100,400,4.0,0.1,0.7,112,cp,1.0,1.0,1.0,0.0,0.0,0.0,0.0,0.004437176144034058,0.045523681005445404,0.18727777713860624,0.2077629380037016
crossing,100,400,4.0,0.1,0.7,112,dkw,1.0,1.0,1.0,0.0,0.0,0.0,0.0,0.013573909367290865,0.08316548437573729,0.22945457147198475,0.2740041600092766
crossing,100,400,4.0,0.1,0.7,113,cp,1.0,1.0,1.0,0.0,0.0,0.0,0.0,0.010520470876992299,0.06948618691543856,0.16835992713053616,0.20868421557099182
crossing,100,400,4.0,0.1,0.7,113,dkw,1.0,1.0,1.0,0.0,0.0,0.0,0.0,0.013202377385464014,0.08316548437573729,0.19776590136803396,0.23466140366540483
crossing,100,400,4.0,0.1,0.7,114,cp,1.0,1.0,1.0,0.0,0.0,0.0,0.0,0.009326037351412441,0.045523681005445404,0.19277486512112887,0.21621835690510538
crossing,100,400,4.0,0.1,0.7,114,dkw,1.0,1.0,1.0,0.0,0.0,0.0,0.0,0.008979799825789423,0.06948618691543856,0.23495643679144693,0.2762340333733439
crossing,100,400,4.0,0.1,0.7,115,cp,0.0,1.0,1.0,0.0,0.0,0.0,0.0,0.025123864712462946,0.12023074069810574,0.18405318069616353,0.2169477330992387
crossing,100,400,4.0,0.1,0.7,115,dkw,1.0,1.0,1.0,0.0,0.0,0.0,0.0,0.02152655335461042,0.10910957078160166,0.1990930729433919,0.22909919434031756
crossing,100,400,4.0,0.1,0.7,116,cp,1.0,1.0,1.0,0.0,0.0,0.0,0.0,0.016581651010548436,0.09683427142838308,0.16954416848282194,0.19925307273778048
crossing,100,400,4.0,0.1,0.7,116,dkw,1.0,1.0,1.0,0.0,0.0,0.0,0.0,0.016915797779864912,0.09683427142838308,0.1962644248793129,0.2096320053993297
crossing,100,400,4.0,0.1,0.7,117,cp,1.0,1.0,1.0,0.0,0.0,0.0,0.0,0.007741023400374756,0.05878190040811415,0.17582786496701547,0.21068142077998475
crossing,100,400,4.0,0.1,0.7,117,dkw,1.0,1.0,1.0,0.0,0.0,0.0,0.0,0.01347410647377199,0.08316548437573729,0.21172876454424214,0.25090293881300657
crossing,100,400,4.0,0.1,0.7,118,cp,1.0,1.0,1.0,0.0,0.0,0.0,0.0,0.00713228647844292,0.05878190040811415,0.1898525550142843,0.2243459652012959
crossing,100,400,4.0,0.1,0.7,118,dkw,1.0,1.0,1.0,0.0,0.0,0.0,0.0,0.00713228647844292,0.05878190040811415,0.2187306996638089,0.23916284685532652
crossing,100,400,4.0,0.1,0.7,119,cp,1.0,1.0,1.0,0.0,0.0,0.0,0.0,0.005665092385701658,0.045523681005445404,0.19006934467072958,0.2152820069998953
crossing,100,400,4.0,0.1,0.7,119,dkw,1.0,1.0,1.0,0.0,0.0,0.0,0.0,0.011106098766949872,0.06948618691543856,0.2275482242300962,0.2708502512843573
crossing,100,400,4.0,0.1,0.7,120,cp,1.0,1.0,1.0,0.0,0.0,0.0,0.0,0.0183680696903309,0.08316548437573729,0.18569934000701813,0.20869465773524243
crossing,100,400,4.0,0.1,0.7,120,dkw,1.0,1.0,1.0,0.0,0.0,0.0,0.0,0.02246447297612978,0.08316548437573729,0.20682500316847016,0.21972476542307146
crossing,100,400,4.0,0.1,0.7,121,cp,1.0,1.0,1.0,0.0,0.0,0.0,0.0,0.003116239398562557,0.028545808724175337,0.18612981309529933,0.21402081179236132
crossing,100,400,4.0,0.1,0.7,121,dkw,1.0,1.0,1.0,0.0,0.0,0.0,0.0,0.007405937128809565,0.05878190040811415,0.22539898959003313,0.2746415844818785
crossing,100,400,4.0,0.1,0.7,122,cp,1.0,1.0,1.0,0.0,0.0,0.0,0.0,0.006936360071082555,0.05878190040811415,0.18391891452015188,0.19958920990445211
crossing,100,400,4.0,0.1,0.7,122,dkw,1.0,1.0,1.0,0.0,0.0,0.0,0.0,0.012315591369821665,0.06948618691543856,0.22115576690875927,0.25422345995283074
crossing,100,400,4.0,0.1,0.7,123,cp,1.0,1.0,1.0,0.0,0.0,0.0,0.0,0.027530148571652764,0.08316548437573729,0.19428142420429986,0.2243396107024016
crossing,100,400,4.0,0.1,0.7,123,dkw,1.0,1.0,1.0,0.0,0.0,0.0,0.0,0.0342075274859253,0.09683427142838308,0.22088819607715582,0.2314148978745274
crossing,100,400,4.0,0.1,0.7,124,cp,1.0,1.0,1.0,0.0,0.0,0.0,0.0,0.011555837426444454,0.03594476042743022,0.20358081427868946,0.2195280057175243
crossing,100,400,4.0,0.1,0.7,124,dkw,1.0,1.0,1.0,0.0,0.0,0.0,0.0,0.01725559949189313,0.08316548437573729,0.2461086782591159,0.28961482731250726
crossing,100,400,4.0,0.1,0.7,125,cp,1.0,1.0,1.0,0.0,0.0,0.0,0.0,0.019849594297024674,0.09683427142838308,0.16764346966299026,0.18872476728166043
crossing,100,400,4.0,0.1,0.7,125,dkw,1.0,1.0,1.0,0.0,0.0,0.0,0.0,0.017721248071759656,0.09683427142838308,0.19620877339287707,0.2102275073475186
crossing,100,400,4.0,0.1,0.7,126,cp,1.0,1.0,1.0,0.0,0.0,0.0,0.0,0.017509567975062975,0.09683427142838308,0.17269123059724723,0.200285867655857
crossing,100,400,4.0,0.1,0.7,126,dkw,1.0,1.0,1.0,0.0,0.0,0.0,0.0,0.017035063665147492,0.09683427142838308,0.1948484780538187,0.2205758742215176
crossing,100,400,4.0,0.1,0.7,127,cp,1.0,1.0,1.0,0.0,0.0,0.0,0.0,0.006658051909399987,0.05878190040811415,0.18178652365004722,0.22017475891016947
crossing,100,400,4.0,0.1,0.7,127,dkw,1.0,1.0,1.0,0.0,0.0,0.0,0.0,0.006314704808689524,0.05878190040811415,0.2166302133939772,0.24149022133928638
crossing,100,400,4.0,0.1,0.7,128,cp,1.0,1.0,1.0,0.0,0.0,0.0,0.0,0.020963102604213676,0.09683427142838308,0.17950041772147568,0.204405716711887
crossing,100,400,4.0,0.1,0.7,128,dkw,1.0,1.0,1.0,0.0,0.0,0.0,0.0,0.02327083235074174,0.09683427142838308,0.20964007268744111,0.22978885202672616
crossing,100,400,4.0,0.1,0.7,129,cp,1.0,1.0,1.0,0.0,0.0,0.0,0.0,0.006931391437687915,0.045523681005445404,0.1823010791378368,0.21032528021441788
crossing,100,400,4.0,0.1,0.7,129,dkw,1.0,1.0,1.0,0.0,0.0,0.0,0.0,0.017035063665147492,0.09683427142838308,0.22324751884580496,0.26949958539876406
crossing,100,400,4.0,0.1,0.7,130,cp,1.0,1.0,1.0,0.0,0.0,0.0,0.0,0.010237325792768622,0.06948618691543856,0.18447631326749162,0.20192624529638714
crossing,100,400,4.0,0.1,0.7,130,dkw,1.0,1.0,1.0,0.0,0.0,0.0,0.0,0.017120079707648964,0.09683427142838308,0.21724320506773348,0.25149906184774296
crossing,100,400,4.0,0.1,0.7,131,cp,1.0,1.0,1.0,0.0,0.0,0.0,0.0,0.016873696236347584,0.09683427142838308,0.17525439819848343,0.19484645449309368
crossing,100,400,4.0,0.1,0.7,131,dkw,1.0,1.0,1.0,0.0,0.0,0.0,0.0,0.01744728022442619,0.09683427142838308,0.21094211229182622,0.2314148978745274
crossing,100,400,4.0,0.1,0.7,132,cp,1.0,1.0,1.0,0.0,0.0,0.0,0.0,0.018170510506094594,0.08316548437573729,0.17641642764447799,0.20462792450366996
crossing,100,400,4.0,0.1,0.7,132,dkw,1.0,1.0,1.0,0.0,0.0,0.0,0.0,0.015046736304844304,0.08316548437573729,0.20838933560499664,0.22386680393527275
crossing,100,400,4.0,0.1,0.7,133,cp,1.0,1.0,1.0,0.0,0.0,0.0,0.0,0.015454966939812213,0.08316548437573729,0.177282365504346,0.19650159729389793
crossing,100,400,4.0,0.1,0.7,133,dkw,1.0,1.0,1.0,0.0,0.0,0.0,0.0,0.017721248071759656,0.09683427142838308,0.20342799796303024,0.23249574756742353
crossing,100,400,4.0,0.1,0.7,134,cp,1.0,1.0,1.0,0.0,0.0,0.0,0.0,0.012076881396139329,0.08316548437573729,0.18227761631451997,0.2102877877555488
crossing,100,400,4.0,0.1,0.7,134,dkw,1.0,1.0,1.0,0.0,0.0,0.0,0.0,0.014565770200434574,0.08316548437573729,0.20479878262040452,0.22273747025113133
crossing,100,400,4.0,0.1,0.7,135,cp,1.0,1.0,1.0,0.0,0.0,0.0,0.0,0.009920089475484149,0.06948618691543856,0.18322301914223746,0.20075019844025999
crossing,100,400,4.0,0.1,0.7,135,dkw,1.0,1.0,1.0,0.0,0.0,0.0,0.0,0.0163436171319654,0.08316548437573729,0.2157830436454453,0.243167534631823
crossing,100,400,4.0,0.1,0.7,136,cp,1.0,1.0,1.0,0.0,0.0,0.0,0.0,0.015484369499703301,0.048052849722364455,0.2017124837359678,0.22111969905497786
crossing,100,400,4.0,0.1,0.7,136,dkw,1.0,1.0,1.0,0.0,0.0,0.0,0.0,0.022067735691594773,0.06718096450910327,0.22741095553368815,0.255526823781525
crossing,100,400,4.0,0.1,0.7,137,cp,1.0,1.0,1.0,0.0,0.0,0.0,0.0,0.0034760030197981194,0.028545808724175337,0.19371414475010781,0.22539137130537856
crossing,100,400,4.0,0.1,0.7,137,dkw,1.0,1.0,1.0,0.0,0.0,0.0,0.0,0.004645681287514405,0.045523681005445404,0.23037586198743948,0.2545068624829782
crossing,100,400,4.0,0.1,0.7,138,cp,1.0,1.0,1.0,0.0,0.0,0.0,0.0,0.010603663757355808,0.06948618691543856,0.1821078298433277,0.21282568840223182
crossing,100,400,4.0,0.1,0.7,138,dkw,1.0,1.0,1.0,0.0,0.0,0.0,0.0,0.01232939079293277,0.06948618691543856,0.20630177787930815,0.22663493071080815
crossing,100,400,4.0,0.1,0.7,139,cp,1.0,1.0,1.0,0.0,0.0,0.0,0.0,0.03522370123525021,0.10910957078160166,0.16507315863898117,0.2061824933493594
crossing,100,400,4.0,0.1,0.7,139,dkw,1.0,1.0,1.0,0.0,0.0,0.0,0.0,0.025399488463097853,0.10910957078160166,0.19123134419109777,0.22030526772982362
crossing,100,400,4.0,0.1,0.7,140,cp,1.0,1.0,1.0,0.0,0.0,0.0,0.0,0.014932718588338468,0.05878190040811415,0.1916839158701786,0.22104629146944083
crossing,100,400,4.0,0.1,0.7,140,dkw,1.0,1.0,1.0,0.0,0.0,0.0,0.0,0.014629332405351398,0.08316548437573729,0.22253562403496896,0.24722915264856
crossing,100,400,4.0,0.1,0.7,141,cp,1.0,1.0,1.0,0.0,0.0,0.0,0.0,0.018553508523238945,0.09683427142838308,0.16816538499652808,0.1972993892824026
crossing,100,400,4.0,0.1,0.7,141,dkw,1.0,1.0,1.0,0.0,0.0,0.0,0.0,0.017384468031467176,0.09683427142838308,0.1979748280861614,0.21018453086463407
crossing,100,400,4.0,0.1,0.7,142,cp,1.0,1.0,1.0,0.0,0.0,0.0,0.0,0.01770532008935293,0.09683427142838308,0.18056776628026636,0.20524967811333517
crossing,100,400,4.0,0.1,0.7,142,dkw,1.0,1.0,1.0,0.0,0.0,0.0,0.0,0.017120079707648964,0.09683427142838308,0.19986336584116718,0.22188569838776506
crossing,100,400,4.0,0.1,0.7,143,cp,0.0,1.0,1.0,0.0,0.0,0.0,0.0,0.02438051554485394,0.051949743544864035,0.19400615036880997,0.2100862372105592
crossing,100,400,4.0,0.1,0.7,143,dkw,0.0,1.0,1.0,0.0,0.0,0.0,0.0,0.03664378947206735,0.06948618691543856,0.2273701054005721,0.2592720998698667
crossing,100,400,4.0,0.1,0.7,144,cp,1.0,1.0,1.0,0.0,0.0,0.0,0.0,0.004133206895020767,0.028545808724175337,0.18755093873953296,0.21130593052444913
crossing,100,400,4.0,0.1,0.7,144,dkw,1.0,1.0,1.0,0.0,0.0,0.0,0.0,0.014042164588832416,0.08316548437573729,0.2315450481711381,0.2840478040008652
crossing,100,400,4.0,0.1,0.7,145,cp,1.0,1.0,1.0,0.0,0.0,0.0,0.0,0.008669856268967885,0.045523681005445404,0.18733585134306857,0.21273032022873573
crossing,100,400,4.0,0.1,0.7,145,dkw,1.0,1.0,1.0,0.0,0.0,0.0,0.0,0.011307337643550703,0.06948618691543856,0.2212045578922122,0.26178173911944275
crossing,100,400,4.0,0.1,0.7,146,cp,1.0,1.0,1.0,0.0,0.0,0.0,0.0,0.011625716906737875,0.06948618691543856,0.19012019022998536,0.22242986909165618
crossing,100,400,4.0,0.1,0.7,146,dkw,1.0,1.0,1.0,0.0,0.0,0.0,0.0,0.013228850961436323,0.06948618691543856,0.21342859247980617,0.22991476958332335
crossing,100,400,4.0,0.1,0.7,147,cp,1.0,1.0,1.0,0.0,0.0,0.0,0.0,0.009250927293505606,0.05878190040811415,0.18967418097483954,0.22361696914624696
crossing,100,400,4.0,0.1,0.7,147,dkw,1.0,1.0,1.0,0.0,0.0,0.0,0.0,0.016882985832226038,0.09683427142838308,0.22047214925938077,0.25739437173152635
crossing,100,400,4.0,0.1,0.7,148,cp,1.0,1.0,1.0,0.0,0.0,0.0,0.0,0.012613885368781592,0.06948618691543856,0.19646355605648552,0.22583657700870524
crossing,100,400,4.0,0.1,0.7,148,dkw,1.0,1.0,1.0,0.0,0.0,0.0,0.0,0.017220919117987822,0.08316548437573729,0.21614009716529747,0.23370188443241796
crossing,100,400,4.0,0.1,0.7,149,cp,1.0,1.0,1.0,0.0,0.0,0.0,0.0,0.024187247222739523,0.10910957078160166,0.17472526782389391,0.19616905487786962
crossing,100,400,4.0,0.1,0.7,149,dkw,1.0,1.0,1.0,0.0,0.0,0.0,0.0,0.023609173382635212,0.10910957078160166,0.2080233542390813,0.22810957933565534
crossing,100,400,4.0,0.1,0.7,150,cp,1.0,1.0,1.0,0.0,0.0,0.0,0.0,0.005545422305749354,0.028545808724175337,0.18523760315542723,0.21269708546670407
crossing,100,400,4.0,0.1,0.7,150,dkw,1.0,1.0,1.0,0.0,0.0,0.0,0.0,0.016873696236347584,0.09683427142838308,0.23187807208730285,0.28029860087482983
crossing,100,400,4.0,0.1,0.7,151,cp,1.0,1.0,1.0,0.0,0.0,0.0,0.0,0.015841295050929332,0.08316548437573729,0.170641374807809,0.20593386928882051
crossing,100,400,4.0,0.1,0.7,151,dkw,1.0,1.0,1.0,0.0,0.0,0.0,0.0,0.026894073568345406,0.12023074069810574,0.20476533362299323,0.2508174577249955
crossing,100,400,4.0,0.1,0.7,152,cp,1.0,1.0,1.0,0.0,0.0,0.0,0.0,0.010485793623080138,0.06948618691543856,0.18388914856273875,0.21068252999455572
crossing,100,400,4.0,0.1,0.7,152,dkw,1.0,1.0,1.0,0.0,0.0,0.0,0.0,0.010946198528435713,0.06948618691543856,0.21035707169979986,0.2277984379770261
crossing,100,400,4.0,0.1,0.7,153,cp,1.0,1.0,1.0,0.0,0.0,0.0,0.0,0.00938166077838362,0.06948618691543856,0.17801129656715722,0.2091613636050325
crossing,100,400,4.0,0.1,0.7,153,dkw,1.0,1.0,1.0,0.0,0.0,0.0,0.0,0.013042426922729588,0.08316548437573729,0.21411261596348283,0.24521803789784308
crossing,100,400,4.0,0.1,0.7,154,cp,0.0,0.0,1.0,0.0,0.0,0.0,0.0,0.006513033776474417,0.05878190040811415,0.18993265900758993,0.22238650282978367
crossing,100,400,4.0,0.1,0.7,154,dkw,0.0,0.0,1.0,0.0,0.0,0.0,0.0,0.012860806162157562,0.08316548437573729,0.22574931442007556,0.23996899136543237
crossing,100,400,4.0,0.1,0.7,155,cp,1.0,1.0,1.0,0.0,0.0,0.0,0.0,0.014572358929117193,0.06948618691543856,0.1679869401473382,0.19337058330371992
crossing,100,400,4.0,0.1,0.7,155,dkw,1.0,1.0,1.0,0.0,0.0,0.0,0.0,0.016058756916016256,0.08316548437573729,0.19840702796943965,0.24024583681167205
crossing,100,400,4.0,0.1,0.7,156,cp,1.0,1.0,1.0,0.0,0.0,0.0,0.0,0.014285926448040444,0.08316548437573729,0.18140255481863501,0.19886450267683398
crossing,100,400,4.0,0.1,0.7,156,dkw,1.0,1.0,1.0,0.0,0.0,0.0,0.0,0.01731765873245911,0.09683427142838308,0.20954687453038268,0.23892982924785855
crossing,100,400,4.0,0.1,0.7,157,cp,1.0,1.0,1.0,0.0,0.0,0.0,0.0,0.004431211909230566,0.045523681005445404,0.18498236912847196,0.21827164779476638
crossing,100,400,4.0,0.1,0.7,157,dkw,1.0,1.0,1.0,0.0,0.0,0.0,0.0,0.00973916371961492,0.06948618691543856,0.21498807607582293,0.24878098215788674
crossing,100,400,4.0,0.1,0.7,158,cp,1.0,1.0,1.0,0.0,0.0,0.0,0.0,0.008788784579747397,0.045523681005445404,0.19745508224917427,0.21944993531496837
crossing,100,400,4.0,0.1,0.7,158,dkw,1.0,1.0,1.0,0.0,0.0,0.0,0.0,0.018274468168277217,0.09683427142838308,0.24145619894344228,0.2743191180620632
crossing,100,400,4.0,0.1,0.7,159,cp,1.0,1.0,1.0,0.0,0.0,0.0,0.0,0.01232939079293277,0.06948618691543856,0.18904143778885063,0.22102765703559424
crossing,100,400,4.0,0.1,0.7,159,dkw,1.0,1.0,1.0,0.0,0.0,0.0,0.0,0.013228850961436323,0.06948618691543856,0.2093105747837959,0.22598054349883134
crossing,100,400,4.0,0.1,0.7,160,cp,1.0,1.0,1.0,0.0,0.0,0.0,0.0,0.008791935231549926,0.045523681005445404,0.19004091870904438,0.22160917507829364
crossing,100,400,4.0,0.1,0.7,160,dkw,1.0,1.0,1.0,0.0,0.0,0.0,0.0,0.008683598874272553,0.06948618691543856,0.22882108887668917,0.2592720998698667
crossing,100,400,4.0,0.1,0.7,161,cp,1.0,1.0,1.0,0.0,0.0,0.0,0.0,0.013610301819885158,0.045523681005445404,0.20075092104035658,0.2269701755739244
crossing,100,400,4.0,0.1,0.7,161,dkw,1.0,1.0,1.0,0.0,0.0,0.0,0.0,0.012349119289948538,0.045523681005445404,0.2231144025921814,0.2397165877968388
crossing,100,400,4.0,0.1,0.7,162,cp,1.0,1.0,1.0,0.0,0.0,0.0,0.0,0.017706826182858727,0.08316548437573729,0.15894239996603576,0.17939250147188912
crossing,100,400,4.0,0.1,0.7,162,dkw,1.0,1.0,1.0,0.0,0.0,0.0,0.0,0.014081229070611838,0.06948618691543856,0.1842697430401268,0.19625008247213516
crossing,100,400,4.0,0.1,0.7,163,cp,1.0,1.0,1.0,0.0,0.0,0.0,0.0,0.020961323931658553,0.09683427142838308,0.17899810759604018,0.21472686169235256
crossing,100,400,4.0,0.1,0.7,163,dkw,1.0,1.0,1.0,0.0,0.0,0.0,0.0,0.02327083235074174,0.09683427142838308,0.19653224347210943,0.2299228399010489
crossing,100,400,4.0,0.1,0.7,164,cp,1.0,1.0,1.0,0.0,0.0,0.0,0.0,0.016097817066635985,0.09683427142838308,0.17819854133815774,0.20061292334335046
crossing,100,400,4.0,0.1,0.7,164,dkw,1.0,1.0,1.0,0.0,0.0,0.0,0.0,0.02152655335461042,0.10910957078160166,0.20086351808018307,0.22341717379161885
crossing,100,400,4.0,0.1,0.7,165,cp,0.0,1.0,1.0,0.0,0.0,0.0,0.0,0.008218035737611862,0.05878190040811415,0.18930936091060682,0.21056739349514786
crossing,100,400,4.0,0.1,0.7,165,dkw,1.0,1.0,1.0,0.0,0.0,0.0,0.0,0.018227634039232107,0.08316548437573729,0.22129724433299025,0.25090293881300657
crossing,100,400,4.0,0.1,0.7,166,cp,1.0,1.0,1.0,0.0,0.0,0.0,0.0,0.02587888851817215,0.12023074069810574,0.1799265710688812,0.20281571941219656
crossing,100,400,4.0,0.1,0.7,166,dkw,1.0,1.0,1.0,0.0,0.0,0.0,0.0,0.026477527397180314,0.12023074069810574,0.21342205942058384,0.23329029177795307
crossing,100,400,4.0,0.1,0.7,167,cp,1.0,1.0,1.0,0.0,0.0,0.0,0.0,0.011570319980338887,0.045523681005445404,0.185657123291474,0.20984366883306216
crossing,100,400,4.0,0.1,0.7,167,dkw,1.0,1.0,1.0,0.0,0.0,0.0,0.0,0.01440094995671235,0.05878190040811415,0.22097286856244083,0.26226137477911105
crossing,100,400,4.0,0.1,0.7,168,cp,1.0,1.0,1.0,0.0,0.0,0.0,0.0,0.008023809639835075,0.045523681005445404,0.19759360064784082,0.22368656052683666
crossing,100,400,4.0,0.1,0.7,168,dkw,1.0,1.0,1.0,0.0,0.0,0.0,0.0,0.011538875478132912,0.045523681005445404,0.21870050930744583,0.23621201686005766
crossing,100,400,4.0,0.1,0.7,169,cp,1.0,1.0,1.0,0.0,0.0,0.0,0.0,0.02349776146609904,0.09683427142838308,0.18646103413808915,0.2253010194390308
crossing,100,400,4.0,0.1,0.7,169,dkw,1.0,1.0,1.0,0.0,0.0,0.0,0.0,0.02033037280044557,0.09683427142838308,0.2153733532306729,0.22693365001174592
crossing,100,400,4.0,0.1,0.7,170,cp,0.0,1.0,1.0,0.0,0.0,0.0,0.0,0.011813386812684982,0.045523681005445404,0.19957778159341913,0.2194673017036688
crossing,100,400,4.0,0.1,0.7,170,dkw,1.0,1.0,1.0,0.0,0.0,0.0,0.0,0.019611920423939413,0.08316548437573729,0.2336416855989852,0.2683308987091854
crossing,100,400,4.0,0.1,0.7,171,cp,1.0,1.0,1.0,0.0,0.0,0.0,0.0,0.006978162517473245,0.03594476042743022,0.19456089631693893,0.22129827145960135
crossing,100,400,4.0,0.1,0.7,171,dkw,1.0,1.0,1.0,0.0,0.0,0.0,0.0,0.00900339887638834,0.06948618691543856,0.2367405919054682,0.27878808893845386
crossing,100,400,4.0,0.1,0.7,172,cp,1.0,1.0,1.0,0.0,0.0,0.0,0.0,0.0037569632232159855,0.028545808724175337,0.18804158837970442,0.21064918217134132
crossing,100,400,4.0,0.1,0.7,172,dkw,1.0,1.0,1.0,0.0,0.0,0.0,0.0,0.010647161051880046,0.06948618691543856,0.22460758366735845,0.2708502512843573
crossing,100,400,4.0,0.1,0.7,173,cp,1.0,1.0,1.0,0.0,0.0,0.0,0.0,0.02328321440535697,0.10910957078160166,0.16027057228895442,0.19810753314251817
crossing,100,400,4.0,0.1,0.7,173,dkw,1.0,1.0,1.0,0.0,0.0,0.0,0.0,0.02624936070178763,0.12023074069810574,0.19731389075215233,0.23913436995397247
crossing,100,400,4.0,0.1,0.7,174,cp,1.0,1.0,1.0,0.0,0.0,0.0,0.0,0.012969523982795295,0.08316548437573729,0.18247415309409232,0.21568274508219604
crossing,100,400,4.0,0.1,0.7,174,dkw,1.0,1.0,1.0,0.0,0.0,0.0,0.0,0.015663997334172352,0.09683427142838308,0.20370565697847126,0.2230812922577593
crossing,100,400,4.0,0.1,0.7,175,cp,1.0,1.0,1.0,0.0,0.0,0.0,0.0,0.013855022070990214,0.08316548437573729,0.1754071679983075,0.20663379867807086
crossing,100,400,4.0,0.1,0.7,175,dkw,1.0,1.0,1.0,0.0,0.0,0.0,0.0,0.017165243751113626,0.09683427142838308,0.2063481579129352,0.24258764788743448
crossing,100,400,4.0,0.1,0.7,176,cp,1.0,1.0,1.0,0.0,0.0,0.0,0.0,0.0198947198227278,0.06948618691543856,0.18597327422535845,0.2227046218454587
crossing,100,400,4.0,0.1,0.7,176,dkw,1.0,1.0,1.0,0.0,0.0,0.0,0.0,0.01572222167763746,0.09683427142838308,0.21906503479167938,0.246783863356546
crossing,100,400,4.0,0.1,0.7,177,cp,1.0,1.0,1.0,0.0,0.0,0.0,0.0,0.013167793436995257,0.08316548437573729,0.178097535153229,0.21061900806092743
crossing,100,400,4.0,0.1,0.7,177,dkw,1.0,1.0,1.0,0.0,0.0,0.0,0.0,0.017278422833836654,0.09683427142838308,0.21264941170733592,0.23812000286096868
crossing,100,400,4.0,0.1,0.7,178,cp,1.0,1.0,1.0,0.0,0.0,0.0,0.0,0.024868006018536577,0.10910957078160166,0.1766029603674505,0.21057923749240093
crossing,100,400,4.0,0.1,0.7,178,dkw,1.0,1.0,1.0,0.0,0.0,0.0,0.0,0.01789817824525703,0.09683427142838308,0.19512103808372444,0.22818736088490743
crossing,100,400,4.0,0.1,0.7,179,cp,1.0,1.0,1.0,0.0,0.0,0.0,0.0,0.01294005615970383,0.05878190040811415,0.18506757463643603,0.21620032852465876
crossing,100,400,4.0,0.1,0.7,179,dkw,1.0,1.0,1.0,0.0,0.0,0.0,0.0,0.011648454433628552,0.06948618691543856,0.21396785481424238,0.22413842020331703
crossing,100,400,4.0,0.1,0.7,180,cp,1.0,1.0,1.0,0.0,0.0,0.0,0.0,0.011744494000983175,0.06948618691543856,0.17170433569810786,0.20538309685897027
crossing,100,400,4.0,0.1,0.7,180,dkw,1.0,1.0,1.0,0.0,0.0,0.0,0.0,0.011333345458492208,0.06948618691543856,0.19915625496221678,0.21395172212312552
crossing,100,400,4.0,0.1,0.7,181,cp,1.0,1.0,1.0,0.0,0.0,0.0,0.0,0.007566561425786627,0.05878190040811415,0.1833638761522186,0.2021525678226983
crossing,100,400,4.0,0.1,0.7,181,dkw,1.0,1.0,1.0,0.0,0.0,0.0,0.0,0.015642210744851157,0.08316548437573729,0.2120181714500598,0.24421095658039027
crossing,100,400,4.0,0.1,0.7,182,cp,1.0,1.0,1.0,0.0,0.0,0.0,0.0,0.025489083382107963,0.06829277268038769,0.20685349151647153,0.23347428868993325
crossing,100,400,4.0,0.1,0.7,182,dkw,1.0,1.0,1.0,0.0,0.0,0.0,0.0,0.027190081573878012,0.0616015165254985,0.23201933665928134,0.2514324891346885
crossing,100,400,4.0,0.1,0.7,183,cp,1.0,1.0,1.0,0.0,0.0,0.0,0.0,0.00984401784992765,0.06948618691543856,0.1858281090611519,0.22601658852331352
crossing,100,400,4.0,0.1,0.7,183,dkw,1.0,1.0,1.0,0.0,0.0,0.0,0.0,0.013009614975090712,0.08316548437573729,0.2093771321079522,0.2355115988582604
crossing,100,400,4.0,0.1,0.7,184,cp,1.0,1.0,1.0,0.0,0.0,0.0,0.0,0.008979799825789423,0.06948618691543856,0.18443379705783308,0.20490601280553777
crossing,100,400,4.0,0.1,0.7,184,dkw,1.0,1.0,1.0,0.0,0.0,0.0,0.0,0.014576046358747182,0.08316548437573729,0.20727540307071915,0.22201692144659796
crossing,100,400,4.0,0.1,0.7,185,cp,0.0,1.0,1.0,0.0,0.0,0.0,0.0,0.02350452870183233,0.05900359984060333,0.20199824102696456,0.23588792623978339
crossing,100,400,4.0,0.1,0.7,185,dkw,1.0,1.0,1.0,0.0,0.0,0.0,0.0,0.021568198794933532,0.05878190040811415,0.2311759739642035,0.2479578260671707
crossing,100,400,4.0,0.1,0.7,186,cp,1.0,1.0,1.0,0.0,0.0,0.0,0.0,0.018678099993133954,0.0721640750791146,0.18293562451822432,0.21362362133439206
crossing,100,400,4.0,0.1,0.7,186,dkw,1.0,1.0,1.0,0.0,0.0,0.0,0.0,0.01768957137632762,0.09683427142838308,0.21955988709322077,0.2649197296985959
crossing,100,400,4.0,0.1,0.7,187,cp,1.0,1.0,1.0,0.0,0.0,0.0,0.0,0.015500677077455718,0.05878190040811415,0.18624122874447707,0.22506289871094803
crossing,100,400,4.0,0.1,0.7,187,dkw,1.0,1.0,1.0,0.0,0.0,0.0,0.0,0.009406673473885803,0.06948618691543856,0.2156890947185274,0.23999734238628861
crossing,100,400,4.0,0.1,0.7,188,cp,1.0,1.0,1.0,0.0,0.0,0.0,0.0,0.013018468852424615,0.06948618691543856,0.1666231227325364,0.2057394866579868
crossing,100,400,4.0,0.1,0.7,188,dkw,1.0,1.0,1.0,0.0,0.0,0.0,0.0,0.017721248071759656,0.09683427142838308,0.19639936498750046,0.23654250241039143
crossing,100,400,4.0,0.1,0.7,189,cp,1.0,1.0,1.0,0.0,0.0,0.0,0.0,0.014565770200434574,0.08316548437573729,0.18484532980156781,0.20782601190907757
crossing,100,400,4.0,0.1,0.7,189,dkw,1.0,1.0,1.0,0.0,0.0,0.0,0.0,0.024848410224686802,0.09683427142838308,0.20752593078524206,0.22964874044047012
crossing,100,400,4.0,0.1,0.7,190,cp,1.0,1.0,1.0,0.0,0.0,0.0,0.0,0.004734921808481294,0.028545808724175337,0.19542707354734135,0.22033875456088836
crossing,100,400,4.0,0.1,0.7,190,dkw,1.0,1.0,1.0,0.0,0.0,0.0,0.0,0.0073244772292096584,0.05878190040811415,0.23005404555158876,0.27102007023617014
crossing,100,400,4.0,0.1,0.7,191,cp,1.0,1.0,1.0,0.0,0.0,0.0,0.0,0.009406673473885803,0.06948618691543856,0.18683926699543196,0.22115201576927412
crossing,100,400,4.0,0.1,0.7,191,dkw,1.0,1.0,1.0,0.0,0.0,0.0,0.0,0.009182997044198385,0.06948618691543856,0.21260547806412858,0.2295958492297761
crossing,100,400,4.0,0.1,0.7,192,cp,1.0,1.0,1.0,0.0,0.0,0.0,0.0,0.015995927369201253,0.08316548437573729,0.17094003264278843,0.20049491770946337
crossing,100,400,4.0,0.1,0.7,192,dkw,1.0,1.0,1.0,0.0,0.0,0.0,0.0,0.014586663770171322,0.08316548437573729,0.19094363091327587,0.2101015687244423
crossing,100,400,4.0,0.1,0.7,193,cp,1.0,1.0,1.0,0.0,0.0,0.0,0.0,0.006635551236170159,0.045523681005445404,0.19352652623303257,0.2102393382823593
crossing,100,400,4.0,0.1,0.7,193,dkw,0.0,1.0,1.0,0.0,0.0,0.0,0.0,0.01467946651602163,0.06948618691543856,0.22247140747972324,0.2579904094650045
crossing,100,400,4.0,0.1,0.7,194,cp,1.0,1.0,1.0,0.0,0.0,0.0,0.0,0.016664986973238573,0.08316548437573729,0.16195959133214052,0.19785528663276264
crossing,100,400,4.0,0.1,0.7,194,dkw,1.0,1.0,1.0,0.0,0.0,0.0,0.0,0.020538357830373895,0.09683427142838308,0.19062614364478678,0.2303750938107958
crossing,100,400,4.0,0.1,0.7,195,cp,1.0,1.0,1.0,0.0,0.0,0.0,0.0,0.012264317657301587,0.08316548437573729,0.1761178259083851,0.20164473941021555
crossing,100,400,4.0,0.1,0.7,195,dkw,1.0,1.0,1.0,0.0,0.0,0.0,0.0,0.01789817824525703,0.09683427142838308,0.21182281010421625,0.2343817209800969
crossing,100,400,4.0,0.1,0.7,196,cp,1.0,1.0,1.0,0.0,0.0,0.0,0.0,0.005095613971336759,0.045523681005445404,0.19255472678781804,0.21754868490242718
crossing,100,400,4.0,0.1,0.7,196,dkw,1.0,1.0,1.0,0.0,0.0,0.0,0.0,0.01123103546653596,0.06948618691543856,0.23065380606847527,0.27128229597086534
crossing,100,400,4.0,0.1,0.7,197,cp,1.0,1.0,1.0,0.0,0.0,0.0,0.0,0.026406988606607264,0.10910957078160166,0.1736799115086725,0.19438127474472178
crossing,100,400,4.0,0.1,0.7,197,dkw,1.0,1.0,1.0,0.0,0.0,0.0,0.0,0.02328321440535697,0.10910957078160166,0.20950471368547416,0.23360115014866367
crossing,100,400,4.0,0.1,0.7,198,cp,1.0,1.0,1.0,0.0,0.0,0.0,0.0,0.003433609496047865,0.045523681005445404,0.1948101401152197,0.21831134426744947
crossing,100,400,4.0,0.1,0.7,198,dkw,1.0,1.0,1.0,0.0,0.0,0.0,0.0,0.007255599043522869,0.05878190040811415,0.2325781094175933,0.2695140993505587
crossing,100,400,4.0,0.1,0.7,199,cp,1.0,1.0,1.0,0.0,0.0,0.0,0.0,0.021788884004293494,0.06948618691543856,0.19610627380663823,0.23018757120145672
crossing,100,400,4.0,0.1,0.7,199,dkw,1.0,1.0,1.0,0.0,0.0,0.0,0.0,0.021216434700055437,0.06948618691543856,0.21285669309030922,0.2332449481570611
crossing,100,400,4.0,0.1,0.7,200,cp,1.0,1.0,1.0,0.0,0.0,0.0,0.0,0.016298526278090492,0.08316548437573729,0.1756389248562158,0.1998508856718318
crossing,100,400,4.0,0.1,0.7,200,dkw,1.0,1.0,1.0,0.0,0.0,0.0,0.0,0.01731765873245911,0.09683427142838308,0.20532509032356813,0.23122062709231872
crossing,100,400,4.0,0.1,0.7,201,cp,1.0,1.0,1.0,0.0,0.0,0.0,0.0,0.02407310513682455,0.09683427142838308,0.1868116322094643,0.21571800653019935
crossing,100,400,4.0,0.1,0.7,201,dkw,1.0,1.0,1.0,0.0,0.0,0.0,0.0,0.020961323931658553,0.09683427142838308,0.20675539839467783,0.22678902105390053
crossing,100,400,4.0,0.1,0.7,202,cp,1.0,1.0,1.0,0.0,0.0,0.0,0.0,0.008284464405513224,0.03594476042743022,0.19746294508404538,0.22711109326230317
crossing,100,400,4.0,0.1,0.7,202,dkw,1.0,1.0,1.0,0.0,0.0,0.0,0.0,0.010557980736613237,0.06948618691543856,0.2315819962908013,0.2694503257123914
crossing,100,400,4.0,0.1,0.7,203,cp,1.0,1.0,1.0,0.0,0.0,0.0,0.0,0.005198365521435857,0.045523681005445404,0.19069767665711612,0.2195554161352795
crossing,100,400,4.0,0.1,0.7,203,dkw,1.0,1.0,1.0,0.0,0.0,0.0,0.0,0.0107940058449843,0.06948618691543856,0.2272820185949199,0.26178173911944275
crossing,100,400,4.0,0.1,0.7,204,cp,1.0,1.0,1.0,0.0,0.0,0.0,0.0,0.010318714859514203,0.05878190040811415,0.19451376327545458,0.22189185862796645
crossing,100,400,4.0,0.1,0.7,204,dkw,1.0,1.0,1.0,0.0,0.0,0.0,0.0,0.0077143394824306325,0.05878190040811415,0.22805634862513233,0.25309597070504725
crossing,100,400,4.0,0.1,0.7,205,cp,1.0,1.0,1.0,0.0,0.0,0.0,0.0,0.012708280153413111,0.08316548437573729,0.17542843101047306,0.20667510447902038
crossing,100,400,4.0,0.1,0.7,205,dkw,1.0,1.0,1.0,0.0,0.0,0.0,0.0,0.016915797779864912,0.09683427142838308,0.2019071553426126,0.21981379509860932
crossing,100,400,4.0,0.1,0.7,206,cp,1.0,1.0,1.0,0.0,0.0,0.0,0.0,0.007503058107215024,0.05878190040811415,0.18602712257411308,0.20807834922882396
crossing,100,400,4.0,0.1,0.7,206,dkw,1.0,1.0,1.0,0.0,0.0,0.0,0.0,0.011744494000983175,0.06948618691543856,0.21962348294383752,0.2577820856070774
crossing,100,400,4.0,0.1,0.7,207,cp,1.0,1.0,1.0,0.0,0.0,0.0,0.0,0.011189121476295609,0.05878190040811415,0.16750357512594383,0.20268829199930438
crossing,100,400,4.0,0.1,0.7,207,dkw,1.0,1.0,1.0,0.0,0.0,0.0,0.0,0.018707948841789786,0.08316548437573729,0.1962037843998575,0.24673573767045232
crossing,100,400,4.0,0.1,0.7,208,cp,1.0,1.0,1.0,0.0,0.0,0.0,0.0,0.010102662073256854,0.06948618691543856,0.18812612833286085,0.20959429797375007
crossing,100,400,4.0,0.1,0.7,208,dkw,1.0,1.0,1.0,0.0,0.0,0.0,0.0,0.0163448849439181,0.08316548437573729,0.20864519321009575,0.2293025440606568
crossing,100,400,4.0,0.1,0.7,209,cp,0.0,0.0,1.0,0.0,0.0,0.0,0.0,0.017008240913935723,0.08316548437573729,0.19032385544073857,0.2236057303668455
crossing,100,400,4.0,0.1,0.7,209,dkw,1.0,1.0,1.0,0.0,0.0,0.0,0.0,0.01989318335127231,0.08316548437573729,0.21095679209451973,0.22818736088490743
crossing,100,400,4.0,0.1,0.7,210,cp,0.0,1.0,1.0,0.0,0.0,0.0,0.0,0.0071732942576900795,0.045523681005445404,0.19422753069441087,0.22759143716114916
crossing,100,400,4.0,0.1,0.7,210,dkw,0.0,1.0,1.0,0.0,0.0,0.0,0.0,0.008648952719226033,0.045523681005445404,0.2339163234208594,0.2723072254762318
crossing,100,400,4.0,0.1,0.7,211,cp,1.0,1.0,1.0,0.0,0.0,0.0,0.0,0.028874933743089207,0.10910957078160166,0.17653005050047768,0.21639533895204832
crossing,100,400,4.0,0.1,0.7,211,dkw,1.0,1.0,1.0,0.0,0.0,0.0,0.0,0.025833659868964753,0.12023074069810574,0.20038079269062725,0.22027268893153007
crossing,100,400,4.0,0.1,0.7,212,cp,1.0,1.0,1.0,0.0,0.0,0.0,0.0,0.010296839704359137,0.045523681005445404,0.1959774802509115,0.22053224616962352
crossing,100,400,4.0,0.1,0.7,212,dkw,1.0,1.0,1.0,0.0,0.0,0.0,0.0,0.012207636188382071,0.05878190040811415,0.22194069321666793,0.24444265252310216
crossing,100,400,4.0,0.1,0.7,213,cp,0.0,1.0,1.0,0.0,0.0,0.0,0.0,0.016934231753378506,0.045523681005445404,0.19032209499068492,0.20990417745622636
crossing,100,400,4.0,0.1,0.7,213,dkw,1.0,1.0,1.0,0.0,0.0,0.0,0.0,0.020039571981115202,0.09683427142838308,0.22891553962135228,0.266090377521103
crossing,100,400,4.0,0.1,0.7,214,cp,1.0,1.0,1.0,0.0,0.0,0.0,0.0,0.01716245979367322,0.06948618691543856,0.17458313948880938,0.19576452769548658
crossing,100,400,4.0,0.1,0.7,214,dkw,1.0,1.0,1.0,0.0,0.0,0.0,0.0,0.012226004172227906,0.06948618691543856,0.20037560023192139,0.218909674368441
crossing,100,400,4.0,0.1,0.7,215,cp,1.0,1.0,1.0,0.0,0.0,0.0,0.0,0.007898421340243307,0.046798167022313875,0.19494793195665758,0.2183534679365997
crossing,100,400,4.0,0.1,0.7,215,dkw,1.0,1.0,1.0,0.0,0.0,0.0,0.0,0.024335538518684155,0.05878190040811415,0.23639123124255154,0.2852760648484062
crossing,100,400,4.0,0.1,0.7,216,cp,1.0,1.0,1.0,0.0,0.0,0.0,0.0,0.01731765873245911,0.09683427142838308,0.16811809072651074,0.19262475652302347
crossing,100,400,4.0,0.1,0.7,216,dkw,1.0,1.0,1.0,0.0,0.0,0.0,0.0,0.014002293141031493,0.08316548437573729,0.1953691218801948,0.20969042978190267
crossing,100,400,4.0,0.1,0.7,217,cp,1.0,1.0,1.0,0.0,0.0,0.0,0.0,0.023044149673914428,0.10910957078160166,0.17549682456899707,0.20866776872479476
crossing,100,400,4.0,0.1,0.7,217,dkw,1.0,1.0,1.0,0.0,0.0,0.0,0.0,0.021164982849228253,0.10910957078160166,0.20453039541813187,0.23646812593736422
crossing,100,400,4.0,0.1,0.7,218,cp,1.0,1.0,1.0,0.0,0.0,0.0,0.0,0.023875402113706697,0.10910957078160166,0.17802747947519013,0.19971934222725019
crossing,100,400,4.0,0.1,0.7,218,dkw,1.0,1.0,1.0,0.0,0.0,0.0,0.0,0.017721248071759656,0.09683427142838308,0.20388283854058264,0.23001827961279464
crossing,100,400,4.0,0.1,0.7,219,cp,1.0,1.0,1.0,0.0,0.0,0.0,0.0,0.00689965127718104,0.045523681005445404,0.19203688849476422,0.22398081739015585
crossing,100,400,4.0,0.1,0.7,219,dkw,1.0,1.0,1.0,0.0,0.0,0.0,0.0,0.011422699436302254,0.06948618691543856,0.2272612805717834,0.27035641757842144
crossing,100,400,4.0,0.1,0.7,220,cp,1.0,1.0,1.0,0.0,0.0,0.0,0.0,0.036072621747456804,0.12023074069810574,0.17098256151156818,0.20410146368950283
crossing,100,400,4.0,0.1,0.7,220,dkw,1.0,1.0,1.0,0.0,0.0,0.0,0.0,0.027275305461734352,0.12023074069810574,0.20065468314886156,0.22474824636815643
crossing,100,400,4.0,0.1,0.7,221,cp,1.0,1.0,1.0,0.0,0.0,0.0,0.0,0.008170223916286306,0.045523681005445404,0.19182081354852168,0.21440972985465667
crossing,100,400,4.0,0.1,0.7,221,dkw,1.0,1.0,1.0,0.0,0.0,0.0,0.0,0.01427340022498837,0.05878190040811415,0.22274297649514094,0.26226137477911105
crossing,100,400,4.0,0.1,0.7,222,cp,1.0,1.0,1.0,0.0,0.0,0.0,0.0,0.005912111727753459,0.045523681005445404,0.1927733426256008,0.22517750023949556
crossing,100,400,4.0,0.1,0.7,222,dkw,1.0,1.0,1.0,0.0,0.0,0.0,0.0,0.0059830304366668766,0.045523681005445404,0.2186971296145971,0.23862481653331602
crossing,100,400,4.0,0.1,0.7,223,cp,1.0,1.0,1.0,0.0,0.0,0.0,0.0,0.015995927369201253,0.08316548437573729,0.17055817444283658,0.19489860483501348
crossing,100,400,4.0,0.1,0.7,223,dkw,1.0,1.0,1.0,0.0,0.0,0.0,0.0,0.014923443810463798,0.08316548437573729,0.20335353119063357,0.22887800379988726
crossing,100,400,4.0,0.1,0.7,224,cp,1.0,1.0,1.0,0.0,0.0,0.0,0.0,0.016939153951779737,0.09683427142838308,0.17782921591930745,0.2098310632621898
crossing,100,400,4.0,0.1,0.7,224,dkw,1.0,1.0,1.0,0.0,0.0,0.0,0.0,0.01586523621077318,0.09683427142838308,0.2017853677810115,0.2243606697747369
crossing,100,400,4.0,0.1,0.7,225,cp,1.0,1.0,1.0,0.0,0.0,0.0,0.0,0.02503884866996148,0.12023074069810574,0.16931966793090936,0.19627811070672885
crossing,100,400,4.0,0.1,0.7,225,dkw,1.0,1.0,1.0,0.0,0.0,0.0,0.0,0.020544172889218303,0.10910957078160166,0.19404466300554046,0.21073721232582365
crossing,100,400,4.0,0.1,0.7,226,cp,1.0,1.0,1.0,0.0,0.0,0.0,0.0,0.009788644066924692,0.045523681005445404,0.1957334453603357,0.22017387743277622
crossing,100,400,4.0,0.1,0.7,226,dkw,1.0,1.0,1.0,0.0,0.0,0.0,0.0,0.014764420373383012,0.06948618691543856,0.23055468261501497,0.26259214567279837
crossing,100,400,4.0,0.1,0.7,227,cp,1.0,1.0,1.0,0.0,0.0,0.0,0.0,0.024225845081161566,0.08316548437573729,0.17988899795988136,0.19864143212311236
crossing,100,400,4.0,0.1,0.7,227,dkw,1.0,1.0,1.0,0.0,0.0,0.0,0.0,0.017035063665147492,0.09683427142838308,0.21210421456214582,0.23892982924785855
crossing,100,400,4.0,0.1,0.7,228,cp,1.0,1.0,1.0,0.0,0.0,0.0,0.0,0.01676105614685609,0.08316548437573729,0.18098864574975923,0.20375468258984591
crossing,100,400,4.0,0.1,0.7,228,dkw,1.0,1.0,1.0,0.0,0.0,0.0,0.0,0.020748454817002354,0.10910957078160166,0.2172175303326458,0.2492718728745511
crossing,100,400,4.0,0.1,0.7,229,cp,1.0,1.0,1.0,0.0,0.0,0.0,0.0,0.006658051909399987,0.05878190040811415,0.18274536319119988,0.21927049173919655
crossing,100,400,4.0,0.1,0.7,229,dkw,1.0,1.0,1.0,0.0,0.0,0.0,0.0,0.006658051909399987,0.05878190040811415,0.2091139645793528,0.2354386300900687
crossing,100,400,4.0,0.1,0.7,230,cp,1.0,1.0,1.0,0.0,0.0,0.0,0.0,0.004682571480515492,0.045523681005445404,0.1854830089921623,0.2216468575302294
crossing,100,400,4.0,0.1,0.7,230,dkw,1.0,1.0,1.0,0.0,0.0,0.0,0.0,0.004682571480515492,0.045523681005445404,0.21133651891217442,0.23757532868787534
crossing,100,400,4.0,0.1,0.7,231,cp,1.0,1.0,1.0,0.0,0.0,0.0,0.0,0.008645133044562457,0.05878190040811415,0.1858695190866739,0.20239372851577087
crossing,100,400,4.0,0.1,0.7,231,dkw,1.0,1.0,1.0,0.0,0.0,0.0,0.0,0.014084266132349744,0.08316548437573729,0.21117762853827549,0.24088847898596644
crossing,100,400,4.0,0.1,0.7,232,cp,1.0,1.0,1.0,0.0,0.0,0.0,0.0,0.009362770647973511,0.045523681005445404,0.19116566144681374,0.21637795125843345
crossing,100,400,4.0,0.1,0.7,232,dkw,1.0,1.0,1.0,0.0,0.0,0.0,0.0,0.012425685086101495,0.08316548437573729,0.2288921342842599,0.27033585412162164
crossing,100,400,4.0,0.1,0.7,233,cp,1.0,1.0,1.0,0.0,0.0,0.0,0.0,0.006816629187233176,0.05878190040811415,0.19243206795139287,0.2138259898712126
crossing,100,400,4.0,0.1,0.7,233,dkw,1.0,1.0,1.0,0.0,0.0,0.0,0.0,0.015064087100992102,0.06948618691543856,0.22623092675019035,0.24735852891231597
crossing,100,400,4.0,0.1,0.7,234,cp,1.0,1.0,1.0,0.0,0.0,0.0,0.0,0.018144975836861064,0.045523681005445404,0.20547861974617818,0.23031582948206764
crossing,100,400,4.0,0.1,0.7,234,dkw,1.0,1.0,1.0,0.0,0.0,0.0,0.0,0.018344319757294364,0.05878190040811415,0.23365745880999378,0.25579926991696
crossing,100,400,4.0,0.1,0.7,235,cp,1.0,1.0,1.0,0.0,0.0,0.0,0.0,0.0066949421024010735,0.05878190040811415,0.18635985357086202,0.22324106193989568
crossing,100,400,4.0,0.1,0.7,235,dkw,1.0,1.0,1.0,0.0,0.0,0.0,0.0,0.006616283805639225,0.05878190040811415,0.21401750551222523,0.23962359859342314
crossing,100,400,4.0,0.1,0.7,236,cp,1.0,1.0,1.0,0.0,0.0,0.0,0.0,0.0035653071781543088,0.045523681005445404,0.18925576027816018,0.21600817109574144
crossing,100,400,4.0,0.1,0.7,236,dkw,1.0,1.0,1.0,0.0,0.0,0.0,0.0,0.009511282270350698,0.06948618691543856,0.230017356686593,0.2708502512843573
crossing,100,400,4.0,0.1,0.7,237,cp,1.0,1.0,1.0,0.0,0.0,0.0,0.0,0.028977657088133095,0.06948618691543856,0.17872963732237138,0.22119430641087812
crossing,100,400,4.0,0.1,0.7,237,dkw,1.0,1.0,1.0,0.0,0.0,0.0,0.0,0.026464508700188544,0.09683427142838308,0.2211732538697581,0.2521032938580379
crossing,100,400,4.0,0.1,0.7,238,cp,1.0,1.0,1.0,0.0,0.0,0.0,0.0,0.007610616876977443,0.045523681005445404,0.19626815760967134,0.22175860911881784
crossing,100,400,4.0,0.1,0.7,238,dkw,1.0,1.0,1.0,0.0,0.0,0.0,0.0,0.009668233772248142,0.05878190040811415,0.22172053835495464,0.2514487005329088
crossing,100,400,4.0,0.1,0.7,239,cp,1.0,1.0,1.0,0.0,0.0,0.0,0.0,0.033245871840174364,0.12023074069810574,0.17438437841506668,0.2038368631803702
crossing,100,400,4.0,0.1,0.7,239,dkw,1.0,1.0,1.0,0.0,0.0,0.0,0.0,0.020748454817002354,0.10910957078160166,0.20106731688341536,0.22378354125269684
crossing,100,400,4.0,0.1,0.7,240,cp,1.0,1.0,1.0,0.0,0.0,0.0,0.0,0.006957730001293307,0.045523681005445404,0.18600227894375507,0.21558796949001724
crossing,100,400,4.0,0.1,0.7,240,dkw,1.0,1.0,1.0,0.0,0.0,0.0,0.0,0.016394377407687642,0.09683427142838308,0.2218778664215108,0.2654417051302794
crossing,100,400,4.0,0.1,0.7,241,cp,1.0,1.0,1.0,0.0,0.0,0.0,0.0,0.012627447966651946,0.06948618691543856,0.19065285333815443,0.2090304875520272
crossing,100,400,4.0,0.1,0.7,241,dkw,1.0,1.0,1.0,0.0,0.0,0.0,0.0,0.022266969756571577,0.09683427142838308,0.2136159053031202,0.24140699629487583
crossing,100,400,4.0,0.1,0.7,242,cp,1.0,1.0,1.0,0.0,0.0,0.0,0.0,0.01162765275105875,0.06948618691543856,0.184850755215632,0.21056929283066422
crossing,100,400,4.0,0.1,0.7,242,dkw,1.0,1.0,1.0,0.0,0.0,0.0,0.0,0.009715807547700097,0.06948618691543856,0.21060599513776637,0.2326204257948306
crossing,100,400,4.0,0.1,0.7,243,cp,1.0,1.0,1.0,0.0,0.0,0.0,0.0,0.005613077781115399,0.045523681005445404,0.19720059057492112,0.22701039839657244
crossing,100,400,4.0,0.1,0.7,243,dkw,1.0,1.0,1.0,0.0,0.0,0.0,0.0,0.007964353797439965,0.05878190040811415,0.23319784010436137,0.267650202426282
crossing,100,400,4.0,0.1,0.7,244,cp,1.0,1.0,1.0,0.0,0.0,0.0,0.0,0.004906151335647766,0.045523681005445404,0.1850399229422049,0.22229043723515335
crossing,100,400,4.0,0.1,0.7,244,dkw,1.0,1.0,1.0,0.0,0.0,0.0,0.0,0.009224765147959146,0.06948618691543856,0.22536429119906784,0.26834354766653723
crossing,100,400,4.0,0.1,0.7,245,cp,1.0,1.0,1.0,0.0,0.0,0.0,0.0,0.009285007386549228,0.06948618691543856,0.18544390489009033,0.21455996144753586
crossing,100,400,4.0,0.1,0.7,245,dkw,1.0,1.0,1.0,0.0,0.0,0.0,0.0,0.01607664697953624,0.08316548437573729,0.21329053508465662,0.23439792323444314
crossing,100,400,4.0,0.1,0.7,246,cp,1.0,1.0,1.0,0.0,0.0,0.0,0.0,0.02244059205001595,0.06948618691543856,0.1837680949827984,0.21971399762799648
crossing,100,400,4.0,0.1,0.7,246,dkw,1.0,1.0,1.0,0.0,0.0,0.0,0.0,0.015761483707018256,0.08316548437573729,0.21213085939548446,0.2255650824846318
crossing,100,400,4.0,0.1,0.7,247,cp,1.0,1.0,1.0,0.0,0.0,0.0,0.0,0.012450697781603676,0.08316548437573729,0.18560926688489407,0.22218575809025076
crossing,100,400,4.0,0.1,0.7,247,dkw,1.0,1.0,1.0,0.0,0.0,0.0,0.0,0.015722555117394024,0.09683427142838308,0.20693920117977932,0.23538215558312592
crossing,100,400,4.0,0.1,0.7,248,cp,1.0,1.0,1.0,0.0,0.0,0.0,0.0,0.011038791230111446,0.06948618691543856,0.17828436188872562,0.21260277743647216
crossing,100,400,4.0,0.1,0.7,248,dkw,1.0,1.0,1.0,0.0,0.0,0.0,0.0,0.0161478312780848,0.09683427142838308,0.20510008483484177,0.24252390135606022
crossing,100,400,4.0,0.1,0.7,249,cp,1.0,1.0,1.0,0.0,0.0,0.0,0.0,0.016332744396452763,0.05878190040811415,0.1940273296323104,0.22799616036822268
crossing,100,400,4.0,0.1,0.7,249,dkw,1.0,1.0,1.0,0.0,0.0,0.0,0.0,0.006970919049643012,0.05878190040811415,0.23020634040172616,0.24400146273879098
atoms,100,400,4.0,0.01,0.7,0,cp,1.0,1.0,1.0,0.0,0.0,0.0,0.0,0.01889977751689994,0.0638909229069965,0.23724105534196005,0.27075563247009204
atoms,100,400,4.0,0.01,0.7,0,dkw,1.0,1.0,1.0,0.0,0.0,0.0,0.0,0.025716526562514642,0.10043489373997505,0.3005351819223525,0.33375091124930234
atoms,100,400,4.0,0.01,0.7,1,cp,1.0,1.0,1.0,0.0,0.0,0.0,0.0,0.03337837647040467,0.10784820255874888,0.1972568209508857,0.24978655521758064
atoms,100,400,4.0,0.01,0.7,1,dkw,1.0,1.0,1.0,0.0,0.0,0.0,0.0,0.02964004521147226,0.10784820255874888,0.22366398166320345,0.27193141628422396
atoms,100,400,4.0,0.01,0.7,2,cp,1.0,1.0,1.0,0.0,0.0,0.0,0.0,0.020262679358693657,0.05921743213877939,0.22717295491916015,0.266936754838054
atoms,100,400,4.0,0.01,0.7,2,dkw,1.0,1.0,1.0,0.0,0.0,0.0,0.0,0.027379563882087062,0.10784820255874888,0.2787175763402822,0.3222270001398514
atoms,100,400,4.0,0.01,0.7,3,cp,1.0,1.0,1.0,0.0,0.0,0.0,0.0,0.04912314037827501,0.13985112650582393,0.20150913787301708,0.2473103891813071
atoms,100,400,4.0,0.01,0.7,3,dkw,1.0,1.0,1.0,0.0,0.0,0.0,0.0,0.05037580290889492,0.15455945414032607,0.25185836595804323,0.2885589405203471
atoms,100,400,4.0,0.01,0.7,4,cp,1.0,1.0,1.0,0.0,0.0,0.0,0.0,0.0033524904215045327,0.043685889989790117,0.2379884165429969,0.26048430657195965
atoms,100,400,4.0,0.01,0.7,4,dkw,1.0,1.0,1.0,0.0,0.0,0.0,0.0,0.01239134676632507,0.08292611746763873,0.28355547658846875,0.32951762793195133
atoms,100,400,4.0,0.01,0.7,5,cp,1.0,1.0,1.0,0.0,0.0,0.0,0.0,0.021771022870488377,0.10043489373997505,0.22001101534583978,0.2580226703456985
atoms,100,400,4.0,0.01,0.7,5,dkw,1.0,1.0,1.0,0.0,0.0,0.0,0.0,0.019214194995806594,0.10043489373997505,0.25038229858918803,0.28085626991130963
atoms,100,400,4.0,0.01,0.7,6,cp,1.0,1.0,1.0,0.0,0.0,0.0,0.0,0.021771022870488377,0.10043489373997505,0.2232902388329683,0.2592663798468946
atoms,100,400,4.0,0.01,0.7,6,dkw,1.0,1.0,1.0,0.0,0.0,0.0,0.0,0.019000628275725014,0.10043489373997505,0.26555368997188195,0.28188584035272024
atoms,100,400,4.0,0.01,0.7,7,cp,1.0,1.0,1.0,0.0,0.0,0.0,0.0,0.016166361495874252,0.07206629246818791,0.2297745497616592,0.2584920023705454
atoms,100,400,4.0,0.01,0.7,7,dkw,1.0,1.0,1.0,0.0,0.0,0.0,0.0,0.02660103260047703,0.10043489373997505,0.2735857303932578,0.3080283007071899
atoms,100,400,4.0,0.01,0.7,8,cp,1.0,1.0,1.0,0.0,0.0,0.0,0.0,0.03444617712684266,0.12431731341754021,0.2198163583104941,0.2650341674892107
atoms,100,400,4.0,0.01,0.7,8,dkw,1.0,1.0,1.0,0.0,0.0,0.0,0.0,0.03803807726334124,0.12431731341754021,0.2514190947056536,0.28315035540726236
atoms,100,400,4.0,0.01,0.7,9,cp,1.0,1.0,1.0,0.0,0.0,0.0,0.0,0.014348288474337792,0.07206629246818791,0.23225463810160676,0.2600317951569855
atoms,100,400,4.0,0.01,0.7,9,dkw,1.0,1.0,1.0,0.0,0.0,0.0,0.0,0.02857254684830198,0.10043489373997505,0.2702626542209095,0.3060047496534739
atoms,100,400,4.0,0.01,0.7,10,cp,1.0,1.0,1.0,0.0,0.0,0.0,0.0,0.03388621435728317,0.12431731341754021,0.19856734461575773,0.2552138629078285
atoms,100,400,4.0,0.01,0.7,10,dkw,1.0,1.0,1.0,0.0,0.0,0.0,0.0,0.028640565998066466,0.12431731341754021,0.22555774035041423,0.27415154657140284
atoms,100,400,4.0,0.01,0.7,11,cp,1.0,1.0,1.0,0.0,0.0,0.0,0.0,0.03845578302753453,0.12431731341754021,0.2125833348419806,0.2506972657542829
atoms,100,400,4.0,0.01,0.7,11,dkw,1.0,1.0,1.0,0.0,0.0,0.0,0.0,0.030005327327231095,0.12431731341754021,0.24943060047273896,0.2814536664577624
atoms,100,400,4.0,0.01,0.7,12,cp,1.0,1.0,1.0,0.0,0.0,0.0,0.0,0.024225787518288366,0.10784820255874888,0.21985674456959153,0.25901022816560226
atoms,100,400,4.0,0.01,0.7,12,dkw,1.0,1.0,1.0,0.0,0.0,0.0,0.0,0.02400868530433861,0.10784820255874888,0.2536547741304949,0.28098028546808285
atoms,100,400,4.0,0.01,0.7,13,cp,1.0,1.0,1.0,0.0,0.0,0.0,0.0,0.028789266167387008,0.10043489373997505,0.21353869573173948,0.25264661881120454
atoms,100,400,4.0,0.01,0.7,13,dkw,1.0,1.0,1.0,0.0,0.0,0.0,0.0,0.02608495097283833,0.10784820255874888,0.25172923560263993,0.28760565502082197
atoms,100,400,4.0,0.01,0.7,14,cp,1.0,1.0,1.0,0.0,0.0,0.0,0.0,0.019353945359014902,0.10043489373997505,0.22061110052802071,0.2623810356835349
atoms,100,400,4.0,0.01,0.7,14,dkw,1.0,1.0,1.0,0.0,0.0,0.0,0.0,0.01969475720198866,0.10043489373997505,0.2484335953485287,0.2823399457210558
atoms,100,400,4.0,0.01,0.7,15,cp,1.0,1.0,1.0,0.0,0.0,0.0,0.0,0.030684013844307027,0.10784820255874888,0.20975695181918477,0.2515806004481187
atoms,100,400,4.0,0.01,0.7,15,dkw,1.0,1.0,1.0,0.0,0.0,0.0,0.0,0.024225787518288366,0.10784820255874888,0.24919928555039486,0.2724412710203191
atoms,100,400,4.0,0.01,0.7,16,cp,1.0,1.0,1.0,0.0,0.0,0.0,0.0,0.034886873280802894,0.10784820255874888,0.20580649002697027,0.24452084054961082
atoms,100,400,4.0,0.01,0.7,16,dkw,1.0,1.0,1.0,0.0,0.0,0.0,0.0,0.029872287269392145,0.10784820255874888,0.24014550925180267,0.26724903448740805
atoms,100,400,4.0,0.01,0.7,17,cp,1.0,1.0,1.0,0.0,0.0,0.0,0.0,0.043125796232736394,0.13985112650582393,0.20443701162258207,0.25455930558920564
atoms,100,400,4.0,0.01,0.7,17,dkw,1.0,1.0,1.0,0.0,0.0,0.0,0.0,0.032535264761956666,0.12431731341754021,0.24077977330829853,0.2721614935658557
atoms,100,400,4.0,0.01,0.7,18,cp,1.0,1.0,1.0,0.0,0.0,0.0,0.0,0.007547341231280564,0.043685889989790117,0.24383819072767848,0.26605634909115
atoms,100,400,4.0,0.01,0.7,18,dkw,1.0,1.0,1.0,0.0,0.0,0.0,0.0,0.015677361452389654,0.09227076687921065,0.29864933966137863,0.3365134191724053
atoms,100,400,4.0,0.01,0.7,19,cp,1.0,1.0,1.0,0.0,0.0,0.0,0.0,0.019214194995806594,0.10043489373997505,0.2122977215513553,0.2579580898721219
atoms,100,400,4.0,0.01,0.7,19,dkw,1.0,1.0,1.0,0.0,0.0,0.0,0.0,0.01969475720198866,0.10043489373997505,0.23593242351886506,0.28016225421127017
atoms,100,400,4.0,0.01,0.7,20,cp,1.0,1.0,1.0,0.0,0.0,0.0,0.0,0.019353945359014902,0.10043489373997505,0.22110208956484217,0.2595647715518089
atoms,100,400,4.0,0.01,0.7,20,dkw,1.0,1.0,1.0,0.0,0.0,0.0,0.0,0.01969475720198866,0.10043489373997505,0.2577131983422605,0.28152726704394115
atoms,100,400,4.0,0.01,0.7,21,cp,1.0,1.0,1.0,0.0,0.0,0.0,0.0,0.02126847480245112,0.0638909229069965,0.23255508570964836,0.2708548029496403
atoms,100,400,4.0,0.01,0.7,21,dkw,1.0,1.0,1.0,0.0,0.0,0.0,0.0,0.031476733471097376,0.10784820255874888,0.2916124300644602,0.32998865356695706
atoms,100,400,4.0,0.01,0.7,22,cp,1.0,1.0,1.0,0.0,0.0,0.0,0.0,0.019353945359014902,0.10043489373997505,0.22334802939043472,0.2636454069537987
atoms,100,400,4.0,0.01,0.7,22,dkw,1.0,1.0,1.0,0.0,0.0,0.0,0.0,0.01969475720198866,0.10043489373997505,0.25105442762018926,0.2829686397572747
atoms,100,400,4.0,0.01,0.7,23,cp,1.0,1.0,1.0,0.0,0.0,0.0,0.0,0.016309379199789018,0.09227076687921065,0.22754842941196235,0.26293526005454354
atoms,100,400,4.0,0.01,0.7,23,dkw,1.0,1.0,1.0,0.0,0.0,0.0,0.0,0.02400868530433861,0.10784820255874888,0.25880452652067787,0.28757671883099406
atoms,100,400,4.0,0.01,0.7,24,cp,1.0,1.0,1.0,0.0,0.0,0.0,0.0,0.02958407792193258,0.10043489373997505,0.2186901007034291,0.2537039081391699
atoms,100,400,4.0,0.01,0.7,24,dkw,1.0,1.0,1.0,0.0,0.0,0.0,0.0,0.03235225641878867,0.12431731341754021,0.2654632231343023,0.2946862566251397
atoms,100,400,4.0,0.01,0.7,25,cp,1.0,1.0,1.0,0.0,0.0,0.0,0.0,0.02072617546000317,0.10043489373997505,0.22379107372493767,0.25774002120043893
atoms,100,400,4.0,0.01,0.7,25,dkw,1.0,1.0,1.0,0.0,0.0,0.0,0.0,0.02400868530433861,0.10784820255874888,0.2572781024299417,0.28511690076195356
atoms,100,400,4.0,0.01,0.7,26,cp,1.0,1.0,1.0,0.0,0.0,0.0,0.0,0.025310156064327353,0.09227076687921065,0.22489826547307046,0.2713163901270881
atoms,100,400,4.0,0.01,0.7,26,dkw,1.0,1.0,1.0,0.0,0.0,0.0,0.0,0.025310156064327353,0.09227076687921065,0.2500651990143382,0.283722988071593
atoms,100,400,4.0,0.01,0.7,27,cp,1.0,1.0,1.0,0.0,0.0,0.0,0.0,0.007873860232450933,0.043685889989790117,0.23528574287886808,0.262925256129454
atoms,100,400,4.0,0.01,0.7,27,dkw,1.0,1.0,1.0,0.0,0.0,0.0,0.0,0.01969475720198866,0.10043489373997505,0.29784551192325115,0.33831103960114084
atoms,100,400,4.0,0.01,0.7,28,cp,1.0,1.0,1.0,0.0,0.0,0.0,0.0,0.025032634790529487,0.10784820255874888,0.22400019171173496,0.2617488454533693
atoms,100,400,4.0,0.01,0.7,28,dkw,1.0,1.0,1.0,0.0,0.0,0.0,0.0,0.019000628275725014,0.10043489373997505,0.2563509741753621,0.2803093796166744
atoms,100,400,4.0,0.01,0.7,29,cp,1.0,1.0,1.0,0.0,0.0,0.0,0.0,0.02681344608178235,0.08292611746763873,0.22134261988737758,0.2659673293174909
atoms,100,400,4.0,0.01,0.7,29,dkw,1.0,1.0,1.0,0.0,0.0,0.0,0.0,0.03568904112575536,0.12431731341754021,0.2615013276048723,0.3058999054202804
atoms,100,400,4.0,0.01,0.7,30,cp,1.0,1.0,1.0,0.0,0.0,0.0,0.0,0.02608495097283833,0.10784820255874888,0.22016687315357403,0.2571687640143507
atoms,100,400,4.0,0.01,0.7,30,dkw,1.0,1.0,1.0,0.0,0.0,0.0,0.0,0.02400868530433861,0.10784820255874888,0.25188282387152183,0.2818433689286339
atoms,100,400,4.0,0.01,0.7,31,cp,1.0,1.0,1.0,0.0,0.0,0.0,0.0,0.024599593718231602,0.10043489373997505,0.2164021120705038,0.253999682621306
atoms,100,400,4.0,0.01,0.7,31,dkw,1.0,1.0,1.0,0.0,0.0,0.0,0.0,0.019353945359014902,0.10043489373997505,0.2494300248953925,0.27417744173567105
atoms,100,400,4.0,0.01,0.7,32,cp,1.0,1.0,1.0,0.0,0.0,0.0,0.0,0.022770207857146056,0.08292611746763873,0.21553503408260571,0.2564131780035389
atoms,100,400,4.0,0.01,0.7,32,dkw,1.0,1.0,1.0,0.0,0.0,0.0,0.0,0.022770207857146056,0.08292611746763873,0.25022991694325897,0.28107716484182343
atoms,100,400,4.0,0.01,0.7,33,cp,1.0,1.0,1.0,0.0,0.0,0.0,0.0,0.027379563882087062,0.10784820255874888,0.21553900530361286,0.2596841705495534
atoms,100,400,4.0,0.01,0.7,33,dkw,1.0,1.0,1.0,0.0,0.0,0.0,0.0,0.023362715193708694,0.10784820255874888,0.25361231723143207,0.27795836959045805
atoms,100,400,4.0,0.01,0.7,34,cp,1.0,1.0,1.0,0.0,0.0,0.0,0.0,0.012798690215559256,0.07206629246818791,0.2362002365979937,0.26265190452940573
atoms,100,400,4.0,0.01,0.7,34,dkw,1.0,1.0,1.0,0.0,0.0,0.0,0.0,0.02898137784104022,0.12431731341754021,0.28088348781999567,0.3158863946600651
atoms,100,400,4.0,0.01,0.7,35,cp,1.0,1.0,1.0,0.0,0.0,0.0,0.0,0.018220104707796902,0.05921743213877939,0.2370776335828602,0.26960364990144425
atoms,100,400,4.0,0.01,0.7,35,dkw,1.0,1.0,1.0,0.0,0.0,0.0,0.0,0.025672032900913255,0.10043489373997505,0.2885423266398271,0.32513063592812363
atoms,100,400,4.0,0.01,0.7,36,cp,1.0,1.0,1.0,0.0,0.0,0.0,0.0,0.04549023628274048,0.13985112650582393,0.1991000097793664,0.24715048799757128
atoms,100,400,4.0,0.01,0.7,36,dkw,1.0,1.0,1.0,0.0,0.0,0.0,0.0,0.0366516885697729,0.13985112650582393,0.2364789265733819,0.26707455525029766
atoms,100,400,4.0,0.01,0.7,37,cp,1.0,1.0,1.0,0.0,0.0,0.0,0.0,0.030504276756950777,0.09227076687921065,0.2082191954894644,0.26132081076710123
atoms,100,400,4.0,0.01,0.7,37,dkw,1.0,1.0,1.0,0.0,0.0,0.0,0.0,0.05037580290889492,0.15455945414032607,0.2510276219063131,0.3050118419152728
atoms,100,400,4.0,0.01,0.7,38,cp,1.0,1.0,1.0,0.0,0.0,0.0,0.0,0.009471236089252925,0.043685889989790117,0.24050253694293416,0.26234248350783484
atoms,100,400,4.0,0.01,0.7,38,dkw,1.0,1.0,1.0,0.0,0.0,0.0,0.0,0.02857254684830198,0.10043489373997505,0.29374913164726424,0.33368733016298746
atoms,100,400,4.0,0.01,0.7,39,cp,1.0,1.0,1.0,0.0,0.0,0.0,0.0,0.027191632619347227,0.10043489373997505,0.22323618111671717,0.2594562529116506
atoms,100,400,4.0,0.01,0.7,39,dkw,1.0,1.0,1.0,0.0,0.0,0.0,0.0,0.03424526470341273,0.12431731341754021,0.2615928687701434,0.2900247218768807
atoms,100,400,4.0,0.01,0.7,40,cp,1.0,1.0,1.0,0.0,0.0,0.0,0.0,0.01824505239879811,0.05588049873796397,0.22178042951495427,0.26530227090756114
atoms,100,400,4.0,0.01,0.7,40,dkw,1.0,1.0,1.0,0.0,0.0,0.0,0.0,0.029080561222253224,0.10043489373997505,0.28916619240485075,0.33375091124930234
atoms,100,400,4.0,0.01,0.7,41,cp,1.0,1.0,1.0,0.0,0.0,0.0,0.0,0.04718457377418035,0.10784820255874888,0.2095784511989154,0.25390095544854036
atoms,100,400,4.0,0.01,0.7,41,dkw,1.0,1.0,1.0,0.0,0.0,0.0,0.0,0.05240408053601946,0.16853607382225727,0.25933309317428227,0.2969027643220396
atoms,100,400,4.0,0.01,0.7,42,cp,1.0,1.0,1.0,0.0,0.0,0.0,0.0,0.029753627343850102,0.10043489373997505,0.2120703082796075,0.2512414805482207
atoms,100,400,4.0,0.01,0.7,42,dkw,1.0,1.0,1.0,0.0,0.0,0.0,0.0,0.02565220012606132,0.10043489373997505,0.24945677584456277,0.2694824564561298
atoms,100,400,4.0,0.01,0.7,43,cp,1.0,1.0,1.0,0.0,0.0,0.0,0.0,0.016082177441493498,0.09227076687921065,0.21088356364795796,0.2571183140079878
atoms,100,400,4.0,0.01,0.7,43,dkw,1.0,1.0,1.0,0.0,0.0,0.0,0.0,0.016082177441493498,0.09227076687921065,0.23581494095793645,0.2807222519445789
atoms,100,400,4.0,0.01,0.7,44,cp,1.0,1.0,1.0,0.0,0.0,0.0,0.0,0.020041969135924285,0.08292611746763873,0.23386127817312727,0.2659766633638925
atoms,100,400,4.0,0.01,0.7,44,dkw,1.0,1.0,1.0,0.0,0.0,0.0,0.0,0.04028691278219079,0.13985112650582393,0.2817776664728927,0.3075290891734948
atoms,100,400,4.0,0.01,0.7,45,cp,1.0,1.0,1.0,0.0,0.0,0.0,0.0,0.027583192964117025,0.08292611746763873,0.22833609287715842,0.2537370985020813
atoms,100,400,4.0,0.01,0.7,45,dkw,1.0,1.0,1.0,0.0,0.0,0.0,0.0,0.023362715193708694,0.10784820255874888,0.28387716422857906,0.3100749745132205
atoms,100,400,4.0,0.01,0.7,46,cp,1.0,1.0,1.0,0.0,0.0,0.0,0.0,0.026031387729682658,0.10043489373997505,0.2202964893847893,0.26007937727497765
atoms,100,400,4.0,0.01,0.7,46,dkw,1.0,1.0,1.0,0.0,0.0,0.0,0.0,0.02857254684830198,0.10043489373997505,0.24784409730562096,0.2813765218984946
atoms,100,400,4.0,0.01,0.7,47,cp,1.0,1.0,1.0,0.0,0.0,0.0,0.0,0.048394278496408705,0.13985112650582393,0.1987457604607998,0.2441899160460752
atoms,100,400,4.0,0.01,0.7,47,dkw,1.0,1.0,1.0,0.0,0.0,0.0,0.0,0.043125796232736394,0.13985112650582393,0.23673738319706572,0.26925332797587215
atoms,100,400,4.0,0.01,0.7,48,cp,1.0,1.0,1.0,0.0,0.0,0.0,0.0,0.03169221651371159,0.10043489373997505,0.2157619028820664,0.2570103114197432
atoms,100,400,4.0,0.01,0.7,48,dkw,1.0,1.0,1.0,0.0,0.0,0.0,0.0,0.0401123506699941,0.13985112650582393,0.2580310852904946,0.2952326834175906
atoms,100,400,4.0,0.01,0.7,49,cp,1.0,1.0,1.0,0.0,0.0,0.0,0.0,0.02276899694570803,0.09227076687921065,0.22934716980553196,0.2652713386137513
atoms,100,400,4.0,0.01,0.7,49,dkw,1.0,1.0,1.0,0.0,0.0,0.0,0.0,0.025310156064327353,0.09227076687921065,0.2644109639686804,0.2870101041689048
atoms,100,400,4.0,0.01,0.7,50,cp,1.0,1.0,1.0,0.0,0.0,0.0,0.0,0.010753220518839037,0.07206629246818791,0.2256946370362794,0.2512277778815185
atoms,100,400,4.0,0.01,0.7,50,dkw,1.0,1.0,1.0,0.0,0.0,0.0,0.0,0.019214194995806594,0.10043489373997505,0.2692088148919364,0.304112507004477
atoms,100,400,4.0,0.01,0.7,51,cp,1.0,1.0,1.0,0.0,0.0,0.0,0.0,0.009398651160328795,0.07206629246818791,0.23442568659912258,0.26165928573139263
atoms,100,400,4.0,0.01,0.7,51,dkw,1.0,1.0,1.0,0.0,0.0,0.0,0.0,0.02400868530433861,0.10784820255874888,0.27118822184426256,0.312742613703524
atoms,100,400,4.0,0.01,0.7,52,cp,1.0,1.0,1.0,0.0,0.0,0.0,0.0,0.015295923595766625,0.08292611746763873,0.21460556678254883,0.250632130706664
atoms,100,400,4.0,0.01,0.7,52,dkw,1.0,1.0,1.0,0.0,0.0,0.0,0.0,0.013219657927266908,0.08292611746763873,0.24700396157525098,0.2819544124468082
atoms,100,400,4.0,0.01,0.7,53,cp,1.0,1.0,1.0,0.0,0.0,0.0,0.0,0.014339644391962917,0.07206629246818791,0.2337591917287014,0.2635606503291569
atoms,100,400,4.0,0.01,0.7,53,dkw,1.0,1.0,1.0,0.0,0.0,0.0,0.0,0.025310156064327353,0.09227076687921065,0.2729742928140117,0.3054377465465668
atoms,100,400,4.0,0.01,0.7,54,cp,1.0,1.0,1.0,0.0,0.0,0.0,0.0,0.034886873280802894,0.10784820255874888,0.21167948453862637,0.2504536675866972
atoms,100,400,4.0,0.01,0.7,54,dkw,1.0,1.0,1.0,0.0,0.0,0.0,0.0,0.027176690848922807,0.10043489373997505,0.2527131674482596,0.27658744042074723
atoms,100,400,4.0,0.01,0.7,55,cp,1.0,1.0,1.0,0.0,0.0,0.0,0.0,0.020242822537530642,0.07192507397813008,0.24176864898029296,0.2718984750757506
atoms,100,400,4.0,0.01,0.7,55,dkw,1.0,1.0,1.0,0.0,0.0,0.0,0.0,0.021699130812915638,0.09227076687921065,0.3129722074219696,0.34080606534657365
atoms,100,400,4.0,0.01,0.7,56,cp,1.0,1.0,1.0,0.0,0.0,0.0,0.0,0.036643764215250216,0.10784820255874888,0.20333664188250353,0.24400441019413766
atoms,100,400,4.0,0.01,0.7,56,dkw,1.0,1.0,1.0,0.0,0.0,0.0,0.0,0.03212040775854892,0.10784820255874888,0.2379619687323457,0.2623671839131634
atoms,100,400,4.0,0.01,0.7,57,cp,1.0,1.0,1.0,0.0,0.0,0.0,0.0,0.03948025941751612,0.13985112650582393,0.20454232566319835,0.258153422159496
atoms,100,400,4.0,0.01,0.7,57,dkw,1.0,1.0,1.0,0.0,0.0,0.0,0.0,0.03423461105829942,0.13985112650582393,0.23331172958001736,0.27493544967007877
atoms,100,400,4.0,0.01,0.7,58,cp,1.0,1.0,1.0,0.0,0.0,0.0,0.0,0.027743975542218243,0.08292611746763873,0.21056780944377645,0.25763806129114647
atoms,100,400,4.0,0.01,0.7,58,dkw,1.0,1.0,1.0,0.0,0.0,0.0,0.0,0.03669429761599944,0.12431731341754021,0.26123723688998995,0.30301100505115136
atoms,100,400,4.0,0.01,0.7,59,cp,1.0,1.0,1.0,0.0,0.0,0.0,0.0,0.019000628275725014,0.10043489373997505,0.2188723394979144,0.2691304171924209
atoms,100,400,4.0,0.01,0.7,59,dkw,1.0,1.0,1.0,0.0,0.0,0.0,0.0,0.016082177441493498,0.09227076687921065,0.24427455471351783,0.28305122826172635
atoms,100,400,4.0,0.01,0.7,60,cp,1.0,1.0,1.0,0.0,0.0,0.0,0.0,0.04760933738664095,0.15455945414032607,0.20711993146073648,0.2578515126936133
atoms,100,400,4.0,0.01,0.7,60,dkw,1.0,1.0,1.0,0.0,0.0,0.0,0.0,0.039717267911396424,0.13985112650582393,0.23809382746838836,0.2760826192209846
atoms,100,400,4.0,0.01,0.7,61,cp,1.0,1.0,1.0,0.0,0.0,0.0,0.0,0.02570158479209022,0.10043489373997505,0.21903177319789066,0.2587804820230649
atoms,100,400,4.0,0.01,0.7,61,dkw,1.0,1.0,1.0,0.0,0.0,0.0,0.0,0.02857254684830198,0.10043489373997505,0.2468759698870491,0.28191433909440033
atoms,100,400,4.0,0.01,0.7,62,cp,1.0,1.0,1.0,0.0,0.0,0.0,0.0,0.013842272738491219,0.05921743213877939,0.2366302980999454,0.26462508042145444
atoms,100,400,4.0,0.01,0.7,62,dkw,1.0,1.0,1.0,0.0,0.0,0.0,0.0,0.03251100726768402,0.10784820255874888,0.2800119709436195,0.31927295568704867
atoms,100,400,4.0,0.01,0.7,63,cp,1.0,1.0,1.0,0.0,0.0,0.0,0.0,0.025440081552155457,0.10784820255874888,0.22479858743594647,0.259207855118052
atoms,100,400,4.0,0.01,0.7,63,dkw,1.0,1.0,1.0,0.0,0.0,0.0,0.0,0.02898137784104022,0.12431731341754021,0.2686035184286155,0.2910600236483521
atoms,100,400,4.0,0.01,0.7,64,cp,1.0,1.0,1.0,0.0,0.0,0.0,0.0,0.03565670638100864,0.12431731341754021,0.21353929943972846,0.25518285720640776
atoms,100,400,4.0,0.01,0.7,64,dkw,1.0,1.0,1.0,0.0,0.0,0.0,0.0,0.030005327327231095,0.12431731341754021,0.25198195000008017,0.2751633019958369
atoms,100,400,4.0,0.01,0.7,65,cp,1.0,1.0,1.0,0.0,0.0,0.0,0.0,0.0454676702147468,0.12431731341754021,0.1973057938823583,0.23963043667350536
atoms,100,400,4.0,0.01,0.7,65,dkw,1.0,1.0,1.0,0.0,0.0,0.0,0.0,0.03946076313825341,0.12431731341754021,0.2498842631641601,0.2762684607836859
atoms,100,400,4.0,0.01,0.7,66,cp,1.0,1.0,1.0,0.0,0.0,0.0,0.0,0.024225787518288366,0.10784820255874888,0.2179895343740778,0.26027604507228075
atoms,100,400,4.0,0.01,0.7,66,dkw,1.0,1.0,1.0,0.0,0.0,0.0,0.0,0.01969475720198866,0.10043489373997505,0.24888889941044057,0.2819549933569674
atoms,100,400,4.0,0.01,0.7,67,cp,1.0,1.0,1.0,0.0,0.0,0.0,0.0,0.034923498685805916,0.10784820255874888,0.19737486689200115,0.24828556025383897
atoms,100,400,4.0,0.01,0.7,67,dkw,1.0,1.0,1.0,0.0,0.0,0.0,0.0,0.027379563882087062,0.10784820255874888,0.22606529662611421,0.26670018262175077
atoms,100,400,4.0,0.01,0.7,68,cp,1.0,1.0,1.0,0.0,0.0,0.0,0.0,0.03989619122250752,0.12431731341754021,0.20026010820488122,0.2450013655417576
atoms,100,400,4.0,0.01,0.7,68,dkw,1.0,1.0,1.0,0.0,0.0,0.0,0.0,0.031057643509539937,0.12431731341754021,0.23825370421370665,0.26378194954322914
atoms,100,400,4.0,0.01,0.7,69,cp,1.0,1.0,1.0,0.0,0.0,0.0,0.0,0.028374350633937402,0.10043489373997505,0.21382102653835983,0.2472910981726249
atoms,100,400,4.0,0.01,0.7,69,dkw,1.0,1.0,1.0,0.0,0.0,0.0,0.0,0.020718706688179534,0.10043489373997505,0.2523624700988715,0.27916208627529926
atoms,100,400,4.0,0.01,0.7,70,cp,1.0,1.0,1.0,0.0,0.0,0.0,0.0,0.031886272360478564,0.10784820255874888,0.21859899248844117,0.25478115981471694
atoms,100,400,4.0,0.01,0.7,70,dkw,1.0,1.0,1.0,0.0,0.0,0.0,0.0,0.030005327327231095,0.12431731341754021,0.2612335702910435,0.285969190626013
atoms,100,400,4.0,0.01,0.7,71,cp,1.0,1.0,1.0,0.0,0.0,0.0,0.0,0.017993358367322795,0.08292611746763873,0.2294562687530226,0.2639484000712379
atoms,100,400,4.0,0.01,0.7,71,dkw,1.0,1.0,1.0,0.0,0.0,0.0,0.0,0.025310156064327353,0.09227076687921065,0.26104414099982237,0.28400607886463314
atoms,100,400,4.0,0.01,0.7,72,cp,1.0,1.0,1.0,0.0,0.0,0.0,0.0,0.01749621383643968,0.05921743213877939,0.23229766856746373,0.2675503115138479
atoms,100,400,4.0,0.01,0.7,72,dkw,1.0,1.0,1.0,0.0,0.0,0.0,0.0,0.02533358588094594,0.10043489373997505,0.2815488767189022,0.3224088620748729
atoms,100,400,4.0,0.01,0.7,73,cp,1.0,1.0,1.0,0.0,0.0,0.0,0.0,0.02832855321749977,0.09227076687921065,0.21112574508128468,0.2508770061174088
atoms,100,400,4.0,0.01,0.7,73,dkw,1.0,1.0,1.0,0.0,0.0,0.0,0.0,0.027176690848922807,0.10043489373997505,0.25189444527333504,0.2893782247331027
atoms,100,400,4.0,0.01,0.7,74,cp,1.0,1.0,1.0,0.0,0.0,0.0,0.0,0.025933826850010108,0.10043489373997505,0.21178964899304614,0.2617379553438245
atoms,100,400,4.0,0.01,0.7,74,dkw,1.0,1.0,1.0,0.0,0.0,0.0,0.0,0.02660103260047703,0.10043489373997505,0.23699713784068646,0.27925454465033006
atoms,100,400,4.0,0.01,0.7,75,cp,1.0,1.0,1.0,0.0,0.0,0.0,0.0,0.04819261091783913,0.13985112650582393,0.207004461517293,0.2553557996542029
atoms,100,400,4.0,0.01,0.7,75,dkw,1.0,1.0,1.0,0.0,0.0,0.0,0.0,0.04660408089639687,0.15455945414032607,0.2444921347086176,0.2845250086916804
atoms,100,400,4.0,0.01,0.7,76,cp,1.0,1.0,1.0,0.0,0.0,0.0,0.0,0.030364930907662367,0.10784820255874888,0.21458105178983478,0.26367458574007807
atoms,100,400,4.0,0.01,0.7,76,dkw,1.0,1.0,1.0,0.0,0.0,0.0,0.0,0.0299698481490647,0.10784820255874888,0.24720860040198542,0.2792269044428793
atoms,100,400,4.0,0.01,0.7,77,cp,1.0,1.0,1.0,0.0,0.0,0.0,0.0,0.02617752526704799,0.09227076687921065,0.21364088767334302,0.24650693433462922
atoms,100,400,4.0,0.01,0.7,77,dkw,1.0,1.0,1.0,0.0,0.0,0.0,0.0,0.02243919400811559,0.09227076687921065,0.25695730663480526,0.2836594337894064
atoms,100,400,4.0,0.01,0.7,78,cp,1.0,1.0,1.0,0.0,0.0,0.0,0.0,0.006998592887136021,0.05921743213877939,0.22507115972048125,0.24800353382085227
atoms,100,400,4.0,0.01,0.7,78,dkw,1.0,1.0,1.0,0.0,0.0,0.0,0.0,0.012503574060131402,0.07206629246818791,0.2677431599438495,0.2982514271945291
atoms,100,400,4.0,0.01,0.7,79,cp,1.0,1.0,1.0,0.0,0.0,0.0,0.0,0.012401446310670836,0.08292611746763873,0.22906583753435375,0.26220483747521317
atoms,100,400,4.0,0.01,0.7,79,dkw,1.0,1.0,1.0,0.0,0.0,0.0,0.0,0.02400868530433861,0.10784820255874888,0.2617342475252437,0.2975476412418249
atoms,100,400,4.0,0.01,0.7,80,cp,1.0,1.0,1.0,0.0,0.0,0.0,0.0,0.03337837647040467,0.10784820255874888,0.21249175651781654,0.25870675831767803
atoms,100,400,4.0,0.01,0.7,80,dkw,1.0,1.0,1.0,0.0,0.0,0.0,0.0,0.030364930907662367,0.10784820255874888,0.24714900569897214,0.2740648752397141
atoms,100,400,4.0,0.01,0.7,81,cp,1.0,1.0,1.0,0.0,0.0,0.0,0.0,0.020613749684349286,0.05921743213877939,0.22484612354675435,0.26343493050449823
atoms,100,400,4.0,0.01,0.7,81,dkw,1.0,1.0,1.0,0.0,0.0,0.0,0.0,0.030364930907662367,0.10784820255874888,0.28409870312371055,0.3241003423854022
atoms,100,400,4.0,0.01,0.7,82,cp,1.0,1.0,1.0,0.0,0.0,0.0,0.0,0.021771022870488377,0.10043489373997505,0.21013614647159606,0.2540958158195158
atoms,100,400,4.0,0.01,0.7,82,dkw,1.0,1.0,1.0,0.0,0.0,0.0,0.0,0.019214194995806594,0.10043489373997505,0.23800656421786967,0.2794187434566443
atoms,100,400,4.0,0.01,0.7,83,cp,1.0,1.0,1.0,0.0,0.0,0.0,0.0,0.03388621435728317,0.12431731341754021,0.2163890125661988,0.2553396834999642
atoms,100,400,4.0,0.01,0.7,83,dkw,1.0,1.0,1.0,0.0,0.0,0.0,0.0,0.029198480054989977,0.12431731341754021,0.25434478968774316,0.27988251423921434
atoms,100,400,4.0,0.01,0.7,84,cp,1.0,1.0,1.0,0.0,0.0,0.0,0.0,0.03948025941751612,0.13985112650582393,0.19895886279486516,0.2588123130491693
atoms,100,400,4.0,0.01,0.7,84,dkw,1.0,1.0,1.0,0.0,0.0,0.0,0.0,0.03479252511522293,0.13985112650582393,0.22017053650882118,0.27275977376289523
atoms,100,400,4.0,0.01,0.7,85,cp,1.0,1.0,1.0,0.0,0.0,0.0,0.0,0.011920884104488773,0.08292611746763873,0.23177333085402643,0.2631521734091977
atoms,100,400,4.0,0.01,0.7,85,dkw,1.0,1.0,1.0,0.0,0.0,0.0,0.0,0.01969475720198866,0.10043489373997505,0.2691285511807976,0.30583771420813954
atoms,100,400,4.0,0.01,0.7,86,cp,1.0,1.0,1.0,0.0,0.0,0.0,0.0,0.024599593718231602,0.10043489373997505,0.2162579178359101,0.25025125804153503
atoms,100,400,4.0,0.01,0.7,86,dkw,1.0,1.0,1.0,0.0,0.0,0.0,0.0,0.019353945359014902,0.10043489373997505,0.262666854242363,0.27332575120301017
atoms,100,400,4.0,0.01,0.7,87,cp,1.0,1.0,1.0,0.0,0.0,0.0,0.0,0.026426470488280333,0.10043489373997505,0.22269979979818072,0.2588436344707087
atoms,100,400,4.0,0.01,0.7,87,dkw,1.0,1.0,1.0,0.0,0.0,0.0,0.0,0.02660103260047703,0.10043489373997505,0.26340778243847424,0.28188584035272024
atoms,100,400,4.0,0.01,0.7,88,cp,1.0,1.0,1.0,0.0,0.0,0.0,0.0,0.026808691937778528,0.10043489373997505,0.22078033116541962,0.2540613691789364
atoms,100,400,4.0,0.01,0.7,88,dkw,1.0,1.0,1.0,0.0,0.0,0.0,0.0,0.0299698481490647,0.10784820255874888,0.2589174242421056,0.2852270490483943
atoms,100,400,4.0,0.01,0.7,89,cp,1.0,1.0,1.0,0.0,0.0,0.0,0.0,0.005794303151611804,0.05921743213877939,0.2283204747073602,0.2548363220009959
atoms,100,400,4.0,0.01,0.7,89,dkw,1.0,1.0,1.0,0.0,0.0,0.0,0.0,0.016082177441493498,0.09227076687921065,0.2819242335010783,0.32672819221318083
atoms,100,400,4.0,0.01,0.7,90,cp,1.0,1.0,1.0,0.0,0.0,0.0,0.0,0.01574136559851974,0.09227076687921065,0.21508710607948117,0.26322009508298083
atoms,100,400,4.0,0.01,0.7,90,dkw,1.0,1.0,1.0,0.0,0.0,0.0,0.0,0.016082177441493498,0.09227076687921065,0.23986457565829247,0.2828910811174734
atoms,100,400,4.0,0.01,0.7,91,cp,1.0,1.0,1.0,0.0,0.0,0.0,0.0,0.024225787518288366,0.10784820255874888,0.2154834674333365,0.25676194852312395
atoms,100,400,4.0,0.01,0.7,91,dkw,1.0,1.0,1.0,0.0,0.0,0.0,0.0,0.01969475720198866,0.10043489373997505,0.24203832846078513,0.28050227877168543
atoms,100,400,4.0,0.01,0.7,92,cp,1.0,1.0,1.0,0.0,0.0,0.0,0.0,0.04022902414141414,0.10784820255874888,0.21169300860572393,0.2573875107937226
atoms,100,400,4.0,0.01,0.7,92,dkw,1.0,1.0,1.0,0.0,0.0,0.0,0.0,0.029343051563158206,0.10784820255874888,0.23402495676216667,0.27824331147640335
atoms,100,400,4.0,0.01,0.7,93,cp,1.0,1.0,1.0,0.0,0.0,0.0,0.0,0.030005327327231095,0.12431731341754021,0.215245285956964,0.2579040781390386
atoms,100,400,4.0,0.01,0.7,93,dkw,1.0,1.0,1.0,0.0,0.0,0.0,0.0,0.02898137784104022,0.12431731341754021,0.24819979987618437,0.2811325926422209
atoms,100,400,4.0,0.01,0.7,94,cp,1.0,1.0,1.0,0.0,0.0,0.0,0.0,0.008023515967885761,0.07206629246818791,0.22673184694178702,0.25473961554277924
atoms,100,400,4.0,0.01,0.7,94,dkw,1.0,1.0,1.0,0.0,0.0,0.0,0.0,0.016082177441493498,0.09227076687921065,0.2625280970432315,0.2948235796012679
atoms,100,400,4.0,0.01,0.7,95,cp,1.0,1.0,1.0,0.0,0.0,0.0,0.0,0.003569596758177549,0.02924325454297627,0.2429552376672998,0.2673689394160019
atoms,100,400,4.0,0.01,0.7,95,dkw,1.0,1.0,1.0,0.0,0.0,0.0,0.0,0.005794303151611804,0.05921743213877939,0.29848280552865214,0.3393045527121893
atoms,100,400,4.0,0.01,0.7,96,cp,1.0,1.0,1.0,0.0,0.0,0.0,0.0,0.020718706688179534,0.10043489373997505,0.2163656904610898,0.26140455534764206
atoms,100,400,4.0,0.01,0.7,96,dkw,1.0,1.0,1.0,0.0,0.0,0.0,0.0,0.016082177441493498,0.09227076687921065,0.2549144989795157,0.28305122826172635
atoms,100,400,4.0,0.01,0.7,97,cp,1.0,1.0,1.0,0.0,0.0,0.0,0.0,0.0070199615298338425,0.05921743213877939,0.22440885516288034,0.25000077903197826
atoms,100,400,4.0,0.01,0.7,97,dkw,1.0,1.0,1.0,0.0,0.0,0.0,0.0,0.013219657927266908,0.08292611746763873,0.26972974151689777,0.3100492563176725
atoms,100,400,4.0,0.01,0.7,98,cp,1.0,1.0,1.0,0.0,0.0,0.0,0.0,0.006011405365561558,0.05921743213877939,0.2319720678327888,0.2548786136998118
atoms,100,400,4.0,0.01,0.7,98,dkw,1.0,1.0,1.0,0.0,0.0,0.0,0.0,0.016082177441493498,0.09227076687921065,0.2761117750058244,0.3179935672779375
atoms,100,400,4.0,0.01,0.7,99,cp,1.0,1.0,1.0,0.0,0.0,0.0,0.0,0.024908355241858617,0.09227076687921065,0.22276302077561186,0.2586780534188847
atoms,100,400,4.0,0.01,0.7,99,dkw,1.0,1.0,1.0,0.0,0.0,0.0,0.0,0.03424526470341273,0.12431731341754021,0.2546373574002108,0.29154046243993
atoms,100,400,4.0,0.01,0.7,100,cp,1.0,1.0,1.0,0.0,0.0,0.0,0.0,0.021619325389158926,0.08292611746763873,0.22710682646446642,0.2625832855314165
atoms,100,400,4.0,0.01,0.7,100,dkw,1.0,1.0,1.0,0.0,0.0,0.0,0.0,0.025310156064327353,0.09227076687921065,0.2693304665359799,0.29588489011591823
atoms,100,400,4.0,0.01,0.7,101,cp,1.0,1.0,1.0,0.0,0.0,0.0,0.0,0.011775201971381703,0.05921743213877939,0.2368812506029292,0.2661188437595936
atoms,100,400,4.0,0.01,0.7,101,dkw,1.0,1.0,1.0,0.0,0.0,0.0,0.0,0.014990701297949653,0.09227076687921065,0.2854139454073001,0.3240246518113073
atoms,100,400,4.0,0.01,0.7,102,cp,1.0,1.0,1.0,0.0,0.0,0.0,0.0,0.03388621435728317,0.12431731341754021,0.2027056379285784,0.24806134600949248
atoms,100,400,4.0,0.01,0.7,102,dkw,1.0,1.0,1.0,0.0,0.0,0.0,0.0,0.028335407730410305,0.12431731341754021,0.23339215314568995,0.27369363914657874
atoms,100,400,4.0,0.01,0.7,103,cp,1.0,1.0,1.0,0.0,0.0,0.0,0.0,0.023667873461364855,0.10784820255874888,0.2238976178144427,0.2651398089248231
atoms,100,400,4.0,0.01,0.7,103,dkw,1.0,1.0,1.0,0.0,0.0,0.0,0.0,0.01969475720198866,0.10043489373997505,0.25194167518517346,0.2823988826028021
atoms,100,400,4.0,0.01,0.7,104,cp,1.0,1.0,1.0,0.0,0.0,0.0,0.0,0.015733025671653883,0.08292611746763873,0.23004865023353255,0.2612616156884199
atoms,100,400,4.0,0.01,0.7,104,dkw,1.0,1.0,1.0,0.0,0.0,0.0,0.0,0.015601615235311435,0.09227076687921065,0.27213002584221796,0.29755438735325945
atoms,100,400,4.0,0.01,0.7,105,cp,1.0,1.0,1.0,0.0,0.0,0.0,0.0,0.01937360904492312,0.07206629246818791,0.23350561537268305,0.2636146767288401
atoms,100,400,4.0,0.01,0.7,105,dkw,1.0,1.0,1.0,0.0,0.0,0.0,0.0,0.03424526470341273,0.12431731341754021,0.28879324296957287,0.3196945352005204
atoms,100,400,4.0,0.01,0.7,106,cp,1.0,1.0,1.0,0.0,0.0,0.0,0.0,0.03212040775854892,0.10784820255874888,0.21261066441843599,0.2557989507628128
atoms,100,400,4.0,0.01,0.7,106,dkw,1.0,1.0,1.0,0.0,0.0,0.0,0.0,0.02964004521147226,0.10784820255874888,0.24728810118109987,0.27338511869100635
atoms,100,400,4.0,0.01,0.7,107,cp,1.0,1.0,1.0,0.0,0.0,0.0,0.0,0.04412867964463467,0.15455945414032607,0.20325464939829815,0.2595275935290656
atoms,100,400,4.0,0.01,0.7,107,dkw,1.0,1.0,1.0,0.0,0.0,0.0,0.0,0.05068852596314452,0.15455945414032607,0.22955709427263865,0.27231286753838085
atoms,100,400,4.0,0.01,0.7,108,cp,1.0,1.0,1.0,0.0,0.0,0.0,0.0,0.016567136642964855,0.08292611746763873,0.2260241127479987,0.2582169131987082
atoms,100,400,4.0,0.01,0.7,108,dkw,1.0,1.0,1.0,0.0,0.0,0.0,0.0,0.023362715193708694,0.10784820255874888,0.2624341547814763,0.30146989393889106
atoms,100,400,4.0,0.01,0.7,109,cp,1.0,1.0,1.0,0.0,0.0,0.0,0.0,0.023667873461364855,0.10784820255874888,0.2201780750714391,0.26438423431639557
atoms,100,400,4.0,0.01,0.7,109,dkw,1.0,1.0,1.0,0.0,0.0,0.0,0.0,0.02400868530433861,0.10784820255874888,0.24600773807562562,0.28165210947538055
atoms,100,400,4.0,0.01,0.7,110,cp,1.0,1.0,1.0,0.0,0.0,0.0,0.0,0.025032634790529487,0.10784820255874888,0.22040645673212556,0.2605076494505755
atoms,100,400,4.0,0.01,0.7,110,dkw,1.0,1.0,1.0,0.0,0.0,0.0,0.0,0.02352812309815655,0.10784820255874888,0.25449205822741816,0.28005111370588487
atoms,100,400,4.0,0.01,0.7,111,cp,1.0,1.0,1.0,0.0,0.0,0.0,0.0,0.019911859415938413,0.10043489373997505,0.21829783575949901,0.257415035796114
atoms,100,400,4.0,0.01,0.7,111,dkw,1.0,1.0,1.0,0.0,0.0,0.0,0.0,0.01969475720198866,0.10043489373997505,0.2507221109850945,0.28138860815062483
atoms,100,400,4.0,0.01,0.7,112,cp,1.0,1.0,1.0,0.0,0.0,0.0,0.0,0.02276899694570803,0.09227076687921065,0.2254407335635654,0.2610087798324817
atoms,100,400,4.0,0.01,0.7,112,dkw,1.0,1.0,1.0,0.0,0.0,0.0,0.0,0.025310156064327353,0.09227076687921065,0.25707783251974275,0.2823825085304169
atoms,100,400,4.0,0.01,0.7,113,cp,1.0,1.0,1.0,0.0,0.0,0.0,0.0,0.027379563882087062,0.10784820255874888,0.2198076065752654,0.25864017764103464
atoms,100,400,4.0,0.01,0.7,113,dkw,1.0,1.0,1.0,0.0,0.0,0.0,0.0,0.023362715193708694,0.10784820255874888,0.25913542505021975,0.27994136059755365
atoms,100,400,4.0,0.01,0.7,114,cp,1.0,1.0,1.0,0.0,0.0,0.0,0.0,0.023667873461364855,0.10784820255874888,0.20971653268134008,0.26126792849808583
atoms,100,400,4.0,0.01,0.7,114,dkw,1.0,1.0,1.0,0.0,0.0,0.0,0.0,0.02400868530433861,0.10784820255874888,0.23496575120831875,0.2812628441005909
atoms,100,400,4.0,0.01,0.7,115,cp,1.0,1.0,1.0,0.0,0.0,0.0,0.0,0.023362715193708694,0.10784820255874888,0.21425724268123697,0.25906062871960556
atoms,100,400,4.0,0.01,0.7,115,dkw,1.0,1.0,1.0,0.0,0.0,0.0,0.0,0.02400868530433861,0.10784820255874888,0.23836996030000063,0.2803228871377943
atoms,100,400,4.0,0.01,0.7,116,cp,1.0,1.0,1.0,0.0,0.0,0.0,0.0,0.019048240030138105,0.09227076687921065,0.2219889176305407,0.25791929298159433
atoms,100,400,4.0,0.01,0.7,116,dkw,1.0,1.0,1.0,0.0,0.0,0.0,0.0,0.01574136559851974,0.09227076687921065,0.25761235752755934,0.28353480209905413
atoms,100,400,4.0,0.01,0.7,117,cp,1.0,1.0,1.0,0.0,0.0,0.0,0.0,0.05413578836216901,0.15455945414032607,0.19310992031495652,0.23830748404532187
atoms,100,400,4.0,0.01,0.7,117,dkw,1.0,1.0,1.0,0.0,0.0,0.0,0.0,0.05617883745172526,0.16853607382225727,0.2289003722527554,0.2720963969459221
atoms,100,400,4.0,0.01,0.7,118,cp,1.0,1.0,1.0,0.0,0.0,0.0,0.0,0.026462375756126724,0.08292611746763873,0.22172946042701205,0.2639903978620719
atoms,100,400,4.0,0.01,0.7,118,dkw,1.0,1.0,1.0,0.0,0.0,0.0,0.0,0.04412867964463467,0.15455945414032607,0.27193512804661807,0.31673691410738997
atoms,100,400,4.0,0.01,0.7,119,cp,1.0,1.0,1.0,0.0,0.0,0.0,0.0,0.026640817061158107,0.08292611746763873,0.2136888704186538,0.2512151392852547
atoms,100,400,4.0,0.01,0.7,119,dkw,1.0,1.0,1.0,0.0,0.0,0.0,0.0,0.028181947339166884,0.10043489373997505,0.26464195356910697,0.30081325075874676
atoms,100,400,4.0,0.01,0.7,120,cp,1.0,1.0,1.0,0.0,0.0,0.0,0.0,0.016082177441493498,0.09227076687921065,0.22037460314826673,0.25721056680040255
atoms,100,400,4.0,0.01,0.7,120,dkw,1.0,1.0,1.0,0.0,0.0,0.0,0.0,0.016082177441493498,0.09227076687921065,0.2590446467610179,0.28067255857853324
atoms,100,400,4.0,0.01,0.7,121,cp,1.0,1.0,1.0,0.0,0.0,0.0,0.0,0.012573687816636989,0.08292611746763873,0.21794612876027622,0.25238074432220226
atoms,100,400,4.0,0.01,0.7,121,dkw,1.0,1.0,1.0,0.0,0.0,0.0,0.0,0.013219657927266908,0.08292611746763873,0.2583399342326522,0.2812121363305071
atoms,100,400,4.0,0.01,0.7,122,cp,1.0,1.0,1.0,0.0,0.0,0.0,0.0,0.019483406194579802,0.08292611746763873,0.2259638346533443,0.25673940700449005
atoms,100,400,4.0,0.01,0.7,122,dkw,1.0,1.0,1.0,0.0,0.0,0.0,0.0,0.030539493019859063,0.10784820255874888,0.2627745782929125,0.2971550705918084
atoms,100,400,4.0,0.01,0.7,123,cp,1.0,1.0,1.0,0.0,0.0,0.0,0.0,0.0171879208960596,0.07206629246818791,0.2317303075494842,0.2630465663709237
atoms,100,400,4.0,0.01,0.7,123,dkw,1.0,1.0,1.0,0.0,0.0,0.0,0.0,0.025310156064327353,0.09227076687921065,0.2624393660452573,0.3011651346867642
atoms,100,400,4.0,0.01,0.7,124,cp,1.0,1.0,1.0,0.0,0.0,0.0,0.0,0.02891352182058156,0.10784820255874888,0.21317091366150487,0.24994837531517022
atoms,100,400,4.0,0.01,0.7,124,dkw,1.0,1.0,1.0,0.0,0.0,0.0,0.0,0.023362715193708694,0.10784820255874888,0.24466531851715645,0.2737674016562178
atoms,100,400,4.0,0.01,0.7,125,cp,1.0,1.0,1.0,0.0,0.0,0.0,0.0,0.018973044926375512,0.07206629246818791,0.23133614929152763,0.2630427154119328
atoms,100,400,4.0,0.01,0.7,125,dkw,1.0,1.0,1.0,0.0,0.0,0.0,0.0,0.02908213115454875,0.10784820255874888,0.2788227540186657,0.31430149061206747
atoms,100,400,4.0,0.01,0.7,126,cp,1.0,1.0,1.0,0.0,0.0,0.0,0.0,0.03298902805317019,0.10043489373997505,0.20933039868232028,0.2572561708772093
atoms,100,400,4.0,0.01,0.7,126,dkw,1.0,1.0,1.0,0.0,0.0,0.0,0.0,0.031057643509539937,0.12431731341754021,0.247175827416476,0.28892875458546985
atoms,100,400,4.0,0.01,0.7,127,cp,1.0,1.0,1.0,0.0,0.0,0.0,0.0,0.04504715505939506,0.12431731341754021,0.19633340321611503,0.24327938540980454
atoms,100,400,4.0,0.01,0.7,127,dkw,1.0,1.0,1.0,0.0,0.0,0.0,0.0,0.03766097127298896,0.12431731341754021,0.23892220696862532,0.26829132274037865
atoms,100,400,4.0,0.01,0.7,128,cp,1.0,1.0,1.0,0.0,0.0,0.0,0.0,0.0036427080800103817,0.043685889989790117,0.2363850881109904,0.25553618348989293
atoms,100,400,4.0,0.01,0.7,128,dkw,1.0,1.0,1.0,0.0,0.0,0.0,0.0,0.016082177441493498,0.09227076687921065,0.2826339653132802,0.31525996441227877
atoms,100,400,4.0,0.01,0.7,129,cp,1.0,1.0,1.0,0.0,0.0,0.0,0.0,0.025565827938865828,0.10043489373997505,0.2218790147659812,0.25829831018865956
atoms,100,400,4.0,0.01,0.7,129,dkw,1.0,1.0,1.0,0.0,0.0,0.0,0.0,0.03251100726768402,0.10784820255874888,0.24783526010592516,0.281334145599346
atoms,100,400,4.0,0.01,0.7,130,cp,1.0,1.0,1.0,0.0,0.0,0.0,0.0,0.030684013844307027,0.10784820255874888,0.2092056422293566,0.25260644073050187
atoms,100,400,4.0,0.01,0.7,130,dkw,1.0,1.0,1.0,0.0,0.0,0.0,0.0,0.025032634790529487,0.10784820255874888,0.24614544864135712,0.2720375495677622
atoms,100,400,4.0,0.01,0.7,131,cp,1.0,1.0,1.0,0.0,0.0,0.0,0.0,0.021771022870488377,0.10043489373997505,0.22174940904982177,0.25613863826380834
atoms,100,400,4.0,0.01,0.7,131,dkw,1.0,1.0,1.0,0.0,0.0,0.0,0.0,0.019214194995806594,0.10043489373997505,0.2575218945716882,0.28004665894013836
atoms,100,400,4.0,0.01,0.7,132,cp,1.0,1.0,1.0,0.0,0.0,0.0,0.0,0.03565670638100864,0.12431731341754021,0.21200126974993147,0.2511491351526969
atoms,100,400,4.0,0.01,0.7,132,dkw,1.0,1.0,1.0,0.0,0.0,0.0,0.0,0.025032634790529487,0.10784820255874888,0.24842440799647383,0.276115101911248
atoms,100,400,4.0,0.01,0.7,133,cp,1.0,1.0,1.0,0.0,0.0,0.0,0.0,0.019353945359014902,0.10043489373997505,0.2050430589949662,0.26106885526568746
atoms,100,400,4.0,0.01,0.7,133,dkw,1.0,1.0,1.0,0.0,0.0,0.0,0.0,0.01969475720198866,0.10043489373997505,0.22166894884766536,0.28176763820921036
atoms,100,400,4.0,0.01,0.7,134,cp,1.0,1.0,1.0,0.0,0.0,0.0,0.0,0.031115151268304844,0.10784820255874888,0.2081613064975018,0.25528044000382905
atoms,100,400,4.0,0.01,0.7,134,dkw,1.0,1.0,1.0,0.0,0.0,0.0,0.0,0.0299698481490647,0.10784820255874888,0.23552607112532023,0.2758309824937403
atoms,100,400,4.0,0.01,0.7,135,cp,1.0,1.0,1.0,0.0,0.0,0.0,0.0,0.019000628275725014,0.10043489373997505,0.22081753882195485,0.2640180906511729
atoms,100,400,4.0,0.01,0.7,135,dkw,1.0,1.0,1.0,0.0,0.0,0.0,0.0,0.01969475720198866,0.10043489373997505,0.24798538278096086,0.2812510252870276
atoms,100,400,4.0,0.01,0.7,136,cp,1.0,1.0,1.0,0.0,0.0,0.0,0.0,0.015451446955397925,0.07206629246818791,0.23472319384537843,0.26371596049048046
atoms,100,400,4.0,0.01,0.7,136,dkw,1.0,1.0,1.0,0.0,0.0,0.0,0.0,0.03251100726768402,0.10784820255874888,0.27410141064640403,0.314105423386863
atoms,100,400,4.0,0.01,0.7,137,cp,1.0,1.0,1.0,0.0,0.0,0.0,0.0,0.01670131093858053,0.09227076687921065,0.22461270844819953,0.2550115687599557
atoms,100,400,4.0,0.01,0.7,137,dkw,1.0,1.0,1.0,0.0,0.0,0.0,0.0,0.01969475720198866,0.10043489373997505,0.2722702958579611,0.29682942870148066
atoms,100,400,4.0,0.01,0.7,138,cp,1.0,1.0,1.0,0.0,0.0,0.0,0.0,0.015772324888419283,0.08292611746763873,0.2277664231305785,0.2566187427219575
atoms,100,400,4.0,0.01,0.7,138,dkw,1.0,1.0,1.0,0.0,0.0,0.0,0.0,0.019353945359014902,0.10043489373997505,0.2735960072133936,0.3032874634727557
atoms,100,400,4.0,0.01,0.7,139,cp,1.0,1.0,1.0,0.0,0.0,0.0,0.0,0.018158443109993216,0.09227076687921065,0.21573222999845507,0.25392213476633985
atoms,100,400,4.0,0.01,0.7,139,dkw,1.0,1.0,1.0,0.0,0.0,0.0,0.0,0.015601615235311435,0.09227076687921065,0.25176149218419075,0.28164575825180915
atoms,100,400,4.0,0.01,0.7,140,cp,1.0,1.0,1.0,0.0,0.0,0.0,0.0,0.03268827873628735,0.10784820255874888,0.19923074733862,0.24940317035704584
atoms,100,400,4.0,0.01,0.7,140,dkw,1.0,1.0,1.0,0.0,0.0,0.0,0.0,0.020718706688179534,0.10043489373997505,0.23573336639205025,0.2710622515262011
atoms,100,400,4.0,0.01,0.7,141,cp,1.0,1.0,1.0,0.0,0.0,0.0,0.0,0.03766097127298896,0.12431731341754021,0.20536301411913727,0.24654942536047764
atoms,100,400,4.0,0.01,0.7,141,dkw,1.0,1.0,1.0,0.0,0.0,0.0,0.0,0.025032634790529487,0.10784820255874888,0.24425551339867396,0.26931909957206596
atoms,100,400,4.0,0.01,0.7,142,cp,1.0,1.0,1.0,0.0,0.0,0.0,0.0,0.018350245152368626,0.08292611746763873,0.22894380952572754,0.25802553804190254
atoms,100,400,4.0,0.01,0.7,142,dkw,1.0,1.0,1.0,0.0,0.0,0.0,0.0,0.02333864181650239,0.09227076687921065,0.27302134035032594,0.30278972215588584
atoms,100,400,4.0,0.01,0.7,143,cp,1.0,1.0,1.0,0.0,0.0,0.0,0.0,0.027379563882087062,0.10784820255874888,0.21782616605940436,0.25576249852871935
atoms,100,400,4.0,0.01,0.7,143,dkw,1.0,1.0,1.0,0.0,0.0,0.0,0.0,0.02331455637807497,0.10784820255874888,0.24819473015903057,0.2779493201844303
atoms,100,400,4.0,0.01,0.7,144,cp,1.0,1.0,1.0,0.0,0.0,0.0,0.0,0.03388621435728317,0.12431731341754021,0.20969763248726164,0.2553396834999642
atoms,100,400,4.0,0.01,0.7,144,dkw,1.0,1.0,1.0,0.0,0.0,0.0,0.0,0.029198480054989977,0.12431731341754021,0.24791946042686816,0.27272565088227985
atoms,100,400,4.0,0.01,0.7,145,cp,1.0,1.0,1.0,0.0,0.0,0.0,0.0,0.015446306875209344,0.09227076687921065,0.22605226833595624,0.2620606915102146
atoms,100,400,4.0,0.01,0.7,145,dkw,1.0,1.0,1.0,0.0,0.0,0.0,0.0,0.02400868530433861,0.10784820255874888,0.24922216336253303,0.28137071285890464
atoms,100,400,4.0,0.01,0.7,146,cp,1.0,1.0,1.0,0.0,0.0,0.0,0.0,0.03388621435728317,0.12431731341754021,0.21655697879439945,0.2530545766159079
atoms,100,400,4.0,0.01,0.7,146,dkw,1.0,1.0,1.0,0.0,0.0,0.0,0.0,0.029198480054989977,0.12431731341754021,0.2514648029112261,0.280422695040138
atoms,100,400,4.0,0.01,0.7,147,cp,1.0,1.0,1.0,0.0,0.0,0.0,0.0,0.012040845798234036,0.05921743213877939,0.23776188704227927,0.2629316375789027
atoms,100,400,4.0,0.01,0.7,147,dkw,1.0,1.0,1.0,0.0,0.0,0.0,0.0,0.02660103260047703,0.10043489373997505,0.28698025722317716,0.32014268467747664
atoms,100,400,4.0,0.01,0.7,148,cp,1.0,1.0,1.0,0.0,0.0,0.0,0.0,0.00585083852591825,0.05921743213877939,0.23767689637758863,0.26724384899218645
atoms,100,400,4.0,0.01,0.7,148,dkw,1.0,1.0,1.0,0.0,0.0,0.0,0.0,0.013219657927266908,0.08292611746763873,0.2792645881711509,0.3039176621299952
atoms,100,400,4.0,0.01,0.7,149,cp,1.0,1.0,1.0,0.0,0.0,0.0,0.0,0.016309379199789018,0.09227076687921065,0.22918013403686444,0.2603384229935437
atoms,100,400,4.0,0.01,0.7,149,dkw,1.0,1.0,1.0,0.0,0.0,0.0,0.0,0.02400868530433861,0.10784820255874888,0.26900252128976393,0.2958338939249641
atoms,100,400,4.0,0.01,0.7,150,cp,1.0,1.0,1.0,0.0,0.0,0.0,0.0,0.016799345933830343,0.09227076687921065,0.2269261918716595,0.26210802356638574
atoms,100,400,4.0,0.01,0.7,150,dkw,1.0,1.0,1.0,0.0,0.0,0.0,0.0,0.016082177441493498,0.09227076687921065,0.25895005216376044,0.28614842666810725
atoms,100,400,4.0,0.01,0.7,151,cp,1.0,1.0,1.0,0.0,0.0,0.0,0.0,0.026492397734464296,0.10784820255874888,0.22334822516497646,0.25912831842915685
atoms,100,400,4.0,0.01,0.7,151,dkw,1.0,1.0,1.0,0.0,0.0,0.0,0.0,0.023362715193708694,0.10784820255874888,0.25777097798003834,0.2825840488740429
atoms,100,400,4.0,0.01,0.7,152,cp,1.0,1.0,1.0,0.0,0.0,0.0,0.0,0.015416141135231775,0.07206629246818791,0.23161828810015844,0.2586091687868858
atoms,100,400,4.0,0.01,0.7,152,dkw,1.0,1.0,1.0,0.0,0.0,0.0,0.0,0.030539493019859063,0.10784820255874888,0.27251030005337534,0.3083939889866015
atoms,100,400,4.0,0.01,0.7,153,cp,1.0,1.0,1.0,0.0,0.0,0.0,0.0,0.055148669656398266,0.16853607382225727,0.20985959900675,0.2583323866168229
atoms,100,400,4.0,0.01,0.7,153,dkw,1.0,1.0,1.0,0.0,0.0,0.0,0.0,0.052135224093655966,0.16853607382225727,0.23978502774893673,0.2739773397968674
atoms,100,400,4.0,0.01,0.7,154,cp,1.0,1.0,1.0,0.0,0.0,0.0,0.0,0.021771022870488377,0.10043489373997505,0.2155816342002007,0.25313808403954874
atoms,100,400,4.0,0.01,0.7,154,dkw,1.0,1.0,1.0,0.0,0.0,0.0,0.0,0.019214194995806594,0.10043489373997505,0.24749698267681428,0.2791316037681134
atoms,100,400,4.0,0.01,0.7,155,cp,1.0,1.0,1.0,0.0,0.0,0.0,0.0,0.027743975542218243,0.08292611746763873,0.2140667079170852,0.25974607243739073
atoms,100,400,4.0,0.01,0.7,155,dkw,1.0,1.0,1.0,0.0,0.0,0.0,0.0,0.031115151268304844,0.10784820255874888,0.26293319951345656,0.30322315217421103
atoms,100,400,4.0,0.01,0.7,156,cp,1.0,1.0,1.0,0.0,0.0,0.0,0.0,0.0255744720212407,0.10043489373997505,0.22590533528999934,0.2604692885946466
atoms,100,400,4.0,0.01,0.7,156,dkw,1.0,1.0,1.0,0.0,0.0,0.0,0.0,0.031384846327106856,0.10784820255874888,0.25532553270630304,0.28479769704271457
atoms,100,400,4.0,0.01,0.7,157,cp,1.0,1.0,1.0,0.0,0.0,0.0,0.0,0.027379563882087062,0.10784820255874888,0.2187058698709333,0.2497315935481509
atoms,100,400,4.0,0.01,0.7,157,dkw,1.0,1.0,1.0,0.0,0.0,0.0,0.0,0.02331455637807497,0.10784820255874888,0.25596772638174486,0.2825840488740429
atoms,100,400,4.0,0.01,0.7,158,cp,1.0,1.0,1.0,0.0,0.0,0.0,0.0,0.03565670638100864,0.12431731341754021,0.2169843293780858,0.2538675367116914
atoms,100,400,4.0,0.01,0.7,158,dkw,1.0,1.0,1.0,0.0,0.0,0.0,0.0,0.030005327327231095,0.12431731341754021,0.26198088557892885,0.286015035954801
atoms,100,400,4.0,0.01,0.7,159,cp,1.0,1.0,1.0,0.0,0.0,0.0,0.0,0.021363690715110923,0.08292611746763873,0.21929930835432707,0.25298271384563387
atoms,100,400,4.0,0.01,0.7,159,dkw,1.0,1.0,1.0,0.0,0.0,0.0,0.0,0.02570158479209022,0.10043489373997505,0.26080124680850914,0.2939769265349439
atoms,100,400,4.0,0.01,0.7,160,cp,1.0,1.0,1.0,0.0,0.0,0.0,0.0,0.031057643509539937,0.12431731341754021,0.21345181878708763,0.25888196950300624
atoms,100,400,4.0,0.01,0.7,160,dkw,1.0,1.0,1.0,0.0,0.0,0.0,0.0,0.028500815634858158,0.12431731341754021,0.2475669894753829,0.27953276129977156
atoms,100,400,4.0,0.01,0.7,161,cp,1.0,1.0,1.0,0.0,0.0,0.0,0.0,0.015751465142865507,0.09227076687921065,0.22396371026088538,0.25565818562347953
atoms,100,400,4.0,0.01,0.7,161,dkw,1.0,1.0,1.0,0.0,0.0,0.0,0.0,0.02400868530433861,0.10784820255874888,0.2520351960041529,0.2834901157753133
atoms,100,400,4.0,0.01,0.7,162,cp,1.0,1.0,1.0,0.0,0.0,0.0,0.0,0.01946315556358771,0.09227076687921065,0.22424101513979836,0.25774817011540696
atoms,100,400,4.0,0.01,0.7,162,dkw,1.0,1.0,1.0,0.0,0.0,0.0,0.0,0.02331455637807497,0.10784820255874888,0.2590588843063026,0.28996637823043997
atoms,100,400,4.0,0.01,0.7,163,cp,1.0,1.0,1.0,0.0,0.0,0.0,0.0,0.02242383632468593,0.07206629246818791,0.21641211868685314,0.26260252316257177
atoms,100,400,4.0,0.01,0.7,163,dkw,1.0,1.0,1.0,0.0,0.0,0.0,0.0,0.030364930907662367,0.10784820255874888,0.2652245592608139,0.3085965234541391
atoms,100,400,4.0,0.01,0.7,164,cp,1.0,1.0,1.0,0.0,0.0,0.0,0.0,0.01153717042725084,0.05921743213877939,0.23139857266622943,0.2636678526761052
atoms,100,400,4.0,0.01,0.7,164,dkw,1.0,1.0,1.0,0.0,0.0,0.0,0.0,0.019056255863182377,0.10043489373997505,0.2790517112573864,0.3224088620748729
atoms,100,400,4.0,0.01,0.7,165,cp,1.0,1.0,1.0,0.0,0.0,0.0,0.0,0.03565670638100864,0.12431731341754021,0.20025958086760787,0.253278842105852
atoms,100,400,4.0,0.01,0.7,165,dkw,1.0,1.0,1.0,0.0,0.0,0.0,0.0,0.024225787518288366,0.10784820255874888,0.2312891019747979,0.2730931890423047
atoms,100,400,4.0,0.01,0.7,166,cp,1.0,1.0,1.0,0.0,0.0,0.0,0.0,0.013125209216729626,0.07206629246818791,0.22765923547257189,0.25997062090062695
atoms,100,400,4.0,0.01,0.7,166,dkw,1.0,1.0,1.0,0.0,0.0,0.0,0.0,0.029401892996391964,0.12431731341754021,0.2712620428327748,0.3107758266143416
atoms,100,400,4.0,0.01,0.7,167,cp,1.0,1.0,1.0,0.0,0.0,0.0,0.0,0.013219657927266908,0.08292611746763873,0.21856091690032747,0.26455081784199264
atoms,100,400,4.0,0.01,0.7,167,dkw,1.0,1.0,1.0,0.0,0.0,0.0,0.0,0.013219657927266908,0.08292611746763873,0.24813046018439183,0.2827605046869822
atoms,100,400,4.0,0.01,0.7,168,cp,1.0,1.0,1.0,0.0,0.0,0.0,0.0,0.022583636850878025,0.09227076687921065,0.22727802786477547,0.26490211153887244
atoms,100,400,4.0,0.01,0.7,168,dkw,1.0,1.0,1.0,0.0,0.0,0.0,0.0,0.02857254684830198,0.10043489373997505,0.25700093398565016,0.2841559397820591
atoms,100,400,4.0,0.01,0.7,169,cp,1.0,1.0,1.0,0.0,0.0,0.0,0.0,0.026531914322433278,0.08292611746763873,0.22894874409891908,0.26289501413407484
atoms,100,400,4.0,0.01,0.7,169,dkw,1.0,1.0,1.0,0.0,0.0,0.0,0.0,0.0299698481490647,0.10784820255874888,0.2800569730023979,0.30201842731797285
atoms,100,400,4.0,0.01,0.7,170,cp,1.0,1.0,1.0,0.0,0.0,0.0,0.0,0.01877809158480405,0.08292611746763873,0.23089672610872217,0.26316924832118493
atoms,100,400,4.0,0.01,0.7,170,dkw,1.0,1.0,1.0,0.0,0.0,0.0,0.0,0.02747278030144667,0.10784820255874888,0.26983543306189256,0.3034622053735534
atoms,100,400,4.0,0.01,0.7,171,cp,1.0,1.0,1.0,0.0,0.0,0.0,0.0,0.012878846084293152,0.08292611746763873,0.20864296096454216,0.2531292981106439
atoms,100,400,4.0,0.01,0.7,171,dkw,1.0,1.0,1.0,0.0,0.0,0.0,0.0,0.013219657927266908,0.08292611746763873,0.23473068990241724,0.28160645835574005
atoms,100,400,4.0,0.01,0.7,172,cp,1.0,1.0,1.0,0.0,0.0,0.0,0.0,0.031057643509539937,0.12431731341754021,0.21363872514846996,0.2601451619901058
atoms,100,400,4.0,0.01,0.7,172,dkw,1.0,1.0,1.0,0.0,0.0,0.0,0.0,0.028287248914776582,0.12431731341754021,0.2422978929596397,0.2783411080473318
atoms,100,400,4.0,0.01,0.7,173,cp,1.0,1.0,1.0,0.0,0.0,0.0,0.0,0.010745751747015397,0.07206629246818791,0.2276525317401365,0.25174303130588005
atoms,100,400,4.0,0.01,0.7,173,dkw,1.0,1.0,1.0,0.0,0.0,0.0,0.0,0.015601615235311435,0.09227076687921065,0.26973331326980826,0.304968271274886
atoms,100,400,4.0,0.01,0.7,174,cp,1.0,1.0,1.0,0.0,0.0,0.0,0.0,0.03337837647040467,0.10784820255874888,0.21142456621527256,0.24564136596927133
atoms,100,400,4.0,0.01,0.7,174,dkw,1.0,1.0,1.0,0.0,0.0,0.0,0.0,0.026031387729682658,0.10043489373997505,0.24613863833901042,0.27387553841368106
atoms,100,400,4.0,0.01,0.7,175,cp,1.0,1.0,1.0,0.0,0.0,0.0,0.0,0.017665333173043342,0.08292611746763873,0.23059724562851702,0.26112888297885717
atoms,100,400,4.0,0.01,0.7,175,dkw,1.0,1.0,1.0,0.0,0.0,0.0,0.0,0.02857254684830198,0.10043489373997505,0.26178714145234133,0.2929970369873991
atoms,100,400,4.0,0.01,0.7,176,cp,1.0,1.0,1.0,0.0,0.0,0.0,0.0,0.030684013844307027,0.10784820255874888,0.21256347020119026,0.2556825008043767
atoms,100,400,4.0,0.01,0.7,176,dkw,1.0,1.0,1.0,0.0,0.0,0.0,0.0,0.025391394911138173,0.10784820255874888,0.24785905557228433,0.27398834622411783
atoms,100,400,4.0,0.01,0.7,177,cp,1.0,1.0,1.0,0.0,0.0,0.0,0.0,0.012870637218572059,0.07206629246818791,0.23375199307173836,0.26217207617348115
atoms,100,400,4.0,0.01,0.7,177,dkw,1.0,1.0,1.0,0.0,0.0,0.0,0.0,0.0216474865798446,0.09227076687921065,0.27117973031695003,0.3036001156456889
atoms,100,400,4.0,0.01,0.7,178,cp,1.0,1.0,1.0,0.0,0.0,0.0,0.0,0.016082177441493498,0.09227076687921065,0.2161649172801485,0.25547048650600457
atoms,100,400,4.0,0.01,0.7,178,dkw,1.0,1.0,1.0,0.0,0.0,0.0,0.0,0.016082177441493498,0.09227076687921065,0.24629785053593906,0.28045069753086205
atoms,100,400,4.0,0.01,0.7,179,cp,1.0,1.0,1.0,0.0,0.0,0.0,0.0,0.015901932438163048,0.09227076687921065,0.23058500513527597,0.26602308388432416
atoms,100,400,4.0,0.01,0.7,179,dkw,1.0,1.0,1.0,0.0,0.0,0.0,0.0,0.02400868530433861,0.10784820255874888,0.2662241522133306,0.2933293228488841
atoms,100,400,4.0,0.01,0.7,180,cp,1.0,1.0,1.0,0.0,0.0,0.0,0.0,0.027379563882087062,0.10784820255874888,0.20637811096431402,0.2514908722037077
atoms,100,400,4.0,0.01,0.7,180,dkw,1.0,1.0,1.0,0.0,0.0,0.0,0.0,0.019000628275725014,0.10043489373997505,0.23722617899868279,0.2768054457711453
atoms,100,400,4.0,0.01,0.7,181,cp,1.0,1.0,1.0,0.0,0.0,0.0,0.0,0.03905542480891531,0.12431731341754021,0.21634007445895267,0.2542860215515499
atoms,100,400,4.0,0.01,0.7,181,dkw,1.0,1.0,1.0,0.0,0.0,0.0,0.0,0.039387464973803986,0.13985112650582393,0.25093032269421905,0.2842130089805979
atoms,100,400,4.0,0.01,0.7,182,cp,1.0,1.0,1.0,0.0,0.0,0.0,0.0,0.0243569548843384,0.09227076687921065,0.21450597914961808,0.24786632809171483
atoms,100,400,4.0,0.01,0.7,182,dkw,1.0,1.0,1.0,0.0,0.0,0.0,0.0,0.020718706688179534,0.10043489373997505,0.2554579589901442,0.2862002651086929
atoms,100,400,4.0,0.01,0.7,183,cp,1.0,1.0,1.0,0.0,0.0,0.0,0.0,0.028335407730410305,0.12431731341754021,0.21972887946610004,0.2689235651815708
atoms,100,400,4.0,0.01,0.7,183,dkw,1.0,1.0,1.0,0.0,0.0,0.0,0.0,0.02898137784104022,0.12431731341754021,0.24854888315863874,0.28210706566343413
atoms,100,400,4.0,0.01,0.7,184,cp,1.0,1.0,1.0,0.0,0.0,0.0,0.0,0.04007446252269345,0.10784820255874888,0.19625555510942752,0.23587382759612407
atoms,100,400,4.0,0.01,0.7,184,dkw,1.0,1.0,1.0,0.0,0.0,0.0,0.0,0.030684013844307027,0.10784820255874888,0.23836541979024808,0.2697728604940894
atoms,100,400,4.0,0.01,0.7,185,cp,1.0,1.0,1.0,0.0,0.0,0.0,0.0,0.018669328089013282,0.08292611746763873,0.2209486747096882,0.25210067979394035
atoms,100,400,4.0,0.01,0.7,185,dkw,1.0,1.0,1.0,0.0,0.0,0.0,0.0,0.020718706688179534,0.10043489373997505,0.26635073807564763,0.299058475494989
atoms,100,400,4.0,0.01,0.7,186,cp,1.0,1.0,1.0,0.0,0.0,0.0,0.0,0.03618368482026149,0.10784820255874888,0.20566503079008439,0.2458773550066043
atoms,100,400,4.0,0.01,0.7,186,dkw,1.0,1.0,1.0,0.0,0.0,0.0,0.0,0.029732839655184397,0.10784820255874888,0.2390404400204239,0.2684604462712573
atoms,100,400,4.0,0.01,0.7,187,cp,1.0,1.0,1.0,0.0,0.0,0.0,0.0,0.024607062490055245,0.10043489373997505,0.21831594413837507,0.24932568523369913
atoms,100,400,4.0,0.01,0.7,187,dkw,1.0,1.0,1.0,0.0,0.0,0.0,0.0,0.02331455637807497,0.10784820255874888,0.25995239181822094,0.2878984704493754
atoms,100,400,4.0,0.01,0.7,188,cp,1.0,1.0,1.0,0.0,0.0,0.0,0.0,0.019453056019241945,0.09227076687921065,0.22105895172499235,0.25427320833863587
atoms,100,400,4.0,0.01,0.7,188,dkw,1.0,1.0,1.0,0.0,0.0,0.0,0.0,0.015436207330863578,0.09227076687921065,0.2615278336703277,0.2836080054730168
atoms,100,400,4.0,0.01,0.7,189,cp,1.0,1.0,1.0,0.0,0.0,0.0,0.0,0.02573291442658017,0.10043489373997505,0.21729159952114763,0.2609559692483847
atoms,100,400,4.0,0.01,0.7,189,dkw,1.0,1.0,1.0,0.0,0.0,0.0,0.0,0.02857254684830198,0.10043489373997505,0.24259498201358984,0.28198810974531574
atoms,100,400,4.0,0.01,0.7,190,cp,1.0,1.0,1.0,0.0,0.0,0.0,0.0,0.028242839198961932,0.10043489373997505,0.2273918832103337,0.2604603472980408
atoms,100,400,4.0,0.01,0.7,190,dkw,1.0,1.0,1.0,0.0,0.0,0.0,0.0,0.04113226608943858,0.13985112650582393,0.2627772733484797,0.2969436396517512
atoms,100,400,4.0,0.01,0.7,191,cp,1.0,1.0,1.0,0.0,0.0,0.0,0.0,0.019214194995806594,0.10043489373997505,0.22958168927842706,0.2685410667863378
atoms,100,400,4.0,0.01,0.7,191,dkw,1.0,1.0,1.0,0.0,0.0,0.0,0.0,0.016082177441493498,0.09227076687921065,0.26758245609136144,0.29025105831285736
atoms,100,400,4.0,0.01,0.7,192,cp,1.0,1.0,1.0,0.0,0.0,0.0,0.0,0.044634293043134626,0.13985112650582393,0.20009584358364363,0.2555284278289787
atoms,100,400,4.0,0.01,0.7,192,dkw,1.0,1.0,1.0,0.0,0.0,0.0,0.0,0.03444617712684266,0.12431731341754021,0.24075498614984128,0.27286784674466646
atoms,100,400,4.0,0.01,0.7,193,cp,1.0,1.0,1.0,0.0,0.0,0.0,0.0,0.015546934999246555,0.05921743213877939,0.2311129072491228,0.25657957568231715
atoms,100,400,4.0,0.01,0.7,193,dkw,1.0,1.0,1.0,0.0,0.0,0.0,0.0,0.022485921643421874,0.10043489373997505,0.28711445861759843,0.3175179504473762
atoms,100,400,4.0,0.01,0.7,194,cp,1.0,1.0,1.0,0.0,0.0,0.0,0.0,0.03533094544743188,0.10784820255874888,0.20818891299006687,0.24747162914376153
atoms,100,400,4.0,0.01,0.7,194,dkw,1.0,1.0,1.0,0.0,0.0,0.0,0.0,0.03235225641878867,0.12431731341754021,0.25274423828235515,0.2846865828124447
atoms,100,400,4.0,0.01,0.7,195,cp,1.0,1.0,1.0,0.0,0.0,0.0,0.0,0.02891352182058156,0.10784820255874888,0.2178143856936319,0.2546855512524968
atoms,100,400,4.0,0.01,0.7,195,dkw,1.0,1.0,1.0,0.0,0.0,0.0,0.0,0.023667873461364855,0.10784820255874888,0.2602199371826256,0.285301907575158
atoms,100,400,4.0,0.01,0.7,196,cp,1.0,1.0,1.0,0.0,0.0,0.0,0.0,0.026370085741957067,0.10043489373997505,0.21376374342179902,0.24991424620364533
atoms,100,400,4.0,0.01,0.7,196,dkw,1.0,1.0,1.0,0.0,0.0,0.0,0.0,0.019353945359014902,0.10043489373997505,0.2460909867875707,0.2728749011508649
atoms,100,400,4.0,0.01,0.7,197,cp,1.0,1.0,1.0,0.0,0.0,0.0,0.0,0.015388048515229855,0.09227076687921065,0.21949296576324076,0.261475374944365
atoms,100,400,4.0,0.01,0.7,197,dkw,1.0,1.0,1.0,0.0,0.0,0.0,0.0,0.016082177441493498,0.09227076687921065,0.254601216128519,0.28205434252201267
atoms,100,400,4.0,0.01,0.7,198,cp,1.0,1.0,1.0,0.0,0.0,0.0,0.0,0.03568904112575536,0.12431731341754021,0.210351136259115,0.2562834527697535
atoms,100,400,4.0,0.01,0.7,198,dkw,1.0,1.0,1.0,0.0,0.0,0.0,0.0,0.030539493019859063,0.10784820255874888,0.24038039842903303,0.278142137917319
atoms,100,400,4.0,0.01,0.7,199,cp,1.0,1.0,1.0,0.0,0.0,0.0,0.0,0.02964004521147226,0.10784820255874888,0.21779576664088052,0.2616514328021917
atoms,100,400,4.0,0.01,0.7,199,dkw,1.0,1.0,1.0,0.0,0.0,0.0,0.0,0.03251100726768402,0.10784820255874888,0.24476997629111044,0.28215909342237117
atoms,100,400,4.0,0.01,0.7,200,cp,1.0,1.0,1.0,0.0,0.0,0.0,0.0,0.034886873280802894,0.10784820255874888,0.21206391063565286,0.2514707558875519
atoms,100,400,4.0,0.01,0.7,200,dkw,1.0,1.0,1.0,0.0,0.0,0.0,0.0,0.026426470488280333,0.10043489373997505,0.2667945355399792,0.2848596399099828
atoms,100,400,4.0,0.01,0.7,201,cp,1.0,1.0,1.0,0.0,0.0,0.0,0.0,0.04760933738664095,0.15455945414032607,0.20741671469725825,0.2554775433710912
atoms,100,400,4.0,0.01,0.7,201,dkw,1.0,1.0,1.0,0.0,0.0,0.0,0.0,0.039387464973803986,0.13985112650582393,0.24510929092956527,0.2726259755289056
atoms,100,400,4.0,0.01,0.7,202,cp,1.0,1.0,1.0,0.0,0.0,0.0,0.0,0.020718706688179534,0.10043489373997505,0.20748707865631721,0.25364127663047353
atoms,100,400,4.0,0.01,0.7,202,dkw,1.0,1.0,1.0,0.0,0.0,0.0,0.0,0.01969475720198866,0.10043489373997505,0.2330562693938494,0.28111299646862864
atoms,100,400,4.0,0.01,0.7,203,cp,1.0,1.0,1.0,0.0,0.0,0.0,0.0,0.017178879947676758,0.05921743213877939,0.23420457490721025,0.2654119684254107
atoms,100,400,4.0,0.01,0.7,203,dkw,1.0,1.0,1.0,0.0,0.0,0.0,0.0,0.03388129397500954,0.13985112650582393,0.2985137847173647,0.32896600252411384
atoms,100,400,4.0,0.01,0.7,204,cp,1.0,1.0,1.0,0.0,0.0,0.0,0.0,0.010108351098156164,0.07206629246818791,0.23025254645934076,0.25608689594364026
atoms,100,400,4.0,0.01,0.7,204,dkw,1.0,1.0,1.0,0.0,0.0,0.0,0.0,0.01969475720198866,0.10043489373997505,0.2677255337893496,0.3035825060433641
atoms,100,400,4.0,0.01,0.7,205,cp,1.0,1.0,1.0,0.0,0.0,0.0,0.0,0.020242822537530642,0.07192507397813008,0.24207779231027535,0.2728291349483708
atoms,100,400,4.0,0.01,0.7,205,dkw,1.0,1.0,1.0,0.0,0.0,0.0,0.0,0.022028933750508076,0.09227076687921065,0.3073208384585921,0.3365134191724053
atoms,100,400,4.0,0.01,0.7,206,cp,1.0,1.0,1.0,0.0,0.0,0.0,0.0,0.034886873280802894,0.10784820255874888,0.2024686354222939,0.2550036588825066
atoms,100,400,4.0,0.01,0.7,206,dkw,1.0,1.0,1.0,0.0,0.0,0.0,0.0,0.030364930907662367,0.10784820255874888,0.2362394958057467,0.27156430902296824
atoms,100,400,4.0,0.01,0.7,207,cp,1.0,1.0,1.0,0.0,0.0,0.0,0.0,0.015041844536037949,0.07206629246818791,0.22975410666463858,0.2580313194143289
atoms,100,400,4.0,0.01,0.7,207,dkw,1.0,1.0,1.0,0.0,0.0,0.0,0.0,0.026031387729682658,0.10043489373997505,0.2662099352589766,0.30062475640488673
atoms,100,400,4.0,0.01,0.7,208,cp,1.0,1.0,1.0,0.0,0.0,0.0,0.0,0.018661859317189642,0.08292611746763873,0.2198305363935683,0.2491430071264334
atoms,100,400,4.0,0.01,0.7,208,dkw,1.0,1.0,1.0,0.0,0.0,0.0,0.0,0.01574136559851974,0.09227076687921065,0.27105684556581694,0.2961847209350429
atoms,100,400,4.0,0.01,0.7,209,cp,1.0,1.0,1.0,0.0,0.0,0.0,0.0,0.016590536505015355,0.08292611746763873,0.21807793103955664,0.24869622203323516
atoms,100,400,4.0,0.01,0.7,209,dkw,1.0,1.0,1.0,0.0,0.0,0.0,0.0,0.012525529001003266,0.08292611746763873,0.26362719335252144,0.2874616509691403
atoms,100,400,4.0,0.01,0.7,210,cp,1.0,1.0,1.0,0.0,0.0,0.0,0.0,0.05413578836216901,0.15455945414032607,0.19066936746322372,0.24045520453972552
atoms,100,400,4.0,0.01,0.7,210,dkw,1.0,1.0,1.0,0.0,0.0,0.0,0.0,0.047433129606854633,0.15455945414032607,0.22715197280680766,0.27154135662881373
atoms,100,400,4.0,0.01,0.7,211,cp,1.0,1.0,1.0,0.0,0.0,0.0,0.0,0.011348029438414951,0.08292611746763873,0.22940179578843903,0.26439409104830314
atoms,100,400,4.0,0.01,0.7,211,dkw,1.0,1.0,1.0,0.0,0.0,0.0,0.0,0.016082177441493498,0.09227076687921065,0.2560495950475757,0.28613756469705054
atoms,100,400,4.0,0.01,0.7,212,cp,1.0,1.0,1.0,0.0,0.0,0.0,0.0,0.058414057401243814,0.16853607382225727,0.19881374754268244,0.242811007481894
atoms,100,400,4.0,0.01,0.7,212,dkw,1.0,1.0,1.0,0.0,0.0,0.0,0.0,0.042834066735385944,0.15455945414032607,0.24936306521001556,0.2698667822993779
atoms,100,400,4.0,0.01,0.7,213,cp,1.0,1.0,1.0,0.0,0.0,0.0,0.0,0.034923498685805916,0.10784820255874888,0.20001191569123805,0.24611530805849813
atoms,100,400,4.0,0.01,0.7,213,dkw,1.0,1.0,1.0,0.0,0.0,0.0,0.0,0.027379563882087062,0.10784820255874888,0.23311711063457635,0.26549685468581086
atoms,100,400,4.0,0.01,0.7,214,cp,1.0,1.0,1.0,0.0,0.0,0.0,0.0,0.03766097127298896,0.12431731341754021,0.21033026193632387,0.24858221451067025
atoms,100,400,4.0,0.01,0.7,214,dkw,1.0,1.0,1.0,0.0,0.0,0.0,0.0,0.030005327327231095,0.12431731341754021,0.25034161921313125,0.27689349468691166
atoms,100,400,4.0,0.01,0.7,215,cp,1.0,1.0,1.0,0.0,0.0,0.0,0.0,0.026264791915451894,0.09227076687921065,0.22246386679752117,0.2634306906599053
atoms,100,400,4.0,0.01,0.7,215,dkw,1.0,1.0,1.0,0.0,0.0,0.0,0.0,0.029198480054989977,0.12431731341754021,0.2592701076770634,0.3013872282179555
atoms,100,400,4.0,0.01,0.7,216,cp,1.0,1.0,1.0,0.0,0.0,0.0,0.0,0.025280801628402755,0.08292611746763873,0.22044385338896336,0.2617293333326651
atoms,100,400,4.0,0.01,0.7,216,dkw,1.0,1.0,1.0,0.0,0.0,0.0,0.0,0.02767056828156473,0.10784820255874888,0.26628647879859985,0.30732012561676136
atoms,100,400,4.0,0.01,0.7,217,cp,1.0,1.0,1.0,0.0,0.0,0.0,0.0,0.021771022870488377,0.10043489373997505,0.212405284284615,0.25167473350251934
atoms,100,400,4.0,0.01,0.7,217,dkw,1.0,1.0,1.0,0.0,0.0,0.0,0.0,0.01969475720198866,0.10043489373997505,0.24729399165711133,0.28080621595237143
atoms,100,400,4.0,0.01,0.7,218,cp,1.0,1.0,1.0,0.0,0.0,0.0,0.0,0.042320812553760856,0.12431731341754021,0.21039890069807282,0.2521200640122464
atoms,100,400,4.0,0.01,0.7,218,dkw,1.0,1.0,1.0,0.0,0.0,0.0,0.0,0.04086257103063657,0.13985112650582393,0.25284560921245613,0.28674271990777805
atoms,100,400,4.0,0.01,0.7,219,cp,1.0,1.0,1.0,0.0,0.0,0.0,0.0,0.013050931706174683,0.043685889989790117,0.23070687753375924,0.255089748800142
atoms,100,400,4.0,0.01,0.7,219,dkw,1.0,1.0,1.0,0.0,0.0,0.0,0.0,0.02100589602347681,0.07206629246818791,0.27505916468186703,0.31688910755844474
atoms,100,400,4.0,0.01,0.7,220,cp,1.0,1.0,1.0,0.0,0.0,0.0,0.0,0.01574136559851974,0.09227076687921065,0.2262479195994658,0.2632595516023857
atoms,100,400,4.0,0.01,0.7,220,dkw,1.0,1.0,1.0,0.0,0.0,0.0,0.0,0.016082177441493498,0.09227076687921065,0.25398233418913596,0.28363792920603637
atoms,100,400,4.0,0.01,0.7,221,cp,1.0,1.0,1.0,0.0,0.0,0.0,0.0,0.017634003538553388,0.08292611746763873,0.23506290555079123,0.26766644303563186
atoms,100,400,4.0,0.01,0.7,221,dkw,1.0,1.0,1.0,0.0,0.0,0.0,0.0,0.031384846327106856,0.10784820255874888,0.27793237144152594,0.30456347908764764
atoms,100,400,4.0,0.01,0.7,222,cp,1.0,1.0,1.0,0.0,0.0,0.0,0.0,0.028747385822503465,0.09227076687921065,0.2201871293364222,0.2625157787546498
atoms,100,400,4.0,0.01,0.7,222,dkw,1.0,1.0,1.0,0.0,0.0,0.0,0.0,0.03961970703172388,0.13985112650582393,0.26156674030715166,0.30118266047839576
atoms,100,400,4.0,0.01,0.7,223,cp,1.0,1.0,1.0,0.0,0.0,0.0,0.0,0.013538463085524326,0.05921743213877939,0.23850151862834956,0.26755638415343175
atoms,100,400,4.0,0.01,0.7,223,dkw,1.0,1.0,1.0,0.0,0.0,0.0,0.0,0.022770207857146056,0.08292611746763873,0.27913539830497225,0.31632996701606536
atoms,100,400,4.0,0.01,0.7,224,cp,1.0,1.0,1.0,0.0,0.0,0.0,0.0,0.01822560042524268,0.08292611746763873,0.22739416577199079,0.2576977956584474
atoms,100,400,4.0,0.01,0.7,224,dkw,1.0,1.0,1.0,0.0,0.0,0.0,0.0,0.024183995123750187,0.09227076687921065,0.2668275866944239,0.29372219686330525
atoms,100,400,4.0,0.01,0.7,225,cp,1.0,1.0,1.0,0.0,0.0,0.0,0.0,0.058414057401243814,0.16853607382225727,0.20360168398665202,0.2521084720139153
atoms,100,400,4.0,0.01,0.7,225,dkw,1.0,1.0,1.0,0.0,0.0,0.0,0.0,0.05389070094454252,0.16853607382225727,0.24566231240838718,0.2795488762678328
atoms,100,400,4.0,0.01,0.7,226,cp,1.0,1.0,1.0,0.0,0.0,0.0,0.0,0.03388621435728317,0.12431731341754021,0.2035298431101562,0.25633401885972185
atoms,100,400,4.0,0.01,0.7,226,dkw,1.0,1.0,1.0,0.0,0.0,0.0,0.0,0.028640565998066466,0.12431731341754021,0.23421549442136783,0.2749879119565997
atoms,100,400,4.0,0.01,0.7,227,cp,1.0,1.0,1.0,0.0,0.0,0.0,0.0,0.045853860535754395,0.15455945414032607,0.2149257661683996,0.26493327944583867
atoms,100,400,4.0,0.01,0.7,227,dkw,1.0,1.0,1.0,0.0,0.0,0.0,0.0,0.047322170384272354,0.13985112650582393,0.24905143327409845,0.2759017747608003
atoms,100,400,4.0,0.01,0.7,228,cp,0.0,1.0,1.0,0.0,0.0,0.0,0.0,0.030005327327231095,0.12431731341754021,0.21605879175077297,0.2551619849209529
atoms,100,400,4.0,0.01,0.7,228,dkw,0.0,1.0,1.0,0.0,0.0,0.0,0.0,0.02898137784104022,0.12431731341754021,0.24281345889795627,0.2803820840612997
atoms,100,400,4.0,0.01,0.7,229,cp,1.0,1.0,1.0,0.0,0.0,0.0,0.0,0.026599643605680595,0.09227076687921065,0.2140809431056156,0.24710835042643853
atoms,100,400,4.0,0.01,0.7,229,dkw,1.0,1.0,1.0,0.0,0.0,0.0,0.0,0.02608495097283833,0.10784820255874888,0.2624338424780936,0.2935164829227906
atoms,100,400,4.0,0.01,0.7,230,cp,1.0,1.0,1.0,0.0,0.0,0.0,0.0,0.013262351318370566,0.05921743213877939,0.23829383883006358,0.2604222999840611
atoms,100,400,4.0,0.01,0.7,230,dkw,1.0,1.0,1.0,0.0,0.0,0.0,0.0,0.02660103260047703,0.10043489373997505,0.2921702459782714,0.3228145180687545
atoms,100,400,4.0,0.01,0.7,231,cp,1.0,1.0,1.0,0.0,0.0,0.0,0.0,0.01574136559851974,0.09227076687921065,0.2209048054624193,0.25819941465755036
atoms,100,400,4.0,0.01,0.7,231,dkw,1.0,1.0,1.0,0.0,0.0,0.0,0.0,0.016082177441493498,0.09227076687921065,0.2634426649768505,0.28136945793183443
atoms,100,400,4.0,0.01,0.7,232,cp,0.0,1.0,1.0,0.0,0.0,0.0,0.0,0.02891352182058156,0.10784820255874888,0.20828085747430092,0.24852611530005914
atoms,100,400,4.0,0.01,0.7,232,dkw,1.0,1.0,1.0,0.0,0.0,0.0,0.0,0.023362715193708694,0.10784820255874888,0.23777079835378406,0.27394520354304897
atoms,100,400,4.0,0.01,0.7,233,cp,1.0,1.0,1.0,0.0,0.0,0.0,0.0,0.009693435564706556,0.07206629246818791,0.22788716394804365,0.25390830289084065
atoms,100,400,4.0,0.01,0.7,233,dkw,1.0,1.0,1.0,0.0,0.0,0.0,0.0,0.017359562763054812,0.09227076687921065,0.27470143177062106,0.3064241936382145
atoms,100,400,4.0,0.01,0.7,234,cp,1.0,1.0,1.0,0.0,0.0,0.0,0.0,0.014070265217544587,0.08292611746763873,0.22716721400378592,0.2580290943228959
atoms,100,400,4.0,0.01,0.7,234,dkw,1.0,1.0,1.0,0.0,0.0,0.0,0.0,0.019000628275725014,0.10043489373997505,0.2617682131625239,0.2948130962992186
atoms,100,400,4.0,0.01,0.7,235,cp,1.0,1.0,1.0,0.0,0.0,0.0,0.0,0.020613749684349286,0.05921743213877939,0.21934815659870663,0.26708640419447194
atoms,100,400,4.0,0.01,0.7,235,dkw,1.0,1.0,1.0,0.0,0.0,0.0,0.0,0.03112379535067972,0.10784820255874888,0.27445539012804593,0.32053971412443555
atoms,100,400,4.0,0.01,0.7,236,cp,1.0,1.0,1.0,0.0,0.0,0.0,0.0,0.05064120011962801,0.13985112650582393,0.1871143887055599,0.2336040045937649
atoms,100,400,4.0,0.01,0.7,236,dkw,1.0,1.0,1.0,0.0,0.0,0.0,0.0,0.04549023628274048,0.13985112650582393,0.22515682640976858,0.2641240648804341
atoms,100,400,4.0,0.01,0.7,237,cp,1.0,1.0,1.0,0.0,0.0,0.0,0.0,0.020864320423534553,0.08292611746763873,0.23039363774174781,0.2674918204244997
atoms,100,400,4.0,0.01,0.7,237,dkw,1.0,1.0,1.0,0.0,0.0,0.0,0.0,0.025310156064327353,0.09227076687921065,0.2660804314015504,0.2921266948731228
atoms,100,400,4.0,0.01,0.7,238,cp,1.0,1.0,1.0,0.0,0.0,0.0,0.0,0.010229579284224943,0.07206629246818791,0.22915733179474457,0.25341562124916395
atoms,100,400,4.0,0.01,0.7,238,dkw,1.0,1.0,1.0,0.0,0.0,0.0,0.0,0.01950219672707958,0.09227076687921065,0.26263803926112633,0.29945529349942407
atoms,100,400,4.0,0.01,0.7,239,cp,1.0,1.0,1.0,0.0,0.0,0.0,0.0,0.015416141135231775,0.07206629246818791,0.2339461455091487,0.25994318409915507
atoms,100,400,4.0,0.01,0.7,239,dkw,1.0,1.0,1.0,0.0,0.0,0.0,0.0,0.030539493019859063,0.10784820255874888,0.2818584169922381,0.3174865156728261
atoms,100,400,4.0,0.01,0.7,240,cp,1.0,1.0,1.0,0.0,0.0,0.0,0.0,0.024225787518288366,0.10784820255874888,0.22138276930927836,0.26420780668559823
atoms,100,400,4.0,0.01,0.7,240,dkw,1.0,1.0,1.0,0.0,0.0,0.0,0.0,0.02400868530433861,0.10784820255874888,0.2491277360202136,0.28270376587854085
atoms,100,400,4.0,0.01,0.7,241,cp,1.0,1.0,1.0,0.0,0.0,0.0,0.0,0.019000628275725014,0.10043489373997505,0.21833110341187403,0.2540060546944507
atoms,100,400,4.0,0.01,0.7,241,dkw,1.0,1.0,1.0,0.0,0.0,0.0,0.0,0.01969475720198866,0.10043489373997505,0.26030117788702023,0.2800951482028098
atoms,100,400,4.0,0.01,0.7,242,cp,1.0,1.0,1.0,0.0,0.0,0.0,0.0,0.020718706688179534,0.10043489373997505,0.22363452442108694,0.25786955718197546
atoms,100,400,4.0,0.01,0.7,242,dkw,1.0,1.0,1.0,0.0,0.0,0.0,0.0,0.019214194995806594,0.10043489373997505,0.25950319178275544,0.2827935885014945
atoms,100,400,4.0,0.01,0.7,243,cp,1.0,1.0,1.0,0.0,0.0,0.0,0.0,0.02276899694570803,0.09227076687921065,0.22081212014448576,0.2593698173514669
atoms,100,400,4.0,0.01,0.7,243,dkw,1.0,1.0,1.0,0.0,0.0,0.0,0.0,0.022770207857146056,0.08292611746763873,0.25258298621012054,0.28212365925044725
atoms,100,400,4.0,0.01,0.7,244,cp,1.0,1.0,1.0,0.0,0.0,0.0,0.0,0.010033782658144917,0.05921743213877939,0.23152486912125844,0.25913565318955145
atoms,100,400,4.0,0.01,0.7,244,dkw,1.0,1.0,1.0,0.0,0.0,0.0,0.0,0.023805812271174363,0.10043489373997505,0.2754016767041769,0.315780697617674
atoms,100,400,4.0,0.01,0.7,245,cp,1.0,1.0,1.0,0.0,0.0,0.0,0.0,0.015033200453663076,0.07206629246818791,0.22824889062342144,0.25406078526225195
atoms,100,400,4.0,0.01,0.7,245,dkw,1.0,1.0,1.0,0.0,0.0,0.0,0.0,0.02333864181650239,0.09227076687921065,0.2740178778488665,0.30703965618059004
atoms,100,400,4.0,0.01,0.7,246,cp,1.0,1.0,1.0,0.0,0.0,0.0,0.0,0.017306282826913783,0.08292611746763873,0.22414760725818625,0.25484823909512777
atoms,100,400,4.0,0.01,0.7,246,dkw,1.0,1.0,1.0,0.0,0.0,0.0,0.0,0.023667873461364855,0.10784820255874888,0.2608091657804659,0.2949049561592724
atoms,100,400,4.0,0.01,0.7,247,cp,1.0,1.0,1.0,0.0,0.0,0.0,0.0,0.0185588067984596,0.07206629246818791,0.22310961966116416,0.2613789472808454
atoms,100,400,4.0,0.01,0.7,247,dkw,1.0,1.0,1.0,0.0,0.0,0.0,0.0,0.021771022870488377,0.10043489373997505,0.2673524545562611,0.3070213547996039
atoms,100,400,4.0,0.01,0.7,248,cp,1.0,1.0,1.0,0.0,0.0,0.0,0.0,0.019911859415938413,0.10043489373997505,0.21939944083100307,0.25880221021078587
atoms,100,400,4.0,0.01,0.7,248,dkw,1.0,1.0,1.0,0.0,0.0,0.0,0.0,0.01969475720198866,0.10043489373997505,0.25063279227118407,0.2814578023108807
atoms,100,400,4.0,0.01,0.7,249,cp,1.0,1.0,1.0,0.0,0.0,0.0,0.0,0.05064120011962801,0.13985112650582393,0.18511159862980656,0.23477817801922318
atoms,100,400,4.0,0.01,0.7,249,dkw,1.0,1.0,1.0,0.0,0.0,0.0,0.0,0.043125796232736394,0.13985112650582393,0.21218749196725217,0.254884991302243
atoms,100,400,4.0,0.05,0.7,0,cp,1.0,1.0,1.0,0.0,0.0,0.0,0.0,0.006003936593737918,0.05921743213877939,0.2040670901848195,0.22764857461951393
atoms,100,400,4.0,0.05,0.7,0,dkw,1.0,1.0,1.0,0.0,0.0,0.0,0.0,0.013219657927266908,0.08292611746763873,0.2328090063739594,0.26497166212257894
atoms,100,400,4.0,0.05,0.7,1,cp,1.0,1.0,1.0,0.0,0.0,0.0,0.0,0.020071194247021636,0.08292611746763873,0.19530320788588007,0.22570303352671472
atoms,100,400,4.0,0.05,0.7,1,dkw,1.0,1.0,1.0,0.0,0.0,0.0,0.0,0.017622161334434925,0.08292611746763873,0.2237978300322966,0.2445748681032232
atoms,100,400,4.0,0.05,0.7,2,cp,1.0,1.0,1.0,0.0,0.0,0.0,0.0,0.0185588067984596,0.07206629246818791,0.19579531491849564,0.22693609253543273
atoms,100,400,4.0,0.05,0.7,2,dkw,1.0,1.0,1.0,0.0,0.0,0.0,0.0,0.025032634790529487,0.10784820255874888,0.23863094099519927,0.27687564045615193
atoms,100,400,4.0,0.05,0.7,3,cp,1.0,1.0,1.0,0.0,0.0,0.0,0.0,0.01191356945226388,0.043685889989790117,0.21410784264396476,0.23741975726459907
atoms,100,400,4.0,0.05,0.7,3,dkw,1.0,1.0,1.0,0.0,0.0,0.0,0.0,0.017179276813684728,0.07206629246818791,0.2407281587352966,0.27638494552885184
atoms,100,400,4.0,0.05,0.7,4,cp,1.0,1.0,1.0,0.0,0.0,0.0,0.0,0.019048240030138105,0.09227076687921065,0.195369097161012,0.227742690599966
atoms,100,400,4.0,0.05,0.7,4,dkw,1.0,1.0,1.0,0.0,0.0,0.0,0.0,0.019353945359014902,0.10043489373997505,0.22033290477285242,0.24497144005192317
atoms,100,400,4.0,0.05,0.7,5,cp,1.0,1.0,1.0,0.0,0.0,0.0,0.0,0.020262679358693657,0.05921743213877939,0.19769921003670657,0.23610288149448644
atoms,100,400,4.0,0.05,0.7,5,dkw,1.0,1.0,1.0,0.0,0.0,0.0,0.0,0.03568904112575536,0.12431731341754021,0.2399213937516584,0.2843046773286408
atoms,100,400,4.0,0.05,0.7,6,cp,1.0,1.0,1.0,0.0,0.0,0.0,0.0,0.025032634790529487,0.10784820255874888,0.19353144662309998,0.23442938752877218
atoms,100,400,4.0,0.05,0.7,6,dkw,1.0,1.0,1.0,0.0,0.0,0.0,0.0,0.01969475720198866,0.10043489373997505,0.21045207942158609,0.24746812388912676
atoms,100,400,4.0,0.05,0.7,7,cp,1.0,1.0,1.0,0.0,0.0,0.0,0.0,0.02171551867698117,0.09227076687921065,0.20542823473284547,0.24213502523978914
atoms,100,400,4.0,0.05,0.7,7,dkw,1.0,1.0,1.0,0.0,0.0,0.0,0.0,0.025310156064327353,0.09227076687921065,0.22586986084566424,0.2507180859994963
atoms,100,400,4.0,0.05,0.7,8,cp,1.0,1.0,1.0,0.0,0.0,0.0,0.0,0.02098701395773644,0.09227076687921065,0.18900997797937447,0.22264870849987473
atoms,100,400,4.0,0.05,0.7,8,dkw,1.0,1.0,1.0,0.0,0.0,0.0,0.0,0.015436207330863578,0.09227076687921065,0.2134128051492498,0.24114334372675117
atoms,100,400,4.0,0.05,0.7,9,cp,1.0,1.0,1.0,0.0,0.0,0.0,0.0,0.019000628275725014,0.10043489373997505,0.20290191875742422,0.24236469522422055
atoms,100,400,4.0,0.05,0.7,9,dkw,1.0,1.0,1.0,0.0,0.0,0.0,0.0,0.016082177441493498,0.09227076687921065,0.22177015332853728,0.24823236867074217
atoms,100,400,4.0,0.05,0.7,10,cp,1.0,1.0,1.0,0.0,0.0,0.0,0.0,0.020589666740456244,0.09227076687921065,0.19565585742349487,0.22653793986876847
atoms,100,400,4.0,0.05,0.7,10,dkw,1.0,1.0,1.0,0.0,0.0,0.0,0.0,0.019353945359014902,0.10043489373997505,0.22231364859794364,0.25125024793789696
atoms,100,400,4.0,0.05,0.7,11,cp,1.0,1.0,1.0,0.0,0.0,0.0,0.0,0.012361998460189148,0.08292611746763873,0.20343279772428427,0.23903616654431759
atoms,100,400,4.0,0.05,0.7,11,dkw,1.0,1.0,1.0,0.0,0.0,0.0,0.0,0.016807834100981942,0.09227076687921065,0.2241536752412651,0.2482554458412407
atoms,100,400,4.0,0.05,0.7,12,cp,1.0,1.0,1.0,0.0,0.0,0.0,0.0,0.01166654919904021,0.05921743213877939,0.21152422782359828,0.2407561145687781
atoms,100,400,4.0,0.05,0.7,12,dkw,1.0,1.0,1.0,0.0,0.0,0.0,0.0,0.03363629020255859,0.10043489373997505,0.2461765477004561,0.2787049533262351
atoms,100,400,4.0,0.05,0.7,13,cp,1.0,1.0,1.0,0.0,0.0,0.0,0.0,0.023065635779737102,0.10043489373997505,0.1903834578057619,0.2281644606006043
atoms,100,400,4.0,0.05,0.7,13,dkw,1.0,1.0,1.0,0.0,0.0,0.0,0.0,0.019048787091358738,0.10043489373997505,0.2119511410731173,0.2417843923961691
atoms,100,400,4.0,0.05,0.7,14,cp,1.0,1.0,1.0,0.0,0.0,0.0,0.0,0.023257200661793643,0.07206629246818791,0.18733103801789877,0.23210012370735905
atoms,100,400,4.0,0.05,0.7,14,dkw,1.0,1.0,1.0,0.0,0.0,0.0,0.0,0.024599593718231602,0.10043489373997505,0.22736646936601487,0.2737765073198264
atoms,100,400,4.0,0.05,0.7,15,cp,1.0,1.0,1.0,0.0,0.0,0.0,0.0,0.011299870622781228,0.08292611746763873,0.200025351799615,0.23272679513434436
atoms,100,400,4.0,0.05,0.7,15,dkw,1.0,1.0,1.0,0.0,0.0,0.0,0.0,0.01969475720198866,0.10043489373997505,0.21690765231741257,0.24634886825635716
atoms,100,400,4.0,0.05,0.7,16,cp,1.0,1.0,1.0,0.0,0.0,0.0,0.0,0.006821544050142092,0.043685889989790117,0.21249906006173547,0.23500154821990688
atoms,100,400,4.0,0.05,0.7,16,dkw,1.0,1.0,1.0,0.0,0.0,0.0,0.0,0.015677361452389654,0.09227076687921065,0.25491820547247124,0.29597162253828324
atoms,100,400,4.0,0.05,0.7,17,cp,1.0,1.0,1.0,0.0,0.0,0.0,0.0,0.011266045762179662,0.07206629246818791,0.20672560701259657,0.23467837907207895
atoms,100,400,4.0,0.05,0.7,17,dkw,1.0,1.0,1.0,0.0,0.0,0.0,0.0,0.0197022259738123,0.10043489373997505,0.23056406462059673,0.2670326019771396
atoms,100,400,4.0,0.05,0.7,18,cp,1.0,1.0,1.0,0.0,0.0,0.0,0.0,0.013273491806309807,0.07206629246818791,0.2001119319550828,0.22800904666004884
atoms,100,400,4.0,0.05,0.7,18,dkw,1.0,1.0,1.0,0.0,0.0,0.0,0.0,0.010822410459958886,0.07206629246818791,0.2318827248111147,0.255493667115988
atoms,100,400,4.0,0.05,0.7,19,cp,1.0,1.0,1.0,0.0,0.0,0.0,0.0,0.021771022870488377,0.10043489373997505,0.19066095481576692,0.2313927183953779
atoms,100,400,4.0,0.05,0.7,19,dkw,1.0,1.0,1.0,0.0,0.0,0.0,0.0,0.015388048515229855,0.09227076687921065,0.2088217670831386,0.24481420755912287
atoms,100,400,4.0,0.05,0.7,20,cp,1.0,1.0,1.0,0.0,0.0,0.0,0.0,0.022409074738681332,0.09227076687921065,0.19822590731109954,0.2333015116145306
atoms,100,400,4.0,0.05,0.7,20,dkw,1.0,1.0,1.0,0.0,0.0,0.0,0.0,0.02333864181650239,0.09227076687921065,0.22219420113129143,0.24672801117196763
atoms,100,400,4.0,0.05,0.7,21,cp,1.0,1.0,1.0,0.0,0.0,0.0,0.0,0.01373087903799118,0.05921743213877939,0.2064038687431647,0.23506061887713314
atoms,100,400,4.0,0.05,0.7,21,dkw,1.0,1.0,1.0,0.0,0.0,0.0,0.0,0.02100589602347681,0.07206629246818791,0.2342612547489004,0.2638549985847053
atoms,100,400,4.0,0.05,0.7,22,cp,1.0,1.0,1.0,0.0,0.0,0.0,0.0,0.011588419690386714,0.07206629246818791,0.21056831379258878,0.2403818469662461
atoms,100,400,4.0,0.05,0.7,22,dkw,1.0,1.0,1.0,0.0,0.0,0.0,0.0,0.022764587511054212,0.10043489373997505,0.24296147488083675,0.27318208673596
atoms,100,400,4.0,0.05,0.7,23,cp,1.0,1.0,1.0,0.0,0.0,0.0,0.0,0.03169221651371159,0.10043489373997505,0.18999599829416194,0.2260324067646856
atoms,100,400,4.0,0.05,0.7,23,dkw,1.0,1.0,1.0,0.0,0.0,0.0,0.0,0.03493882076511288,0.12431731341754021,0.22145019384436837,0.2548276122116984
atoms,100,400,4.0,0.05,0.7,24,cp,1.0,1.0,1.0,0.0,0.0,0.0,0.0,0.009157712957536613,0.05921743213877939,0.20064687283950927,0.2249588734796999
atoms,100,400,4.0,0.05,0.7,24,dkw,1.0,1.0,1.0,0.0,0.0,0.0,0.0,0.012525529001003266,0.08292611746763873,0.234067169743914,0.2694484812777189
atoms,100,400,4.0,0.05,0.7,25,cp,1.0,1.0,1.0,0.0,0.0,0.0,0.0,0.02247052364260554,0.09227076687921065,0.19438766003747318,0.23515385777860043
atoms,100,400,4.0,0.05,0.7,25,dkw,1.0,1.0,1.0,0.0,0.0,0.0,0.0,0.025310156064327353,0.09227076687921065,0.20964369698307025,0.24838496683725364
atoms,100,400,4.0,0.05,0.7,26,cp,1.0,1.0,1.0,0.0,0.0,0.0,0.0,0.01204036465626413,0.07206629246818791,0.19866900091132605,0.2291525226109664
atoms,100,400,4.0,0.05,0.7,26,dkw,1.0,1.0,1.0,0.0,0.0,0.0,0.0,0.015436207330863578,0.09227076687921065,0.22625516690134562,0.2552101233795806
atoms,100,400,4.0,0.05,0.7,27,cp,1.0,1.0,1.0,0.0,0.0,0.0,0.0,0.019076774850639248,0.08292611746763873,0.1953446977931016,0.22613710984831115
atoms,100,400,4.0,0.05,0.7,27,dkw,1.0,1.0,1.0,0.0,0.0,0.0,0.0,0.019911859415938413,0.10043489373997505,0.2263544705987051,0.2604336209423936
atoms,100,400,4.0,0.05,0.7,28,cp,1.0,1.0,1.0,0.0,0.0,0.0,0.0,0.027787010643713028,0.10784820255874888,0.19559144755615407,0.23262828338738406
atoms,100,400,4.0,0.05,0.7,28,dkw,1.0,1.0,1.0,0.0,0.0,0.0,0.0,0.023667873461364855,0.10784820255874888,0.2213464579061707,0.24558080422695155
atoms,100,400,4.0,0.05,0.7,29,cp,1.0,1.0,1.0,0.0,0.0,0.0,0.0,0.03766097127298896,0.12431731341754021,0.1846654852340906,0.22426861821011407
atoms,100,400,4.0,0.05,0.7,29,dkw,1.0,1.0,1.0,0.0,0.0,0.0,0.0,0.031057643509539937,0.12431731341754021,0.2112626501108076,0.23862705809850654
atoms,100,400,4.0,0.05,0.7,30,cp,1.0,1.0,1.0,0.0,0.0,0.0,0.0,0.00681078386597904,0.05921743213877939,0.2064354207279174,0.2325429621957511
atoms,100,400,4.0,0.05,0.7,30,dkw,1.0,1.0,1.0,0.0,0.0,0.0,0.0,0.012739095721084845,0.08292611746763873,0.23250209501841304,0.26734486159037185
atoms,100,400,4.0,0.05,0.7,31,cp,1.0,1.0,1.0,0.0,0.0,0.0,0.0,0.029080561222253224,0.10043489373997505,0.1889003452268906,0.22254646141295892
atoms,100,400,4.0,0.05,0.7,31,dkw,1.0,1.0,1.0,0.0,0.0,0.0,0.0,0.02964004521147226,0.10784820255874888,0.2167174221481528,0.24774767671684944
atoms,100,400,4.0,0.05,0.7,32,cp,1.0,1.0,1.0,0.0,0.0,0.0,0.0,0.0205821979686326,0.09227076687921065,0.18932986102943533,0.22050439181542714
atoms,100,400,4.0,0.05,0.7,32,dkw,1.0,1.0,1.0,0.0,0.0,0.0,0.0,0.01574136559851974,0.09227076687921065,0.21514003792759145,0.2402526352421236
atoms,100,400,4.0,0.05,0.7,33,cp,1.0,1.0,1.0,0.0,0.0,0.0,0.0,0.019911859415938413,0.10043489373997505,0.19602188563309425,0.2369095711425665
atoms,100,400,4.0,0.05,0.7,33,dkw,1.0,1.0,1.0,0.0,0.0,0.0,0.0,0.017359562763054812,0.09227076687921065,0.2139159264867753,0.24833015294809035
atoms,100,400,4.0,0.05,0.7,34,cp,1.0,1.0,1.0,0.0,0.0,0.0,0.0,0.02331625969213814,0.08292611746763873,0.18962897065938783,0.22494331149574132
atoms,100,400,4.0,0.05,0.7,34,dkw,1.0,1.0,1.0,0.0,0.0,0.0,0.0,0.021771022870488377,0.10043489373997505,0.2221271273253276,0.2575062107759899
atoms,100,400,4.0,0.05,0.7,35,cp,1.0,1.0,1.0,0.0,0.0,0.0,0.0,0.01574136559851974,0.09227076687921065,0.19643593960644395,0.233934591400088
atoms,100,400,4.0,0.05,0.7,35,dkw,1.0,1.0,1.0,0.0,0.0,0.0,0.0,0.016082177441493498,0.09227076687921065,0.21577798226417136,0.2479311254045783
atoms,100,400,4.0,0.05,0.7,36,cp,1.0,1.0,1.0,0.0,0.0,0.0,0.0,0.019999214993432587,0.07206629246818791,0.19084634202856698,0.22900947290414464
atoms,100,400,4.0,0.05,0.7,36,dkw,1.0,1.0,1.0,0.0,0.0,0.0,0.0,0.021771022870488377,0.10043489373997505,0.22613427183265386,0.2673185296553374
atoms,100,400,4.0,0.05,0.7,37,cp,1.0,1.0,1.0,0.0,0.0,0.0,0.0,0.03212040775854892,0.10784820255874888,0.18959113581520498,0.23135404171597862
atoms,100,400,4.0,0.05,0.7,37,dkw,1.0,1.0,1.0,0.0,0.0,0.0,0.0,0.02964004521147226,0.10784820255874888,0.2131318672508573,0.2411383863506842
atoms,100,400,4.0,0.05,0.7,38,cp,1.0,1.0,1.0,0.0,0.0,0.0,0.0,0.03766097127298896,0.12431731341754021,0.18259693988205059,0.2231527794477784
atoms,100,400,4.0,0.05,0.7,38,dkw,1.0,1.0,1.0,0.0,0.0,0.0,0.0,0.025032634790529487,0.10784820255874888,0.2092316485467237,0.23675517418957848
atoms,100,400,4.0,0.05,0.7,39,cp,0.0,1.0,1.0,0.0,0.0,0.0,0.0,0.015419628991725857,0.05921743213877939,0.19997805177513073,0.22340365505033466
atoms,100,400,4.0,0.05,0.7,39,dkw,0.0,1.0,1.0,0.0,0.0,0.0,0.0,0.022770207857146056,0.08292611746763873,0.23167515467851188,0.26924927140105787
atoms,100,400,4.0,0.05,0.7,40,cp,1.0,1.0,1.0,0.0,0.0,0.0,0.0,0.008218777120778087,0.05921743213877939,0.2083410544272425,0.23217744231484783
atoms,100,400,4.0,0.05,0.7,40,dkw,1.0,1.0,1.0,0.0,0.0,0.0,0.0,0.020848912018621116,0.09227076687921065,0.2380580743701647,0.27378920526555317
atoms,100,400,4.0,0.05,0.7,41,cp,1.0,1.0,1.0,0.0,0.0,0.0,0.0,0.0185588067984596,0.07206629246818791,0.19882620357401085,0.22942441611399222
atoms,100,400,4.0,0.05,0.7,41,dkw,1.0,1.0,1.0,0.0,0.0,0.0,0.0,0.021771022870488377,0.10043489373997505,0.23552019995189002,0.27598577356920895
atoms,100,400,4.0,0.05,0.7,42,cp,1.0,1.0,1.0,0.0,0.0,0.0,0.0,0.022409074738681332,0.09227076687921065,0.19858431330537524,0.23250995341213443
atoms,100,400,4.0,0.05,0.7,42,dkw,1.0,1.0,1.0,0.0,0.0,0.0,0.0,0.02333864181650239,0.09227076687921065,0.22504489380706633,0.24704174927724165
atoms,100,400,4.0,0.05,0.7,43,cp,1.0,1.0,1.0,0.0,0.0,0.0,0.0,0.008023515967885761,0.07206629246818791,0.20304515728741648,0.23186972553316187
atoms,100,400,4.0,0.05,0.7,43,dkw,1.0,1.0,1.0,0.0,0.0,0.0,0.0,0.016082177441493498,0.09227076687921065,0.22607891831349852,0.2552101233795806
atoms,100,400,4.0,0.05,0.7,44,cp,1.0,1.0,1.0,0.0,0.0,0.0,0.0,0.01574136559851974,0.09227076687921065,0.2004246389060604,0.23369261403846775
atoms,100,400,4.0,0.05,0.7,44,dkw,1.0,1.0,1.0,0.0,0.0,0.0,0.0,0.016082177441493498,0.09227076687921065,0.22701408844339555,0.24850605684631888
atoms,100,400,4.0,0.05,0.7,45,cp,1.0,1.0,1.0,0.0,0.0,0.0,0.0,0.021771022870488377,0.10043489373997505,0.19362283532325336,0.23172784350392517
atoms,100,400,4.0,0.05,0.7,45,dkw,1.0,1.0,1.0,0.0,0.0,0.0,0.0,0.019000628275725014,0.10043489373997505,0.2104409043772,0.24397579397502134
atoms,100,400,4.0,0.05,0.7,46,cp,1.0,1.0,1.0,0.0,0.0,0.0,0.0,0.025933826850010108,0.10043489373997505,0.195304686370138,0.23475792473555435
atoms,100,400,4.0,0.05,0.7,46,dkw,1.0,1.0,1.0,0.0,0.0,0.0,0.0,0.025310156064327353,0.09227076687921065,0.2171759791693547,0.2491221272011812
atoms,100,400,4.0,0.05,0.7,47,cp,1.0,1.0,1.0,0.0,0.0,0.0,0.0,0.024599593718231602,0.10043489373997505,0.19136394532471163,0.22394767155679118
atoms,100,400,4.0,0.05,0.7,47,dkw,1.0,1.0,1.0,0.0,0.0,0.0,0.0,0.019911859415938413,0.10043489373997505,0.2221870651921273,0.2449547889798408
atoms,100,400,4.0,0.05,0.7,48,cp,1.0,1.0,1.0,0.0,0.0,0.0,0.0,0.00995641358158108,0.043685889989790117,0.21412789046921238,0.23602407026077277
atoms,100,400,4.0,0.05,0.7,48,dkw,1.0,1.0,1.0,0.0,0.0,0.0,0.0,0.022770207857146056,0.08292611746763873,0.2540478115656516,0.2981035181503258
atoms,100,400,4.0,0.05,0.7,49,cp,1.0,1.0,1.0,0.0,0.0,0.0,0.0,0.0235480583369368,0.08292611746763873,0.19788021042544673,0.23152449258040914
atoms,100,400,4.0,0.05,0.7,49,dkw,1.0,1.0,1.0,0.0,0.0,0.0,0.0,0.03493882076511288,0.12431731341754021,0.24097906498682456,0.2720059983581099
atoms,100,400,4.0,0.05,0.7,50,cp,1.0,1.0,1.0,0.0,0.0,0.0,0.0,0.0205821979686326,0.09227076687921065,0.19363590132449848,0.2256059277875585
atoms,100,400,4.0,0.05,0.7,50,dkw,1.0,1.0,1.0,0.0,0.0,0.0,0.0,0.019048787091358738,0.10043489373997505,0.22107907366247115,0.2475943509127817
atoms,100,400,4.0,0.05,0.7,51,cp,1.0,1.0,1.0,0.0,0.0,0.0,0.0,0.027379563882087062,0.10784820255874888,0.18864621097734843,0.22752559488248025
atoms,100,400,4.0,0.05,0.7,51,dkw,1.0,1.0,1.0,0.0,0.0,0.0,0.0,0.023362715193708694,0.10784820255874888,0.2112467879223475,0.2411588730792441
atoms,100,400,4.0,0.05,0.7,52,cp,1.0,1.0,1.0,0.0,0.0,0.0,0.0,0.024426930843512693,0.07206629246818791,0.18787436388745968,0.23273940921417696
atoms,100,400,4.0,0.05,0.7,52,dkw,1.0,1.0,1.0,0.0,0.0,0.0,0.0,0.02891352182058156,0.10784820255874888,0.22667241638748994,0.272077170126579
atoms,100,400,4.0,0.05,0.7,53,cp,1.0,1.0,1.0,0.0,0.0,0.0,0.0,0.018158443109993216,0.09227076687921065,0.1947791664787571,0.2265106474065388
atoms,100,400,4.0,0.05,0.7,53,dkw,1.0,1.0,1.0,0.0,0.0,0.0,0.0,0.012739095721084845,0.08292611746763873,0.22447931241457195,0.24571976340487967
atoms,100,400,4.0,0.05,0.7,54,cp,1.0,1.0,1.0,0.0,0.0,0.0,0.0,0.019453056019241945,0.09227076687921065,0.19099835117035677,0.23226373653601373
atoms,100,400,4.0,0.05,0.7,54,dkw,1.0,1.0,1.0,0.0,0.0,0.0,0.0,0.015436207330863578,0.09227076687921065,0.21713112295106593,0.2447676577952005
atoms,100,400,4.0,0.05,0.7,55,cp,1.0,1.0,1.0,0.0,0.0,0.0,0.0,0.02147261547749906,0.07206629246818791,0.20080428717384408,0.2299169061595958
atoms,100,400,4.0,0.05,0.7,55,dkw,1.0,1.0,1.0,0.0,0.0,0.0,0.0,0.019000628275725014,0.10043489373997505,0.22525419056650126,0.2593779777219689
atoms,100,400,4.0,0.05,0.7,56,cp,1.0,1.0,1.0,0.0,0.0,0.0,0.0,0.019930575435424244,0.08292611746763873,0.18690122483593832,0.22672476242633466
atoms,100,400,4.0,0.05,0.7,56,dkw,1.0,1.0,1.0,0.0,0.0,0.0,0.0,0.022770207857146056,0.08292611746763873,0.20496878692587614,0.24680447989209853
atoms,100,400,4.0,0.05,0.7,57,cp,1.0,1.0,1.0,0.0,0.0,0.0,0.0,0.03268827873628735,0.10784820255874888,0.18548664979853843,0.22414785484844335
atoms,100,400,4.0,0.05,0.7,57,dkw,1.0,1.0,1.0,0.0,0.0,0.0,0.0,0.02608495097283833,0.10784820255874888,0.21004171947613837,0.2343923118676572
atoms,100,400,4.0,0.05,0.7,58,cp,1.0,1.0,1.0,0.0,0.0,0.0,0.0,0.019453056019241945,0.09227076687921065,0.1831589344671066,0.2242944675848889
atoms,100,400,4.0,0.05,0.7,58,dkw,1.0,1.0,1.0,0.0,0.0,0.0,0.0,0.015436207330863578,0.09227076687921065,0.2028417944203047,0.24106349441560093
atoms,100,400,4.0,0.05,0.7,59,cp,1.0,1.0,1.0,0.0,0.0,0.0,0.0,0.014841620389470804,0.05921743213877939,0.2052336151573284,0.23771525498949425
atoms,100,400,4.0,0.05,0.7,59,dkw,1.0,1.0,1.0,0.0,0.0,0.0,0.0,0.015901932438163048,0.09227076687921065,0.24316790999751592,0.28437188649318007
atoms,100,400,4.0,0.05,0.7,60,cp,1.0,1.0,1.0,0.0,0.0,0.0,0.0,0.005497521442628364,0.05921743213877939,0.21262211657621904,0.24084766487475306
atoms,100,400,4.0,0.05,0.7,60,dkw,1.0,1.0,1.0,0.0,0.0,0.0,0.0,0.011163222302932643,0.07206629246818791,0.24789396479898695,0.2777280864231932
atoms,100,400,4.0,0.05,0.7,61,cp,1.0,1.0,1.0,0.0,0.0,0.0,0.0,0.006302432741519699,0.05921743213877939,0.20972605448847984,0.234577140675313
atoms,100,400,4.0,0.05,0.7,61,dkw,1.0,1.0,1.0,0.0,0.0,0.0,0.0,0.01969475720198866,0.10043489373997505,0.23964880147141396,0.2791606005963899
atoms,100,400,4.0,0.05,0.7,62,cp,1.0,1.0,1.0,0.0,0.0,0.0,0.0,0.01574136559851974,0.09227076687921065,0.20233854056973447,0.2419477892894235
atoms,100,400,4.0,0.05,0.7,62,dkw,1.0,1.0,1.0,0.0,0.0,0.0,0.0,0.015601615235311435,0.09227076687921065,0.21959926018397183,0.24977440557976016
atoms,100,400,4.0,0.05,0.7,63,cp,1.0,1.0,1.0,0.0,0.0,0.0,0.0,0.019370574141715377,0.07206629246818791,0.2035918040228964,0.23894193899376032
atoms,100,400,4.0,0.05,0.7,63,dkw,1.0,1.0,1.0,0.0,0.0,0.0,0.0,0.024075320222990824,0.10784820255874888,0.23423910613890972,0.2755028864102293
atoms,100,400,4.0,0.05,0.7,64,cp,1.0,1.0,1.0,0.0,0.0,0.0,0.0,0.04795341019655597,0.13985112650582393,0.17848032466656755,0.21886840367717558
atoms,100,400,4.0,0.05,0.7,64,dkw,1.0,1.0,1.0,0.0,0.0,0.0,0.0,0.03794630147902163,0.13985112650582393,0.20919107405709855,0.24517442009344598
atoms,100,400,4.0,0.05,0.7,65,cp,1.0,1.0,1.0,0.0,0.0,0.0,0.0,0.0034041888537296927,0.02924325454297627,0.22131674466154283,0.23989642128362032
atoms,100,400,4.0,0.05,0.7,65,dkw,1.0,1.0,1.0,0.0,0.0,0.0,0.0,0.003425605866060628,0.043685889989790117,0.2584202206785541,0.2904361321432971
atoms,100,400,4.0,0.05,0.7,66,cp,1.0,1.0,1.0,0.0,0.0,0.0,0.0,0.011163222302932643,0.07206629246818791,0.1968226036558785,0.23121552461549477
atoms,100,400,4.0,0.05,0.7,66,dkw,1.0,1.0,1.0,0.0,0.0,0.0,0.0,0.011163222302932643,0.07206629246818791,0.22757243643011588,0.24736341107673732
atoms,100,400,4.0,0.05,0.7,67,cp,1.0,1.0,1.0,0.0,0.0,0.0,0.0,0.019923141737947882,0.07206629246818791,0.19146288025706082,0.21965249667598996
atoms,100,400,4.0,0.05,0.7,67,dkw,1.0,1.0,1.0,0.0,0.0,0.0,0.0,0.019899245800934294,0.08292611746763873,0.2260506023222213,0.2605061675524517
atoms,100,400,4.0,0.05,0.7,68,cp,1.0,1.0,1.0,0.0,0.0,0.0,0.0,0.010517252192302724,0.07206629246818791,0.19517301906980997,0.22553758416450376
atoms,100,400,4.0,0.05,0.7,68,dkw,1.0,1.0,1.0,0.0,0.0,0.0,0.0,0.011163222302932643,0.07206629246818791,0.21921735564832004,0.24709104882984212
atoms,100,400,4.0,0.05,0.7,69,cp,1.0,1.0,1.0,0.0,0.0,0.0,0.0,0.02333864181650239,0.09227076687921065,0.2022714872362743,0.2426679263674647
atoms,100,400,4.0,0.05,0.7,69,dkw,1.0,1.0,1.0,0.0,0.0,0.0,0.0,0.025310156064327353,0.09227076687921065,0.21620750065700467,0.24943698772230216
atoms,100,400,4.0,0.05,0.7,70,cp,1.0,1.0,1.0,0.0,0.0,0.0,0.0,0.022054942145622106,0.07206629246818791,0.18830330325767458,0.22226441590465584
atoms,100,400,4.0,0.05,0.7,70,dkw,1.0,1.0,1.0,0.0,0.0,0.0,0.0,0.02275750598146191,0.09227076687921065,0.22381381364209335,0.2639310966912397
atoms,100,400,4.0,0.05,0.7,71,cp,1.0,1.0,1.0,0.0,0.0,0.0,0.0,0.011927927829406035,0.043685889989790117,0.21142970869769684,0.23350946879879686
atoms,100,400,4.0,0.05,0.7,71,dkw,1.0,1.0,1.0,0.0,0.0,0.0,0.0,0.01657051145971299,0.05921743213877939,0.24346691865603864,0.28457693862475036
atoms,100,400,4.0,0.05,0.7,72,cp,1.0,1.0,1.0,0.0,0.0,0.0,0.0,0.012203632991170983,0.08292611746763873,0.20050332850354252,0.23229579056182015
atoms,100,400,4.0,0.05,0.7,72,dkw,1.0,1.0,1.0,0.0,0.0,0.0,0.0,0.016082177441493498,0.09227076687921065,0.22079385784615865,0.24745707653957694
atoms,100,400,4.0,0.05,0.7,73,cp,1.0,1.0,1.0,0.0,0.0,0.0,0.0,0.021363690715110923,0.08292611746763873,0.1933119547049424,0.22368324726046707
atoms,100,400,4.0,0.05,0.7,73,dkw,1.0,1.0,1.0,0.0,0.0,0.0,0.0,0.02570158479209022,0.10043489373997505,0.22009776245632667,0.24990568327473872
atoms,100,400,4.0,0.05,0.7,74,cp,1.0,1.0,1.0,0.0,0.0,0.0,0.0,0.023164079704305694,0.09227076687921065,0.19141218882985503,0.23024565757287085
atoms,100,400,4.0,0.05,0.7,74,dkw,1.0,1.0,1.0,0.0,0.0,0.0,0.0,0.02333864181650239,0.09227076687921065,0.20964946246978805,0.2443852887781901
atoms,100,400,4.0,0.05,0.7,75,cp,1.0,1.0,1.0,0.0,0.0,0.0,0.0,0.03795226632785518,0.12431731341754021,0.18142321038448947,0.23191839280629878
atoms,100,400,4.0,0.05,0.7,75,dkw,1.0,1.0,1.0,0.0,0.0,0.0,0.0,0.029872287269392145,0.10784820255874888,0.20245165593122355,0.24052122298009437
atoms,100,400,4.0,0.05,0.7,76,cp,1.0,1.0,1.0,0.0,0.0,0.0,0.0,0.019453056019241945,0.09227076687921065,0.1927908951186834,0.22565049076282473
atoms,100,400,4.0,0.05,0.7,76,dkw,1.0,1.0,1.0,0.0,0.0,0.0,0.0,0.015436207330863578,0.09227076687921065,0.22586609812641775,0.24189511887331405
atoms,100,400,4.0,0.05,0.7,77,cp,1.0,1.0,1.0,0.0,0.0,0.0,0.0,0.014707643303107197,0.07206629246818791,0.20365628854249715,0.23385293710685762
atoms,100,400,4.0,0.05,0.7,77,dkw,1.0,1.0,1.0,0.0,0.0,0.0,0.0,0.022770207857146056,0.08292611746763873,0.2243359433988779,0.2529773967309044
atoms,100,400,4.0,0.05,0.7,78,cp,1.0,1.0,1.0,0.0,0.0,0.0,0.0,0.019453056019241945,0.09227076687921065,0.1897889112853431,0.22517277339644481
atoms,100,400,4.0,0.05,0.7,78,dkw,1.0,1.0,1.0,0.0,0.0,0.0,0.0,0.015388048515229855,0.09227076687921065,0.21533946821308358,0.24504665432036554
atoms,100,400,4.0,0.05,0.7,79,cp,1.0,1.0,1.0,0.0,0.0,0.0,0.0,0.016567136642964855,0.08292611746763873,0.19998673672094291,0.22976062075332548
atoms,100,400,4.0,0.05,0.7,79,dkw,1.0,1.0,1.0,0.0,0.0,0.0,0.0,0.023362715193708694,0.10784820255874888,0.2269617704797873,0.2621007575911402
atoms,100,400,4.0,0.05,0.7,80,cp,1.0,1.0,1.0,0.0,0.0,0.0,0.0,0.01742373899418279,0.09227076687921065,0.1938166175609861,0.23336618155244704
atoms,100,400,4.0,0.05,0.7,80,dkw,1.0,1.0,1.0,0.0,0.0,0.0,0.0,0.017206636780233035,0.09227076687921065,0.21353897621954587,0.24790619799061808
atoms,100,400,4.0,0.05,0.7,81,cp,1.0,1.0,1.0,0.0,0.0,0.0,0.0,0.017656689090668466,0.08292611746763873,0.20466760384579977,0.23665671827384915
atoms,100,400,4.0,0.05,0.7,81,dkw,1.0,1.0,1.0,0.0,0.0,0.0,0.0,0.025310156064327353,0.09227076687921065,0.2269396759090665,0.25632383565028083
atoms,100,400,4.0,0.05,0.7,82,cp,1.0,1.0,1.0,0.0,0.0,0.0,0.0,0.031115151268304844,0.10784820255874888,0.18665578806398928,0.23551138851654707
atoms,100,400,4.0,0.05,0.7,82,dkw,1.0,1.0,1.0,0.0,0.0,0.0,0.0,0.02740346084758264,0.10784820255874888,0.20720064161637075,0.24185617667546983
atoms,100,400,4.0,0.05,0.7,83,cp,1.0,1.0,1.0,0.0,0.0,0.0,0.0,0.03989619122250752,0.12431731341754021,0.1842565132472869,0.22073337295221518
atoms,100,400,4.0,0.05,0.7,83,dkw,1.0,1.0,1.0,0.0,0.0,0.0,0.0,0.03235225641878867,0.12431731341754021,0.21548516559939818,0.24740881788540386
atoms,100,400,4.0,0.05,0.7,84,cp,1.0,1.0,1.0,0.0,0.0,0.0,0.0,0.015416141135231775,0.07206629246818791,0.20986627718861073,0.24039266830537032
atoms,100,400,4.0,0.05,0.7,84,dkw,1.0,1.0,1.0,0.0,0.0,0.0,0.0,0.026031387729682658,0.10043489373997505,0.24151238857152285,0.27653247585705565
atoms,100,400,4.0,0.05,0.7,85,cp,1.0,1.0,1.0,0.0,0.0,0.0,0.0,0.019911859415938413,0.10043489373997505,0.1980364112837673,0.23695959089569707
atoms,100,400,4.0,0.05,0.7,85,dkw,1.0,1.0,1.0,0.0,0.0,0.0,0.0,0.019214194995806594,0.10043489373997505,0.214891076852516,0.24691575121433007
atoms,100,400,4.0,0.05,0.7,86,cp,1.0,1.0,1.0,0.0,0.0,0.0,0.0,0.01629927965544325,0.09227076687921065,0.1942626662342555,0.23799298802645885
atoms,100,400,4.0,0.05,0.7,86,dkw,1.0,1.0,1.0,0.0,0.0,0.0,0.0,0.015601615235311435,0.09227076687921065,0.21133494500744285,0.2477963210114933
atoms,100,400,4.0,0.05,0.7,87,cp,1.0,1.0,1.0,0.0,0.0,0.0,0.0,0.015388048515229855,0.09227076687921065,0.1969792184003139,0.23704288508085547
atoms,100,400,4.0,0.05,0.7,87,dkw,1.0,1.0,1.0,0.0,0.0,0.0,0.0,0.016082177441493498,0.09227076687921065,0.21190590635072895,0.2475803607160162
atoms,100,400,4.0,0.05,0.7,88,cp,1.0,1.0,1.0,0.0,0.0,0.0,0.0,0.01253348943650426,0.05921743213877939,0.20733444255729316,0.2335927837916778
atoms,100,400,4.0,0.05,0.7,88,dkw,1.0,1.0,1.0,0.0,0.0,0.0,0.0,0.02276899694570803,0.09227076687921065,0.23884366285285988,0.27701211141536497
atoms,100,400,4.0,0.05,0.7,89,cp,1.0,1.0,1.0,0.0,0.0,0.0,0.0,0.019353945359014902,0.10043489373997505,0.19959699490291932,0.2366319889765216
atoms,100,400,4.0,0.05,0.7,89,dkw,1.0,1.0,1.0,0.0,0.0,0.0,0.0,0.016082177441493498,0.09227076687921065,0.22118270198493242,0.24823236867074217
atoms,100,400,4.0,0.05,0.7,90,cp,1.0,1.0,1.0,0.0,0.0,0.0,0.0,0.015531993228822134,0.05921743213877939,0.20035745911773536,0.2264740949726214
atoms,100,400,4.0,0.05,0.7,90,dkw,1.0,1.0,1.0,0.0,0.0,0.0,0.0,0.017986198006089162,0.08292611746763873,0.23615418577129788,0.2723333290057791
atoms,100,400,4.0,0.05,0.7,91,cp,1.0,1.0,1.0,0.0,0.0,0.0,0.0,0.024599593718231602,0.10043489373997505,0.18741821734491282,0.22957280103228073
atoms,100,400,4.0,0.05,0.7,91,dkw,1.0,1.0,1.0,0.0,0.0,0.0,0.0,0.01629927965544325,0.09227076687921065,0.20911862069893644,0.2414479262246806
atoms,100,400,4.0,0.05,0.7,92,cp,1.0,1.0,1.0,0.0,0.0,0.0,0.0,0.017104190954334585,0.09227076687921065,0.20250958036474603,0.23574012838720254
atoms,100,400,4.0,0.05,0.7,92,dkw,1.0,1.0,1.0,0.0,0.0,0.0,0.0,0.03237535307358443,0.12431731341754021,0.2273819811026885,0.25854299948677956
atoms,100,400,4.0,0.05,0.7,93,cp,1.0,1.0,1.0,0.0,0.0,0.0,0.0,0.02276760552580767,0.09227076687921065,0.19557832684097057,0.22578212940786796
atoms,100,400,4.0,0.05,0.7,93,dkw,1.0,1.0,1.0,0.0,0.0,0.0,0.0,0.024225787518288366,0.10784820255874888,0.2254930931618073,0.2567057445330179
atoms,100,400,4.0,0.05,0.7,94,cp,1.0,1.0,1.0,0.0,0.0,0.0,0.0,0.014267885893800647,0.08292611746763873,0.2023502651281402,0.23820776531970156
atoms,100,400,4.0,0.05,0.7,94,dkw,1.0,1.0,1.0,0.0,0.0,0.0,0.0,0.014267885893800647,0.08292611746763873,0.22302295379763662,0.24779826902595314
atoms,100,400,4.0,0.05,0.7,95,cp,1.0,1.0,1.0,0.0,0.0,0.0,0.0,0.0243569548843384,0.09227076687921065,0.18665329951603055,0.21946388755168622
atoms,100,400,4.0,0.05,0.7,95,dkw,1.0,1.0,1.0,0.0,0.0,0.0,0.0,0.020718706688179534,0.10043489373997505,0.21769842643324605,0.2474772394986583
atoms,100,400,4.0,0.05,0.7,96,cp,1.0,1.0,1.0,0.0,0.0,0.0,0.0,0.01089365403281939,0.043685889989790117,0.2124820935991311,0.23436623101816562
atoms,100,400,4.0,0.05,0.7,96,dkw,1.0,1.0,1.0,0.0,0.0,0.0,0.0,0.02660103260047703,0.10043489373997505,0.25926132541828684,0.30119432587551653
atoms,100,400,4.0,0.05,0.7,97,cp,1.0,1.0,1.0,0.0,0.0,0.0,0.0,0.01142566305874545,0.05921743213877939,0.21285286007636944,0.23967266134143872
atoms,100,400,4.0,0.05,0.7,97,dkw,1.0,1.0,1.0,0.0,0.0,0.0,0.0,0.025310156064327353,0.09227076687921065,0.2426483960062521,0.2788186131294378
atoms,100,400,4.0,0.05,0.7,98,cp,1.0,1.0,1.0,0.0,0.0,0.0,0.0,0.015388048515229855,0.09227076687921065,0.19424445487032585,0.23627021598463682
atoms,100,400,4.0,0.05,0.7,98,dkw,1.0,1.0,1.0,0.0,0.0,0.0,0.0,0.013219657927266908,0.08292611746763873,0.20852617341776936,0.24776710182734918
atoms,100,400,4.0,0.05,0.7,99,cp,1.0,1.0,1.0,0.0,0.0,0.0,0.0,0.015357409354969678,0.08292611746763873,0.19907112678410388,0.22901693001012524
atoms,100,400,4.0,0.05,0.7,99,dkw,1.0,1.0,1.0,0.0,0.0,0.0,0.0,0.015436207330863578,0.09227076687921065,0.22417332057491443,0.2502315019094338
atoms,100,400,4.0,0.05,0.7,100,cp,1.0,1.0,1.0,0.0,0.0,0.0,0.0,0.03864685873407698,0.10784820255874888,0.1767441072148948,0.220323420901685
atoms,100,400,4.0,0.05,0.7,100,dkw,1.0,1.0,1.0,0.0,0.0,0.0,0.0,0.03337837647040467,0.10784820255874888,0.20539731536971292,0.23782746829478552
atoms,100,400,4.0,0.05,0.7,101,cp,1.0,1.0,1.0,0.0,0.0,0.0,0.0,0.011955479035010574,0.07206629246818791,0.2047408101724493,0.23341232694540548
atoms,100,400,4.0,0.05,0.7,101,dkw,1.0,1.0,1.0,0.0,0.0,0.0,0.0,0.019000628275725014,0.10043489373997505,0.22888000585492013,0.2609922012033774
atoms,100,400,4.0,0.05,0.7,102,cp,1.0,1.0,1.0,0.0,0.0,0.0,0.0,0.020613749684349286,0.05921743213877939,0.19362701733705165,0.23755766372693332
atoms,100,400,4.0,0.05,0.7,102,dkw,1.0,1.0,1.0,0.0,0.0,0.0,0.0,0.02694595888224628,0.09227076687921065,0.23554294261748152,0.28484914633615455
atoms,100,400,4.0,0.05,0.7,103,cp,1.0,1.0,1.0,0.0,0.0,0.0,0.0,0.012203632991170983,0.08292611746763873,0.2005098582054548,0.23083383552620185
atoms,100,400,4.0,0.05,0.7,103,dkw,1.0,1.0,1.0,0.0,0.0,0.0,0.0,0.016082177441493498,0.09227076687921065,0.22619426104990795,0.25185877518105215
atoms,100,400,4.0,0.05,0.7,104,cp,0.0,1.0,1.0,0.0,0.0,0.0,0.0,0.02247052364260554,0.09227076687921065,0.1981392528772318,0.23645437196625263
atoms,100,400,4.0,0.05,0.7,104,dkw,1.0,1.0,1.0,0.0,0.0,0.0,0.0,0.025310156064327353,0.09227076687921065,0.21850195449244136,0.24810986562511395
atoms,100,400,4.0,0.05,0.7,105,cp,1.0,1.0,1.0,0.0,0.0,0.0,0.0,0.019468464424155382,0.08292611746763873,0.20199457242178653,0.23631618234535628
atoms,100,400,4.0,0.05,0.7,105,dkw,1.0,1.0,1.0,0.0,0.0,0.0,0.0,0.02247052364260554,0.09227076687921065,0.23387443071931116,0.25090369251477396
atoms,100,400,4.0,0.05,0.7,106,cp,1.0,1.0,1.0,0.0,0.0,0.0,0.0,0.023145331057421174,0.07206629246818791,0.1942935419201034,0.23645500727553143
atoms,100,400,4.0,0.05,0.7,106,dkw,1.0,1.0,1.0,0.0,0.0,0.0,0.0,0.031057643509539937,0.12431731341754021,0.23135051963227632,0.2758153367368342
atoms,100,400,4.0,0.05,0.7,107,cp,1.0,1.0,1.0,0.0,0.0,0.0,0.0,0.017753895499568264,0.07206629246818791,0.19288815434181006,0.22459932667048332
atoms,100,400,4.0,0.05,0.7,107,dkw,1.0,1.0,1.0,0.0,0.0,0.0,0.0,0.014243607413457784,0.08292611746763873,0.22706661427314764,0.2548494438985831
atoms,100,400,4.0,0.05,0.7,108,cp,1.0,1.0,1.0,0.0,0.0,0.0,0.0,0.012608448980274824,0.08292611746763873,0.198986969930733,0.2293792872310263
atoms,100,400,4.0,0.05,0.7,108,dkw,1.0,1.0,1.0,0.0,0.0,0.0,0.0,0.016082177441493498,0.09227076687921065,0.22570609851208648,0.24998085528746206
atoms,100,400,4.0,0.05,0.7,109,cp,1.0,1.0,1.0,0.0,0.0,0.0,0.0,0.00585083852591825,0.05921743213877939,0.2048103959544055,0.22958008463066726
atoms,100,400,4.0,0.05,0.7,109,dkw,1.0,1.0,1.0,0.0,0.0,0.0,0.0,0.013219657927266908,0.08292611746763873,0.23807271389423448,0.27008083914160613
atoms,100,400,4.0,0.05,0.7,110,cp,1.0,1.0,1.0,0.0,0.0,0.0,0.0,0.018768587211122335,0.08292611746763873,0.20325992727987136,0.23638764322901895
atoms,100,400,4.0,0.05,0.7,110,dkw,1.0,1.0,1.0,0.0,0.0,0.0,0.0,0.022385904860323366,0.09227076687921065,0.22320102508803466,0.24810988487951624
atoms,100,400,4.0,0.05,0.7,111,cp,1.0,1.0,1.0,0.0,0.0,0.0,0.0,0.03565670638100864,0.12431731341754021,0.17796401690529556,0.22655063931320507
atoms,100,400,4.0,0.05,0.7,111,dkw,1.0,1.0,1.0,0.0,0.0,0.0,0.0,0.025032634790529487,0.10784820255874888,0.20072931376092157,0.23675517418957848
atoms,100,400,4.0,0.05,0.7,112,cp,1.0,1.0,1.0,0.0,0.0,0.0,0.0,0.02608495097283833,0.10784820255874888,0.1937761712565537,0.23230750567222314
atoms,100,400,4.0,0.05,0.7,112,dkw,1.0,1.0,1.0,0.0,0.0,0.0,0.0,0.02331455637807497,0.10784820255874888,0.215512929306572,0.24430017603860849
atoms,100,400,4.0,0.05,0.7,113,cp,1.0,1.0,1.0,0.0,0.0,0.0,0.0,0.017178879947676758,0.05921743213877939,0.20976717393083746,0.24293396117218968
atoms,100,400,4.0,0.05,0.7,113,dkw,1.0,1.0,1.0,0.0,0.0,0.0,0.0,0.012550287954586488,0.08292611746763873,0.24048328894209925,0.2772040295307846
atoms,100,400,4.0,0.05,0.7,114,cp,1.0,1.0,1.0,0.0,0.0,0.0,0.0,0.025192226857061017,0.09227076687921065,0.19580516784493585,0.22904899679193158
atoms,100,400,4.0,0.05,0.7,114,dkw,1.0,1.0,1.0,0.0,0.0,0.0,0.0,0.030866710782435584,0.12431731341754021,0.22802293375245725,0.2640129562580628
atoms,100,400,4.0,0.05,0.7,115,cp,1.0,1.0,1.0,0.0,0.0,0.0,0.0,0.02267143606603548,0.09227076687921065,0.19352743674246922,0.23584142132206232
atoms,100,400,4.0,0.05,0.7,115,dkw,1.0,1.0,1.0,0.0,0.0,0.0,0.0,0.024183995123750187,0.09227076687921065,0.21387300228690653,0.24797273150391763
atoms,100,400,4.0,0.05,0.7,116,cp,1.0,1.0,1.0,0.0,0.0,0.0,0.0,0.027446385907724816,0.10043489373997505,0.18860418142623384,0.22832654866176627
atoms,100,400,4.0,0.05,0.7,116,dkw,1.0,1.0,1.0,0.0,0.0,0.0,0.0,0.028197079165334066,0.10043489373997505,0.2087622787485475,0.24576123295205177
atoms,100,400,4.0,0.05,0.7,117,cp,1.0,1.0,1.0,0.0,0.0,0.0,0.0,0.03268827873628735,0.10784820255874888,0.18294646267294432,0.22247273976547166
atoms,100,400,4.0,0.05,0.7,117,dkw,1.0,1.0,1.0,0.0,0.0,0.0,0.0,0.025032634790529487,0.10784820255874888,0.20631635245560037,0.23482347086752198
atoms,100,400,4.0,0.05,0.7,118,cp,1.0,1.0,1.0,0.0,0.0,0.0,0.0,0.015751465142865507,0.09227076687921065,0.20036043822602592,0.23001959325239907
atoms,100,400,4.0,0.05,0.7,118,dkw,1.0,1.0,1.0,0.0,0.0,0.0,0.0,0.02400868530433861,0.10784820255874888,0.22400163984667354,0.2550380821068078
atoms,100,400,4.0,0.05,0.7,119,cp,1.0,1.0,1.0,0.0,0.0,0.0,0.0,0.02967137484596221,0.10784820255874888,0.1966641618770163,0.24149413702739397
atoms,100,400,4.0,0.05,0.7,119,dkw,1.0,1.0,1.0,0.0,0.0,0.0,0.0,0.03251100726768402,0.10784820255874888,0.21209360609994246,0.24914289228185532
atoms,100,400,4.0,0.05,0.7,120,cp,1.0,1.0,1.0,0.0,0.0,0.0,0.0,0.010487639933982154,0.038348948462362475,0.21205425712804785,0.24104839371249653
atoms,100,400,4.0,0.05,0.7,120,dkw,1.0,1.0,1.0,0.0,0.0,0.0,0.0,0.004857002113877471,0.043685889989790117,0.25249031693292645,0.2848994021027925
atoms,100,400,4.0,0.05,0.7,121,cp,1.0,1.0,1.0,0.0,0.0,0.0,0.0,0.01089365403281939,0.043685889989790117,0.21332246293400645,0.23566731476714708
atoms,100,400,4.0,0.05,0.7,121,dkw,1.0,1.0,1.0,0.0,0.0,0.0,0.0,0.022583636850878025,0.09227076687921065,0.2526003648914845,0.29183379653661146
atoms,100,400,4.0,0.05,0.7,122,cp,1.0,1.0,1.0,0.0,0.0,0.0,0.0,0.013219657927266908,0.08292611746763873,0.19345704456121632,0.23072014145814135
atoms,100,400,4.0,0.05,0.7,122,dkw,1.0,1.0,1.0,0.0,0.0,0.0,0.0,0.013219657927266908,0.08292611746763873,0.21493417597555817,0.2466004911370091
atoms,100,400,4.0,0.05,0.7,123,cp,1.0,1.0,1.0,0.0,0.0,0.0,0.0,0.019453056019241945,0.09227076687921065,0.19272833106439222,0.23231256072074202
atoms,100,400,4.0,0.05,0.7,123,dkw,1.0,1.0,1.0,0.0,0.0,0.0,0.0,0.01574136559851974,0.09227076687921065,0.21444962643237692,0.2440153800887287
atoms,100,400,4.0,0.05,0.7,124,cp,1.0,1.0,1.0,0.0,0.0,0.0,0.0,0.01678867730454963,0.07206629246818791,0.19899818174315986,0.22685343753429232
atoms,100,400,4.0,0.05,0.7,124,dkw,1.0,1.0,1.0,0.0,0.0,0.0,0.0,0.02247052364260554,0.09227076687921065,0.23102268686672597,0.26818232404923653
atoms,100,400,4.0,0.05,0.7,125,cp,1.0,1.0,1.0,0.0,0.0,0.0,0.0,0.011292401850957588,0.08292611746763873,0.20095964635865887,0.23182907002394115
atoms,100,400,4.0,0.05,0.7,125,dkw,1.0,1.0,1.0,0.0,0.0,0.0,0.0,0.016082177441493498,0.09227076687921065,0.2218150011018995,0.2492589603918165
atoms,100,400,4.0,0.05,0.7,126,cp,1.0,1.0,1.0,0.0,0.0,0.0,0.0,0.013262351318370566,0.05921743213877939,0.20848749516157067,0.2350256317173527
atoms,100,400,4.0,0.05,0.7,126,dkw,1.0,1.0,1.0,0.0,0.0,0.0,0.0,0.022583636850878025,0.09227076687921065,0.23523070290352877,0.27384063799228753
atoms,100,400,4.0,0.05,0.7,127,cp,1.0,1.0,1.0,0.0,0.0,0.0,0.0,0.018158443109993216,0.09227076687921065,0.19287190772159518,0.23374720002380067
atoms,100,400,4.0,0.05,0.7,127,dkw,1.0,1.0,1.0,0.0,0.0,0.0,0.0,0.015388048515229855,0.09227076687921065,0.2149237091033676,0.24554032450168206
atoms,100,400,4.0,0.05,0.7,128,cp,1.0,1.0,1.0,0.0,0.0,0.0,0.0,0.011793661969889728,0.05921743213877939,0.20462348522516044,0.23167181625429933
atoms,100,400,4.0,0.05,0.7,128,dkw,1.0,1.0,1.0,0.0,0.0,0.0,0.0,0.022770207857146056,0.08292611746763873,0.22634410493272145,0.2539483068002061
atoms,100,400,4.0,0.05,0.7,129,cp,1.0,1.0,1.0,0.0,0.0,0.0,0.0,0.03060957058345596,0.10043489373997505,0.18154009053700484,0.22674407202247238
atoms,100,400,4.0,0.05,0.7,129,dkw,1.0,1.0,1.0,0.0,0.0,0.0,0.0,0.023065635779737102,0.10043489373997505,0.20889049380857722,0.2371157708643687
atoms,100,400,4.0,0.05,0.7,130,cp,1.0,1.0,1.0,0.0,0.0,0.0,0.0,0.007870568820111522,0.05921743213877939,0.20472072208910902,0.22905877469449687
atoms,100,400,4.0,0.05,0.7,130,dkw,1.0,1.0,1.0,0.0,0.0,0.0,0.0,0.015388048515229855,0.09227076687921065,0.23640093398536824,0.2692402041502391
atoms,100,400,4.0,0.05,0.7,131,cp,1.0,1.0,1.0,0.0,0.0,0.0,0.0,0.027176690848922807,0.10043489373997505,0.19223897592735695,0.22765659223977341
atoms,100,400,4.0,0.05,0.7,131,dkw,1.0,1.0,1.0,0.0,0.0,0.0,0.0,0.02573291442658017,0.10043489373997505,0.2182655912838477,0.24020375982439113
atoms,100,400,4.0,0.05,0.7,132,cp,1.0,1.0,1.0,0.0,0.0,0.0,0.0,0.017634003538553388,0.08292611746763873,0.20418327768730418,0.2346835852206372
atoms,100,400,4.0,0.05,0.7,132,dkw,1.0,1.0,1.0,0.0,0.0,0.0,0.0,0.02857254684830198,0.10043489373997505,0.22601003831590538,0.25970537489115597
atoms,100,400,4.0,0.05,0.7,133,cp,1.0,1.0,1.0,0.0,0.0,0.0,0.0,0.020718706688179534,0.10043489373997505,0.18669321366089744,0.23363990121215772
atoms,100,400,4.0,0.05,0.7,133,dkw,1.0,1.0,1.0,0.0,0.0,0.0,0.0,0.019000628275725014,0.10043489373997505,0.20321624322577614,0.24447093186473645
atoms,100,400,4.0,0.05,0.7,134,cp,1.0,1.0,1.0,0.0,0.0,0.0,0.0,0.011163222302932643,0.07206629246818791,0.197771299492827,0.23413376290705856
atoms,100,400,4.0,0.05,0.7,134,dkw,1.0,1.0,1.0,0.0,0.0,0.0,0.0,0.011163222302932643,0.07206629246818791,0.21628318888193768,0.24797384186145532
atoms,100,400,4.0,0.05,0.7,135,cp,1.0,1.0,1.0,0.0,0.0,0.0,0.0,0.007975357152252038,0.07206629246818791,0.2038964203219605,0.23221540943607655
atoms,100,400,4.0,0.05,0.7,135,dkw,1.0,1.0,1.0,0.0,0.0,0.0,0.0,0.016082177441493498,0.09227076687921065,0.22455678107625876,0.25663484492327004
atoms,100,400,4.0,0.05,0.7,136,cp,1.0,1.0,1.0,0.0,0.0,0.0,0.0,0.024225787518288366,0.10784820255874888,0.19445242641539365,0.23730576000002912
atoms,100,400,4.0,0.05,0.7,136,dkw,1.0,1.0,1.0,0.0,0.0,0.0,0.0,0.02400868530433861,0.10784820255874888,0.2095904592184572,0.2477847941237069
atoms,100,400,4.0,0.05,0.7,137,cp,1.0,1.0,1.0,0.0,0.0,0.0,0.0,0.01629927965544325,0.09227076687921065,0.19932800108144183,0.23334584715812678
atoms,100,400,4.0,0.05,0.7,137,dkw,1.0,1.0,1.0,0.0,0.0,0.0,0.0,0.016082177441493498,0.09227076687921065,0.2248528299205843,0.2479738367855817
atoms,100,400,4.0,0.05,0.7,138,cp,1.0,1.0,1.0,0.0,0.0,0.0,0.0,0.009543218710101851,0.047103740596573185,0.21814212662030463,0.24354866632190064
atoms,100,400,4.0,0.05,0.7,138,dkw,1.0,1.0,1.0,0.0,0.0,0.0,0.0,0.003933735455968523,0.043685889989790117,0.2590727307783148,0.2866542039781937
atoms,100,400,4.0,0.05,0.7,139,cp,1.0,1.0,1.0,0.0,0.0,0.0,0.0,0.02098701395773644,0.09227076687921065,0.19094414525364767,0.22668599268247802
atoms,100,400,4.0,0.05,0.7,139,dkw,1.0,1.0,1.0,0.0,0.0,0.0,0.0,0.01574136559851974,0.09227076687921065,0.21866958136696016,0.24172818727184553
atoms,100,400,4.0,0.05,0.7,140,cp,1.0,1.0,1.0,0.0,0.0,0.0,0.0,0.024426930843512693,0.07206629246818791,0.18763833466298938,0.23379897408953892
atoms,100,400,4.0,0.05,0.7,140,dkw,1.0,1.0,1.0,0.0,0.0,0.0,0.0,0.029426045132451284,0.10784820255874888,0.2236840993118287,0.2724213295708804
atoms,100,400,4.0,0.05,0.7,141,cp,1.0,1.0,1.0,0.0,0.0,0.0,0.0,0.01036744024553179,0.05921743213877939,0.20397006352633987,0.23517289174732514
atoms,100,400,4.0,0.05,0.7,141,dkw,1.0,1.0,1.0,0.0,0.0,0.0,0.0,0.011299870622781228,0.08292611746763873,0.23159859885082668,0.26816341838647356
atoms,100,400,4.0,0.05,0.7,142,cp,1.0,1.0,1.0,0.0,0.0,0.0,0.0,0.00579990563168896,0.038316111334489866,0.21877618262918344,0.24087888288328307
atoms,100,400,4.0,0.05,0.7,142,dkw,1.0,1.0,1.0,0.0,0.0,0.0,0.0,0.003425605866060628,0.043685889989790117,0.25827933528196284,0.2904361321432971
atoms,100,400,4.0,0.05,0.7,143,cp,1.0,1.0,1.0,0.0,0.0,0.0,0.0,0.019911859415938413,0.10043489373997505,0.18404133200556305,0.23222610940544797
atoms,100,400,4.0,0.05,0.7,143,dkw,1.0,1.0,1.0,0.0,0.0,0.0,0.0,0.01969475720198866,0.10043489373997505,0.2012189852874143,0.24710101102219528
atoms,100,400,4.0,0.05,0.7,144,cp,1.0,1.0,1.0,0.0,0.0,0.0,0.0,0.021739510448629488,0.07206629246818791,0.1972300129343999,0.2341011913029034
atoms,100,400,4.0,0.05,0.7,144,dkw,1.0,1.0,1.0,0.0,0.0,0.0,0.0,0.03568904112575536,0.12431731341754021,0.22963006915967774,0.273053134275311
atoms,100,400,4.0,0.05,0.7,145,cp,1.0,1.0,1.0,0.0,0.0,0.0,0.0,0.01721103992296938,0.0615793478453871,0.1897060836355951,0.23038040651295433
atoms,100,400,4.0,0.05,0.7,145,dkw,1.0,1.0,1.0,0.0,0.0,0.0,0.0,0.02098701395773644,0.09227076687921065,0.23490545105657074,0.2837899102968018
atoms,100,400,4.0,0.05,0.7,146,cp,1.0,1.0,1.0,0.0,0.0,0.0,0.0,0.024919556555192256,0.09227076687921065,0.18790749328763529,0.22598191062357764
atoms,100,400,4.0,0.05,0.7,146,dkw,1.0,1.0,1.0,0.0,0.0,0.0,0.0,0.02276899694570803,0.09227076687921065,0.21284723747202133,0.24294102484166125
atoms,100,400,4.0,0.05,0.7,147,cp,1.0,1.0,1.0,0.0,0.0,0.0,0.0,0.009088295407684226,0.043685889989790117,0.21345497612814865,0.23766268166345217
atoms,100,400,4.0,0.05,0.7,147,dkw,1.0,1.0,1.0,0.0,0.0,0.0,0.0,0.025310156064327353,0.09227076687921065,0.250138784271817,0.28887866231100734
atoms,100,400,4.0,0.05,0.7,148,cp,1.0,1.0,1.0,0.0,0.0,0.0,0.0,0.013219657927266908,0.08292611746763873,0.1895573114510408,0.2325387322910386
atoms,100,400,4.0,0.05,0.7,148,dkw,1.0,1.0,1.0,0.0,0.0,0.0,0.0,0.013219657927266908,0.08292611746763873,0.2077085869446046,0.2466460497464823
atoms,100,400,4.0,0.05,0.7,149,cp,1.0,1.0,1.0,0.0,0.0,0.0,0.0,0.027579813029952244,0.10043489373997505,0.19331252014542832,0.23131775445943392
atoms,100,400,4.0,0.05,0.7,149,dkw,1.0,1.0,1.0,0.0,0.0,0.0,0.0,0.030005327327231095,0.12431731341754021,0.22517800872731528,0.25420159318623375
atoms,100,400,4.0,0.05,0.7,150,cp,1.0,1.0,1.0,0.0,0.0,0.0,0.0,0.018727977294019073,0.08292611746763873,0.20503301214727454,0.23897285007617408
atoms,100,400,4.0,0.05,0.7,150,dkw,1.0,1.0,1.0,0.0,0.0,0.0,0.0,0.02495996708780682,0.09227076687921065,0.22724483840972795,0.2521492072114686
atoms,100,400,4.0,0.05,0.7,151,cp,1.0,1.0,1.0,0.0,0.0,0.0,0.0,0.023667873461364855,0.10784820255874888,0.1934503443652282,0.2385763518127133
atoms,100,400,4.0,0.05,0.7,151,dkw,1.0,1.0,1.0,0.0,0.0,0.0,0.0,0.02400868530433861,0.10784820255874888,0.2074382718486611,0.24733233916286756
atoms,100,400,4.0,0.05,0.7,152,cp,1.0,1.0,1.0,0.0,0.0,0.0,0.0,0.010098251553810398,0.07206629246818791,0.2020997165819305,0.22719847382817115
atoms,100,400,4.0,0.05,0.7,152,dkw,1.0,1.0,1.0,0.0,0.0,0.0,0.0,0.012739095721084845,0.08292611746763873,0.22988803596624327,0.2607515296091353
atoms,100,400,4.0,0.05,0.7,153,cp,1.0,1.0,1.0,0.0,0.0,0.0,0.0,0.020488662684823876,0.08292611746763873,0.20011657915740266,0.2325418469853197
atoms,100,400,4.0,0.05,0.7,153,dkw,1.0,1.0,1.0,0.0,0.0,0.0,0.0,0.028505767453112407,0.10784820255874888,0.2321608001697864,0.263834177464452
atoms,100,400,4.0,0.05,0.7,154,cp,1.0,1.0,1.0,0.0,0.0,0.0,0.0,0.005092705453524522,0.05921743213877939,0.20612585812828638,0.23163664426607766
atoms,100,400,4.0,0.05,0.7,154,dkw,1.0,1.0,1.0,0.0,0.0,0.0,0.0,0.013219657927266908,0.08292611746763873,0.2290958583775464,0.2616330399950212
atoms,100,400,4.0,0.05,0.7,155,cp,1.0,1.0,1.0,0.0,0.0,0.0,0.0,0.024426930843512693,0.07206629246818791,0.19081356637508012,0.23244371675978814
atoms,100,400,4.0,0.05,0.7,155,dkw,1.0,1.0,1.0,0.0,0.0,0.0,0.0,0.02891352182058156,0.10784820255874888,0.23049298728453316,0.2771258749920264
atoms,100,400,4.0,0.05,0.7,156,cp,1.0,1.0,1.0,0.0,0.0,0.0,0.0,0.008278015581737488,0.05921743213877939,0.20555683773470787,0.23009274591543194
atoms,100,400,4.0,0.05,0.7,156,dkw,1.0,1.0,1.0,0.0,0.0,0.0,0.0,0.015388048515229855,0.09227076687921065,0.23817035109457727,0.2764957663108124
atoms,100,400,4.0,0.05,0.7,157,cp,1.0,1.0,1.0,0.0,0.0,0.0,0.0,0.015388048515229855,0.09227076687921065,0.18977344650506198,0.23498270893907136
atoms,100,400,4.0,0.05,0.7,157,dkw,1.0,1.0,1.0,0.0,0.0,0.0,0.0,0.016082177441493498,0.09227076687921065,0.2060663334259101,0.2473804967933101
atoms,100,400,4.0,0.05,0.7,158,cp,1.0,1.0,1.0,0.0,0.0,0.0,0.0,0.005721187707055708,0.05921743213877939,0.21263161998367897,0.24095163553530874
atoms,100,400,4.0,0.05,0.7,158,dkw,1.0,1.0,1.0,0.0,0.0,0.0,0.0,0.016082177441493498,0.09227076687921065,0.2381630368448316,0.2758084233284177
atoms,100,400,4.0,0.05,0.7,159,cp,1.0,1.0,1.0,0.0,0.0,0.0,0.0,0.02247052364260554,0.09227076687921065,0.1950185360378817,0.23404435779339616
atoms,100,400,4.0,0.05,0.7,159,dkw,1.0,1.0,1.0,0.0,0.0,0.0,0.0,0.025310156064327353,0.09227076687921065,0.21726174151288138,0.24773593462874532
atoms,100,400,4.0,0.05,0.7,160,cp,1.0,1.0,1.0,0.0,0.0,0.0,0.0,0.020997113502082207,0.09227076687921065,0.192848953149352,0.2248632038453745
atoms,100,400,4.0,0.05,0.7,160,dkw,1.0,1.0,1.0,0.0,0.0,0.0,0.0,0.023667873461364855,0.10784820255874888,0.2179148343160169,0.24989360725260507
atoms,100,400,4.0,0.05,0.7,161,cp,1.0,1.0,1.0,0.0,0.0,0.0,0.0,0.016891367293464177,0.08292611746763873,0.19458609323312864,0.22298516953825354
atoms,100,400,4.0,0.05,0.7,161,dkw,1.0,1.0,1.0,0.0,0.0,0.0,0.0,0.015436207330863578,0.09227076687921065,0.2317686451523409,0.2607443695837317
atoms,100,400,4.0,0.05,0.7,162,cp,1.0,1.0,1.0,0.0,0.0,0.0,0.0,0.024599593718231602,0.10043489373997505,0.1918089396197547,0.22947850171826467
atoms,100,400,4.0,0.05,0.7,162,dkw,1.0,1.0,1.0,0.0,0.0,0.0,0.0,0.020718706688179534,0.10043489373997505,0.2143716526258921,0.23827848860263035
atoms,100,400,4.0,0.05,0.7,163,cp,1.0,1.0,1.0,0.0,0.0,0.0,0.0,0.003635239308186742,0.043685889989790117,0.20753881593227436,0.2273941038606384
atoms,100,400,4.0,0.05,0.7,163,dkw,1.0,1.0,1.0,0.0,0.0,0.0,0.0,0.013219657927266908,0.08292611746763873,0.24610802554141945,0.2897807484123625
atoms,100,400,4.0,0.05,0.7,164,cp,1.0,1.0,1.0,0.0,0.0,0.0,0.0,0.034923498685805916,0.10784820255874888,0.17437333997699994,0.21952791778458924
atoms,100,400,4.0,0.05,0.7,164,dkw,1.0,1.0,1.0,0.0,0.0,0.0,0.0,0.027379563882087062,0.10784820255874888,0.20680203738909075,0.2318165052218083
atoms,100,400,4.0,0.05,0.7,165,cp,1.0,1.0,1.0,0.0,0.0,0.0,0.0,0.030684013844307027,0.10784820255874888,0.18591200517671755,0.2256912379322507
atoms,100,400,4.0,0.05,0.7,165,dkw,1.0,1.0,1.0,0.0,0.0,0.0,0.0,0.025032634790529487,0.10784820255874888,0.21033451370566975,0.23677454297380557
atoms,100,400,4.0,0.05,0.7,166,cp,1.0,1.0,1.0,0.0,0.0,0.0,0.0,0.022770207857146056,0.08292611746763873,0.196694720547145,0.23842722054437238
atoms,100,400,4.0,0.05,0.7,166,dkw,1.0,1.0,1.0,0.0,0.0,0.0,0.0,0.022770207857146056,0.08292611746763873,0.2147789952007537,0.24761777299164622
atoms,100,400,4.0,0.05,0.7,167,cp,1.0,1.0,1.0,0.0,0.0,0.0,0.0,0.023065635779737102,0.10043489373997505,0.18477194814189815,0.22765659223977341
atoms,100,400,4.0,0.05,0.7,167,dkw,1.0,1.0,1.0,0.0,0.0,0.0,0.0,0.019048787091358738,0.10043489373997505,0.20433806656858855,0.24149636860626744
atoms,100,400,4.0,0.05,0.7,168,cp,1.0,1.0,1.0,0.0,0.0,0.0,0.0,0.02275750598146191,0.09227076687921065,0.18684474131868087,0.22756017581706878
atoms,100,400,4.0,0.05,0.7,168,dkw,1.0,1.0,1.0,0.0,0.0,0.0,0.0,0.017106126927684373,0.09227076687921065,0.2080238150657562,0.23861856943363535
atoms,100,400,4.0,0.05,0.7,169,cp,1.0,1.0,1.0,0.0,0.0,0.0,0.0,0.025032634790529487,0.10784820255874888,0.19990608450145647,0.23578766978743165
atoms,100,400,4.0,0.05,0.7,169,dkw,1.0,1.0,1.0,0.0,0.0,0.0,0.0,0.019000628275725014,0.10043489373997505,0.23020285860573592,0.24975693321872694
atoms,100,400,4.0,0.05,0.7,170,cp,1.0,1.0,1.0,0.0,0.0,0.0,0.0,0.047955697220274505,0.12431731341754021,0.1547615394708768,0.19116607915174755
atoms,100,400,4.0,0.05,0.7,170,dkw,1.0,1.0,1.0,0.0,0.0,0.0,0.0,0.05064120011962801,0.13985112650582393,0.18963101042207742,0.22207634459460518
atoms,100,400,4.0,0.05,0.7,171,cp,1.0,1.0,1.0,0.0,0.0,0.0,0.0,0.019048787091358738,0.10043489373997505,0.18476134112450718,0.2307678937062545
atoms,100,400,4.0,0.05,0.7,171,dkw,1.0,1.0,1.0,0.0,0.0,0.0,0.0,0.01969475720198866,0.10043489373997505,0.20219984315388356,0.24608842822886856
atoms,100,400,4.0,0.05,0.7,172,cp,1.0,1.0,1.0,0.0,0.0,0.0,0.0,0.02967137484596221,0.10784820255874888,0.1959966528368107,0.24019588214776022
atoms,100,400,4.0,0.05,0.7,172,dkw,1.0,1.0,1.0,0.0,0.0,0.0,0.0,0.03251100726768402,0.10784820255874888,0.20907879838024734,0.24826596975583604
atoms,100,400,4.0,0.05,0.7,173,cp,1.0,1.0,1.0,0.0,0.0,0.0,0.0,0.009065609855569147,0.043685889989790117,0.2130768149656886,0.23783348027197504
atoms,100,400,4.0,0.05,0.7,173,dkw,1.0,1.0,1.0,0.0,0.0,0.0,0.0,0.021644046916568894,0.08292611746763873,0.24622141979927753,0.2866141585562251
atoms,100,400,4.0,0.05,0.7,174,cp,1.0,1.0,1.0,0.0,0.0,0.0,0.0,0.013219657927266908,0.08292611746763873,0.20014137355666775,0.23524137007638635
atoms,100,400,4.0,0.05,0.7,174,dkw,1.0,1.0,1.0,0.0,0.0,0.0,0.0,0.013219657927266908,0.08292611746763873,0.22054388597740712,0.2473090537510656
atoms,100,400,4.0,0.05,0.7,175,cp,1.0,1.0,1.0,0.0,0.0,0.0,0.0,0.01915844857984038,0.07206629246818791,0.1989081592688554,0.23319049126455704
atoms,100,400,4.0,0.05,0.7,175,dkw,1.0,1.0,1.0,0.0,0.0,0.0,0.0,0.029872287269392145,0.10784820255874888,0.22473505809730338,0.2648432720587474
atoms,100,400,4.0,0.05,0.7,176,cp,1.0,1.0,1.0,0.0,0.0,0.0,0.0,0.027379563882087062,0.10784820255874888,0.19085134804706105,0.23081023437492387
atoms,100,400,4.0,0.05,0.7,176,dkw,1.0,1.0,1.0,0.0,0.0,0.0,0.0,0.023667873461364855,0.10784820255874888,0.2098064532463962,0.24072357660070343
atoms,100,400,4.0,0.05,0.7,177,cp,1.0,1.0,1.0,0.0,0.0,0.0,0.0,0.03268827873628735,0.10784820255874888,0.17746444001115194,0.22165502467489695
atoms,100,400,4.0,0.05,0.7,177,dkw,1.0,1.0,1.0,0.0,0.0,0.0,0.0,0.02608495097283833,0.10784820255874888,0.20385157345567215,0.235899094631552
atoms,100,400,4.0,0.05,0.7,178,cp,1.0,1.0,1.0,0.0,0.0,0.0,0.0,0.01698118182495486,0.09227076687921065,0.19552006594514468,0.23314833578407368
atoms,100,400,4.0,0.05,0.7,178,dkw,1.0,1.0,1.0,0.0,0.0,0.0,0.0,0.01762715193558478,0.09227076687921065,0.21495272869713739,0.24660092646192855
atoms,100,400,4.0,0.05,0.7,179,cp,1.0,1.0,1.0,0.0,0.0,0.0,0.0,0.017753627120889372,0.09227076687921065,0.19637606077007091,0.23022646264043556
atoms,100,400,4.0,0.05,0.7,179,dkw,1.0,1.0,1.0,0.0,0.0,0.0,0.0,0.015388048515229855,0.09227076687921065,0.21916737903801245,0.2446925161054691
atoms,100,400,4.0,0.05,0.7,180,cp,1.0,1.0,1.0,0.0,0.0,0.0,0.0,0.015436207330863578,0.09227076687921065,0.1946842001993147,0.2418442581803476
atoms,100,400,4.0,0.05,0.7,180,dkw,1.0,1.0,1.0,0.0,0.0,0.0,0.0,0.016082177441493498,0.09227076687921065,0.2084847786513441,0.25003198855250497
atoms,100,400,4.0,0.05,0.7,181,cp,1.0,1.0,1.0,0.0,0.0,0.0,0.0,0.019453056019241945,0.09227076687921065,0.19508376895492405,0.22989308032995193
atoms,100,400,4.0,0.05,0.7,181,dkw,1.0,1.0,1.0,0.0,0.0,0.0,0.0,0.015436207330863578,0.09227076687921065,0.2189667813271457,0.24247306339453045
atoms,100,400,4.0,0.05,0.7,182,cp,1.0,1.0,1.0,0.0,0.0,0.0,0.0,0.005497521442628364,0.05921743213877939,0.2025673102125126,0.23116796995498368
atoms,100,400,4.0,0.05,0.7,182,dkw,1.0,1.0,1.0,0.0,0.0,0.0,0.0,0.011163222302932643,0.07206629246818791,0.22214316304523282,0.24773845797241079
atoms,100,400,4.0,0.05,0.7,183,cp,1.0,1.0,1.0,0.0,0.0,0.0,0.0,0.01629927965544325,0.09227076687921065,0.19290636853115706,0.2367793635343164
atoms,100,400,4.0,0.05,0.7,183,dkw,1.0,1.0,1.0,0.0,0.0,0.0,0.0,0.015601615235311435,0.09227076687921065,0.20866456449069537,0.2477677995148051
atoms,100,400,4.0,0.05,0.7,184,cp,1.0,1.0,1.0,0.0,0.0,0.0,0.0,0.02126847480245112,0.0638909229069965,0.20861857499994713,0.2427555464627824
atoms,100,400,4.0,0.05,0.7,184,dkw,1.0,1.0,1.0,0.0,0.0,0.0,0.0,0.02667763050230084,0.10043489373997505,0.25292091190800325,0.29019603876848277
atoms,100,400,4.0,0.05,0.7,185,cp,1.0,1.0,1.0,0.0,0.0,0.0,0.0,0.02236015876418171,0.09227076687921065,0.19446888979892157,0.2317058058437228
atoms,100,400,4.0,0.05,0.7,185,dkw,1.0,1.0,1.0,0.0,0.0,0.0,0.0,0.020718706688179534,0.10043489373997505,0.22270154461861288,0.24918252890148873
atoms,100,400,4.0,0.05,0.7,186,cp,1.0,1.0,1.0,0.0,0.0,0.0,0.0,0.014419822125978357,0.07206629246818791,0.20338687171007153,0.23155920200484142
atoms,100,400,4.0,0.05,0.7,186,dkw,1.0,1.0,1.0,0.0,0.0,0.0,0.0,0.023667873461364855,0.10784820255874888,0.23470151802319514,0.27094192590426036
atoms,100,400,4.0,0.05,0.7,187,cp,1.0,1.0,1.0,0.0,0.0,0.0,0.0,0.030684013844307027,0.10784820255874888,0.18349573492516058,0.22607978019451624
atoms,100,400,4.0,0.05,0.7,187,dkw,1.0,1.0,1.0,0.0,0.0,0.0,0.0,0.019911859415938413,0.10043489373997505,0.2052186125109719,0.2386636104195755
atoms,100,400,4.0,0.05,0.7,188,cp,1.0,1.0,1.0,0.0,0.0,0.0,0.0,0.015017828169257121,0.05921743213877939,0.2063458605063585,0.23491458841630264
atoms,100,400,4.0,0.05,0.7,188,dkw,1.0,1.0,1.0,0.0,0.0,0.0,0.0,0.02573291442658017,0.10043489373997505,0.24339542964232588,0.28409555843456147
atoms,100,400,4.0,0.05,0.7,189,cp,1.0,1.0,1.0,0.0,0.0,0.0,0.0,0.011292401850957588,0.08292611746763873,0.20480862443137962,0.236675622865132
atoms,100,400,4.0,0.05,0.7,189,dkw,1.0,1.0,1.0,0.0,0.0,0.0,0.0,0.016082177441493498,0.09227076687921065,0.22695927368281782,0.25551485630526993
atoms,100,400,4.0,0.05,0.7,190,cp,1.0,1.0,1.0,0.0,0.0,0.0,0.0,0.01253348943650426,0.05921743213877939,0.20724034202166322,0.23354015839091602
atoms,100,400,4.0,0.05,0.7,190,dkw,1.0,1.0,1.0,0.0,0.0,0.0,0.0,0.02660103260047703,0.10043489373997505,0.24106145951680907,0.2790753974115805
atoms,100,400,4.0,0.05,0.7,191,cp,1.0,1.0,1.0,0.0,0.0,0.0,0.0,0.02169497444281962,0.07206629246818791,0.19307270071402904,0.23051266054469416
atoms,100,400,4.0,0.05,0.7,191,dkw,1.0,1.0,1.0,0.0,0.0,0.0,0.0,0.031115151268304844,0.10784820255874888,0.23445257641027623,0.2770028110781187
atoms,100,400,4.0,0.05,0.7,192,cp,1.0,1.0,1.0,0.0,0.0,0.0,0.0,0.018892806175709598,0.08292611746763873,0.2065008925523831,0.24044192503071005
atoms,100,400,4.0,0.05,0.7,192,dkw,1.0,1.0,1.0,0.0,0.0,0.0,0.0,0.025310156064327353,0.09227076687921065,0.23690710948524568,0.259134646323987
atoms,100,400,4.0,0.05,0.7,193,cp,1.0,1.0,1.0,0.0,0.0,0.0,0.0,0.018158443109993216,0.09227076687921065,0.19151388897813104,0.2265685917123138
atoms,100,400,4.0,0.05,0.7,193,dkw,1.0,1.0,1.0,0.0,0.0,0.0,0.0,0.015601615235311435,0.09227076687921065,0.21681573026187767,0.24518705773864657
atoms,100,400,4.0,0.05,0.7,194,cp,1.0,1.0,1.0,0.0,0.0,0.0,0.0,0.024607062490055245,0.10043489373997505,0.19458707636014927,0.2301995140273646
atoms,100,400,4.0,0.05,0.7,194,dkw,1.0,1.0,1.0,0.0,0.0,0.0,0.0,0.020718706688179534,0.10043489373997505,0.2201384432252111,0.2440841278714322
atoms,100,400,4.0,0.05,0.7,195,cp,1.0,1.0,1.0,0.0,0.0,0.0,0.0,0.012525529001003266,0.08292611746763873,0.19435345731444006,0.2343243593104799
atoms,100,400,4.0,0.05,0.7,195,dkw,1.0,1.0,1.0,0.0,0.0,0.0,0.0,0.013219657927266908,0.08292611746763873,0.21464084812976592,0.24798098023249882
atoms,100,400,4.0,0.05,0.7,196,cp,1.0,1.0,1.0,0.0,0.0,0.0,0.0,0.012526282458893267,0.07206629246818791,0.2006199289431414,0.23055811446569496
atoms,100,400,4.0,0.05,0.7,196,dkw,1.0,1.0,1.0,0.0,0.0,0.0,0.0,0.018547865828624686,0.08292611746763873,0.21821037904487664,0.24678547870161716
atoms,100,400,4.0,0.05,0.7,197,cp,1.0,1.0,1.0,0.0,0.0,0.0,0.0,0.00681078386597904,0.05921743213877939,0.20551001828761778,0.22984946401037032
atoms,100,400,4.0,0.05,0.7,197,dkw,1.0,1.0,1.0,0.0,0.0,0.0,0.0,0.013219657927266908,0.08292611746763873,0.2339346032899403,0.2669292312463252
atoms,100,400,4.0,0.05,0.7,198,cp,1.0,1.0,1.0,0.0,0.0,0.0,0.0,0.008417356551361478,0.02630790455772103,0.21387714076914924,0.2358429020265539
atoms,100,400,4.0,0.05,0.7,198,dkw,1.0,1.0,1.0,0.0,0.0,0.0,0.0,0.012693109778276533,0.05921743213877939,0.2682742561841219,0.3138133383247422
atoms,100,400,4.0,0.05,0.7,199,cp,1.0,1.0,1.0,0.0,0.0,0.0,0.0,0.024771870417788007,0.09227076687921065,0.18848936866738125,0.2232734156581787
atoms,100,400,4.0,0.05,0.7,199,dkw,1.0,1.0,1.0,0.0,0.0,0.0,0.0,0.02608495097283833,0.10784820255874888,0.2181390731649971,0.25050872680675024
atoms,100,400,4.0,0.05,0.7,200,cp,1.0,1.0,1.0,0.0,0.0,0.0,0.0,0.009185084440247215,0.07206629246818791,0.2062618937162092,0.2329165941981577
atoms,100,400,4.0,0.05,0.7,200,dkw,1.0,1.0,1.0,0.0,0.0,0.0,0.0,0.01969475720198866,0.10043489373997505,0.23000434029616407,0.26936121470297014
atoms,100,400,4.0,0.05,0.7,201,cp,1.0,1.0,1.0,0.0,0.0,0.0,0.0,0.020262679358693657,0.05921743213877939,0.20023534368569415,0.24095079804802672
atoms,100,400,4.0,0.05,0.7,201,dkw,1.0,1.0,1.0,0.0,0.0,0.0,0.0,0.018733185833937325,0.08292611746763873,0.24595655976552697,0.27664981929748
atoms,100,400,4.0,0.05,0.7,202,cp,1.0,1.0,1.0,0.0,0.0,0.0,0.0,0.032578569359545846,0.09227076687921065,0.1788002531827275,0.2261819910531383
atoms,100,400,4.0,0.05,0.7,202,dkw,1.0,1.0,1.0,0.0,0.0,0.0,0.0,0.034886873280802894,0.10784820255874888,0.2117418004100973,0.2546223879135419
atoms,100,400,4.0,0.05,0.7,203,cp,1.0,1.0,1.0,0.0,0.0,0.0,0.0,0.030364930907662367,0.10784820255874888,0.19520464530846574,0.23710506084072186
atoms,100,400,4.0,0.05,0.7,203,dkw,1.0,1.0,1.0,0.0,0.0,0.0,0.0,0.02967137484596221,0.10784820255874888,0.22378548022700712,0.24311733888319165
atoms,100,400,4.0,0.05,0.7,204,cp,1.0,1.0,1.0,0.0,0.0,0.0,0.0,0.009291404281569276,0.07206629246818791,0.20468573463131715,0.2341973974755115
atoms,100,400,4.0,0.05,0.7,204,dkw,1.0,1.0,1.0,0.0,0.0,0.0,0.0,0.012739095721084845,0.08292611746763873,0.2312160010511485,0.2531882092569318
atoms,100,400,4.0,0.05,0.7,205,cp,1.0,1.0,1.0,0.0,0.0,0.0,0.0,0.013763814196129884,0.08292611746763873,0.20375280075989977,0.23241473573306948
atoms,100,400,4.0,0.05,0.7,205,dkw,1.0,1.0,1.0,0.0,0.0,0.0,0.0,0.013219657927266908,0.08292611746763873,0.23666110766277149,0.2614714532658809
atoms,100,400,4.0,0.05,0.7,206,cp,1.0,1.0,1.0,0.0,0.0,0.0,0.0,0.02098701395773644,0.09227076687921065,0.1892809449636969,0.22776240651692592
atoms,100,400,4.0,0.05,0.7,206,dkw,1.0,1.0,1.0,0.0,0.0,0.0,0.0,0.01629927965544325,0.09227076687921065,0.212473258379557,0.23997947574817113
atoms,100,400,4.0,0.05,0.7,207,cp,1.0,1.0,1.0,0.0,0.0,0.0,0.0,0.015738237491750382,0.09227076687921065,0.20213018114105732,0.23529058146008142
atoms,100,400,4.0,0.05,0.7,207,dkw,1.0,1.0,1.0,0.0,0.0,0.0,0.0,0.016432366418014023,0.09227076687921065,0.2262624546926998,0.24703166447509894
atoms,100,400,4.0,0.05,0.7,208,cp,1.0,1.0,1.0,0.0,0.0,0.0,0.0,0.030948412861420856,0.10043489373997505,0.1871641432422815,0.22534001026976624
atoms,100,400,4.0,0.05,0.7,208,dkw,1.0,1.0,1.0,0.0,0.0,0.0,0.0,0.026426470488280333,0.10043489373997505,0.218726378649367,0.23940901879963528
atoms,100,400,4.0,0.05,0.7,209,cp,1.0,1.0,1.0,0.0,0.0,0.0,0.0,0.03989619122250752,0.12431731341754021,0.17675859898041385,0.22128252798044457
atoms,100,400,4.0,0.05,0.7,209,dkw,1.0,1.0,1.0,0.0,0.0,0.0,0.0,0.03388621435728317,0.12431731341754021,0.20537621602776632,0.23434670060048296
atoms,100,400,4.0,0.05,0.7,210,cp,1.0,1.0,1.0,0.0,0.0,0.0,0.0,0.005497521442628364,0.05921743213877939,0.20371905791649858,0.2299203909794021
atoms,100,400,4.0,0.05,0.7,210,dkw,1.0,1.0,1.0,0.0,0.0,0.0,0.0,0.013219657927266908,0.08292611746763873,0.22964959935396756,0.2622474263870543
atoms,100,400,4.0,0.05,0.7,211,cp,1.0,1.0,1.0,0.0,0.0,0.0,0.0,0.016082177441493498,0.09227076687921065,0.19617375825833264,0.23569078238885377
atoms,100,400,4.0,0.05,0.7,211,dkw,1.0,1.0,1.0,0.0,0.0,0.0,0.0,0.013219657927266908,0.08292611746763873,0.21263530252248203,0.24698947924913084
atoms,100,400,4.0,0.05,0.7,212,cp,1.0,1.0,1.0,0.0,0.0,0.0,0.0,0.006003936593737918,0.05921743213877939,0.2058849966749627,0.2319358774669451
atoms,100,400,4.0,0.05,0.7,212,dkw,1.0,1.0,1.0,0.0,0.0,0.0,0.0,0.016082177441493498,0.09227076687921065,0.2381966592726403,0.2713189341877126
atoms,100,400,4.0,0.05,0.7,213,cp,1.0,1.0,1.0,0.0,0.0,0.0,0.0,0.004449555352251504,0.043685889989790117,0.2091493822612424,0.23059340032772657
atoms,100,400,4.0,0.05,0.7,213,dkw,1.0,1.0,1.0,0.0,0.0,0.0,0.0,0.016082177441493498,0.09227076687921065,0.24391493545629545,0.2854498441303599
atoms,100,400,4.0,0.05,0.7,214,cp,1.0,1.0,1.0,0.0,0.0,0.0,0.0,0.005711088162709943,0.05921743213877939,0.20494261972480196,0.2347135312341826
atoms,100,400,4.0,0.05,0.7,214,dkw,1.0,1.0,1.0,0.0,0.0,0.0,0.0,0.013219657927266908,0.08292611746763873,0.23004723731825089,0.2609526765339994
atoms,100,400,4.0,0.05,0.7,215,cp,1.0,1.0,1.0,0.0,0.0,0.0,0.0,0.016179911950577892,0.05921743213877939,0.19999350519477402,0.22874469025948652
atoms,100,400,4.0,0.05,0.7,215,dkw,1.0,1.0,1.0,0.0,0.0,0.0,0.0,0.020229048738526732,0.08292611746763873,0.24018912792941363,0.27256399189271213
atoms,100,400,4.0,0.05,0.7,216,cp,0.0,1.0,1.0,0.0,0.0,0.0,0.0,0.03212040775854892,0.10784820255874888,0.19040701153632214,0.23240435215904598
atoms,100,400,4.0,0.05,0.7,216,dkw,0.0,1.0,1.0,0.0,0.0,0.0,0.0,0.029872287269392145,0.10784820255874888,0.21124263456670622,0.2394981275845659
atoms,100,400,4.0,0.05,0.7,217,cp,1.0,1.0,1.0,0.0,0.0,0.0,0.0,0.028106464125599882,0.10043489373997505,0.1912057614115753,0.22413470283839476
atoms,100,400,4.0,0.05,0.7,217,dkw,1.0,1.0,1.0,0.0,0.0,0.0,0.0,0.025946053047732665,0.10784820255874888,0.21547378604120482,0.24525137741624775
atoms,100,400,4.0,0.05,0.7,218,cp,1.0,1.0,1.0,0.0,0.0,0.0,0.0,0.011745376655695153,0.08292611746763873,0.2007347387089102,0.23294776715922838
atoms,100,400,4.0,0.05,0.7,218,dkw,1.0,1.0,1.0,0.0,0.0,0.0,0.0,0.013219657927266908,0.08292611746763873,0.22141047015370252,0.24755809386315508
atoms,100,400,4.0,0.05,0.7,219,cp,1.0,1.0,1.0,0.0,0.0,0.0,0.0,0.03517978973539078,0.09227076687921065,0.18376604075829917,0.22068111721592604
atoms,100,400,4.0,0.05,0.7,219,dkw,1.0,1.0,1.0,0.0,0.0,0.0,0.0,0.024599593718231602,0.10043489373997505,0.21800359927079838,0.25563689405251366
atoms,100,400,4.0,0.05,0.7,220,cp,1.0,1.0,1.0,0.0,0.0,0.0,0.0,0.03212040775854892,0.10784820255874888,0.19028013516353923,0.22900370967136535
atoms,100,400,4.0,0.05,0.7,220,dkw,1.0,1.0,1.0,0.0,0.0,0.0,0.0,0.02967137484596221,0.10784820255874888,0.2198165934951109,0.241219307191059
atoms,100,400,4.0,0.05,0.7,221,cp,1.0,1.0,1.0,0.0,0.0,0.0,0.0,0.005453491308638048,0.05921743213877939,0.20987896825881816,0.23883564758251918
atoms,100,400,4.0,0.05,0.7,221,dkw,1.0,1.0,1.0,0.0,0.0,0.0,0.0,0.016082177441493498,0.09227076687921065,0.23874267417665598,0.27000168208719044
atoms,100,400,4.0,0.05,0.7,222,cp,1.0,1.0,1.0,0.0,0.0,0.0,0.0,0.03060957058345596,0.10043489373997505,0.18066113379638415,0.2230106596457051
atoms,100,400,4.0,0.05,0.7,222,dkw,1.0,1.0,1.0,0.0,0.0,0.0,0.0,0.023065635779737102,0.10043489373997505,0.20685590109939084,0.23533708685856902
atoms,100,400,4.0,0.05,0.7,223,cp,1.0,1.0,1.0,0.0,0.0,0.0,0.0,0.03268827873628735,0.10784820255874888,0.18327715218495233,0.2234410560205704
atoms,100,400,4.0,0.05,0.7,223,dkw,1.0,1.0,1.0,0.0,0.0,0.0,0.0,0.02608495097283833,0.10784820255874888,0.21336437633731994,0.23473496673829286
atoms,100,400,4.0,0.05,0.7,224,cp,1.0,1.0,1.0,0.0,0.0,0.0,0.0,0.012211101762994623,0.08292611746763873,0.2052780973076552,0.23694908526372999
atoms,100,400,4.0,0.05,0.7,224,dkw,1.0,1.0,1.0,0.0,0.0,0.0,0.0,0.019214194995806594,0.10043489373997505,0.22848327059479104,0.25783759422560204
atoms,100,400,4.0,0.05,0.7,225,cp,1.0,1.0,1.0,0.0,0.0,0.0,0.0,0.022352689992358066,0.09227076687921065,0.1910698782850944,0.22277018788604186
atoms,100,400,4.0,0.05,0.7,225,dkw,1.0,1.0,1.0,0.0,0.0,0.0,0.0,0.019353945359014902,0.10043489373997505,0.21523057983097968,0.24417630763020393
atoms,100,400,4.0,0.05,0.7,226,cp,1.0,1.0,1.0,0.0,0.0,0.0,0.0,0.019048240030138105,0.09227076687921065,0.19621500769881642,0.22902172743463634
atoms,100,400,4.0,0.05,0.7,226,dkw,1.0,1.0,1.0,0.0,0.0,0.0,0.0,0.015436207330863578,0.09227076687921065,0.21928269664090982,0.24397124651113705
atoms,100,400,4.0,0.05,0.7,227,cp,1.0,1.0,1.0,0.0,0.0,0.0,0.0,0.019056255863182377,0.10043489373997505,0.19841831802890866,0.23093958238528745
atoms,100,400,4.0,0.05,0.7,227,dkw,1.0,1.0,1.0,0.0,0.0,0.0,0.0,0.01969475720198866,0.10043489373997505,0.22505852402441717,0.24811723619595216
atoms,100,400,4.0,0.05,0.7,228,cp,1.0,1.0,1.0,0.0,0.0,0.0,0.0,0.009072827336283057,0.05921743213877939,0.20960283968249618,0.2344538227314058
atoms,100,400,4.0,0.05,0.7,228,dkw,1.0,1.0,1.0,0.0,0.0,0.0,0.0,0.019048787091358738,0.10043489373997505,0.24583438503789112,0.282443889649554
atoms,100,400,4.0,0.05,0.7,229,cp,1.0,1.0,1.0,0.0,0.0,0.0,0.0,0.025743700366074745,0.09227076687921065,0.18871436349313203,0.2248321868381455
atoms,100,400,4.0,0.05,0.7,229,dkw,1.0,1.0,1.0,0.0,0.0,0.0,0.0,0.02565220012606132,0.10043489373997505,0.21634814377820724,0.2475701645686435
atoms,100,400,4.0,0.05,0.7,230,cp,1.0,1.0,1.0,0.0,0.0,0.0,0.0,0.009572628490986218,0.05921743213877939,0.20544600510422015,0.2332431993137824
atoms,100,400,4.0,0.05,0.7,230,dkw,1.0,1.0,1.0,0.0,0.0,0.0,0.0,0.01574136559851974,0.09227076687921065,0.23421172414214247,0.26922420668845604
atoms,100,400,4.0,0.05,0.7,231,cp,1.0,1.0,1.0,0.0,0.0,0.0,0.0,0.005140864269158245,0.05921743213877939,0.21029193384265432,0.23715792109676437
atoms,100,400,4.0,0.05,0.7,231,dkw,1.0,1.0,1.0,0.0,0.0,0.0,0.0,0.016082177441493498,0.09227076687921065,0.24148804466293097,0.27665971498718034
atoms,100,400,4.0,0.05,0.7,232,cp,1.0,1.0,1.0,0.0,0.0,0.0,0.0,0.017625359456178515,0.08292611746763873,0.20579063132655598,0.23695959089569707
atoms,100,400,4.0,0.05,0.7,232,dkw,1.0,1.0,1.0,0.0,0.0,0.0,0.0,0.027446385907724816,0.10043489373997505,0.23274396465231262,0.26119441777579944
atoms,100,400,4.0,0.05,0.7,233,cp,1.0,1.0,1.0,0.0,0.0,0.0,0.0,0.018158443109993216,0.09227076687921065,0.190846230918029,0.2278061791426368
atoms,100,400,4.0,0.05,0.7,233,dkw,1.0,1.0,1.0,0.0,0.0,0.0,0.0,0.015388048515229855,0.09227076687921065,0.21184037383845747,0.24441258877609917
atoms,100,400,4.0,0.05,0.7,234,cp,1.0,1.0,1.0,0.0,0.0,0.0,0.0,0.02413387421267781,0.10784820255874888,0.18232975625020922,0.234489877828425
atoms,100,400,4.0,0.05,0.7,234,dkw,1.0,1.0,1.0,0.0,0.0,0.0,0.0,0.02482800313894145,0.10784820255874888,0.19391500305537357,0.2457244977881068
atoms,100,400,4.0,0.05,0.7,235,cp,1.0,1.0,1.0,0.0,0.0,0.0,0.0,0.026426470488280333,0.10043489373997505,0.1866339567756318,0.23248953558999275
atoms,100,400,4.0,0.05,0.7,235,dkw,1.0,1.0,1.0,0.0,0.0,0.0,0.0,0.02276899694570803,0.09227076687921065,0.20512405506225598,0.24321475048104668
atoms,100,400,4.0,0.05,0.7,236,cp,1.0,1.0,1.0,0.0,0.0,0.0,0.0,0.006191650368892005,0.05921743213877939,0.20634032781854406,0.23682753488249797
atoms,100,400,4.0,0.05,0.7,236,dkw,1.0,1.0,1.0,0.0,0.0,0.0,0.0,0.013219657927266908,0.08292611746763873,0.2356006221031608,0.26768612707876366
atoms,100,400,4.0,0.05,0.7,237,cp,1.0,1.0,1.0,0.0,0.0,0.0,0.0,0.005555779802607852,0.05921743213877939,0.20876124201342766,0.23316009754555234
atoms,100,400,4.0,0.05,0.7,237,dkw,1.0,1.0,1.0,0.0,0.0,0.0,0.0,0.01239134676632507,0.08292611746763873,0.23329918290046706,0.267392921582369
atoms,100,400,4.0,0.05,0.7,238,cp,1.0,1.0,1.0,0.0,0.0,0.0,0.0,0.02276899694570803,0.09227076687921065,0.20007501685751922,0.23696863814152747
atoms,100,400,4.0,0.05,0.7,238,dkw,1.0,1.0,1.0,0.0,0.0,0.0,0.0,0.022770207857146056,0.08292611746763873,0.2236551119911887,0.24852406104371627
atoms,100,400,4.0,0.05,0.7,239,cp,1.0,1.0,1.0,0.0,0.0,0.0,0.0,0.03235225641878867,0.12431731341754021,0.18810264914652639,0.23313642672122892
atoms,100,400,4.0,0.05,0.7,239,dkw,1.0,1.0,1.0,0.0,0.0,0.0,0.0,0.023362715193708694,0.10784820255874888,0.20594808785067312,0.2433825598567665
atoms,100,400,4.0,0.05,0.7,240,cp,1.0,1.0,1.0,0.0,0.0,0.0,0.0,0.012573687816636989,0.08292611746763873,0.19600792006500434,0.23111165783038934
atoms,100,400,4.0,0.05,0.7,240,dkw,1.0,1.0,1.0,0.0,0.0,0.0,0.0,0.01386525666166201,0.08292611746763873,0.2151190216601993,0.2474963914971342
atoms,100,400,4.0,0.05,0.7,241,cp,1.0,1.0,1.0,0.0,0.0,0.0,0.0,0.017761095892713012,0.09227076687921065,0.20164123619928734,0.2324487378887728
atoms,100,400,4.0,0.05,0.7,241,dkw,1.0,1.0,1.0,0.0,0.0,0.0,0.0,0.019048787091358738,0.10043489373997505,0.23362384053848614,0.25899842198616996
atoms,100,400,4.0,0.05,0.7,242,cp,1.0,1.0,1.0,0.0,0.0,0.0,0.0,0.013219657927266908,0.08292611746763873,0.19557051585039686,0.23214547801021923
atoms,100,400,4.0,0.05,0.7,242,dkw,1.0,1.0,1.0,0.0,0.0,0.0,0.0,0.013219657927266908,0.08292611746763873,0.21568754690535102,0.24687953353708847
atoms,100,400,4.0,0.05,0.7,243,cp,1.0,1.0,1.0,0.0,0.0,0.0,0.0,0.013415296252515948,0.08292611746763873,0.20179801858944585,0.23286318876956635
atoms,100,400,4.0,0.05,0.7,243,dkw,1.0,1.0,1.0,0.0,0.0,0.0,0.0,0.015601615235311435,0.09227076687921065,0.22579680922298415,0.2512254963506231
atoms,100,400,4.0,0.05,0.7,244,cp,1.0,1.0,1.0,0.0,0.0,0.0,0.0,0.014220207551407283,0.08292611746763873,0.20573728128830665,0.23668122802274183
atoms,100,400,4.0,0.05,0.7,244,dkw,1.0,1.0,1.0,0.0,0.0,0.0,0.0,0.02352812309815655,0.10784820255874888,0.23308108799265315,0.263834177464452
atoms,100,400,4.0,0.05,0.7,245,cp,1.0,1.0,1.0,0.0,0.0,0.0,0.0,0.0064188521271875245,0.05921743213877939,0.2083982624706512,0.23463585953922017
atoms,100,400,4.0,0.05,0.7,245,dkw,1.0,1.0,1.0,0.0,0.0,0.0,0.0,0.01969475720198866,0.10043489373997505,0.2360282610784266,0.27339725437643414
atoms,100,400,4.0,0.05,0.7,246,cp,1.0,1.0,1.0,0.0,0.0,0.0,0.0,0.01458309046088521,0.08292611746763873,0.20489586579273017,0.23126316081652787
atoms,100,400,4.0,0.05,0.7,246,dkw,1.0,1.0,1.0,0.0,0.0,0.0,0.0,0.02898137784104022,0.12431731341754021,0.23088333388932342,0.27076022327694177
atoms,100,400,4.0,0.05,0.7,247,cp,1.0,1.0,1.0,0.0,0.0,0.0,0.0,0.021771022870488377,0.10043489373997505,0.19158323958303003,0.23352361966695118
atoms,100,400,4.0,0.05,0.7,247,dkw,1.0,1.0,1.0,0.0,0.0,0.0,0.0,0.019048787091358738,0.10043489373997505,0.21165716100549276,0.243505880841406
atoms,100,400,4.0,0.05,0.7,248,cp,1.0,1.0,1.0,0.0,0.0,0.0,0.0,0.019076774850639248,0.08292611746763873,0.19573533839273757,0.2264189543474563
atoms,100,400,4.0,0.05,0.7,248,dkw,1.0,1.0,1.0,0.0,0.0,0.0,0.0,0.021771022870488377,0.10043489373997505,0.2232154938348597,0.2554053240554952
atoms,100,400,4.0,0.05,0.7,249,cp,1.0,1.0,1.0,0.0,0.0,0.0,0.0,0.024599593718231602,0.10043489373997505,0.1933397163127957,0.2276064493667328
atoms,100,400,4.0,0.05,0.7,249,dkw,1.0,1.0,1.0,0.0,0.0,0.0,0.0,0.019353945359014902,0.10043489373997505,0.2193213889919354,0.24238494542710354
atoms,100,400,4.0,0.1,0.7,0,cp,1.0,1.0,1.0,0.0,0.0,0.0,0.0,0.01466462402610149,0.05921743213877939,0.19742651118606488,0.22665249052107628
atoms,100,400,4.0,0.1,0.7,0,dkw,1.0,1.0,1.0,0.0,0.0,0.0,0.0,0.022770207857146056,0.08292611746763873,0.21647678208935614,0.24988464677245342
atoms,100,400,4.0,0.1,0.7,1,cp,0.0,1.0,1.0,0.0,0.0,0.0,0.0,0.016156204330431724,0.07206629246818791,0.1885486604952235,0.21773415076978808
atoms,100,400,4.0,0.1,0.7,1,dkw,0.0,1.0,1.0,0.0,0.0,0.0,0.0,0.021644046916568894,0.08292611746763873,0.21034531155216882,0.23240960847534003
atoms,100,400,4.0,0.1,0.7,2,cp,1.0,1.0,1.0,0.0,0.0,0.0,0.0,0.019551037500267727,0.08292611746763873,0.1852604663760908,0.22090641578843173
atoms,100,400,4.0,0.1,0.7,2,dkw,1.0,1.0,1.0,0.0,0.0,0.0,0.0,0.016268119593634646,0.08292611746763873,0.20457502621530466,0.2290259996142251
atoms,100,400,4.0,0.1,0.7,3,cp,1.0,1.0,1.0,0.0,0.0,0.0,0.0,0.012573687816636989,0.08292611746763873,0.18874067641532485,0.22299375944612798
atoms,100,400,4.0,0.1,0.7,3,dkw,1.0,1.0,1.0,0.0,0.0,0.0,0.0,0.013219657927266908,0.08292611746763873,0.20182202327679669,0.2317957694045234
atoms,100,400,4.0,0.1,0.7,4,cp,1.0,1.0,1.0,0.0,0.0,0.0,0.0,0.019055708801961745,0.09227076687921065,0.18416304144919984,0.216322404812486
atoms,100,400,4.0,0.1,0.7,4,dkw,1.0,1.0,1.0,0.0,0.0,0.0,0.0,0.019353945359014902,0.10043489373997505,0.20605279420382036,0.22887571733801404
atoms,100,400,4.0,0.1,0.7,5,cp,1.0,1.0,1.0,0.0,0.0,0.0,0.0,0.00867695485033932,0.07206629246818791,0.19104353493741313,0.21934890378618332
atoms,100,400,4.0,0.1,0.7,5,dkw,1.0,1.0,1.0,0.0,0.0,0.0,0.0,0.016082177441493498,0.09227076687921065,0.20898548852176618,0.24607074014712438
atoms,100,400,4.0,0.1,0.7,6,cp,1.0,1.0,1.0,0.0,0.0,0.0,0.0,0.026808691937778528,0.10043489373997505,0.1795881326010182,0.2148240399331135
atoms,100,400,4.0,0.1,0.7,6,dkw,1.0,1.0,1.0,0.0,0.0,0.0,0.0,0.02660103260047703,0.10043489373997505,0.19451850258358316,0.22662884230322788
atoms,100,400,4.0,0.1,0.7,7,cp,1.0,1.0,1.0,0.0,0.0,0.0,0.0,0.013605537487800379,0.07206629246818791,0.1955196789357536,0.226519349895433
atoms,100,400,4.0,0.1,0.7,7,dkw,1.0,1.0,1.0,0.0,0.0,0.0,0.0,0.02331455637807497,0.10784820255874888,0.21585421807927013,0.2528250329032363
atoms,100,400,4.0,0.1,0.7,8,cp,1.0,1.0,1.0,0.0,0.0,0.0,0.0,0.019256916541577917,0.07206629246818791,0.18677656386943994,0.22086610651492822
atoms,100,400,4.0,0.1,0.7,8,dkw,1.0,1.0,1.0,0.0,0.0,0.0,0.0,0.025032634790529487,0.10784820255874888,0.21592967544056024,0.25785758793585845
atoms,100,400,4.0,0.1,0.7,9,cp,1.0,1.0,1.0,0.0,0.0,0.0,0.0,0.020718706688179534,0.10043489373997505,0.18230030684184015,0.2222648558330701
atoms,100,400,4.0,0.1,0.7,9,dkw,1.0,1.0,1.0,0.0,0.0,0.0,0.0,0.01969475720198866,0.10043489373997505,0.1956373694738653,0.2316031635900917
atoms,100,400,4.0,0.1,0.7,10,cp,1.0,1.0,1.0,0.0,0.0,0.0,0.0,0.010702431080194164,0.043685889989790117,0.19535488011155042,0.2233959949044939
atoms,100,400,4.0,0.1,0.7,10,dkw,1.0,1.0,1.0,0.0,0.0,0.0,0.0,0.008894057064289074,0.07206629246818791,0.2269568922501663,0.26541110904590093
atoms,100,400,4.0,0.1,0.7,11,cp,1.0,1.0,1.0,0.0,0.0,0.0,0.0,0.0033524904215045327,0.043685889989790117,0.1962285524779566,0.2188162080800855
atoms,100,400,4.0,0.1,0.7,11,dkw,1.0,1.0,1.0,0.0,0.0,0.0,0.0,0.011986530777221229,0.08292611746763873,0.2187001777831048,0.2570965148525431
atoms,100,400,4.0,0.1,0.7,12,cp,1.0,1.0,1.0,0.0,0.0,0.0,0.0,0.015783420814305553,0.07206629246818791,0.18916851773017776,0.21662115817888883
atoms,100,400,4.0,0.1,0.7,12,dkw,1.0,1.0,1.0,0.0,0.0,0.0,0.0,0.02247052364260554,0.09227076687921065,0.20927230251160459,0.2380121987351813
atoms,100,400,4.0,0.1,0.7,13,cp,1.0,1.0,1.0,0.0,0.0,0.0,0.0,0.019999214993432587,0.07206629246818791,0.18162719878688627,0.21389140669954798
atoms,100,400,4.0,0.1,0.7,13,dkw,1.0,1.0,1.0,0.0,0.0,0.0,0.0,0.021771022870488377,0.10043489373997505,0.2117904246952035,0.25188663801946976
atoms,100,400,4.0,0.1,0.7,14,cp,1.0,1.0,1.0,0.0,0.0,0.0,0.0,0.01501889048684787,0.0638909229069965,0.2035626371343838,0.23181463320118112
atoms,100,400,4.0,0.1,0.7,14,dkw,1.0,1.0,1.0,0.0,0.0,0.0,0.0,0.010568381342047845,0.07206629246818791,0.23323309976719656,0.264341824275259
atoms,100,400,4.0,0.1,0.7,15,cp,1.0,1.0,1.0,0.0,0.0,0.0,0.0,0.024771870417788007,0.09227076687921065,0.17995908141462943,0.21612995666093404
atoms,100,400,4.0,0.1,0.7,15,dkw,1.0,1.0,1.0,0.0,0.0,0.0,0.0,0.02608495097283833,0.10784820255874888,0.20456899859569255,0.23829620638477794
atoms,100,400,4.0,0.1,0.7,16,cp,1.0,1.0,1.0,0.0,0.0,0.0,0.0,0.006917307028380451,0.05921743213877939,0.19131428932738218,0.21822607483487344
atoms,100,400,4.0,0.1,0.7,16,dkw,1.0,1.0,1.0,0.0,0.0,0.0,0.0,0.012503574060131402,0.07206629246818791,0.21012547974424878,0.2392659895363386
atoms,100,400,4.0,0.1,0.7,17,cp,1.0,1.0,1.0,0.0,0.0,0.0,0.0,0.015357409354969678,0.08292611746763873,0.1825301713897259,0.21210285076160207
atoms,100,400,4.0,0.1,0.7,17,dkw,1.0,1.0,1.0,0.0,0.0,0.0,0.0,0.015388048515229855,0.09227076687921065,0.2058704414207571,0.2287378612869726
atoms,100,400,4.0,0.1,0.7,18,cp,1.0,1.0,1.0,0.0,0.0,0.0,0.0,0.019468464424155382,0.08292611746763873,0.18834917379858407,0.22004175078409682
atoms,100,400,4.0,0.1,0.7,18,dkw,1.0,1.0,1.0,0.0,0.0,0.0,0.0,0.02276899694570803,0.09227076687921065,0.21558412305338595,0.23488632248913366
atoms,100,400,4.0,0.1,0.7,19,cp,1.0,1.0,1.0,0.0,0.0,0.0,0.0,0.025740881023391476,0.08292611746763873,0.1769432047129567,0.21822347298152306
atoms,100,400,4.0,0.1,0.7,19,dkw,1.0,1.0,1.0,0.0,0.0,0.0,0.0,0.02877931359893597,0.10784820255874888,0.20618502611878578,0.2467764529159001
atoms,100,400,4.0,0.1,0.7,20,cp,1.0,1.0,1.0,0.0,0.0,0.0,0.0,0.024771870417788007,0.09227076687921065,0.18092618271360186,0.21686594250774327
atoms,100,400,4.0,0.1,0.7,20,dkw,1.0,1.0,1.0,0.0,0.0,0.0,0.0,0.02608495097283833,0.10784820255874888,0.20279290672494013,0.235308433224177
atoms,100,400,4.0,0.1,0.7,21,cp,1.0,1.0,1.0,0.0,0.0,0.0,0.0,0.02608495097283833,0.10784820255874888,0.1842155620352454,0.22360522653723353
atoms,100,400,4.0,0.1,0.7,21,dkw,1.0,1.0,1.0,0.0,0.0,0.0,0.0,0.019000628275725014,0.10043489373997505,0.1993617852737794,0.22913480226535077
atoms,100,400,4.0,0.1,0.7,22,cp,1.0,1.0,1.0,0.0,0.0,0.0,0.0,0.01508513673740392,0.05921743213877939,0.19685461838633622,0.22259799749503628
atoms,100,400,4.0,0.1,0.7,22,dkw,1.0,1.0,1.0,0.0,0.0,0.0,0.0,0.02967137484596221,0.10784820255874888,0.23024298842065316,0.27090251528392134
atoms,100,400,4.0,0.1,0.7,23,cp,1.0,1.0,1.0,0.0,0.0,0.0,0.0,0.005545680258262087,0.05921743213877939,0.18998196211754123,0.21527261976147638
atoms,100,400,4.0,0.1,0.7,23,dkw,1.0,1.0,1.0,0.0,0.0,0.0,0.0,0.013219657927266908,0.08292611746763873,0.21278434775547855,0.24270035209632684
atoms,100,400,4.0,0.1,0.7,24,cp,1.0,1.0,1.0,0.0,0.0,0.0,0.0,0.018661859317189642,0.08292611746763873,0.17846405159145287,0.21041935308863402
atoms,100,400,4.0,0.1,0.7,24,dkw,1.0,1.0,1.0,0.0,0.0,0.0,0.0,0.01629927965544325,0.09227076687921065,0.1997222723966998,0.22692984704616637
atoms,100,400,4.0,0.1,0.7,25,cp,1.0,1.0,1.0,0.0,0.0,0.0,0.0,0.01969475720198866,0.10043489373997505,0.18045389802365086,0.22890265576421254
atoms,100,400,4.0,0.1,0.7,25,dkw,1.0,1.0,1.0,0.0,0.0,0.0,0.0,0.016082177441493498,0.09227076687921065,0.189775225304199,0.2309557036358596
atoms,100,400,4.0,0.1,0.7,26,cp,1.0,1.0,1.0,0.0,0.0,0.0,0.0,0.008267916037391722,0.05921743213877939,0.18859899167230165,0.21541790820515994
atoms,100,400,4.0,0.1,0.7,26,dkw,1.0,1.0,1.0,0.0,0.0,0.0,0.0,0.012573687816636989,0.08292611746763873,0.2112148164862824,0.23720016034724972
atoms,100,400,4.0,0.1,0.7,27,cp,1.0,1.0,1.0,0.0,0.0,0.0,0.0,0.005786834379788164,0.05921743213877939,0.19824486713193834,0.2281363644717196
atoms,100,400,4.0,0.1,0.7,27,dkw,1.0,1.0,1.0,0.0,0.0,0.0,0.0,0.013219657927266908,0.08292611746763873,0.21974718349985925,0.2522025256274412
atoms,100,400,4.0,0.1,0.7,28,cp,1.0,1.0,1.0,0.0,0.0,0.0,0.0,0.010164792150953084,0.043685889989790117,0.1990905521397396,0.22092425778319558
atoms,100,400,4.0,0.1,0.7,28,dkw,1.0,1.0,1.0,0.0,0.0,0.0,0.0,0.018323161304915233,0.08292611746763873,0.2322467854361402,0.27200288878073864
atoms,100,400,4.0,0.1,0.7,29,cp,1.0,1.0,1.0,0.0,0.0,0.0,0.0,0.016367197024753942,0.05562288607958488,0.19617241454936657,0.23074503889529285
atoms,100,400,4.0,0.1,0.7,29,dkw,1.0,1.0,1.0,0.0,0.0,0.0,0.0,0.009672148512682862,0.043685889989790117,0.2389220548242745,0.2714302638215276
atoms,100,400,4.0,0.1,0.7,30,cp,1.0,1.0,1.0,0.0,0.0,0.0,0.0,0.020105722003255177,0.08292611746763873,0.18642035586179312,0.2198310845832242
atoms,100,400,4.0,0.1,0.7,30,dkw,1.0,1.0,1.0,0.0,0.0,0.0,0.0,0.02573291442658017,0.10043489373997505,0.20849731006418246,0.2363787027159383
atoms,100,400,4.0,0.1,0.7,31,cp,1.0,1.0,1.0,0.0,0.0,0.0,0.0,0.021771022870488377,0.10043489373997505,0.1817735353473775,0.21702409887263152
atoms,100,400,4.0,0.1,0.7,31,dkw,1.0,1.0,1.0,0.0,0.0,0.0,0.0,0.019214194995806594,0.10043489373997505,0.20108645363877165,0.2289110163307415
atoms,100,400,4.0,0.1,0.7,32,cp,1.0,1.0,1.0,0.0,0.0,0.0,0.0,0.012022050735669492,0.07206629246818791,0.1914784561426757,0.21794241896248073
atoms,100,400,4.0,0.1,0.7,32,dkw,1.0,1.0,1.0,0.0,0.0,0.0,0.0,0.021096361488137233,0.10043489373997505,0.2170704411234091,0.24947997682338952
atoms,100,400,4.0,0.1,0.7,33,cp,1.0,1.0,1.0,0.0,0.0,0.0,0.0,0.019453056019241945,0.09227076687921065,0.18496534338611537,0.2166347706317584
atoms,100,400,4.0,0.1,0.7,33,dkw,1.0,1.0,1.0,0.0,0.0,0.0,0.0,0.01574136559851974,0.09227076687921065,0.208277387778944,0.22744152970699283
atoms,100,400,4.0,0.1,0.7,34,cp,1.0,1.0,1.0,0.0,0.0,0.0,0.0,0.005313740945429741,0.05921743213877939,0.195524959035099,0.2200579035854664
atoms,100,400,4.0,0.1,0.7,34,dkw,1.0,1.0,1.0,0.0,0.0,0.0,0.0,0.009074302067619522,0.07206629246818791,0.21498237259565833,0.24893138608012538
atoms,100,400,4.0,0.1,0.7,35,cp,1.0,1.0,1.0,0.0,0.0,0.0,0.0,0.01193657191178091,0.043685889989790117,0.20023085309754238,0.2233475056731712
atoms,100,400,4.0,0.1,0.7,35,dkw,1.0,1.0,1.0,0.0,0.0,0.0,0.0,0.018302280690453376,0.07206629246818791,0.22643262632286223,0.2660373090054739
atoms,100,400,4.0,0.1,0.7,36,cp,1.0,1.0,1.0,0.0,0.0,0.0,0.0,0.005860938070264015,0.05921743213877939,0.19634551730733477,0.22025782720367537
atoms,100,400,4.0,0.1,0.7,36,dkw,1.0,1.0,1.0,0.0,0.0,0.0,0.0,0.011986530777221229,0.08292611746763873,0.2152774482367158,0.24974185102295549
atoms,100,400,4.0,0.1,0.7,37,cp,1.0,1.0,1.0,0.0,0.0,0.0,0.0,0.013415296252515948,0.08292611746763873,0.18550440832391396,0.21503809139570418
atoms,100,400,4.0,0.1,0.7,37,dkw,1.0,1.0,1.0,0.0,0.0,0.0,0.0,0.016082177441493498,0.09227076687921065,0.20408575848116006,0.23094032417076615
atoms,100,400,4.0,0.1,0.7,38,cp,1.0,1.0,1.0,0.0,0.0,0.0,0.0,0.008886588292465435,0.07206629246818791,0.19002369137063446,0.21699288951508267
atoms,100,400,4.0,0.1,0.7,38,dkw,1.0,1.0,1.0,0.0,0.0,0.0,0.0,0.016082177441493498,0.09227076687921065,0.21097267716154286,0.23872244385407848
atoms,100,400,4.0,0.1,0.7,39,cp,1.0,1.0,1.0,0.0,0.0,0.0,0.0,0.008733490224645766,0.07206629246818791,0.1914610244093499,0.21868097301158407
atoms,100,400,4.0,0.1,0.7,39,dkw,1.0,1.0,1.0,0.0,0.0,0.0,0.0,0.013219657927266908,0.08292611746763873,0.2136251423929579,0.24108861828367167
atoms,100,400,4.0,0.1,0.7,40,cp,1.0,1.0,1.0,0.0,0.0,0.0,0.0,0.009561801385587603,0.07206629246818791,0.188221335895711,0.2183495502068441
atoms,100,400,4.0,0.1,0.7,40,dkw,1.0,1.0,1.0,0.0,0.0,0.0,0.0,0.013219657927266908,0.08292611746763873,0.20406342868295024,0.2316055591495345
atoms,100,400,4.0,0.1,0.7,41,cp,1.0,1.0,1.0,0.0,0.0,0.0,0.0,0.04235936513632301,0.12431731341754021,0.17214710282560652,0.21006891281674167
atoms,100,400,4.0,0.1,0.7,41,dkw,1.0,1.0,1.0,0.0,0.0,0.0,0.0,0.03766097127298896,0.12431731341754021,0.19577396607083727,0.2308520934681791
atoms,100,400,4.0,0.1,0.7,42,cp,1.0,1.0,1.0,0.0,0.0,0.0,0.0,0.011545972402645812,0.043685889989790117,0.192809732997487,0.2198420258118597
atoms,100,400,4.0,0.1,0.7,42,dkw,1.0,1.0,1.0,0.0,0.0,0.0,0.0,0.012548666935514097,0.05921743213877939,0.2234197320651154,0.259680507748146
atoms,100,400,4.0,0.1,0.7,43,cp,1.0,1.0,1.0,0.0,0.0,0.0,0.0,0.023240186436653428,0.08292611746763873,0.1787747527273779,0.20988166390239216
atoms,100,400,4.0,0.1,0.7,43,dkw,1.0,1.0,1.0,0.0,0.0,0.0,0.0,0.02267143606603548,0.09227076687921065,0.20602683837023983,0.235527978322784
atoms,100,400,4.0,0.1,0.7,44,cp,1.0,1.0,1.0,0.0,0.0,0.0,0.0,0.011465636775610275,0.05921743213877939,0.19826620981187124,0.22148448491351946
atoms,100,400,4.0,0.1,0.7,44,dkw,1.0,1.0,1.0,0.0,0.0,0.0,0.0,0.021619325389158926,0.08292611746763873,0.22051379927751025,0.25806880746253014
atoms,100,400,4.0,0.1,0.7,45,cp,1.0,1.0,1.0,0.0,0.0,0.0,0.0,0.017306282826913783,0.08292611746763873,0.18512909424491866,0.21570955895728205
atoms,100,400,4.0,0.1,0.7,45,dkw,1.0,1.0,1.0,0.0,0.0,0.0,0.0,0.019353945359014902,0.10043489373997505,0.20601506406050846,0.23716491625661684
atoms,100,400,4.0,0.1,0.7,46,cp,1.0,1.0,1.0,0.0,0.0,0.0,0.0,0.00925664311793144,0.07206629246818791,0.19117224216143275,0.2231360018048426
atoms,100,400,4.0,0.1,0.7,46,dkw,1.0,1.0,1.0,0.0,0.0,0.0,0.0,0.013219657927266908,0.08292611746763873,0.20593871372848668,0.23204407919400094
atoms,100,400,4.0,0.1,0.7,47,cp,1.0,1.0,1.0,0.0,0.0,0.0,0.0,0.018039629772237168,0.08292611746763873,0.19568445011292757,0.22748331101800645
atoms,100,400,4.0,0.1,0.7,47,dkw,1.0,1.0,1.0,0.0,0.0,0.0,0.0,0.03251100726768402,0.10784820255874888,0.21576363728299217,0.2481840514832161
atoms,100,400,4.0,0.1,0.7,48,cp,1.0,1.0,1.0,0.0,0.0,0.0,0.0,0.014638117695065405,0.07206629246818791,0.19589378232448854,0.22686733672306425
atoms,100,400,4.0,0.1,0.7,48,dkw,1.0,1.0,1.0,0.0,0.0,0.0,0.0,0.025310156064327353,0.09227076687921065,0.2124564142179873,0.2403424304613172
atoms,100,400,4.0,0.1,0.7,49,cp,1.0,1.0,1.0,0.0,0.0,0.0,0.0,0.006011405365561558,0.05921743213877939,0.19665967413677835,0.223006180819333
atoms,100,400,4.0,0.1,0.7,49,dkw,1.0,1.0,1.0,0.0,0.0,0.0,0.0,0.015601615235311435,0.09227076687921065,0.22013222479409733,0.25332273569284536
atoms,100,400,4.0,0.1,0.7,50,cp,1.0,1.0,1.0,0.0,0.0,0.0,0.0,0.017857601514098403,0.08292611746763873,0.19058515411412116,0.2234157902337412
atoms,100,400,4.0,0.1,0.7,50,dkw,1.0,1.0,1.0,0.0,0.0,0.0,0.0,0.027446385907724816,0.10043489373997505,0.20559517256262866,0.2324743446288443
atoms,100,400,4.0,0.1,0.7,51,cp,1.0,1.0,1.0,0.0,0.0,0.0,0.0,0.005446022536814408,0.05921743213877939,0.19561174679134605,0.22107600645069758
atoms,100,400,4.0,0.1,0.7,51,dkw,1.0,1.0,1.0,0.0,0.0,0.0,0.0,0.016082177441493498,0.09227076687921065,0.22059245413500583,0.2552450295373233
atoms,100,400,4.0,0.1,0.7,52,cp,1.0,1.0,1.0,0.0,0.0,0.0,0.0,0.015352283390307732,0.07206629246818791,0.1845557215126967,0.2132179770884951
atoms,100,400,4.0,0.1,0.7,52,dkw,1.0,1.0,1.0,0.0,0.0,0.0,0.0,0.019911859415938413,0.10043489373997505,0.21598041497853643,0.2521969809356144
atoms,100,400,4.0,0.1,0.7,53,cp,1.0,1.0,1.0,0.0,0.0,0.0,0.0,0.006408752582841759,0.05921743213877939,0.19285708270114793,0.2201964754172403
atoms,100,400,4.0,0.1,0.7,53,dkw,1.0,1.0,1.0,0.0,0.0,0.0,0.0,0.01068266009675058,0.07206629246818791,0.2128573179042633,0.23913545001592124
atoms,100,400,4.0,0.1,0.7,54,cp,1.0,1.0,1.0,0.0,0.0,0.0,0.0,0.0066596788721985135,0.043685889989790117,0.19812720952914473,0.21879128647163848
atoms,100,400,4.0,0.1,0.7,54,dkw,1.0,1.0,1.0,0.0,0.0,0.0,0.0,0.014686428581312883,0.07206629246818791,0.21956335101211744,0.2523874172436571
atoms,100,400,4.0,0.1,0.7,55,cp,1.0,1.0,1.0,0.0,0.0,0.0,0.0,0.005711088162709943,0.05921743213877939,0.19543501964944746,0.22615099888810908
atoms,100,400,4.0,0.1,0.7,55,dkw,1.0,1.0,1.0,0.0,0.0,0.0,0.0,0.013219657927266908,0.08292611746763873,0.21343541193775514,0.23876679326680522
atoms,100,400,4.0,0.1,0.7,56,cp,1.0,1.0,1.0,0.0,0.0,0.0,0.0,0.022770207857146056,0.08292611746763873,0.1907616100413775,0.22794209570462387
atoms,100,400,4.0,0.1,0.7,56,dkw,1.0,1.0,1.0,0.0,0.0,0.0,0.0,0.022770207857146056,0.08292611746763873,0.2050495373267132,0.23210675233655742
atoms,100,400,4.0,0.1,0.7,57,cp,1.0,1.0,1.0,0.0,0.0,0.0,0.0,0.03268827873628735,0.10784820255874888,0.1736559398285649,0.21209842867287643
atoms,100,400,4.0,0.1,0.7,57,dkw,1.0,1.0,1.0,0.0,0.0,0.0,0.0,0.023065635779737102,0.10043489373997505,0.202231893657265,0.22928267197007923
atoms,100,400,4.0,0.1,0.7,58,cp,1.0,1.0,1.0,0.0,0.0,0.0,0.0,0.027801902121852136,0.09227076687921065,0.17364626125857804,0.21395379456893782
atoms,100,400,4.0,0.1,0.7,58,dkw,1.0,1.0,1.0,0.0,0.0,0.0,0.0,0.029426045132451284,0.10784820255874888,0.194834708043434,0.23313965993160912
atoms,100,400,4.0,0.1,0.7,59,cp,1.0,1.0,1.0,0.0,0.0,0.0,0.0,0.012050534923351315,0.08292611746763873,0.19229929219112743,0.22597622160140285
atoms,100,400,4.0,0.1,0.7,59,dkw,1.0,1.0,1.0,0.0,0.0,0.0,0.0,0.016082177441493498,0.09227076687921065,0.21007074306154558,0.2329322774561503
atoms,100,400,4.0,0.1,0.7,60,cp,1.0,1.0,1.0,0.0,0.0,0.0,0.0,0.005140864269158245,0.05921743213877939,0.19077289506034856,0.21639967645056957
atoms,100,400,4.0,0.1,0.7,60,dkw,1.0,1.0,1.0,0.0,0.0,0.0,0.0,0.013219657927266908,0.08292611746763873,0.2123713936539819,0.24417782445960223
atoms,100,400,4.0,0.1,0.7,61,cp,1.0,1.0,1.0,0.0,0.0,0.0,0.0,0.015436207330863578,0.09227076687921065,0.18045578647818247,0.2182571304010983
atoms,100,400,4.0,0.1,0.7,61,dkw,1.0,1.0,1.0,0.0,0.0,0.0,0.0,0.013219657927266908,0.08292611746763873,0.1950130184975548,0.2305982069381779
atoms,100,400,4.0,0.1,0.7,62,cp,1.0,1.0,1.0,0.0,0.0,0.0,0.0,0.016636858673204406,0.08292611746763873,0.1860891719938281,0.2158846014162793
atoms,100,400,4.0,0.1,0.7,62,dkw,1.0,1.0,1.0,0.0,0.0,0.0,0.0,0.019006428645497484,0.09227076687921065,0.20624866498467395,0.2302546294381108
atoms,100,400,4.0,0.1,0.7,63,cp,1.0,1.0,1.0,0.0,0.0,0.0,0.0,0.012211101762994623,0.08292611746763873,0.19178066084773301,0.22197143634355987
atoms,100,400,4.0,0.1,0.7,63,dkw,1.0,1.0,1.0,0.0,0.0,0.0,0.0,0.01969475720198866,0.10043489373997505,0.2097313250742222,0.23897874057408652
atoms,100,400,4.0,0.1,0.7,64,cp,1.0,1.0,1.0,0.0,0.0,0.0,0.0,0.009799958727107967,0.07206629246818791,0.19174220150643045,0.22172311274016032
atoms,100,400,4.0,0.1,0.7,64,dkw,1.0,1.0,1.0,0.0,0.0,0.0,0.0,0.014267885893800647,0.08292611746763873,0.20979271091575388,0.23819468716053616
atoms,100,400,4.0,0.1,0.7,65,cp,1.0,1.0,1.0,0.0,0.0,0.0,0.0,0.021771022870488377,0.10043489373997505,0.18307617141180596,0.2208156604706295
atoms,100,400,4.0,0.1,0.7,65,dkw,1.0,1.0,1.0,0.0,0.0,0.0,0.0,0.019048787091358738,0.10043489373997505,0.20145543105036665,0.2271920754864062
atoms,100,400,4.0,0.1,0.7,66,cp,1.0,1.0,1.0,0.0,0.0,0.0,0.0,0.03060957058345596,0.10043489373997505,0.17467509323014038,0.21063297978141549
atoms,100,400,4.0,0.1,0.7,66,dkw,1.0,1.0,1.0,0.0,0.0,0.0,0.0,0.023065635779737102,0.10043489373997505,0.20558439236642503,0.2287662859130304
atoms,100,400,4.0,0.1,0.7,67,cp,1.0,1.0,1.0,0.0,0.0,0.0,0.0,0.016590536505015355,0.08292611746763873,0.18182441478542086,0.21454496052209382
atoms,100,400,4.0,0.1,0.7,67,dkw,1.0,1.0,1.0,0.0,0.0,0.0,0.0,0.012573687816636989,0.08292611746763873,0.202761805839836,0.22704467585648092
atoms,100,400,4.0,0.1,0.7,68,cp,1.0,1.0,1.0,0.0,0.0,0.0,0.0,0.0027314769397969864,0.043685889989790117,0.1985019581619289,0.2234233368814732
atoms,100,400,4.0,0.1,0.7,68,dkw,1.0,1.0,1.0,0.0,0.0,0.0,0.0,0.009902613228561358,0.07206629246818791,0.21876543787578367,0.25440293016882065
atoms,100,400,4.0,0.1,0.7,69,cp,1.0,1.0,1.0,0.0,0.0,0.0,0.0,0.028181947339166884,0.10043489373997505,0.16990123592210565,0.2105669708215525
atoms,100,400,4.0,0.1,0.7,69,dkw,1.0,1.0,1.0,0.0,0.0,0.0,0.0,0.02573291442658017,0.10043489373997505,0.19056693641315822,0.22437251273191727
atoms,100,400,4.0,0.1,0.7,70,cp,1.0,1.0,1.0,0.0,0.0,0.0,0.0,0.02072617546000317,0.10043489373997505,0.1821918846258638,0.21512771423226973
atoms,100,400,4.0,0.1,0.7,70,dkw,1.0,1.0,1.0,0.0,0.0,0.0,0.0,0.01969475720198866,0.10043489373997505,0.19957452304596765,0.22994965918774402
atoms,100,400,4.0,0.1,0.7,71,cp,1.0,1.0,1.0,0.0,0.0,0.0,0.0,0.016845885281451135,0.05921743213877939,0.1885978427936722,0.2216542614515239
atoms,100,400,4.0,0.1,0.7,71,dkw,1.0,1.0,1.0,0.0,0.0,0.0,0.0,0.017753627120889372,0.09227076687921065,0.21725966756887938,0.25926599927170385
atoms,100,400,4.0,0.1,0.7,72,cp,1.0,1.0,1.0,0.0,0.0,0.0,0.0,0.026370085741957067,0.10043489373997505,0.17845640057808929,0.21524565652302657
atoms,100,400,4.0,0.1,0.7,72,dkw,1.0,1.0,1.0,0.0,0.0,0.0,0.0,0.01629927965544325,0.09227076687921065,0.2021979792219299,0.22384429268539485
atoms,100,400,4.0,0.1,0.7,73,cp,1.0,1.0,1.0,0.0,0.0,0.0,0.0,0.020262679358693657,0.05921743213877939,0.18854553013467135,0.22870250064096875
atoms,100,400,4.0,0.1,0.7,73,dkw,1.0,1.0,1.0,0.0,0.0,0.0,0.0,0.010903162852701733,0.07206629246818791,0.21739106749341752,0.2537164937023698
atoms,100,400,4.0,0.1,0.7,74,cp,1.0,1.0,1.0,0.0,0.0,0.0,0.0,0.010324412492725357,0.043685889989790117,0.20128567838506162,0.22542646153678503
atoms,100,400,4.0,0.1,0.7,74,dkw,1.0,1.0,1.0,0.0,0.0,0.0,0.0,0.02100589602347681,0.07206629246818791,0.22651402118084973,0.26656387814586885
atoms,100,400,4.0,0.1,0.7,75,cp,1.0,1.0,1.0,0.0,0.0,0.0,0.0,0.024919556555192256,0.09227076687921065,0.1788619814768121,0.20954677805775979
atoms,100,400,4.0,0.1,0.7,75,dkw,1.0,1.0,1.0,0.0,0.0,0.0,0.0,0.020229048738526732,0.08292611746763873,0.20255068475849033,0.22519299700902784
atoms,100,400,4.0,0.1,0.7,76,cp,1.0,1.0,1.0,0.0,0.0,0.0,0.0,0.008267916037391722,0.05921743213877939,0.1874578289340301,0.21289714136274185
atoms,100,400,4.0,0.1,0.7,76,dkw,1.0,1.0,1.0,0.0,0.0,0.0,0.0,0.012525529001003266,0.08292611746763873,0.21398497517094242,0.24373711152283933
atoms,100,400,4.0,0.1,0.7,77,cp,1.0,1.0,1.0,0.0,0.0,0.0,0.0,0.03096335463184528,0.10043489373997505,0.17895023870922044,0.21879886543254734
atoms,100,400,4.0,0.1,0.7,77,dkw,1.0,1.0,1.0,0.0,0.0,0.0,0.0,0.03493882076511288,0.12431731341754021,0.20627452303084992,0.23997976645586855
atoms,100,400,4.0,0.1,0.7,78,cp,1.0,1.0,1.0,0.0,0.0,0.0,0.0,0.013039730392841042,0.043685889989790117,0.20124208538085916,0.2248844745176905
atoms,100,400,4.0,0.1,0.7,78,dkw,1.0,1.0,1.0,0.0,0.0,0.0,0.0,0.01429662511495721,0.05921743213877939,0.22139659569113487,0.25398097684700705
atoms,100,400,4.0,0.1,0.7,79,cp,1.0,1.0,1.0,0.0,0.0,0.0,0.0,0.008428331956989603,0.07206629246818791,0.18666043431156823,0.21484345115940795
atoms,100,400,4.0,0.1,0.7,79,dkw,1.0,1.0,1.0,0.0,0.0,0.0,0.0,0.013219657927266908,0.08292611746763873,0.20173868871325903,0.23034348640341384
atoms,100,400,4.0,0.1,0.7,80,cp,1.0,1.0,1.0,0.0,0.0,0.0,0.0,0.0020755174837492254,0.02441431420954354,0.1974048574503337,0.2199550985917268
atoms,100,400,4.0,0.1,0.7,80,dkw,1.0,1.0,1.0,0.0,0.0,0.0,0.0,0.008280570604205126,0.05921743213877939,0.22343003123365449,0.26263998786336273
atoms,100,400,4.0,0.1,0.7,81,cp,1.0,1.0,1.0,0.0,0.0,0.0,0.0,0.009297851913489035,0.043685889989790117,0.20044102906612948,0.22507810978885312
atoms,100,400,4.0,0.1,0.7,81,dkw,1.0,1.0,1.0,0.0,0.0,0.0,0.0,0.02333864181650239,0.09227076687921065,0.2311787175207857,0.27097413733706044
atoms,100,400,4.0,0.1,0.7,82,cp,1.0,1.0,1.0,0.0,0.0,0.0,0.0,0.024164551589567883,0.09227076687921065,0.18484836157065082,0.22041790227852281
atoms,100,400,4.0,0.1,0.7,82,dkw,1.0,1.0,1.0,0.0,0.0,0.0,0.0,0.025933826850010108,0.10043489373997505,0.20297425041254807,0.22887571733801404
atoms,100,400,4.0,0.1,0.7,83,cp,1.0,1.0,1.0,0.0,0.0,0.0,0.0,0.015436207330863578,0.09227076687921065,0.1817272598996195,0.21961232866337066
atoms,100,400,4.0,0.1,0.7,83,dkw,1.0,1.0,1.0,0.0,0.0,0.0,0.0,0.016082177441493498,0.09227076687921065,0.19884739186925923,0.23021833153343363
atoms,100,400,4.0,0.1,0.7,84,cp,1.0,1.0,1.0,0.0,0.0,0.0,0.0,0.0090969394900591,0.043685889989790117,0.19925860692109132,0.22010512355512968
atoms,100,400,4.0,0.1,0.7,84,dkw,1.0,1.0,1.0,0.0,0.0,0.0,0.0,0.018302280690453376,0.07206629246818791,0.22517071548172513,0.2613755512393656
atoms,100,400,4.0,0.1,0.7,85,cp,1.0,1.0,1.0,0.0,0.0,0.0,0.0,0.023065635779737102,0.10043489373997505,0.17785733392286582,0.21839210684179444
atoms,100,400,4.0,0.1,0.7,85,dkw,1.0,1.0,1.0,0.0,0.0,0.0,0.0,0.019048787091358738,0.10043489373997505,0.19919704183870388,0.22710002842992605
atoms,100,400,4.0,0.1,0.7,86,cp,1.0,1.0,1.0,0.0,0.0,0.0,0.0,0.00382295308334083,0.043685889989790117,0.19404276783701732,0.2179086600769704
atoms,100,400,4.0,0.1,0.7,86,dkw,1.0,1.0,1.0,0.0,0.0,0.0,0.0,0.011777917400642957,0.07206629246818791,0.21955395486018842,0.2563436756421139
atoms,100,400,4.0,0.1,0.7,87,cp,1.0,1.0,1.0,0.0,0.0,0.0,0.0,0.01574136559851974,0.09227076687921065,0.18556478063944218,0.22377496806666275
atoms,100,400,4.0,0.1,0.7,87,dkw,1.0,1.0,1.0,0.0,0.0,0.0,0.0,0.016082177441493498,0.09227076687921065,0.19822103514489128,0.23208735314738715
atoms,100,400,4.0,0.1,0.7,88,cp,1.0,1.0,1.0,0.0,0.0,0.0,0.0,0.013219657927266908,0.08292611746763873,0.18314953997067424,0.2257164089078384
atoms,100,400,4.0,0.1,0.7,88,dkw,1.0,1.0,1.0,0.0,0.0,0.0,0.0,0.013219657927266908,0.08292611746763873,0.1938820264370687,0.23121360634773935
atoms,100,400,4.0,0.1,0.7,89,cp,1.0,1.0,1.0,0.0,0.0,0.0,0.0,0.007203931205435043,0.043685889989790117,0.1917042245107195,0.21928489720272126
atoms,100,400,4.0,0.1,0.7,89,dkw,1.0,1.0,1.0,0.0,0.0,0.0,0.0,0.008428331956989603,0.07206629246818791,0.21949508344148058,0.2526928150521555
atoms,100,400,4.0,0.1,0.7,90,cp,1.0,1.0,1.0,0.0,0.0,0.0,0.0,0.010915012511595561,0.043685889989790117,0.19566926526039474,0.2195902577139922
atoms,100,400,4.0,0.1,0.7,90,dkw,1.0,1.0,1.0,0.0,0.0,0.0,0.0,0.022013991980083657,0.09227076687921065,0.22535478380597657,0.26661655039740045
atoms,100,400,4.0,0.1,0.7,91,cp,1.0,1.0,1.0,0.0,0.0,0.0,0.0,0.009208484302297718,0.07206629246818791,0.1885109068675509,0.21614487645557645
atoms,100,400,4.0,0.1,0.7,91,dkw,1.0,1.0,1.0,0.0,0.0,0.0,0.0,0.013219657927266908,0.08292611746763873,0.20693257462513315,0.23257255646538094
atoms,100,400,4.0,0.1,0.7,92,cp,1.0,1.0,1.0,0.0,0.0,0.0,0.0,0.009700904336530196,0.07206629246818791,0.1923749391861046,0.22030941571520835
atoms,100,400,4.0,0.1,0.7,92,dkw,1.0,1.0,1.0,0.0,0.0,0.0,0.0,0.015601615235311435,0.09227076687921065,0.2136836854716658,0.2420203446138438
atoms,100,400,4.0,0.1,0.7,93,cp,1.0,1.0,1.0,0.0,0.0,0.0,0.0,0.018055290098780246,0.07206629246818791,0.1848541760151404,0.21251013988724954
atoms,100,400,4.0,0.1,0.7,93,dkw,1.0,1.0,1.0,0.0,0.0,0.0,0.0,0.02570158479209022,0.10043489373997505,0.2166039681331108,0.24953498628050108
atoms,100,400,4.0,0.1,0.7,94,cp,1.0,1.0,1.0,0.0,0.0,0.0,0.0,0.014473896583560545,0.05921743213877939,0.1854860533730645,0.21261749495830384
atoms,100,400,4.0,0.1,0.7,94,dkw,1.0,1.0,1.0,0.0,0.0,0.0,0.0,0.018158443109993216,0.09227076687921065,0.21537316877500523,0.2538860417971105
atoms,100,400,4.0,0.1,0.7,95,cp,1.0,1.0,1.0,0.0,0.0,0.0,0.0,0.01466462402610149,0.05921743213877939,0.20003986131068735,0.2304547404726791
atoms,100,400,4.0,0.1,0.7,95,dkw,1.0,1.0,1.0,0.0,0.0,0.0,0.0,0.022770207857146056,0.08292611746763873,0.21856866979016756,0.24988464677245342
atoms,100,400,4.0,0.1,0.7,96,cp,1.0,1.0,1.0,0.0,0.0,0.0,0.0,0.011348029438414951,0.08292611746763873,0.19000442687534944,0.2223315382537755
atoms,100,400,4.0,0.1,0.7,96,dkw,1.0,1.0,1.0,0.0,0.0,0.0,0.0,0.01969475720198866,0.10043489373997505,0.20368718946694492,0.23160018488145584
atoms,100,400,4.0,0.1,0.7,97,cp,1.0,1.0,1.0,0.0,0.0,0.0,0.0,0.009977686746767984,0.05921743213877939,0.18330302365131984,0.21807913112590982
atoms,100,400,4.0,0.1,0.7,97,dkw,1.0,1.0,1.0,0.0,0.0,0.0,0.0,0.009977686746767984,0.05921743213877939,0.20170035238011663,0.23142430016495275
atoms,100,400,4.0,0.1,0.7,98,cp,1.0,1.0,1.0,0.0,0.0,0.0,0.0,0.006606752903930082,0.038316111334489866,0.20917485298127875,0.2284735319861131
atoms,100,400,4.0,0.1,0.7,98,dkw,1.0,1.0,1.0,0.0,0.0,0.0,0.0,0.0027314769397969864,0.043685889989790117,0.24703687337463598,0.277706510269741
atoms,100,400,4.0,0.1,0.7,99,cp,1.0,1.0,1.0,0.0,0.0,0.0,0.0,0.02411107144668371,0.08292611746763873,0.17629651143002498,0.21584442381413776
atoms,100,400,4.0,0.1,0.7,99,dkw,1.0,1.0,1.0,0.0,0.0,0.0,0.0,0.02608495097283833,0.10784820255874888,0.20378094778130482,0.24217799522369493
atoms,100,400,4.0,0.1,0.7,100,cp,1.0,1.0,1.0,0.0,0.0,0.0,0.0,0.025371986844327656,0.08292611746763873,0.17378217990423464,0.21002311328686718
atoms,100,400,4.0,0.1,0.7,100,dkw,1.0,1.0,1.0,0.0,0.0,0.0,0.0,0.02275750598146191,0.09227076687921065,0.20096124912151964,0.23622589147208184
atoms,100,400,4.0,0.1,0.7,101,cp,1.0,1.0,1.0,0.0,0.0,0.0,0.0,0.0137786590697655,0.05921743213877939,0.19476343809009003,0.21995767427539903
atoms,100,400,4.0,0.1,0.7,101,dkw,1.0,1.0,1.0,0.0,0.0,0.0,0.0,0.02132317721136122,0.08292611746763873,0.2205245876145378,0.2527383895602648
atoms,100,400,4.0,0.1,0.7,102,cp,1.0,1.0,1.0,0.0,0.0,0.0,0.0,0.023065635779737102,0.10043489373997505,0.17946634631716374,0.21650215222028057
atoms,100,400,4.0,0.1,0.7,102,dkw,1.0,1.0,1.0,0.0,0.0,0.0,0.0,0.01574136559851974,0.09227076687921065,0.19727172240528815,0.22497399119552852
atoms,100,400,4.0,0.1,0.7,103,cp,1.0,1.0,1.0,0.0,0.0,0.0,0.0,0.015783420814305553,0.07206629246818791,0.18950270772192584,0.22133209161793072
atoms,100,400,4.0,0.1,0.7,103,dkw,1.0,1.0,1.0,0.0,0.0,0.0,0.0,0.026031387729682658,0.10043489373997505,0.21484077472491694,0.24673566518518975
atoms,100,400,4.0,0.1,0.7,104,cp,1.0,1.0,1.0,0.0,0.0,0.0,0.0,0.004857002113877471,0.043685889989790117,0.19871122788792916,0.21988696313777778
atoms,100,400,4.0,0.1,0.7,104,dkw,1.0,1.0,1.0,0.0,0.0,0.0,0.0,0.011910784560143009,0.08292611746763873,0.22710944443173922,0.2661494803450577
atoms,100,400,4.0,0.1,0.7,105,cp,1.0,1.0,1.0,0.0,0.0,0.0,0.0,0.009456294318828504,0.043685889989790117,0.19513722094216,0.21543572533896294
atoms,100,400,4.0,0.1,0.7,105,dkw,1.0,1.0,1.0,0.0,0.0,0.0,0.0,0.019453163158440506,0.07206629246818791,0.21872214388605016,0.2542286299463129
atoms,100,400,4.0,0.1,0.7,106,cp,1.0,1.0,1.0,0.0,0.0,0.0,0.0,0.015415596405959919,0.05010662229950824,0.18874924520313158,0.22428085057119163
atoms,100,400,4.0,0.1,0.7,106,dkw,1.0,1.0,1.0,0.0,0.0,0.0,0.0,0.014540556815392854,0.07206629246818791,0.2227748777924773,0.2609330379900838
atoms,100,400,4.0,0.1,0.7,107,cp,1.0,1.0,1.0,0.0,0.0,0.0,0.0,0.00755041631389743,0.02441431420954354,0.20030806454464883,0.2202631377626753
atoms,100,400,4.0,0.1,0.7,107,dkw,1.0,1.0,1.0,0.0,0.0,0.0,0.0,0.015419628991725857,0.05921743213877939,0.23747022303662213,0.27976063545810076
atoms,100,400,4.0,0.1,0.7,108,cp,1.0,1.0,1.0,0.0,0.0,0.0,0.0,0.016539872943895004,0.08292611746763873,0.19232401899331847,0.22507322635522198
atoms,100,400,4.0,0.1,0.7,108,dkw,1.0,1.0,1.0,0.0,0.0,0.0,0.0,0.015388048515229855,0.09227076687921065,0.21290745963231408,0.23488632248913366
atoms,100,400,4.0,0.1,0.7,109,cp,1.0,1.0,1.0,0.0,0.0,0.0,0.0,0.013415296252515948,0.08292611746763873,0.18736822170068088,0.21982242322521217
atoms,100,400,4.0,0.1,0.7,109,dkw,1.0,1.0,1.0,0.0,0.0,0.0,0.0,0.012739095721084845,0.08292611746763873,0.2030771750547269,0.23057363239800632
atoms,100,400,4.0,0.1,0.7,110,cp,1.0,1.0,1.0,0.0,0.0,0.0,0.0,0.023164079704305694,0.09227076687921065,0.18500477072328025,0.21746680221747194
atoms,100,400,4.0,0.1,0.7,110,dkw,0.0,1.0,1.0,0.0,0.0,0.0,0.0,0.024183995123750187,0.09227076687921065,0.2058536753146308,0.22973087384464974
atoms,100,400,4.0,0.1,0.7,111,cp,1.0,1.0,1.0,0.0,0.0,0.0,0.0,0.015733025671653883,0.08292611746763873,0.18900447764857028,0.2219531610588249
atoms,100,400,4.0,0.1,0.7,111,dkw,1.0,1.0,1.0,0.0,0.0,0.0,0.0,0.016082177441493498,0.09227076687921065,0.20442172351889026,0.23162645131572068
atoms,100,400,4.0,0.1,0.7,112,cp,1.0,1.0,1.0,0.0,0.0,0.0,0.0,0.022791296188179527,0.09227076687921065,0.18381453330017394,0.21638669425678758
atoms,100,400,4.0,0.1,0.7,112,dkw,1.0,1.0,1.0,0.0,0.0,0.0,0.0,0.026031387729682658,0.10043489373997505,0.20511093092870933,0.2314808133152737
atoms,100,400,4.0,0.1,0.7,113,cp,1.0,1.0,1.0,0.0,0.0,0.0,0.0,0.017993358367322795,0.08292611746763873,0.18869084261511992,0.21887955255335756
atoms,100,400,4.0,0.1,0.7,113,dkw,1.0,1.0,1.0,0.0,0.0,0.0,0.0,0.025310156064327353,0.09227076687921065,0.20643314676643296,0.23278651741129297
atoms,100,400,4.0,0.1,0.7,114,cp,1.0,1.0,1.0,0.0,0.0,0.0,0.0,0.026370085741957067,0.10043489373997505,0.176851743875124,0.21487509034056596
atoms,100,400,4.0,0.1,0.7,114,dkw,1.0,1.0,1.0,0.0,0.0,0.0,0.0,0.019911859415938413,0.10043489373997505,0.19939468301879626,0.2243797082978436
atoms,100,400,4.0,0.1,0.7,115,cp,1.0,1.0,1.0,0.0,0.0,0.0,0.0,0.024729087553961086,0.08292611746763873,0.18503540207177172,0.2164425134884317
atoms,100,400,4.0,0.1,0.7,115,dkw,1.0,1.0,1.0,0.0,0.0,0.0,0.0,0.019911859415938413,0.10043489373997505,0.20893651992772524,0.24268850944738074
atoms,100,400,4.0,0.1,0.7,116,cp,1.0,1.0,1.0,0.0,0.0,0.0,0.0,0.01068266009675058,0.07206629246818791,0.18454189298693546,0.22675763105922608
atoms,100,400,4.0,0.1,0.7,116,dkw,1.0,1.0,1.0,0.0,0.0,0.0,0.0,0.011163222302932643,0.07206629246818791,0.19455786101134614,0.23242375369072077
atoms,100,400,4.0,0.1,0.7,117,cp,1.0,1.0,1.0,0.0,0.0,0.0,0.0,0.010098251553810398,0.07206629246818791,0.18864195960608632,0.21587083515535843
atoms,100,400,4.0,0.1,0.7,117,dkw,1.0,1.0,1.0,0.0,0.0,0.0,0.0,0.013219657927266908,0.08292611746763873,0.20983419848551804,0.23517177409693446
atoms,100,400,4.0,0.1,0.7,118,cp,1.0,1.0,1.0,0.0,0.0,0.0,0.0,0.030684013844307027,0.10784820255874888,0.1680223589945248,0.2151609211044968
atoms,100,400,4.0,0.1,0.7,118,dkw,1.0,1.0,1.0,0.0,0.0,0.0,0.0,0.024225787518288366,0.10784820255874888,0.18424353200315263,0.2225717519409942
atoms,100,400,4.0,0.1,0.7,119,cp,1.0,1.0,1.0,0.0,0.0,0.0,0.0,0.0061417028624074525,0.05921743213877939,0.1960670069902251,0.22454345212753424
atoms,100,400,4.0,0.1,0.7,119,dkw,1.0,1.0,1.0,0.0,0.0,0.0,0.0,0.018068020235437524,0.09227076687921065,0.2118673063556541,0.24576273185325193
atoms,100,400,4.0,0.1,0.7,120,cp,1.0,1.0,1.0,0.0,0.0,0.0,0.0,0.024599593718231602,0.10043489373997505,0.1791786175610714,0.21605253120408663
atoms,100,400,4.0,0.1,0.7,120,dkw,1.0,1.0,1.0,0.0,0.0,0.0,0.0,0.01629927965544325,0.09227076687921065,0.19937083201088016,0.22372867588537004
atoms,100,400,4.0,0.1,0.7,121,cp,1.0,1.0,1.0,0.0,0.0,0.0,0.0,0.015401199364807354,0.07206629246818791,0.19247473234804782,0.22196045523619512
atoms,100,400,4.0,0.1,0.7,121,dkw,1.0,1.0,1.0,0.0,0.0,0.0,0.0,0.02276899694570803,0.09227076687921065,0.21469552468084352,0.24230393068249745
atoms,100,400,4.0,0.1,0.7,122,cp,1.0,1.0,1.0,0.0,0.0,0.0,0.0,0.005545680258262087,0.05921743213877939,0.1930839201185882,0.21916346942157605
atoms,100,400,4.0,0.1,0.7,122,dkw,1.0,1.0,1.0,0.0,0.0,0.0,0.0,0.013219657927266908,0.08292611746763873,0.21678052323141217,0.24774131751002826
atoms,100,400,4.0,0.1,0.7,123,cp,1.0,1.0,1.0,0.0,0.0,0.0,0.0,0.014348288474337792,0.07206629246818791,0.1953853612803034,0.2261392497862178
atoms,100,400,4.0,0.1,0.7,123,dkw,1.0,1.0,1.0,0.0,0.0,0.0,0.0,0.02857254684830198,0.10043489373997505,0.2113281425504019,0.24379471887034454
atoms,100,400,4.0,0.1,0.7,124,cp,1.0,1.0,1.0,0.0,0.0,0.0,0.0,0.02673641235405262,0.09227076687921065,0.1802035826889934,0.2153414952509325
atoms,100,400,4.0,0.1,0.7,124,dkw,1.0,1.0,1.0,0.0,0.0,0.0,0.0,0.03388621435728317,0.12431731341754021,0.20678519412084662,0.24551228794369534
atoms,100,400,4.0,0.1,0.7,125,cp,1.0,1.0,1.0,0.0,0.0,0.0,0.0,0.01889977751689994,0.0638909229069965,0.19294522963591426,0.23217305457859794
atoms,100,400,4.0,0.1,0.7,125,dkw,1.0,1.0,1.0,0.0,0.0,0.0,0.0,0.016724924437218736,0.07206629246818791,0.22953055701294928,0.2631495086997728
atoms,100,400,4.0,0.1,0.7,126,cp,1.0,1.0,1.0,0.0,0.0,0.0,0.0,0.021771022870488377,0.10043489373997505,0.18373848832151599,0.21882735786490404
atoms,100,400,4.0,0.1,0.7,126,dkw,1.0,1.0,1.0,0.0,0.0,0.0,0.0,0.015388048515229855,0.09227076687921065,0.20078267092066082,0.22846004860910551
atoms,100,400,4.0,0.1,0.7,127,cp,1.0,1.0,1.0,0.0,0.0,0.0,0.0,0.032345948967098775,0.10043489373997505,0.17618718577512169,0.2131743872462446
atoms,100,400,4.0,0.1,0.7,127,dkw,1.0,1.0,1.0,0.0,0.0,0.0,0.0,0.03063378735002586,0.10784820255874888,0.2053994920043296,0.23761569001654753
atoms,100,400,4.0,0.1,0.7,128,cp,1.0,1.0,1.0,0.0,0.0,0.0,0.0,0.028747385822503465,0.09227076687921065,0.1786812716179119,0.21711480666533278
atoms,100,400,4.0,0.1,0.7,128,dkw,1.0,1.0,1.0,0.0,0.0,0.0,0.0,0.041867827520880654,0.13985112650582393,0.2028223161738891,0.24586965337214178
atoms,100,400,4.0,0.1,0.7,129,cp,1.0,1.0,1.0,0.0,0.0,0.0,0.0,0.018669328089013282,0.08292611746763873,0.1809823791481503,0.21308924978554922
atoms,100,400,4.0,0.1,0.7,129,dkw,1.0,1.0,1.0,0.0,0.0,0.0,0.0,0.019911859415938413,0.10043489373997505,0.21206418977981215,0.2412048219373033
atoms,100,400,4.0,0.1,0.7,130,cp,1.0,1.0,1.0,0.0,0.0,0.0,0.0,0.016712407945418516,0.05588049873796397,0.18554802108094426,0.22328071774256797
atoms,100,400,4.0,0.1,0.7,130,dkw,1.0,1.0,1.0,0.0,0.0,0.0,0.0,0.017761095892713012,0.09227076687921065,0.22488779488851374,0.2685856092804204
atoms,100,400,4.0,0.1,0.7,131,cp,1.0,1.0,1.0,0.0,0.0,0.0,0.0,0.013283361619764532,0.043685889989790117,0.1940562367288184,0.21767666046158102
atoms,100,400,4.0,0.1,0.7,131,dkw,1.0,1.0,1.0,0.0,0.0,0.0,0.0,0.018323161304915233,0.08292611746763873,0.2312404745963596,0.2675151700476926
atoms,100,400,4.0,0.1,0.7,132,cp,1.0,1.0,1.0,0.0,0.0,0.0,0.0,0.011755465996337889,0.05921743213877939,0.19877234787391895,0.22693981047391065
atoms,100,400,4.0,0.1,0.7,132,dkw,1.0,1.0,1.0,0.0,0.0,0.0,0.0,0.025310156064327353,0.09227076687921065,0.22692655779883888,0.25900301072051735
atoms,100,400,4.0,0.1,0.7,133,cp,1.0,1.0,1.0,0.0,0.0,0.0,0.0,0.009190241335693268,0.05921743213877939,0.1997966823327264,0.22410725943240145
atoms,100,400,4.0,0.1,0.7,133,dkw,1.0,1.0,1.0,0.0,0.0,0.0,0.0,0.019988465358025606,0.10043489373997505,0.22745037412273444,0.265418779242267
atoms,100,400,4.0,0.1,0.7,134,cp,1.0,1.0,1.0,0.0,0.0,0.0,0.0,0.01789398207314248,0.05010662229950824,0.19165275204660057,0.2276494962473875
atoms,100,400,4.0,0.1,0.7,134,dkw,1.0,1.0,1.0,0.0,0.0,0.0,0.0,0.015792064896680426,0.07206629246818791,0.23076970479580575,0.2709231026544203
atoms,100,400,4.0,0.1,0.7,135,cp,1.0,1.0,1.0,0.0,0.0,0.0,0.0,0.03137576568990512,0.08292611746763873,0.16155858919844526,0.20470332532906194
atoms,100,400,4.0,0.1,0.7,135,dkw,1.0,1.0,1.0,0.0,0.0,0.0,0.0,0.04235936513632301,0.12431731341754021,0.2000186104150392,0.24861722982912954
atoms,100,400,4.0,0.1,0.7,136,cp,1.0,1.0,1.0,0.0,0.0,0.0,0.0,0.008894057064289074,0.07206629246818791,0.19486350654913345,0.22511270233086034
atoms,100,400,4.0,0.1,0.7,136,dkw,1.0,1.0,1.0,0.0,0.0,0.0,0.0,0.016082177441493498,0.09227076687921065,0.213294699961611,0.24301972273644012
atoms,100,400,4.0,0.1,0.7,137,cp,1.0,1.0,1.0,0.0,0.0,0.0,0.0,0.015257581963291703,0.08292611746763873,0.18688696257294762,0.21543831549159553
atoms,100,400,4.0,0.1,0.7,137,dkw,1.0,1.0,1.0,0.0,0.0,0.0,0.0,0.017146589729402716,0.09227076687921065,0.20769704924912027,0.23419858251449094
atoms,100,400,4.0,0.1,0.7,138,cp,1.0,1.0,1.0,0.0,0.0,0.0,0.0,0.01473776646480813,0.05588049873796397,0.18357496313471525,0.21290053958655275
atoms,100,400,4.0,0.1,0.7,138,dkw,1.0,1.0,1.0,0.0,0.0,0.0,0.0,0.016590536505015355,0.08292611746763873,0.2165567799028887,0.25775973073659914
atoms,100,400,4.0,0.1,0.7,139,cp,1.0,1.0,1.0,0.0,0.0,0.0,0.0,0.02570158479209022,0.10043489373997505,0.18523683988777953,0.2230600621622436
atoms,100,400,4.0,0.1,0.7,139,dkw,1.0,1.0,1.0,0.0,0.0,0.0,0.0,0.024183995123750187,0.09227076687921065,0.1990060608644773,0.23178016954265157
atoms,100,400,4.0,0.1,0.7,140,cp,1.0,1.0,1.0,0.0,0.0,0.0,0.0,0.005545680258262087,0.05921743213877939,0.1965907272942376,0.2227926266439224
atoms,100,400,4.0,0.1,0.7,140,dkw,1.0,1.0,1.0,0.0,0.0,0.0,0.0,0.013219657927266908,0.08292611746763873,0.22233950519639387,0.25616229134670737
atoms,100,400,4.0,0.1,0.7,141,cp,1.0,1.0,1.0,0.0,0.0,0.0,0.0,0.03060957058345596,0.10043489373997505,0.17370169297043972,0.21225600650023446
atoms,100,400,4.0,0.1,0.7,141,dkw,1.0,1.0,1.0,0.0,0.0,0.0,0.0,0.018158443109993216,0.09227076687921065,0.20144264884742363,0.2257806996515609
atoms,100,400,4.0,0.1,0.7,142,cp,1.0,1.0,1.0,0.0,0.0,0.0,0.0,0.012573687816636989,0.08292611746763873,0.18097238436319749,0.21747436965343447
atoms,100,400,4.0,0.1,0.7,142,dkw,1.0,1.0,1.0,0.0,0.0,0.0,0.0,0.013219657927266908,0.08292611746763873,0.1973729983243965,0.23094142504331427
atoms,100,400,4.0,0.1,0.7,143,cp,1.0,1.0,1.0,0.0,0.0,0.0,0.0,0.013671890207751754,0.05921743213877939,0.18578300691739577,0.21756719522629459
atoms,100,400,4.0,0.1,0.7,143,dkw,1.0,1.0,1.0,0.0,0.0,0.0,0.0,0.021106644933509163,0.10043489373997505,0.2179419191750008,0.25697987078131934
atoms,100,400,4.0,0.1,0.7,144,cp,1.0,1.0,1.0,0.0,0.0,0.0,0.0,0.014243607413457784,0.08292611746763873,0.18355282779667031,0.22089004079815178
atoms,100,400,4.0,0.1,0.7,144,dkw,1.0,1.0,1.0,0.0,0.0,0.0,0.0,0.012739095721084845,0.08292611746763873,0.20102514038606387,0.23126849916657877
atoms,100,400,4.0,0.1,0.7,145,cp,1.0,1.0,1.0,0.0,0.0,0.0,0.0,0.003425605866060628,0.043685889989790117,0.1957163520863826,0.21763990328439342
atoms,100,400,4.0,0.1,0.7,145,dkw,1.0,1.0,1.0,0.0,0.0,0.0,0.0,0.006191650368892005,0.05921743213877939,0.22156388736899546,0.2581758065300177
atoms,100,400,4.0,0.1,0.7,146,cp,1.0,1.0,1.0,0.0,0.0,0.0,0.0,0.021771022870488377,0.10043489373997505,0.17873246689056646,0.21882735786490404
atoms,100,400,4.0,0.1,0.7,146,dkw,1.0,1.0,1.0,0.0,0.0,0.0,0.0,0.015388048515229855,0.09227076687921065,0.19763480838763112,0.22846004860910551
atoms,100,400,4.0,0.1,0.7,147,cp,1.0,1.0,1.0,0.0,0.0,0.0,0.0,0.03470839831469494,0.10043489373997505,0.16627817910925377,0.20839071840532108
atoms,100,400,4.0,0.1,0.7,147,dkw,1.0,1.0,1.0,0.0,0.0,0.0,0.0,0.02943991605102263,0.10043489373997505,0.18276287710554104,0.2146611706601126
atoms,100,400,4.0,0.1,0.7,148,cp,1.0,1.0,1.0,0.0,0.0,0.0,0.0,0.005497521442628364,0.05921743213877939,0.19118499148553564,0.21780915425459335
atoms,100,400,4.0,0.1,0.7,148,dkw,1.0,1.0,1.0,0.0,0.0,0.0,0.0,0.013219657927266908,0.08292611746763873,0.21047303071839316,0.23876679326680522
atoms,100,400,4.0,0.1,0.7,149,cp,1.0,1.0,1.0,0.0,0.0,0.0,0.0,0.018114632624345546,0.05562288607958488,0.19788624817726785,0.22866528980397716
atoms,100,400,4.0,0.1,0.7,149,dkw,1.0,1.0,1.0,0.0,0.0,0.0,0.0,0.015041844536037949,0.07206629246818791,0.23749341552829129,0.27397323463425516
atoms,100,400,4.0,0.1,0.7,150,cp,1.0,1.0,1.0,0.0,0.0,0.0,0.0,0.008428331956989603,0.07206629246818791,0.1915567242441992,0.22027395144242412
atoms,100,400,4.0,0.1,0.7,150,dkw,1.0,1.0,1.0,0.0,0.0,0.0,0.0,0.013219657927266908,0.08292611746763873,0.20800969253983873,0.23138022961643745
atoms,100,400,4.0,0.1,0.7,151,cp,1.0,1.0,1.0,0.0,0.0,0.0,0.0,0.012573687816636989,0.08292611746763873,0.18281119315689234,0.21780363874285724
atoms,100,400,4.0,0.1,0.7,151,dkw,1.0,1.0,1.0,0.0,0.0,0.0,0.0,0.013219657927266908,0.08292611746763873,0.1995562092379811,0.23064660817302096
atoms,100,400,4.0,0.1,0.7,152,cp,1.0,1.0,1.0,0.0,0.0,0.0,0.0,0.009190241335693268,0.05921743213877939,0.19637341540422226,0.22196886266748672
atoms,100,400,4.0,0.1,0.7,152,dkw,1.0,1.0,1.0,0.0,0.0,0.0,0.0,0.021656660531573006,0.10043489373997505,0.22147098538083015,0.26061409068340813
atoms,100,400,4.0,0.1,0.7,153,cp,1.0,1.0,1.0,0.0,0.0,0.0,0.0,0.007203931205435043,0.043685889989790117,0.19346822669111488,0.21537407485669807
atoms,100,400,4.0,0.1,0.7,153,dkw,1.0,1.0,1.0,0.0,0.0,0.0,0.0,0.015436207330863578,0.09227076687921065,0.22579356249267374,0.265545107024305
atoms,100,400,4.0,0.1,0.7,154,cp,1.0,1.0,1.0,0.0,0.0,0.0,0.0,0.012159192837310434,0.05921743213877939,0.19641473450256286,0.22092425778319558
atoms,100,400,4.0,0.1,0.7,154,dkw,1.0,1.0,1.0,0.0,0.0,0.0,0.0,0.02276899694570803,0.09227076687921065,0.22432648702258612,0.260379896452829
atoms,100,400,4.0,0.1,0.7,155,cp,1.0,1.0,1.0,0.0,0.0,0.0,0.0,0.004846902569531706,0.043685889989790117,0.19519147211178314,0.21721826866427807
atoms,100,400,4.0,0.1,0.7,155,dkw,1.0,1.0,1.0,0.0,0.0,0.0,0.0,0.01068266009675058,0.07206629246818791,0.23017255295396358,0.27213705262390864
atoms,100,400,4.0,0.1,0.7,156,cp,1.0,1.0,1.0,0.0,0.0,0.0,0.0,0.009168473141699664,0.043685889989790117,0.19649939561480956,0.2203839552550747
atoms,100,400,4.0,0.1,0.7,156,dkw,1.0,1.0,1.0,0.0,0.0,0.0,0.0,0.019048787091358738,0.10043489373997505,0.2315158024924992,0.2716406612251113
atoms,100,400,4.0,0.1,0.7,157,cp,1.0,1.0,1.0,0.0,0.0,0.0,0.0,0.014243607413457784,0.08292611746763873,0.1873210328295282,0.22089004079815178
atoms,100,400,4.0,0.1,0.7,157,dkw,1.0,1.0,1.0,0.0,0.0,0.0,0.0,0.012739095721084845,0.08292611746763873,0.20838485880951219,0.23126849916657877
atoms,100,400,4.0,0.1,0.7,158,cp,1.0,1.0,1.0,0.0,0.0,0.0,0.0,0.014477187995899959,0.05010662229950824,0.1921698600843772,0.22452867492574252
atoms,100,400,4.0,0.1,0.7,158,dkw,1.0,1.0,1.0,0.0,0.0,0.0,0.0,0.00681825263780268,0.05921743213877939,0.2288883737360737,0.2682697959369512
atoms,100,400,4.0,0.1,0.7,159,cp,1.0,1.0,1.0,0.0,0.0,0.0,0.0,0.03212040775854892,0.10784820255874888,0.17113288063756216,0.2177909089874639
atoms,100,400,4.0,0.1,0.7,159,dkw,1.0,1.0,1.0,0.0,0.0,0.0,0.0,0.02967137484596221,0.10784820255874888,0.18739809617551156,0.22529026649046235
atoms,100,400,4.0,0.1,0.7,160,cp,1.0,1.0,1.0,0.0,0.0,0.0,0.0,0.003077325251263232,0.043685889989790117,0.19548915171715417,0.2172789577328912
atoms,100,400,4.0,0.1,0.7,160,dkw,1.0,1.0,1.0,0.0,0.0,0.0,0.0,0.013219657927266908,0.08292611746763873,0.2204579124534147,0.25791493685053735
atoms,100,400,4.0,0.1,0.7,161,cp,1.0,1.0,1.0,0.0,0.0,0.0,0.0,0.02246238890724807,0.07206629246818791,0.17709665117076953,0.20918673019315698
atoms,100,400,4.0,0.1,0.7,161,dkw,1.0,1.0,1.0,0.0,0.0,0.0,0.0,0.026370085741957067,0.10043489373997505,0.21215191499625585,0.2523437317077487
atoms,100,400,4.0,0.1,0.7,162,cp,1.0,1.0,1.0,0.0,0.0,0.0,0.0,0.013914669688196988,0.05921743213877939,0.18855670517781634,0.21698630729935064
atoms,100,400,4.0,0.1,0.7,162,dkw,1.0,1.0,1.0,0.0,0.0,0.0,0.0,0.018779692967437114,0.08292611746763873,0.21625879098677786,0.2485981180897236
atoms,100,400,4.0,0.1,0.7,163,cp,1.0,1.0,1.0,0.0,0.0,0.0,0.0,0.02098701395773644,0.09227076687921065,0.1795735301959433,0.21410692713743995
atoms,100,400,4.0,0.1,0.7,163,dkw,1.0,1.0,1.0,0.0,0.0,0.0,0.0,0.01574136559851974,0.09227076687921065,0.20351838629840668,0.22476122575179602
atoms,100,400,4.0,0.1,0.7,164,cp,1.0,1.0,1.0,0.0,0.0,0.0,0.0,0.01791168118131828,0.07206629246818791,0.18693200394608855,0.2172940784588202
atoms,100,400,4.0,0.1,0.7,164,dkw,1.0,1.0,1.0,0.0,0.0,0.0,0.0,0.019930575435424244,0.08292611746763873,0.2109158230022475,0.23833570394632586
atoms,100,400,4.0,0.1,0.7,165,cp,1.0,1.0,1.0,0.0,0.0,0.0,0.0,0.004287052539258409,0.043685889989790117,0.20398318992821882,0.2247792497073542
atoms,100,400,4.0,0.1,0.7,165,dkw,1.0,1.0,1.0,0.0,0.0,0.0,0.0,0.011986530777221229,0.08292611746763873,0.2348665478947064,0.27386662312868115
atoms,100,400,4.0,0.1,0.7,166,cp,1.0,1.0,1.0,0.0,0.0,0.0,0.0,0.015038860113583376,0.09227076687921065,0.19242749133107437,0.22704203860948946
atoms,100,400,4.0,0.1,0.7,166,dkw,1.0,1.0,1.0,0.0,0.0,0.0,0.0,0.01969475720198866,0.10043489373997505,0.21227824263454065,0.23250300784041666
atoms,100,400,4.0,0.1,0.7,167,cp,0.0,1.0,1.0,0.0,0.0,0.0,0.0,0.004843462321666425,0.043685889989790117,0.20029950728104143,0.2282307329467057
atoms,100,400,4.0,0.1,0.7,167,dkw,0.0,1.0,1.0,0.0,0.0,0.0,0.0,0.012128106377163484,0.07206629246818791,0.22516139817043793,0.25891933081038915
atoms,100,400,4.0,0.1,0.7,168,cp,1.0,1.0,1.0,0.0,0.0,0.0,0.0,0.002302719242044744,0.02441431420954354,0.20307082845321311,0.223006180819333
atoms,100,400,4.0,0.1,0.7,168,dkw,1.0,1.0,1.0,0.0,0.0,0.0,0.0,0.016082177441493498,0.09227076687921065,0.23949620859642815,0.2825238323951552
atoms,100,400,4.0,0.1,0.7,169,cp,1.0,1.0,1.0,0.0,0.0,0.0,0.0,0.015344814618484092,0.07206629246818791,0.18045605505058177,0.20618275699883026
atoms,100,400,4.0,0.1,0.7,169,dkw,1.0,1.0,1.0,0.0,0.0,0.0,0.0,0.01629927965544325,0.09227076687921065,0.2135930848612218,0.246783863356546
atoms,100,400,4.0,0.1,0.7,170,cp,1.0,1.0,1.0,0.0,0.0,0.0,0.0,0.014477187995899959,0.05010662229950824,0.18693101043536975,0.2203839552550747
atoms,100,400,4.0,0.1,0.7,170,dkw,1.0,1.0,1.0,0.0,0.0,0.0,0.0,0.021771022870488377,0.10043489373997505,0.22821758252223798,0.2715628973296481
atoms,100,400,4.0,0.1,0.7,171,cp,1.0,1.0,1.0,0.0,0.0,0.0,0.0,0.017753627120889372,0.09227076687921065,0.1846192964410718,0.21543831549159553
atoms,100,400,4.0,0.1,0.7,171,dkw,1.0,1.0,1.0,0.0,0.0,0.0,0.0,0.019214194995806594,0.10043489373997505,0.20259196409622365,0.22914554544982502
atoms,100,400,4.0,0.1,0.7,172,cp,1.0,1.0,1.0,0.0,0.0,0.0,0.0,0.023796552678423604,0.09227076687921065,0.18238812268980048,0.21766755942134297
atoms,100,400,4.0,0.1,0.7,172,dkw,1.0,1.0,1.0,0.0,0.0,0.0,0.0,0.026031387729682658,0.10043489373997505,0.20273372905577763,0.22710002842992605
atoms,100,400,4.0,0.1,0.7,173,cp,1.0,1.0,1.0,0.0,0.0,0.0,0.0,0.023065635779737102,0.10043489373997505,0.1814586839880239,0.2120242906528016
atoms,100,400,4.0,0.1,0.7,173,dkw,1.0,1.0,1.0,0.0,0.0,0.0,0.0,0.015388048515229855,0.09227076687921065,0.20393205369560627,0.2267809523265405
atoms,100,400,4.0,0.1,0.7,174,cp,1.0,1.0,1.0,0.0,0.0,0.0,0.0,0.012455280189713735,0.07206629246818791,0.1881540660776723,0.21638669425678758
atoms,100,400,4.0,0.1,0.7,174,dkw,1.0,1.0,1.0,0.0,0.0,0.0,0.0,0.019048787091358738,0.10043489373997505,0.20678802342636662,0.23871089435122927
atoms,100,400,4.0,0.1,0.7,175,cp,1.0,1.0,1.0,0.0,0.0,0.0,0.0,0.01642111478425184,0.07206629246818791,0.19132890816618114,0.22292293562181442
atoms,100,400,4.0,0.1,0.7,175,dkw,1.0,1.0,1.0,0.0,0.0,0.0,0.0,0.025310156064327353,0.09227076687921065,0.2070642011489945,0.23525685385704487
atoms,100,400,4.0,0.1,0.7,176,cp,1.0,1.0,1.0,0.0,0.0,0.0,0.0,0.04048190928431941,0.10784820255874888,0.16628489805695096,0.20129129611842933
atoms,100,400,4.0,0.1,0.7,176,dkw,1.0,1.0,1.0,0.0,0.0,0.0,0.0,0.03268827873628735,0.10784820255874888,0.19547841080397166,0.23202845328640886
atoms,100,400,4.0,0.1,0.7,177,cp,1.0,1.0,1.0,0.0,0.0,0.0,0.0,0.00975476762193099,0.043685889989790117,0.1977650297464465,0.22388395455952814
atoms,100,400,4.0,0.1,0.7,177,dkw,1.0,1.0,1.0,0.0,0.0,0.0,0.0,0.022770207857146056,0.08292611746763873,0.21876821884454756,0.2531959751857296
atoms,100,400,4.0,0.1,0.7,178,cp,1.0,1.0,1.0,0.0,0.0,0.0,0.0,0.010517252192302724,0.07206629246818791,0.18896327384310185,0.22237401682892677
atoms,100,400,4.0,0.1,0.7,178,dkw,1.0,1.0,1.0,0.0,0.0,0.0,0.0,0.011163222302932643,0.07206629246818791,0.20566231721174638,0.23248788960721
atoms,100,400,4.0,0.1,0.7,179,cp,1.0,1.0,1.0,0.0,0.0,0.0,0.0,0.008290686925978698,0.043685889989790117,0.1997376674634937,0.21961374892049657
atoms,100,400,4.0,0.1,0.7,179,dkw,1.0,1.0,1.0,0.0,0.0,0.0,0.0,0.015790493673957753,0.07206629246818791,0.22880674155253314,0.27136181937961934
atoms,100,400,4.0,0.1,0.7,180,cp,1.0,1.0,1.0,0.0,0.0,0.0,0.0,0.009145689494761987,0.038316111334489866,0.2032801371743624,0.22554883350406063
atoms,100,400,4.0,0.1,0.7,180,dkw,1.0,1.0,1.0,0.0,0.0,0.0,0.0,0.011189711862043041,0.07206629246818791,0.240428706543631,0.27639192706393756
atoms,100,400,4.0,0.1,0.7,181,cp,1.0,1.0,1.0,0.0,0.0,0.0,0.0,0.023065635779737102,0.10043489373997505,0.17771296977406192,0.21809385441175272
atoms,100,400,4.0,0.1,0.7,181,dkw,1.0,1.0,1.0,0.0,0.0,0.0,0.0,0.019048787091358738,0.10043489373997505,0.19368152022536744,0.2268746949301249
atoms,100,400,4.0,0.1,0.7,182,cp,1.0,1.0,1.0,0.0,0.0,0.0,0.0,0.017306282826913783,0.08292611746763873,0.18549494385008627,0.21753148563516583
atoms,100,400,4.0,0.1,0.7,182,dkw,1.0,1.0,1.0,0.0,0.0,0.0,0.0,0.021046137174298263,0.10043489373997505,0.20605592863945948,0.2372174993499483
atoms,100,400,4.0,0.1,0.7,183,cp,1.0,1.0,1.0,0.0,0.0,0.0,0.0,0.016156204330431724,0.07206629246818791,0.18839152753592894,0.2179460553227085
atoms,100,400,4.0,0.1,0.7,183,dkw,1.0,1.0,1.0,0.0,0.0,0.0,0.0,0.020798693609321094,0.08292611746763873,0.2077709448961179,0.22909673863120228
atoms,100,400,4.0,0.1,0.7,184,cp,1.0,1.0,1.0,0.0,0.0,0.0,0.0,0.019453056019241945,0.09227076687921065,0.18347415052168434,0.2215396013598161
atoms,100,400,4.0,0.1,0.7,184,dkw,1.0,1.0,1.0,0.0,0.0,0.0,0.0,0.01574136559851974,0.09227076687921065,0.2070768923819109,0.22918987723642203
atoms,100,400,4.0,0.1,0.7,185,cp,1.0,1.0,1.0,0.0,0.0,0.0,0.0,0.015388048515229855,0.09227076687921065,0.1799819111947746,0.2226700462906842
atoms,100,400,4.0,0.1,0.7,185,dkw,1.0,1.0,1.0,0.0,0.0,0.0,0.0,0.016082177441493498,0.09227076687921065,0.1916847416669658,0.23067243519750869
atoms,100,400,4.0,0.1,0.7,186,cp,1.0,1.0,1.0,0.0,0.0,0.0,0.0,0.01018049222981443,0.028154023514429083,0.20114012474087603,0.22265672833052585
atoms,100,400,4.0,0.1,0.7,186,dkw,1.0,1.0,1.0,0.0,0.0,0.0,0.0,0.019453163158440506,0.07206629246818791,0.23447624036856368,0.2816392773557291
atoms,100,400,4.0,0.1,0.7,187,cp,1.0,1.0,1.0,0.0,0.0,0.0,0.0,0.017106126927684373,0.09227076687921065,0.1783621360389418,0.21865869413543326
atoms,100,400,4.0,0.1,0.7,187,dkw,1.0,1.0,1.0,0.0,0.0,0.0,0.0,0.012739095721084845,0.08292611746763873,0.19307861940480645,0.23021050910080998
atoms,100,400,4.0,0.1,0.7,188,cp,1.0,1.0,1.0,0.0,0.0,0.0,0.0,0.018273678906584625,0.08292611746763873,0.184748204505867,0.2134327863576484
atoms,100,400,4.0,0.1,0.7,188,dkw,1.0,1.0,1.0,0.0,0.0,0.0,0.0,0.021352799022558367,0.09227076687921065,0.20685140415422476,0.2303176231310643
atoms,100,400,4.0,0.1,0.7,189,cp,1.0,1.0,1.0,0.0,0.0,0.0,0.0,0.009208484302297718,0.07206629246818791,0.1948085891312708,0.22899094483243976
atoms,100,400,4.0,0.1,0.7,189,dkw,1.0,1.0,1.0,0.0,0.0,0.0,0.0,0.011163222302932643,0.07206629246818791,0.20943922881452218,0.23391032205340545
atoms,100,400,4.0,0.1,0.7,190,cp,1.0,1.0,1.0,0.0,0.0,0.0,0.0,0.04127672103886498,0.10784820255874888,0.1608418908585973,0.210917900599924
atoms,100,400,4.0,0.1,0.7,190,dkw,1.0,1.0,1.0,0.0,0.0,0.0,0.0,0.04121765407270073,0.12431731341754021,0.1829465804950461,0.22779108575818058
atoms,100,400,4.0,0.1,0.7,191,cp,1.0,1.0,1.0,0.0,0.0,0.0,0.0,0.019911859415938413,0.10043489373997505,0.18516016804849456,0.22618014133898046
atoms,100,400,4.0,0.1,0.7,191,dkw,1.0,1.0,1.0,0.0,0.0,0.0,0.0,0.019214194995806594,0.10043489373997505,0.19654475802375757,0.23141673456732892
atoms,100,400,4.0,0.1,0.7,192,cp,1.0,1.0,1.0,0.0,0.0,0.0,0.0,0.010211299284452873,0.043685889989790117,0.19440746597596714,0.21799919843066973
atoms,100,400,4.0,0.1,0.7,192,dkw,1.0,1.0,1.0,0.0,0.0,0.0,0.0,0.019110707015487404,0.07206629246818791,0.21622907127371316,0.24785781888297198
atoms,100,400,4.0,0.1,0.7,193,cp,1.0,1.0,1.0,0.0,0.0,0.0,0.0,0.015436207330863578,0.09227076687921065,0.18539534287935017,0.22074145523547162
atoms,100,400,4.0,0.1,0.7,193,dkw,1.0,1.0,1.0,0.0,0.0,0.0,0.0,0.016082177441493498,0.09227076687921065,0.2002754529887266,0.23083253028043105
atoms,100,400,4.0,0.1,0.7,194,cp,1.0,1.0,1.0,0.0,0.0,0.0,0.0,0.02608495097283833,0.10784820255874888,0.1816165137356704,0.21853242599780565
atoms,100,400,4.0,0.1,0.7,194,dkw,1.0,1.0,1.0,0.0,0.0,0.0,0.0,0.02331455637807497,0.10784820255874888,0.20365017753580644,0.22739315836381097
atoms,100,400,4.0,0.1,0.7,195,cp,1.0,1.0,1.0,0.0,0.0,0.0,0.0,0.03389053725245889,0.10784820255874888,0.1742771166233043,0.2117241511549297
atoms,100,400,4.0,0.1,0.7,195,dkw,1.0,1.0,1.0,0.0,0.0,0.0,0.0,0.0392182048571227,0.12431731341754021,0.19979633439051916,0.2301226219990829
atoms,100,400,4.0,0.1,0.7,196,cp,1.0,1.0,1.0,0.0,0.0,0.0,0.0,0.01166654919904021,0.05921743213877939,0.19404840841013854,0.21972243455293106
atoms,100,400,4.0,0.1,0.7,196,dkw,1.0,1.0,1.0,0.0,0.0,0.0,0.0,0.025310156064327353,0.09227076687921065,0.21440112593908098,0.2472400199550514
atoms,100,400,4.0,0.1,0.7,197,cp,1.0,1.0,1.0,0.0,0.0,0.0,0.0,0.010487639933982154,0.038348948462362475,0.19712441153824298,0.22677365567729357
atoms,100,400,4.0,0.1,0.7,197,dkw,1.0,1.0,1.0,0.0,0.0,0.0,0.0,0.005860938070264015,0.05921743213877939,0.2375286722077278,0.27330814109457435
atoms,100,400,4.0,0.1,0.7,198,cp,1.0,1.0,1.0,0.0,0.0,0.0,0.0,0.015388048515229855,0.09227076687921065,0.18322872036239893,0.21406902034006348
atoms,100,400,4.0,0.1,0.7,198,dkw,1.0,1.0,1.0,0.0,0.0,0.0,0.0,0.016082177441493498,0.09227076687921065,0.20299330286667797,0.2297129958060411
atoms,100,400,4.0,0.1,0.7,199,cp,1.0,1.0,1.0,0.0,0.0,0.0,0.0,0.020473720914399456,0.08292611746763873,0.1844533965718596,0.21800300811956586
atoms,100,400,4.0,0.1,0.7,199,dkw,1.0,1.0,1.0,0.0,0.0,0.0,0.0,0.019161384884105827,0.09227076687921065,0.20607558825321834,0.23128148825373845
atoms,100,400,4.0,0.1,0.7,200,cp,1.0,1.0,1.0,0.0,0.0,0.0,0.0,0.003176982972710911,0.043685889989790117,0.20004232840901776,0.22481068605917387
atoms,100,400,4.0,0.1,0.7,200,dkw,1.0,1.0,1.0,0.0,0.0,0.0,0.0,0.012440607624493958,0.07206629246818791,0.22304145175230428,0.25868691835866864
atoms,100,400,4.0,0.1,0.7,201,cp,1.0,1.0,1.0,0.0,0.0,0.0,0.0,0.0185588067984596,0.07206629246818791,0.17954410461660775,0.21760269812190958
atoms,100,400,4.0,0.1,0.7,201,dkw,1.0,1.0,1.0,0.0,0.0,0.0,0.0,0.020718706688179534,0.10043489373997505,0.2060599614500797,0.24731977256787652
atoms,100,400,4.0,0.1,0.7,202,cp,1.0,1.0,1.0,0.0,0.0,0.0,0.0,0.03568600622254761,0.12431731341754021,0.1797640022070527,0.21658691793718354
atoms,100,400,4.0,0.1,0.7,202,dkw,1.0,1.0,1.0,0.0,0.0,0.0,0.0,0.03044035786333091,0.12431731341754021,0.19951071248508243,0.22726946535074594
atoms,100,400,4.0,0.1,0.7,203,cp,1.0,1.0,1.0,0.0,0.0,0.0,0.0,0.013979138583862469,0.07206629246818791,0.18124352544991879,0.21343948836838522
atoms,100,400,4.0,0.1,0.7,203,dkw,1.0,1.0,1.0,0.0,0.0,0.0,0.0,0.013436760141216662,0.08292611746763873,0.20017480220014167,0.22363698806851662
atoms,100,400,4.0,0.1,0.7,204,cp,1.0,1.0,1.0,0.0,0.0,0.0,0.0,0.023164079704305694,0.09227076687921065,0.18414584441909956,0.2233640871885475
atoms,100,400,4.0,0.1,0.7,204,dkw,1.0,1.0,1.0,0.0,0.0,0.0,0.0,0.02276899694570803,0.09227076687921065,0.19970285825485226,0.22916180512566808
atoms,100,400,4.0,0.1,0.7,205,cp,1.0,1.0,1.0,0.0,0.0,0.0,0.0,0.00925664311793144,0.07206629246818791,0.19045020452559094,0.21877338460359952
atoms,100,400,4.0,0.1,0.7,205,dkw,1.0,1.0,1.0,0.0,0.0,0.0,0.0,0.011163222302932643,0.07206629246818791,0.20839463867813846,0.23152349938336347
atoms,100,400,4.0,0.1,0.7,206,cp,1.0,1.0,1.0,0.0,0.0,0.0,0.0,0.009165181729360252,0.05921743213877939,0.1901907287664332,0.2154966422294735
atoms,100,400,4.0,0.1,0.7,206,dkw,1.0,1.0,1.0,0.0,0.0,0.0,0.0,0.015436207330863578,0.09227076687921065,0.21751594433479593,0.2512041500958768
atoms,100,400,4.0,0.1,0.7,207,cp,1.0,1.0,1.0,0.0,0.0,0.0,0.0,0.026370085741957067,0.10043489373997505,0.17629396748896822,0.21217971037850547
atoms,100,400,4.0,0.1,0.7,207,dkw,1.0,1.0,1.0,0.0,0.0,0.0,0.0,0.020718706688179534,0.10043489373997505,0.1988188835062757,0.22070928294074033
atoms,100,400,4.0,0.1,0.7,208,cp,1.0,1.0,1.0,0.0,0.0,0.0,0.0,0.014293468051148695,0.05921743213877939,0.19726966098190388,0.22835953338863701
atoms,100,400,4.0,0.1,0.7,208,dkw,1.0,1.0,1.0,0.0,0.0,0.0,0.0,0.02100589602347681,0.07206629246818791,0.21462841600163415,0.2416942118063009
atoms,100,400,4.0,0.1,0.7,209,cp,1.0,1.0,1.0,0.0,0.0,0.0,0.0,0.012573687816636989,0.08292611746763873,0.18642815653320927,0.2237064800591746
atoms,100,400,4.0,0.1,0.7,209,dkw,1.0,1.0,1.0,0.0,0.0,0.0,0.0,0.011163222302932643,0.07206629246818791,0.19879212660607531,0.23275662517375717
atoms,100,400,4.0,0.1,0.7,210,cp,1.0,1.0,1.0,0.0,0.0,0.0,0.0,0.010532071830026862,0.043685889989790117,0.19673779178264594,0.21786332120183083
atoms,100,400,4.0,0.1,0.7,210,dkw,1.0,1.0,1.0,0.0,0.0,0.0,0.0,0.016912004039821182,0.07206629246818791,0.23022083152940412,0.27136181937961934
atoms,100,400,4.0,0.1,0.7,211,cp,1.0,1.0,1.0,0.0,0.0,0.0,0.0,0.026377554513780713,0.10043489373997505,0.17952574707211266,0.21534802423055643
atoms,100,400,4.0,0.1,0.7,211,dkw,1.0,1.0,1.0,0.0,0.0,0.0,0.0,0.020718706688179534,0.10043489373997505,0.1965905599122767,0.22262206710947519
atoms,100,400,4.0,0.1,0.7,212,cp,1.0,1.0,1.0,0.0,0.0,0.0,0.0,0.009902613228561358,0.07206629246818791,0.18559716886870312,0.2163473939087367
atoms,100,400,4.0,0.1,0.7,212,dkw,1.0,1.0,1.0,0.0,0.0,0.0,0.0,0.011163222302932643,0.07206629246818791,0.2052301667378468,0.23043845523457074
atoms,100,400,4.0,0.1,0.7,213,cp,1.0,1.0,1.0,0.0,0.0,0.0,0.0,0.026370085741957067,0.10043489373997505,0.1701942629963603,0.21563721195070834
atoms,100,400,4.0,0.1,0.7,213,dkw,1.0,1.0,1.0,0.0,0.0,0.0,0.0,0.019911859415938413,0.10043489373997505,0.1871801503672494,0.22341505549895807
atoms,100,400,4.0,0.1,0.7,214,cp,1.0,1.0,1.0,0.0,0.0,0.0,0.0,0.011292401850957588,0.08292611746763873,0.18967350259044116,0.2225032583861789
atoms,100,400,4.0,0.1,0.7,214,dkw,1.0,1.0,1.0,0.0,0.0,0.0,0.0,0.016082177441493498,0.09227076687921065,0.2023994440322518,0.23088631999003106
atoms,100,400,4.0,0.1,0.7,215,cp,1.0,1.0,1.0,0.0,0.0,0.0,0.0,0.008733490224645766,0.07206629246818791,0.1918486627166932,0.21868097301158407
atoms,100,400,4.0,0.1,0.7,215,dkw,1.0,1.0,1.0,0.0,0.0,0.0,0.0,0.013219657927266908,0.08292611746763873,0.21253437253225507,0.24030706404047808
atoms,100,400,4.0,0.1,0.7,216,cp,1.0,1.0,1.0,0.0,0.0,0.0,0.0,0.03902979941564568,0.10784820255874888,0.1697241663659956,0.20899412826575847
atoms,100,400,4.0,0.1,0.7,216,dkw,1.0,1.0,1.0,0.0,0.0,0.0,0.0,0.03795226632785518,0.12431731341754021,0.19528217818008728,0.2335466678259565
atoms,100,400,4.0,0.1,0.7,217,cp,1.0,1.0,1.0,0.0,0.0,0.0,0.0,0.013232229054360958,0.04426230059313663,0.196083209987941,0.22813061756028974
atoms,100,400,4.0,0.1,0.7,217,dkw,1.0,1.0,1.0,0.0,0.0,0.0,0.0,0.009056965773194274,0.043685889989790117,0.23862540134824065,0.2725467410921651
atoms,100,400,4.0,0.1,0.7,218,cp,1.0,1.0,1.0,0.0,0.0,0.0,0.0,0.013538463085524326,0.05921743213877939,0.1980532496647839,0.225232886377144
atoms,100,400,4.0,0.1,0.7,218,dkw,1.0,1.0,1.0,0.0,0.0,0.0,0.0,0.022770207857146056,0.08292611746763873,0.21903440454706263,0.2534229271320212
atoms,100,400,4.0,0.1,0.7,219,cp,1.0,1.0,1.0,0.0,0.0,0.0,0.0,0.019453056019241945,0.09227076687921065,0.18261302654212194,0.21777162443790787
atoms,100,400,4.0,0.1,0.7,219,dkw,1.0,1.0,1.0,0.0,0.0,0.0,0.0,0.012878846084293152,0.08292611746763873,0.20546434254550733,0.22614495001675605
atoms,100,400,4.0,0.1,0.7,220,cp,1.0,1.0,1.0,0.0,0.0,0.0,0.0,0.02275750598146191,0.09227076687921065,0.1757433790241325,0.21625030753944652
atoms,100,400,4.0,0.1,0.7,220,dkw,1.0,1.0,1.0,0.0,0.0,0.0,0.0,0.017106126927684373,0.09227076687921065,0.19854598669383947,0.22429833506475028
atoms,100,400,4.0,0.1,0.7,221,cp,1.0,1.0,1.0,0.0,0.0,0.0,0.0,0.05167261444835353,0.15455945414032607,0.1675934226654624,0.21139310786237597
atoms,100,400,4.0,0.1,0.7,221,dkw,1.0,1.0,1.0,0.0,0.0,0.0,0.0,0.03948025941751612,0.13985112650582393,0.18801691777788881,0.22177409029835393
atoms,100,400,4.0,0.1,0.7,222,cp,1.0,1.0,1.0,0.0,0.0,0.0,0.0,0.009561801385587603,0.07206629246818791,0.19205846465071885,0.22111429364211155
atoms,100,400,4.0,0.1,0.7,222,dkw,1.0,1.0,1.0,0.0,0.0,0.0,0.0,0.013219657927266908,0.08292611746763873,0.21051887753059337,0.23556839108197775
atoms,100,400,4.0,0.1,0.7,223,cp,1.0,1.0,1.0,0.0,0.0,0.0,0.0,0.013373453235515413,0.08292611746763873,0.19366366546246375,0.2227090162840305
atoms,100,400,4.0,0.1,0.7,223,dkw,1.0,1.0,1.0,0.0,0.0,0.0,0.0,0.021790490414400877,0.10043489373997505,0.21370687540255806,0.24136400677301728
atoms,100,400,4.0,0.1,0.7,224,cp,1.0,1.0,1.0,0.0,0.0,0.0,0.0,0.019453056019241945,0.09227076687921065,0.18202783468933004,0.22055262630747452
atoms,100,400,4.0,0.1,0.7,224,dkw,1.0,1.0,1.0,0.0,0.0,0.0,0.0,0.01574136559851974,0.09227076687921065,0.20209088329932082,0.22840479750958287
atoms,100,400,4.0,0.1,0.7,225,cp,1.0,1.0,1.0,0.0,0.0,0.0,0.0,0.04325501633322192,0.13985112650582393,0.16644538431321745,0.21490533403365353
atoms,100,400,4.0,0.1,0.7,225,dkw,1.0,1.0,1.0,0.0,0.0,0.0,0.0,0.031057643509539937,0.12431731341754021,0.18542203694176493,0.21986299404586618
atoms,100,400,4.0,0.1,0.7,226,cp,1.0,1.0,1.0,0.0,0.0,0.0,0.0,0.012445180645367971,0.07206629246818791,0.18720944874575404,0.21560447373132086
atoms,100,400,4.0,0.1,0.7,226,dkw,1.0,1.0,1.0,0.0,0.0,0.0,0.0,0.01574136559851974,0.09227076687921065,0.21844485011077125,0.2482786485096855
atoms,100,400,4.0,0.1,0.7,227,cp,1.0,1.0,1.0,0.0,0.0,0.0,0.0,0.012739095721084845,0.08292611746763873,0.18521477087916494,0.2265194610750919
atoms,100,400,4.0,0.1,0.7,227,dkw,1.0,1.0,1.0,0.0,0.0,0.0,0.0,0.013219657927266908,0.08292611746763873,0.19595823235158025,0.2317957694045234
atoms,100,400,4.0,0.1,0.7,228,cp,1.0,1.0,1.0,0.0,0.0,0.0,0.0,0.014062796445720947,0.08292611746763873,0.18911592014243084,0.22466720245667382
atoms,100,400,4.0,0.1,0.7,228,dkw,1.0,1.0,1.0,0.0,0.0,0.0,0.0,0.017203687807356923,0.09227076687921065,0.20956564184369214,0.23376521351951424
atoms,100,400,4.0,0.1,0.7,229,cp,1.0,1.0,1.0,0.0,0.0,0.0,0.0,0.005092705453524522,0.05921743213877939,0.19475590840726245,0.22373029999851612
atoms,100,400,4.0,0.1,0.7,229,dkw,1.0,1.0,1.0,0.0,0.0,0.0,0.0,0.016082177441493498,0.09227076687921065,0.21643661210412535,0.2490451014865821
atoms,100,400,4.0,0.1,0.7,230,cp,1.0,1.0,1.0,0.0,0.0,0.0,0.0,0.009208484302297718,0.07206629246818791,0.19097175525837237,0.2205841413602747
atoms,100,400,4.0,0.1,0.7,230,dkw,1.0,1.0,1.0,0.0,0.0,0.0,0.0,0.013219657927266908,0.08292611746763873,0.2107272902276241,0.235348185464553
atoms,100,400,4.0,0.1,0.7,231,cp,1.0,1.0,1.0,0.0,0.0,0.0,0.0,0.009157712957536613,0.05921743213877939,0.18627254481561478,0.2096669755581897
atoms,100,400,4.0,0.1,0.7,231,dkw,1.0,1.0,1.0,0.0,0.0,0.0,0.0,0.012573687816636989,0.08292611746763873,0.2111689120409896,0.2446557799862245
atoms,100,400,4.0,0.1,0.7,232,cp,1.0,1.0,1.0,0.0,0.0,0.0,0.0,0.024771870417788007,0.09227076687921065,0.1807805633013217,0.21488914018673388
atoms,100,400,4.0,0.1,0.7,232,dkw,1.0,1.0,1.0,0.0,0.0,0.0,0.0,0.027379563882087062,0.10784820255874888,0.2060801560108495,0.23926352715862104
atoms,100,400,4.0,0.1,0.7,233,cp,1.0,1.0,1.0,0.0,0.0,0.0,0.0,0.00534622921109053,0.043685889989790117,0.19839488077629736,0.2175334238776352
atoms,100,400,4.0,0.1,0.7,233,dkw,1.0,1.0,1.0,0.0,0.0,0.0,0.0,0.01076255212246522,0.05921743213877939,0.22172077092220707,0.25641924428856816
atoms,100,400,4.0,0.1,0.7,234,cp,1.0,1.0,1.0,0.0,0.0,0.0,0.0,0.005446022536814408,0.05921743213877939,0.19748749140232633,0.2247762125167363
atoms,100,400,4.0,0.1,0.7,234,dkw,1.0,1.0,1.0,0.0,0.0,0.0,0.0,0.013219657927266908,0.08292611746763873,0.2191680694538349,0.25251623398802464
atoms,100,400,4.0,0.1,0.7,235,cp,1.0,1.0,1.0,0.0,0.0,0.0,0.0,0.01024255751800211,0.05921743213877939,0.19780134130906338,0.22358934836776118
atoms,100,400,4.0,0.1,0.7,235,dkw,1.0,1.0,1.0,0.0,0.0,0.0,0.0,0.019353945359014902,0.10043489373997505,0.22720451096639316,0.2652588235081849
atoms,100,400,4.0,0.1,0.7,236,cp,1.0,1.0,1.0,0.0,0.0,0.0,0.0,0.008593739861437459,0.07206629246818791,0.18843917974773267,0.21666585247958414
atoms,100,400,4.0,0.1,0.7,236,dkw,1.0,1.0,1.0,0.0,0.0,0.0,0.0,0.013219657927266908,0.08292611746763873,0.2051317534119027,0.23097284626690673
atoms,100,400,4.0,0.1,0.7,237,cp,1.0,1.0,1.0,0.0,0.0,0.0,0.0,0.02171551867698117,0.09227076687921065,0.19122309232681137,0.2270337549305287
atoms,100,400,4.0,0.1,0.7,237,dkw,1.0,1.0,1.0,0.0,0.0,0.0,0.0,0.025310156064327353,0.09227076687921065,0.203601736139212,0.23249564869829398
atoms,100,400,4.0,0.1,0.7,238,cp,1.0,1.0,1.0,0.0,0.0,0.0,0.0,0.019647811141333967,0.08292611746763873,0.1939391616586549,0.2285116006140313
atoms,100,400,4.0,0.1,0.7,238,dkw,1.0,1.0,1.0,0.0,0.0,0.0,0.0,0.025310156064327353,0.09227076687921065,0.20797409774896367,0.23256391230348972
atoms,100,400,4.0,0.1,0.7,239,cp,1.0,1.0,1.0,0.0,0.0,0.0,0.0,0.005721187707055708,0.05921743213877939,0.19703245460905883,0.224429201658358
atoms,100,400,4.0,0.1,0.7,239,dkw,1.0,1.0,1.0,0.0,0.0,0.0,0.0,0.015677361452389654,0.09227076687921065,0.2162807049163928,0.2539027774149494
atoms,100,400,4.0,0.1,0.7,240,cp,1.0,1.0,1.0,0.0,0.0,0.0,0.0,0.014112295451231917,0.043685889989790117,0.20386289468781407,0.22739448135814522
atoms,100,400,4.0,0.1,0.7,240,dkw,1.0,1.0,1.0,0.0,0.0,0.0,0.0,0.014305269197332084,0.05921743213877939,0.22276616494784007,0.2525485258973744
atoms,100,400,4.0,0.1,0.7,241,cp,1.0,1.0,1.0,0.0,0.0,0.0,0.0,0.019911859415938413,0.10043489373997505,0.18688412006653518,0.2230770092606793
atoms,100,400,4.0,0.1,0.7,241,dkw,1.0,1.0,1.0,0.0,0.0,0.0,0.0,0.01969475720198866,0.10043489373997505,0.20092885060212143,0.2316031635900917
atoms,100,400,4.0,0.1,0.7,242,cp,1.0,1.0,1.0,0.0,0.0,0.0,0.0,0.016367197024753942,0.05562288607958488,0.1923399250359783,0.23036866071966078
atoms,100,400,4.0,0.1,0.7,242,dkw,1.0,1.0,1.0,0.0,0.0,0.0,0.0,0.013069814880630436,0.05921743213877939,0.23724240532533336,0.2716331031035397
atoms,100,400,4.0,0.1,0.7,243,cp,1.0,1.0,1.0,0.0,0.0,0.0,0.0,0.011106586429480718,0.05921743213877939,0.19263401470088173,0.21854113419086385
atoms,100,400,4.0,0.1,0.7,243,dkw,1.0,1.0,1.0,0.0,0.0,0.0,0.0,0.01574136559851974,0.09227076687921065,0.222521754113746,0.2599715810923744
atoms,100,400,4.0,0.1,0.7,244,cp,1.0,1.0,1.0,0.0,0.0,0.0,0.0,0.030684013844307027,0.10784820255874888,0.16715616447256396,0.21282289839093532
atoms,100,400,4.0,0.1,0.7,244,dkw,1.0,1.0,1.0,0.0,0.0,0.0,0.0,0.020718706688179534,0.10043489373997505,0.18313996746706948,0.2215260111653632
atoms,100,400,4.0,0.1,0.7,245,cp,1.0,1.0,1.0,0.0,0.0,0.0,0.0,0.013671890207751754,0.05921743213877939,0.18995015035080529,0.21842621358825887
atoms,100,400,4.0,0.1,0.7,245,dkw,1.0,1.0,1.0,0.0,0.0,0.0,0.0,0.020718706688179534,0.10043489373997505,0.21958162769741485,0.25888008145594615
atoms,100,400,4.0,0.1,0.7,246,cp,1.0,1.0,1.0,0.0,0.0,0.0,0.0,0.010915012511595561,0.043685889989790117,0.19608534763531543,0.22170931028192326
atoms,100,400,4.0,0.1,0.7,246,dkw,1.0,1.0,1.0,0.0,0.0,0.0,0.0,0.018024688001812745,0.08292611746763873,0.230368688610737,0.27017388372830997
atoms,100,400,4.0,0.1,0.7,247,cp,1.0,1.0,1.0,0.0,0.0,0.0,0.0,0.010119715442511112,0.07206629246818791,0.19082776276195357,0.21894789479801413
atoms,100,400,4.0,0.1,0.7,247,dkw,1.0,1.0,1.0,0.0,0.0,0.0,0.0,0.011163222302932643,0.07206629246818791,0.21690344963386757,0.2398808228913839
atoms,100,400,4.0,0.1,0.7,248,cp,1.0,1.0,1.0,0.0,0.0,0.0,0.0,0.019100465513011103,0.08292611746763873,0.18287093923228512,0.20947851912209814
atoms,100,400,4.0,0.1,0.7,248,dkw,1.0,1.0,1.0,0.0,0.0,0.0,0.0,0.026031387729682658,0.10043489373997505,0.2051355747475023,0.23395255362147516
atoms,100,400,4.0,0.1,0.7,249,cp,1.0,1.0,1.0,0.0,0.0,0.0,0.0,0.01717161798611833,0.07206629246818791,0.18909374314073607,0.2167766221501517
atoms,100,400,4.0,0.1,0.7,249,dkw,1.0,1.0,1.0,0.0,0.0,0.0,0.0,0.02570158479209022,0.10043489373997505,0.2136604434518764,0.2506778820033231
