scenario,n1,n0,ratio,alpha,dependence,rep,band,rate_coverage,metric_coverage,regret_coverage,strict_cert_fraction,learner_cert_fraction,strict_cert_any,learner_cert_any,mean_actual_regret,max_actual_regret,mean_regret_bound,max_regret_bound
separated,100,400,4.0,0.05,0.0,0,cp,1.0,1.0,1.0,0.0,1.0,0.0,1.0,0.0030527024845362627,0.012967952435732899,0.09455302204012257,0.23357702896423926
separated,100,400,4.0,0.05,0.0,0,dkw,1.0,1.0,1.0,0.0,0.92,0.0,1.0,0.0020609246993588083,0.010680076484131606,0.18014300353867607,0.3902949644340614
separated,100,400,4.0,0.05,0.0,1,cp,1.0,1.0,1.0,0.0,1.0,0.0,1.0,0.00258266218984593,0.021185762346493497,0.09723480660293161,0.24437950287971733
separated,100,400,4.0,0.05,0.0,1,dkw,1.0,1.0,1.0,0.0,0.96,0.0,1.0,0.007943851120232166,0.06310094808799416,0.17981550795754075,0.3963431557298227
separated,100,400,4.0,0.05,0.0,2,cp,1.0,1.0,1.0,0.0,1.0,0.0,1.0,0.00036819937398224756,0.004857707356216601,0.08927752197557505,0.23942125058081365
separated,100,400,4.0,0.05,0.0,2,dkw,1.0,1.0,1.0,0.0,0.92,0.0,1.0,0.0011180537823116676,0.011086578425139715,0.17783464466202012,0.39330926168672464
separated,100,400,4.0,0.05,0.0,3,cp,1.0,1.0,1.0,0.0,1.0,0.0,1.0,0.005538628957516525,0.0176826732783657,0.08260976211735872,0.23675844499654564
separated,100,400,4.0,0.05,0.0,3,dkw,1.0,1.0,1.0,0.0,0.96,0.0,1.0,0.0055941451810979535,0.0176826732783657,0.171668101668842,0.3892394236287484
separated,100,400,4.0,0.05,0.0,4,cp,1.0,1.0,1.0,0.0,1.0,0.0,1.0,0.0016694879569032883,0.02443241192207979,0.1098719729491261,0.23928295193483395
separated,100,400,4.0,0.05,0.0,4,dkw,1.0,1.0,1.0,0.0,0.92,0.0,1.0,0.00017389107973358352,0.0024981739367750944,0.19112747825410267,0.39959853826367286
separated,100,400,4.0,0.05,0.0,5,cp,1.0,1.0,1.0,0.0,1.0,0.0,1.0,0.0017352316959861902,0.015429447841863064,0.07790826780874575,0.23017833544748645
separated,100,400,4.0,0.05,0.0,5,dkw,1.0,1.0,1.0,0.0,0.96,0.0,1.0,0.0037538791682131256,0.029280424459179888,0.17013142858000635,0.3887951030430741
separated,100,400,4.0,0.05,0.0,6,cp,1.0,1.0,1.0,0.0,1.0,0.0,1.0,7.396412226257975e-05,0.0013879055895357206,0.10140895992703504,0.2419908441970281
separated,100,400,4.0,0.05,0.0,6,dkw,1.0,1.0,1.0,0.0,0.96,0.0,1.0,0.0006745906453060791,0.007659781783095787,0.18453294316102448,0.3948237467143946
separated,100,400,4.0,0.05,0.0,7,cp,1.0,1.0,1.0,0.0,1.0,0.0,1.0,0.0016797154724047614,0.015429447841863064,0.0951534543714326,0.25300560144697903
separated,100,400,4.0,0.05,0.0,7,dkw,1.0,1.0,1.0,0.0,0.96,0.0,1.0,0.0037538791682131256,0.029280424459179888,0.18083568688359875,0.39959853826367286
separated,100,400,4.0,0.05,0.0,8,cp,1.0,1.0,1.0,0.0,1.0,0.0,1.0,0.0011180537823116676,0.011086578425139715,0.09041732219708842,0.21780307577960167
separated,100,400,4.0,0.05,0.0,8,dkw,1.0,1.0,1.0,0.0,0.96,0.0,1.0,0.0054198131967124,0.04164835071248185,0.1781767304481914,0.39453192940991033
separated,100,400,4.0,0.05,0.0,9,cp,1.0,1.0,1.0,0.0,1.0,0.0,1.0,0.0037538791682131256,0.029280424459179888,0.09903050220413225,0.26226993727239833
separated,100,400,4.0,0.05,0.0,9,dkw,1.0,1.0,1.0,0.0,0.96,0.0,1.0,0.012314013295710998,0.1106419599765065,0.17985004241371072,0.39720651713407296
separated,100,400,4.0,0.05,0.0,10,cp,1.0,1.0,1.0,0.0,1.0,0.0,1.0,0.00258266218984593,0.021185762346493497,0.11394755113984688,0.2848552817448048
separated,100,400,4.0,0.05,0.0,10,dkw,1.0,1.0,1.0,0.0,0.96,0.0,1.0,0.007943851120232166,0.06310094808799416,0.19063709696859207,0.4086773596246881
separated,100,400,4.0,0.05,0.0,11,cp,1.0,1.0,1.0,0.0,1.0,0.0,1.0,0.0010048746304209156,0.01730478700050242,0.11017441300868275,0.24616523486894404
separated,100,400,4.0,0.05,0.0,11,dkw,1.0,1.0,1.0,0.0,0.92,0.0,1.0,0.0017352316959861902,0.015429447841863064,0.18909925443202455,0.39959853826367286
separated,100,400,4.0,0.05,0.0,12,cp,1.0,1.0,1.0,0.0,1.0,0.0,1.0,0.0017352316959861902,0.015429447841863064,0.11326930322242607,0.27028874140320625
separated,100,400,4.0,0.05,0.0,12,dkw,1.0,1.0,1.0,0.0,0.96,0.0,1.0,0.0054198131967124,0.04164835071248185,0.18995067363222964,0.4041091579416024
separated,100,400,4.0,0.05,0.0,13,cp,1.0,1.0,1.0,0.0,1.0,0.0,1.0,7.396412226257975e-05,0.0013879055895357206,0.10140895992703504,0.2419908441970281
separated,100,400,4.0,0.05,0.0,13,dkw,1.0,1.0,1.0,0.0,0.96,0.0,1.0,0.0006745906453060791,0.007659781783095787,0.18453294316102448,0.3948237467143946
separated,100,400,4.0,0.05,0.0,14,cp,1.0,1.0,1.0,0.0,1.0,0.0,1.0,0.0022885623786279385,0.02443241192207979,0.09950036961116625,0.24398050922394732
separated,100,400,4.0,0.05,0.0,14,dkw,1.0,1.0,1.0,0.0,0.96,0.0,1.0,0.0017352316959861902,0.015429447841863064,0.1842806205037332,0.4012842795980738
separated,100,400,4.0,0.05,0.0,15,cp,1.0,1.0,1.0,0.0,1.0,0.0,1.0,0.0,0.0,0.09923230290045953,0.2635310064923214
separated,100,400,4.0,0.05,0.0,15,dkw,1.0,1.0,1.0,0.0,0.96,0.0,1.0,0.00010894388902879637,0.0013879055895357206,0.18164753822591703,0.39690342205152007
separated,100,400,4.0,0.05,0.0,16,cp,1.0,1.0,1.0,0.0,1.0,0.0,1.0,0.012314013295710998,0.1106419599765065,0.08005622293575901,0.25399100996489166
separated,100,400,4.0,0.05,0.0,16,dkw,1.0,1.0,1.0,0.0,0.92,0.0,1.0,0.012314013295710998,0.1106419599765065,0.17028838101453353,0.39112520083491986
separated,100,400,4.0,0.05,0.0,17,cp,1.0,1.0,1.0,0.0,1.0,0.0,1.0,0.0041728246120350445,0.0152763050314918,0.08936128423933376,0.23669116657309275
separated,100,400,4.0,0.05,0.0,17,dkw,1.0,1.0,1.0,0.0,0.96,0.0,1.0,0.004886838249963325,0.016462435358671312,0.17533963644223738,0.3907053068172064
separated,100,400,4.0,0.05,0.0,18,cp,0.0,1.0,1.0,0.0,1.0,0.0,1.0,0.0011974989342101905,0.008326918190812438,0.10702000361001503,0.24118873803676255
separated,100,400,4.0,0.05,0.0,18,dkw,1.0,1.0,1.0,0.0,0.92,0.0,1.0,0.0006361919641535207,0.005801104647893518,0.1897142367698975,0.3948237467143946
separated,100,400,4.0,0.05,0.0,19,cp,1.0,1.0,1.0,0.0,1.0,0.0,1.0,0.0017352316959861902,0.015429447841863064,0.1060568031123059,0.2487167759955815
separated,100,400,4.0,0.05,0.0,19,dkw,1.0,1.0,1.0,0.0,0.92,0.0,1.0,0.007943851120232166,0.06310094808799416,0.18565505016759723,0.3993968458906558
separated,100,400,4.0,0.05,0.0,20,cp,1.0,1.0,1.0,0.0,1.0,0.0,1.0,0.0011180537823116676,0.011086578425139715,0.08573515110025978,0.23357702896423926
separated,100,400,4.0,0.05,0.0,20,dkw,1.0,1.0,1.0,0.0,0.96,0.0,1.0,0.0037538791682131256,0.029280424459179888,0.17379010098074332,0.3902949644340614
separated,100,400,4.0,0.05,0.0,21,cp,1.0,1.0,1.0,0.0,1.0,0.0,1.0,0.0003126831504008187,0.004857707356216601,0.0877920659353628,0.22971530543221896
separated,100,400,4.0,0.05,0.0,21,dkw,1.0,1.0,1.0,0.0,0.96,0.0,1.0,0.0011180537823116676,0.011086578425139715,0.17544721329214513,0.3902949644340614
separated,100,400,4.0,0.05,0.0,22,cp,1.0,1.0,1.0,0.0,1.0,0.0,1.0,0.00010894388902879637,0.0013879055895357206,0.10189798311759804,0.2684250495445112
separated,100,400,4.0,0.05,0.0,22,dkw,1.0,1.0,1.0,0.0,0.96,0.0,1.0,5.5516223581428824e-05,0.0013879055895357206,0.18225211220030232,0.39690342205152007
separated,100,400,4.0,0.05,0.0,23,cp,1.0,1.0,1.0,0.0,1.0,0.0,1.0,0.00036819937398224756,0.004857707356216601,0.08454077628361534,0.23017833544748645
separated,100,400,4.0,0.05,0.0,23,dkw,1.0,1.0,1.0,0.0,0.96,0.0,1.0,0.0011180537823116676,0.011086578425139715,0.17342518973937937,0.3887951030430741
separated,100,400,4.0,0.05,0.0,24,cp,1.0,1.0,1.0,0.0,1.0,0.0,1.0,0.0041728246120350445,0.0152763050314918,0.11083426163218636,0.25263538927845075
separated,100,400,4.0,0.05,0.0,24,dkw,1.0,1.0,1.0,0.0,0.96,0.0,1.0,0.004886838249963325,0.016462435358671312,0.18872170490076523,0.3983591771654793
separated,100,400,4.0,0.05,0.0,25,cp,1.0,1.0,1.0,0.0,1.0,0.0,1.0,0.0003126831504008187,0.004857707356216601,0.11638075608213155,0.2643239514316106
separated,100,400,4.0,0.05,0.0,25,dkw,1.0,1.0,1.0,0.0,0.92,0.0,1.0,0.0006745906453060791,0.007659781783095787,0.19318812075675296,0.4058145127565931
separated,100,400,4.0,0.05,0.0,26,cp,1.0,1.0,1.0,0.0,1.0,0.0,1.0,0.002950422487307809,0.02026610653549954,0.10402866242384123,0.24437950287971733
separated,100,400,4.0,0.05,0.0,26,dkw,1.0,1.0,1.0,0.0,0.96,0.0,1.0,0.00258266218984593,0.021185762346493497,0.1852809924538873,0.3963431557298227
separated,100,400,4.0,0.05,0.0,27,cp,1.0,1.0,1.0,0.0,1.0,0.0,1.0,0.0006921914800200968,0.01730478700050242,0.10726598073792157,0.25179407189859626
separated,100,400,4.0,0.05,0.0,27,dkw,1.0,1.0,1.0,0.0,0.96,0.0,1.0,7.396412226257975e-05,0.0013879055895357206,0.18750948549586297,0.3998194556853606
separated,100,400,4.0,0.05,0.0,28,cp,1.0,1.0,1.0,0.0,1.0,0.0,1.0,7.396412226257975e-05,0.0013879055895357206,0.1158055112055258,0.28206619527796817
separated,100,400,4.0,0.05,0.0,28,dkw,1.0,1.0,1.0,0.0,0.96,0.0,1.0,0.00036819937398224756,0.004857707356216601,0.19082659040829014,0.40292770562777247
separated,100,400,4.0,0.05,0.0,29,cp,1.0,1.0,1.0,0.0,1.0,0.0,1.0,7.396412226257975e-05,0.0013879055895357206,0.11951963222384919,0.26847635085415855
separated,100,400,4.0,0.05,0.0,29,dkw,1.0,1.0,1.0,0.0,0.96,0.0,1.0,0.0006745906453060791,0.007659781783095787,0.19623059127345466,0.4026008140177082
separated,100,400,4.0,0.05,0.0,30,cp,1.0,1.0,1.0,0.0,1.0,0.0,1.0,0.00010894388902879637,0.0013879055895357206,0.09821973346874056,0.21534767068662208
separated,100,400,4.0,0.05,0.0,30,dkw,1.0,1.0,1.0,0.0,0.92,0.0,1.0,0.00036819937398224756,0.004857707356216601,0.1855466638945822,0.3929810628101621
separated,100,400,4.0,0.05,0.0,31,cp,1.0,1.0,1.0,0.0,1.0,0.0,1.0,0.001633721639993544,0.009517662055048115,0.10264364696326579,0.23942125058081365
separated,100,400,4.0,0.05,0.0,31,dkw,1.0,1.0,1.0,0.0,0.92,0.0,1.0,0.0009199384301591218,0.007093661650140026,0.18650700143476812,0.39330926168672464
separated,100,400,4.0,0.05,0.0,32,cp,1.0,1.0,1.0,0.0,1.0,0.0,1.0,0.0006361919641535207,0.005801104647893518,0.10039055023396143,0.23942125058081365
separated,100,400,4.0,0.05,0.0,32,dkw,1.0,1.0,1.0,0.0,0.96,0.0,1.0,0.0006361919641535207,0.005801104647893518,0.1853343996201296,0.39330926168672464
separated,100,400,4.0,0.05,0.0,33,cp,1.0,1.0,1.0,0.0,1.0,0.0,1.0,0.0006745906453060791,0.007659781783095787,0.09209071192904382,0.23942125058081365
separated,100,400,4.0,0.05,0.0,33,dkw,1.0,1.0,1.0,0.0,0.96,0.0,1.0,0.00258266218984593,0.021185762346493497,0.17790344201723396,0.39330926168672464
separated,100,400,4.0,0.05,0.0,34,cp,1.0,1.0,1.0,0.0,1.0,0.0,1.0,0.0001714787349643565,0.002951276737924724,0.1080981197172139,0.2584740586060539
separated,100,400,4.0,0.05,0.0,34,dkw,1.0,1.0,1.0,0.0,0.92,0.0,1.0,5.5516223581428824e-05,0.0013879055895357206,0.18741691261005947,0.39661532010390965
separated,100,400,4.0,0.05,0.0,35,cp,1.0,1.0,1.0,0.0,1.0,0.0,1.0,0.00017389107973358352,0.0024981739367750944,0.11802032762731222,0.2507022230131979
separated,100,400,4.0,0.05,0.0,35,dkw,1.0,1.0,1.0,0.0,0.92,0.0,1.0,0.0017352316959861902,0.015429447841863064,0.19634967820615973,0.4009311775435931
separated,100,400,4.0,0.05,0.0,36,cp,1.0,1.0,1.0,0.0,1.0,0.0,1.0,0.004074095708646039,0.03120265710962078,0.11009180406468097,0.23015533025620283
separated,100,400,4.0,0.05,0.0,36,dkw,1.0,1.0,1.0,0.0,0.96,0.0,1.0,0.0006190744217246503,0.007659781783095787,0.19064494294961243,0.4007873774677916
separated,100,400,4.0,0.05,0.0,37,cp,1.0,1.0,1.0,0.0,1.0,0.0,1.0,5.342766544736755e-05,0.0013356916361841886,0.11368649468114538,0.2741892897633921
separated,100,400,4.0,0.05,0.0,37,dkw,1.0,1.0,1.0,0.0,0.96,0.0,1.0,7.396412226257975e-05,0.0013879055895357206,0.19120371926118856,0.4012842795980738
separated,100,400,4.0,0.05,0.0,38,cp,1.0,1.0,1.0,0.0,1.0,0.0,1.0,0.0017352316959861902,0.015429447841863064,0.08809433965444873,0.2419908441970281
separated,100,400,4.0,0.05,0.0,38,dkw,1.0,1.0,1.0,0.0,0.92,0.0,1.0,0.0037538791682131256,0.029280424459179888,0.17657390334120154,0.3948237467143946
separated,100,400,4.0,0.05,0.0,39,cp,1.0,1.0,1.0,0.0,1.0,0.0,1.0,0.00011837485615215471,0.0024981739367750944,0.09765331529537366,0.2516491805304063
separated,100,400,4.0,0.05,0.0,39,dkw,1.0,1.0,1.0,0.0,0.92,0.0,1.0,0.00036819937398224756,0.004857707356216601,0.18265902763831143,0.39661532010390965
separated,100,400,4.0,0.05,0.0,40,cp,1.0,1.0,1.0,0.0,1.0,0.0,1.0,0.0011180537823116676,0.011086578425139715,0.11210108679980771,0.2644850166788323
separated,100,400,4.0,0.05,0.0,40,dkw,1.0,1.0,1.0,0.0,0.96,0.0,1.0,0.0037538791682131256,0.029280424459179888,0.18917559245739793,0.39959853826367286
separated,100,400,4.0,0.05,0.0,41,cp,1.0,1.0,1.0,0.0,1.0,0.0,1.0,0.00036819937398224756,0.004857707356216601,0.11760521813597524,0.22644931664881318
separated,100,400,4.0,0.05,0.0,41,dkw,1.0,1.0,1.0,0.0,0.96,0.0,1.0,0.00258266218984593,0.021185762346493497,0.19833051712274943,0.4007873774677916
separated,100,400,4.0,0.05,0.0,42,cp,1.0,1.0,1.0,0.0,1.0,0.0,1.0,0.005538628957516525,0.0176826732783657,0.10098856081820186,0.2428679275579101
separated,100,400,4.0,0.05,0.0,42,dkw,1.0,1.0,1.0,0.0,0.96,0.0,1.0,0.0055941451810979535,0.0176826732783657,0.18275847691813343,0.39365097148598027
separated,100,400,4.0,0.05,0.0,43,cp,1.0,1.0,1.0,0.0,1.0,0.0,1.0,0.0037538791682131256,0.029280424459179888,0.10846997876179057,0.26847635085415855
separated,100,400,4.0,0.05,0.0,43,dkw,1.0,1.0,1.0,0.0,0.92,0.0,1.0,0.012314013295710998,0.1106419599765065,0.18574781364091664,0.40171593272364015
separated,100,400,4.0,0.05,0.0,44,cp,1.0,1.0,1.0,0.0,1.0,0.0,1.0,0.0006745906453060791,0.007659781783095787,0.08234999789100365,0.20693812581832893
separated,100,400,4.0,0.05,0.0,44,dkw,1.0,1.0,1.0,0.0,0.96,0.0,1.0,0.0037538791682131256,0.029280424459179888,0.17358894047363013,0.3883592238337443
separated,100,400,4.0,0.05,0.0,45,cp,1.0,1.0,1.0,0.0,1.0,0.0,1.0,0.0006361919641535207,0.005801104647893518,0.08629018119173018,0.23017833544748645
separated,100,400,4.0,0.05,0.0,45,dkw,1.0,1.0,1.0,0.0,0.96,0.0,1.0,0.0009199384301591218,0.007093661650140026,0.17545119943497195,0.3887951030430741
separated,100,400,4.0,0.05,0.0,46,cp,1.0,1.0,1.0,0.0,1.0,0.0,1.0,0.0006361919641535207,0.005801104647893518,0.08953426640608067,0.20693812581832893
separated,100,400,4.0,0.05,0.0,46,dkw,1.0,1.0,1.0,0.0,0.96,0.0,1.0,5.5516223581428824e-05,0.0013879055895357206,0.1791587585538403,0.3883592238337443
separated,100,400,4.0,0.05,0.0,47,cp,1.0,1.0,1.0,0.0,1.0,0.0,1.0,0.0011180537823116676,0.011086578425139715,0.10019235235695455,0.2201261117999207
separated,100,400,4.0,0.05,0.0,47,dkw,1.0,1.0,1.0,0.0,0.92,0.0,1.0,0.007943851120232166,0.06310094808799416,0.1834312664851005,0.396087967183709
separated,100,400,4.0,0.05,0.0,48,cp,1.0,1.0,1.0,0.0,1.0,0.0,1.0,0.002807541525580057,0.028451339216919225,0.10103247600255064,0.228467959739861
separated,100,400,4.0,0.05,0.0,48,dkw,1.0,1.0,1.0,0.0,0.96,0.0,1.0,7.396412226257975e-05,0.0013879055895357206,0.1843961093510638,0.3983591771654793
separated,100,400,4.0,0.05,0.0,49,cp,1.0,1.0,1.0,0.0,1.0,0.0,1.0,0.0055941451810979535,0.0176826732783657,0.0763014871765427,0.22193205525059834
separated,100,400,4.0,0.05,0.0,49,dkw,1.0,1.0,1.0,0.0,0.96,0.0,1.0,0.0055941451810979535,0.0176826732783657,0.16937586117011072,0.38580983304522287
separated,100,400,4.0,0.05,0.0,50,cp,1.0,1.0,1.0,0.0,1.0,0.0,1.0,0.00010894388902879637,0.0013879055895357206,0.08954890655096304,0.20994810673791875
separated,100,400,4.0,0.05,0.0,50,dkw,1.0,1.0,1.0,0.0,0.96,0.0,1.0,0.00017389107973358352,0.0024981739367750944,0.17974174120591413,0.3898947364616008
separated,100,400,4.0,0.05,0.0,51,cp,1.0,1.0,1.0,0.0,1.0,0.0,1.0,0.0011180537823116676,0.011086578425139715,0.09245305220589937,0.23663375761711325
separated,100,400,4.0,0.05,0.0,51,dkw,1.0,1.0,1.0,0.0,0.92,0.0,1.0,0.0037538791682131256,0.029280424459179888,0.17746859625988648,0.391799675815094
separated,100,400,4.0,0.05,0.0,52,cp,1.0,1.0,1.0,0.0,1.0,0.0,1.0,0.0011180537823116676,0.011086578425139715,0.10173097636458753,0.26847635085415855
separated,100,400,4.0,0.05,0.0,52,dkw,1.0,1.0,1.0,0.0,0.92,0.0,1.0,0.00258266218984593,0.021185762346493497,0.18652306141294062,0.4026008140177082
separated,100,400,4.0,0.05,0.0,53,cp,1.0,1.0,1.0,0.0,1.0,0.0,1.0,0.0009199384301591218,0.007093661650140026,0.09349583971496184,0.23357702896423926
separated,100,400,4.0,0.05,0.0,53,dkw,1.0,1.0,1.0,0.0,0.96,0.0,1.0,0.00022699495854578534,0.002951276737924724,0.17917506862152258,0.3902949644340614
separated,100,400,4.0,0.05,0.0,54,cp,1.0,1.0,1.0,0.0,1.0,0.0,1.0,0.00036819937398224756,0.004857707356216601,0.1050436828276953,0.246614566135815
separated,100,400,4.0,0.05,0.0,54,dkw,1.0,1.0,1.0,0.0,0.96,0.0,1.0,0.0017352316959861902,0.015429447841863064,0.18719148607764663,0.3978675137324098
separated,100,400,4.0,0.05,0.0,55,cp,1.0,1.0,1.0,0.0,1.0,0.0,1.0,0.0055941451810979535,0.0176826732783657,0.06802981796024586,0.1912894190241088
separated,100,400,4.0,0.05,0.0,55,dkw,1.0,1.0,1.0,0.0,0.96,0.0,1.0,0.0055941451810979535,0.0176826732783657,0.16706071637999642,0.3822675684350766
separated,100,400,4.0,0.05,0.0,56,cp,1.0,1.0,1.0,0.0,1.0,0.0,1.0,0.000864422206577693,0.007093661650140026,0.10347290634816522,0.2524905891954391
separated,100,400,4.0,0.05,0.0,56,dkw,1.0,1.0,1.0,0.0,0.96,0.0,1.0,0.0012530151577916193,0.008326918190812438,0.18503653553361007,0.3951307987589351
separated,100,400,4.0,0.05,0.0,57,cp,1.0,1.0,1.0,0.0,1.0,0.0,1.0,0.0006745906453060791,0.007659781783095787,0.1015530113815169,0.2419908441970281
separated,100,400,4.0,0.05,0.0,57,dkw,1.0,1.0,1.0,0.0,0.92,0.0,1.0,0.0037538791682131256,0.029280424459179888,0.183231383046934,0.3948237467143946
separated,100,400,4.0,0.05,0.0,58,cp,1.0,1.0,1.0,0.0,1.0,0.0,1.0,0.00040414777823778004,0.0044288204922998675,0.09823712060170876,0.21273867348576703
separated,100,400,4.0,0.05,0.0,58,dkw,1.0,1.0,1.0,0.0,0.96,0.0,1.0,7.396412226257975e-05,0.0013879055895357206,0.18506488352368,0.39143534067084695
separated,100,400,4.0,0.05,0.0,59,cp,1.0,1.0,1.0,0.0,1.0,0.0,1.0,0.0054198131967124,0.04164835071248185,0.09567863919225728,0.24416422093373003
separated,100,400,4.0,0.05,0.0,59,dkw,1.0,1.0,1.0,0.0,0.92,0.0,1.0,0.012314013295710998,0.1106419599765065,0.17904110422723246,0.39217581516250866
separated,100,400,4.0,0.05,0.0,60,cp,1.0,1.0,1.0,0.0,1.0,0.0,1.0,0.0033157841252113938,0.021651530086902016,0.1149793379207616,0.2507022230131979
separated,100,400,4.0,0.05,0.0,60,dkw,1.0,1.0,1.0,0.0,0.96,0.0,1.0,0.0017352316959861902,0.015429447841863064,0.1946143127523284,0.4009311775435931
separated,100,400,4.0,0.05,0.0,61,cp,1.0,1.0,1.0,0.0,1.0,0.0,1.0,0.0017352316959861902,0.015429447841863064,0.1060568031123059,0.2487167759955815
separated,100,400,4.0,0.05,0.0,61,dkw,1.0,1.0,1.0,0.0,0.96,0.0,1.0,0.007943851120232166,0.06310094808799416,0.18565505016759723,0.3993968458906558
separated,100,400,4.0,0.05,0.0,62,cp,1.0,1.0,1.0,0.0,1.0,0.0,1.0,0.004228340835616473,0.0152763050314918,0.08937905726572863,0.23017833544748645
separated,100,400,4.0,0.05,0.0,62,dkw,1.0,1.0,1.0,0.0,0.96,0.0,1.0,0.004886838249963325,0.016462435358671312,0.17675240566594752,0.3887951030430741
separated,100,400,4.0,0.05,0.0,63,cp,1.0,1.0,1.0,0.0,1.0,0.0,1.0,0.0011180537823116676,0.011086578425139715,0.09947567847328974,0.24437950287971733
separated,100,400,4.0,0.05,0.0,63,dkw,1.0,1.0,1.0,0.0,0.96,0.0,1.0,0.0054198131967124,0.04164835071248185,0.18183233019627074,0.3963431557298227
separated,100,400,4.0,0.05,0.0,64,cp,1.0,1.0,1.0,0.0,1.0,0.0,1.0,0.00017389107973358352,0.0024981739367750944,0.10085349234517588,0.25987498319531566
separated,100,400,4.0,0.05,0.0,64,dkw,1.0,1.0,1.0,0.0,0.96,0.0,1.0,0.0006745906453060791,0.007659781783095787,0.18308454604124103,0.39661532010390965
separated,100,400,4.0,0.05,0.0,65,cp,1.0,1.0,1.0,0.0,1.0,0.0,1.0,0.004886838249963325,0.016462435358671312,0.10086071211130979,0.21273867348576703
separated,100,400,4.0,0.05,0.0,65,dkw,1.0,1.0,1.0,0.0,0.92,0.0,1.0,0.0030527024845362627,0.012967952435732899,0.1892252442590661,0.39143534067084695
separated,100,400,4.0,0.05,0.0,66,cp,0.0,1.0,1.0,0.0,1.0,0.0,1.0,5.5516223581428824e-05,0.0013879055895357206,0.10247834266552318,0.24437950287971733
separated,100,400,4.0,0.05,0.0,66,dkw,0.0,1.0,1.0,0.0,0.92,0.0,1.0,0.00017389107973358352,0.0024981739367750944,0.1872929442722917,0.3963431557298227
separated,100,400,4.0,0.05,0.0,67,cp,1.0,1.0,1.0,0.0,1.0,0.0,1.0,5.5516223581428824e-05,0.0013879055895357206,0.10790561808685323,0.2201261117999207
separated,100,400,4.0,0.05,0.0,67,dkw,1.0,1.0,1.0,0.0,0.96,0.0,1.0,0.0006745906453060791,0.007659781783095787,0.19178341455014966,0.396087967183709
separated,100,400,4.0,0.05,0.0,68,cp,1.0,1.0,1.0,0.0,1.0,0.0,1.0,0.00036819937398224756,0.004857707356216601,0.1050436828276953,0.246614566135815
separated,100,400,4.0,0.05,0.0,68,dkw,1.0,1.0,1.0,0.0,0.92,0.0,1.0,0.0017352316959861902,0.015429447841863064,0.18719148607764663,0.3978675137324098
separated,100,400,4.0,0.05,0.0,69,cp,1.0,1.0,1.0,0.0,1.0,0.0,1.0,0.00036819937398224756,0.004857707356216601,0.09705131216510443,0.25438644441211855
separated,100,400,4.0,0.05,0.0,69,dkw,1.0,1.0,1.0,0.0,0.96,0.0,1.0,0.0011180537823116676,0.011086578425139715,0.1793764120820329,0.39365097148598027
separated,100,400,4.0,0.05,0.0,70,cp,1.0,1.0,1.0,0.0,1.0,0.0,1.0,0.0025271459662645013,0.021185762346493497,0.10350270641997578,0.2628054939521792
separated,100,400,4.0,0.05,0.0,70,dkw,1.0,1.0,1.0,0.0,0.92,0.0,1.0,0.0054198131967124,0.04164835071248185,0.18483344270727844,0.4041091579416024
separated,100,400,4.0,0.05,0.0,71,cp,1.0,1.0,1.0,0.0,1.0,0.0,1.0,0.004886838249963325,0.016462435358671312,0.09185389280644433,0.20693812581832893
separated,100,400,4.0,0.05,0.0,71,dkw,1.0,1.0,1.0,0.0,0.96,0.0,1.0,0.003617288634356801,0.014114653745513461,0.18182502592047078,0.3883592238337443
separated,100,400,4.0,0.05,0.0,72,cp,1.0,1.0,1.0,0.0,1.0,0.0,1.0,0.002979020260544414,0.028451339216919225,0.11102526825049233,0.23571307777284678
separated,100,400,4.0,0.05,0.0,72,dkw,1.0,1.0,1.0,0.0,0.96,0.0,1.0,0.00022699495854578534,0.002951276737924724,0.19136856630125668,0.40292770562777247
separated,100,400,4.0,0.05,0.0,73,cp,1.0,1.0,1.0,0.0,1.0,0.0,1.0,0.00040414777823778004,0.0044288204922998675,0.0851665818366732,0.2036561162056414
separated,100,400,4.0,0.05,0.0,73,dkw,1.0,1.0,1.0,0.0,0.96,0.0,1.0,7.396412226257975e-05,0.0013879055895357206,0.1760358570748139,0.38682877661873005
separated,100,400,4.0,0.05,0.0,74,cp,1.0,1.0,1.0,0.0,1.0,0.0,1.0,0.0017352316959861902,0.015429447841863064,0.10078849416761138,0.28206619527796817
separated,100,400,4.0,0.05,0.0,74,dkw,1.0,1.0,1.0,0.0,0.96,0.0,1.0,0.00258266218984593,0.021185762346493497,0.18292345400024382,0.40292770562777247
separated,100,400,4.0,0.05,0.0,75,cp,1.0,1.0,1.0,0.0,1.0,0.0,1.0,0.0007456191454674643,0.01730478700050242,0.10868208781850129,0.2414232191356237
separated,100,400,4.0,0.05,0.0,75,dkw,1.0,1.0,1.0,0.0,0.96,0.0,1.0,0.00022699495854578534,0.002951276737924724,0.1890326237292454,0.40609829226744965
separated,100,400,4.0,0.05,0.0,76,cp,1.0,1.0,1.0,0.0,1.0,0.0,1.0,0.003219337446284598,0.021185762346493497,0.10780453121128165,0.2553628991852306
separated,100,400,4.0,0.05,0.0,76,dkw,1.0,1.0,1.0,0.0,0.92,0.0,1.0,0.007943851120232166,0.06310094808799416,0.18637444740830456,0.404227652262488
separated,100,400,4.0,0.05,0.0,77,cp,1.0,1.0,1.0,0.0,1.0,0.0,1.0,0.012767235714026368,0.03717593363989613,0.11571055530543516,0.25001732767854523
separated,100,400,4.0,0.05,0.0,77,dkw,1.0,1.0,1.0,0.0,0.88,0.0,1.0,0.012651273202643441,0.03717593363989613,0.19933964498615697,0.4009311775435931
separated,100,400,4.0,0.05,0.0,78,cp,1.0,1.0,1.0,0.0,1.0,0.0,1.0,0.0028259894242612083,0.028451339216919225,0.10506421079277593,0.23310664992276442
separated,100,400,4.0,0.05,0.0,78,dkw,1.0,1.0,1.0,0.0,0.92,0.0,1.0,7.396412226257975e-05,0.0013879055895357206,0.18661164968880636,0.4014908864230341
separated,100,400,4.0,0.05,0.0,79,cp,1.0,1.0,1.0,0.0,1.0,0.0,1.0,0.002732025515633527,0.02443241192207979,0.10941255620173632,0.23629467816640015
separated,100,400,4.0,0.05,0.0,79,dkw,1.0,1.0,1.0,0.0,0.88,0.0,1.0,0.0037538791682131256,0.029280424459179888,0.18962559651265679,0.4009311775435931
separated,100,400,4.0,0.05,0.0,80,cp,1.0,1.0,1.0,0.0,1.0,0.0,1.0,0.0015741314696105446,0.018947016236178005,0.11254468584804382,0.246614566135815
separated,100,400,4.0,0.05,0.0,80,dkw,1.0,1.0,1.0,0.0,0.92,0.0,1.0,0.00017389107973358352,0.0024981739367750944,0.19318483874772466,0.3978675137324098
separated,100,400,4.0,0.05,0.0,81,cp,1.0,1.0,1.0,0.0,1.0,0.0,1.0,0.00334920342930805,0.02443241192207979,0.12367543000328104,0.25760914993906847
separated,100,400,4.0,0.05,0.0,81,dkw,1.0,1.0,1.0,0.0,0.92,0.0,1.0,0.0037538791682131256,0.029280424459179888,0.20012437865906946,0.4131093339295526
separated,100,400,4.0,0.05,0.0,82,cp,1.0,1.0,1.0,0.0,1.0,0.0,1.0,0.0016797154724047614,0.015429447841863064,0.10655470299161066,0.255229949236619
separated,100,400,4.0,0.05,0.0,82,dkw,1.0,1.0,1.0,0.0,0.92,0.0,1.0,0.0037538791682131256,0.029280424459179888,0.18610988691523597,0.4010972820909321
separated,100,400,4.0,0.05,0.0,83,cp,1.0,1.0,1.0,0.0,1.0,0.0,1.0,0.001311265901744747,0.01730478700050242,0.11002998119578834,0.2505488926002106
separated,100,400,4.0,0.05,0.0,83,dkw,1.0,1.0,1.0,0.0,0.96,0.0,1.0,0.00258266218984593,0.021185762346493497,0.18984227365663897,0.4026008140177082
separated,100,400,4.0,0.05,0.0,84,cp,1.0,1.0,1.0,0.0,1.0,0.0,1.0,5.342766544736755e-05,0.0013356916361841886,0.11080456506696144,0.2609041856238701
separated,100,400,4.0,0.05,0.0,84,dkw,1.0,1.0,1.0,0.0,0.92,0.0,1.0,7.396412226257975e-05,0.0013879055895357206,0.18957404501359876,0.39810455879591045
separated,100,400,4.0,0.05,0.0,85,cp,1.0,1.0,1.0,0.0,1.0,0.0,1.0,0.005219066748794874,0.029280424459179888,0.11420606773772705,0.24151883884977088
separated,100,400,4.0,0.05,0.0,85,dkw,1.0,1.0,1.0,0.0,0.92,0.0,1.0,0.012314013295710998,0.1106419599765065,0.19249200502117955,0.3998194556853606
separated,100,400,4.0,0.05,0.0,86,cp,1.0,1.0,1.0,0.0,1.0,0.0,1.0,0.0006745906453060791,0.007659781783095787,0.09176759513326266,0.2419908441970281
separated,100,400,4.0,0.05,0.0,86,dkw,1.0,1.0,1.0,0.0,0.96,0.0,1.0,0.0017352316959861902,0.015429447841863064,0.17984845644439318,0.3948237467143946
separated,100,400,4.0,0.05,0.0,87,cp,1.0,1.0,1.0,0.0,1.0,0.0,1.0,0.0016797154724047614,0.015429447841863064,0.10339664504257051,0.27425146562115843
separated,100,400,4.0,0.05,0.0,87,dkw,1.0,1.0,1.0,0.0,0.92,0.0,1.0,0.00258266218984593,0.021185762346493497,0.18510032936661003,0.40594564853481885
separated,100,400,4.0,0.05,0.0,88,cp,1.0,1.0,1.0,0.0,1.0,0.0,1.0,0.0017352316959861902,0.015429447841863064,0.09357131082959828,0.24437950287971733
separated,100,400,4.0,0.05,0.0,88,dkw,1.0,1.0,1.0,0.0,0.96,0.0,1.0,0.007943851120232166,0.06310094808799416,0.17831245772060786,0.3963431557298227
separated,100,400,4.0,0.05,0.0,89,cp,1.0,1.0,1.0,0.0,1.0,0.0,1.0,0.0041728246120350445,0.0152763050314918,0.10611516681824558,0.2524905891954391
separated,100,400,4.0,0.05,0.0,89,dkw,1.0,1.0,1.0,0.0,0.96,0.0,1.0,0.003617288634356801,0.014114653745513461,0.18637678075163028,0.3951307987589351
separated,100,400,4.0,0.05,0.0,90,cp,1.0,1.0,1.0,0.0,1.0,0.0,1.0,5.5516223581428824e-05,0.0013879055895357206,0.11409518250762724,0.246614566135815
separated,100,400,4.0,0.05,0.0,90,dkw,1.0,1.0,1.0,0.0,0.92,0.0,1.0,0.0006745906453060791,0.007659781783095787,0.19369245659154358,0.3978675137324098
separated,100,400,4.0,0.05,0.0,91,cp,1.0,1.0,1.0,0.0,1.0,0.0,1.0,0.00258266218984593,0.021185762346493497,0.08628630207786113,0.24437950287971733
separated,100,400,4.0,0.05,0.0,91,dkw,1.0,1.0,1.0,0.0,0.92,0.0,1.0,0.007943851120232166,0.06310094808799416,0.1747313475061471,0.3963431557298227
separated,100,400,4.0,0.05,0.0,92,cp,1.0,1.0,1.0,0.0,1.0,0.0,1.0,0.00010894388902879637,0.0013879055895357206,0.10583431467607295,0.27114976655200673
separated,100,400,4.0,0.05,0.0,92,dkw,1.0,1.0,1.0,0.0,0.92,0.0,1.0,0.00010894388902879637,0.0013879055895357206,0.18532662806408878,0.3983591771654793
separated,100,400,4.0,0.05,0.0,93,cp,1.0,1.0,1.0,0.0,1.0,0.0,1.0,0.005367850901534985,0.029280424459179888,0.09679787221730335,0.23809832881823867
separated,100,400,4.0,0.05,0.0,93,dkw,1.0,1.0,1.0,0.0,0.92,0.0,1.0,0.007943851120232166,0.06310094808799416,0.18058939694385953,0.4010972820909321
separated,100,400,4.0,0.05,0.0,94,cp,1.0,1.0,1.0,0.0,1.0,0.0,1.0,0.006334251299345066,0.026343391750294987,0.11552028375898178,0.2507022230131979
separated,100,400,4.0,0.05,0.0,94,dkw,1.0,1.0,1.0,0.0,0.92,0.0,1.0,0.0007812710533972078,0.0176826732783657,0.19891805052962785,0.4009311775435931
separated,100,400,4.0,0.05,0.0,95,cp,1.0,1.0,1.0,0.0,1.0,0.0,1.0,0.0001714787349643565,0.002951276737924724,0.10493140262841613,0.23424584200312815
separated,100,400,4.0,0.05,0.0,95,dkw,1.0,1.0,1.0,0.0,0.96,0.0,1.0,7.396412226257975e-05,0.0013879055895357206,0.18733063519599832,0.3948237467143946
separated,100,400,4.0,0.05,0.0,96,cp,1.0,1.0,1.0,0.0,1.0,0.0,1.0,0.001311265901744747,0.01730478700050242,0.11557154019768738,0.25260686269691945
separated,100,400,4.0,0.05,0.0,96,dkw,1.0,1.0,1.0,0.0,0.96,0.0,1.0,0.00258266218984593,0.021185762346493497,0.193528764005807,0.4041091579416024
separated,100,400,4.0,0.05,0.0,97,cp,1.0,1.0,1.0,0.0,1.0,0.0,1.0,0.0006745906453060791,0.007659781783095787,0.09971834109688904,0.246614566135815
separated,100,400,4.0,0.05,0.0,97,dkw,1.0,1.0,1.0,0.0,0.92,0.0,1.0,0.00258266218984593,0.021185762346493497,0.18396756559792293,0.3978675137324098
separated,100,400,4.0,0.05,0.0,98,cp,1.0,1.0,1.0,0.0,1.0,0.0,1.0,0.0017547290387503356,0.01730478700050242,0.12330518359042703,0.2583399729315634
separated,100,400,4.0,0.05,0.0,98,dkw,1.0,1.0,1.0,0.0,0.92,0.0,1.0,0.0037538791682131256,0.029280424459179888,0.19953968069193526,0.408663303063325
separated,100,400,4.0,0.05,0.0,99,cp,1.0,1.0,1.0,0.0,1.0,0.0,1.0,0.0006745906453060791,0.007659781783095787,0.1019030308923865,0.2201261117999207
separated,100,400,4.0,0.05,0.0,99,dkw,1.0,1.0,1.0,0.0,0.92,0.0,1.0,0.0037538791682131256,0.029280424459179888,0.18535988087716745,0.396087967183709
separated,100,400,4.0,0.05,0.0,100,cp,1.0,1.0,1.0,0.0,1.0,0.0,1.0,0.0011180537823116676,0.011086578425139715,0.1053094727821921,0.246614566135815
separated,100,400,4.0,0.05,0.0,100,dkw,1.0,1.0,1.0,0.0,0.92,0.0,1.0,0.0054198131967124,0.04164835071248185,0.1855195703632684,0.3978675137324098
separated,100,400,4.0,0.05,0.0,101,cp,1.0,1.0,1.0,0.0,1.0,0.0,1.0,0.004006315252055503,0.021651530086902016,0.12077030898006606,0.2586333997099821
separated,100,400,4.0,0.05,0.0,101,dkw,1.0,1.0,1.0,0.0,0.96,0.0,1.0,0.0009343018896804133,0.0176826732783657,0.19881266176459086,0.4010972820909321
separated,100,400,4.0,0.05,0.0,102,cp,1.0,1.0,1.0,0.0,1.0,0.0,1.0,0.0016797154724047614,0.015429447841863064,0.10001240588792555,0.24236530003034185
separated,100,400,4.0,0.05,0.0,102,dkw,1.0,1.0,1.0,0.0,0.96,0.0,1.0,0.007943851120232166,0.06310094808799416,0.18197381526198314,0.3978675137324098
separated,100,400,4.0,0.05,0.0,103,cp,1.0,1.0,1.0,0.0,1.0,0.0,1.0,0.0037538791682131256,0.029280424459179888,0.10717083999777788,0.2576966994914607
separated,100,400,4.0,0.05,0.0,103,dkw,1.0,1.0,1.0,0.0,0.96,0.0,1.0,0.012314013295710998,0.1106419599765065,0.18645618928639215,0.40627119921467836
separated,100,400,4.0,0.05,0.0,104,cp,1.0,1.0,1.0,0.0,1.0,0.0,1.0,0.00036819937398224756,0.004857707356216601,0.08454077628361534,0.23017833544748645
separated,100,400,4.0,0.05,0.0,104,dkw,1.0,1.0,1.0,0.0,0.96,0.0,1.0,0.0011180537823116676,0.011086578425139715,0.17342518973937937,0.3887951030430741
separated,100,400,4.0,0.05,0.0,105,cp,1.0,1.0,1.0,0.0,1.0,0.0,1.0,0.0012530151577916193,0.008326918190812438,0.0735055865912356,0.19594744927134156
separated,100,400,4.0,0.05,0.0,105,dkw,1.0,1.0,1.0,0.0,0.92,0.0,1.0,0.0012530151577916193,0.008326918190812438,0.17005124704897726,0.3837829746444912
separated,100,400,4.0,0.05,0.0,106,cp,1.0,1.0,1.0,0.0,1.0,0.0,1.0,0.0027182027383733675,0.018947016236178005,0.09913629242077988,0.21273867348576703
separated,100,400,4.0,0.05,0.0,106,dkw,1.0,1.0,1.0,0.0,0.96,0.0,1.0,0.00022699495854578534,0.002951276737924724,0.18678850012479756,0.39143534067084695
separated,100,400,4.0,0.05,0.0,107,cp,1.0,1.0,1.0,0.0,1.0,0.0,1.0,0.002449722921735313,0.02026610653549954,0.10541683572128058,0.24437950287971733
separated,100,400,4.0,0.05,0.0,107,dkw,1.0,1.0,1.0,0.0,0.92,0.0,1.0,0.0017352316959861902,0.015429447841863064,0.18687377886070156,0.3963431557298227
separated,100,400,4.0,0.05,0.0,108,cp,1.0,1.0,1.0,0.0,1.0,0.0,1.0,0.00040414777823778004,0.0044288204922998675,0.10596465475286822,0.2419908441970281
separated,100,400,4.0,0.05,0.0,108,dkw,1.0,1.0,1.0,0.0,0.96,0.0,1.0,5.5516223581428824e-05,0.0013879055895357206,0.18827209226768604,0.3948237467143946
separated,100,400,4.0,0.05,0.0,109,cp,1.0,1.0,1.0,0.0,1.0,0.0,1.0,0.0003126831504008187,0.004857707356216601,0.09612399586459239,0.23424584200312815
separated,100,400,4.0,0.05,0.0,109,dkw,1.0,1.0,1.0,0.0,0.92,0.0,1.0,0.0017352316959861902,0.015429447841863064,0.18150189848290374,0.3948237467143946
separated,100,400,4.0,0.05,0.0,110,cp,1.0,1.0,1.0,0.0,1.0,0.0,1.0,0.0037538791682131256,0.029280424459179888,0.09776455356877381,0.246614566135815
separated,100,400,4.0,0.05,0.0,110,dkw,1.0,1.0,1.0,0.0,0.96,0.0,1.0,0.012314013295710998,0.1106419599765065,0.17985004241371072,0.39720651713407296
separated,100,400,4.0,0.05,0.0,111,cp,1.0,1.0,1.0,0.0,1.0,0.0,1.0,0.0,0.0,0.11713672785409159,0.25994648056430125
separated,100,400,4.0,0.05,0.0,111,dkw,1.0,1.0,1.0,0.0,0.96,0.0,1.0,0.00017389107973358352,0.0024981739367750944,0.19388432216678592,0.4027536710328684
separated,100,400,4.0,0.05,0.0,112,cp,1.0,1.0,1.0,0.0,1.0,0.0,1.0,0.001311265901744747,0.01730478700050242,0.11002998119578834,0.2505488926002106
separated,100,400,4.0,0.05,0.0,112,dkw,1.0,1.0,1.0,0.0,0.92,0.0,1.0,0.00258266218984593,0.021185762346493497,0.18984227365663897,0.4026008140177082
separated,100,400,4.0,0.05,0.0,113,cp,1.0,1.0,1.0,0.0,1.0,0.0,1.0,0.0055941451810979535,0.0176826732783657,0.11098975178851844,0.25987498319531566
separated,100,400,4.0,0.05,0.0,113,dkw,1.0,1.0,1.0,0.0,0.96,0.0,1.0,0.0055941451810979535,0.0176826732783657,0.19025710271242524,0.39661532010390965
separated,100,400,4.0,0.05,0.0,114,cp,1.0,1.0,1.0,0.0,1.0,0.0,1.0,0.004666674217858122,0.02443241192207979,0.09785398542948849,0.2487167759955815
separated,100,400,4.0,0.05,0.0,114,dkw,1.0,1.0,1.0,0.0,0.96,0.0,1.0,0.0055941451810979535,0.0176826732783657,0.17985004241371072,0.39720651713407296
separated,100,400,4.0,0.05,0.0,115,cp,1.0,1.0,1.0,0.0,1.0,0.0,1.0,0.012314013295710998,0.1106419599765065,0.082872235112414,0.24332026987292799
separated,100,400,4.0,0.05,0.0,115,dkw,1.0,1.0,1.0,0.0,0.96,0.0,1.0,0.012314013295710998,0.1106419599765065,0.171668101668842,0.3892394236287484
separated,100,400,4.0,0.05,0.0,116,cp,1.0,1.0,1.0,0.0,1.0,0.0,1.0,5.5516223581428824e-05,0.0013879055895357206,0.11029212682220707,0.246614566135815
separated,100,400,4.0,0.05,0.0,116,dkw,1.0,1.0,1.0,0.0,0.92,0.0,1.0,0.00036819937398224756,0.004857707356216601,0.19151831034456643,0.3978675137324098
separated,100,400,4.0,0.05,0.0,117,cp,1.0,1.0,1.0,0.0,1.0,0.0,1.0,0.0017547290387503356,0.01730478700050242,0.0940132585157823,0.24036911473212663
separated,100,400,4.0,0.05,0.0,117,dkw,1.0,1.0,1.0,0.0,0.92,0.0,1.0,0.00258266218984593,0.021185762346493497,0.18052210213287417,0.39810455879591045
separated,100,400,4.0,0.05,0.0,118,cp,1.0,1.0,1.0,0.0,1.0,0.0,1.0,5.5516223581428824e-05,0.0013879055895357206,0.09466412697890414,0.21273867348576703
separated,100,400,4.0,0.05,0.0,118,dkw,1.0,1.0,1.0,0.0,0.92,0.0,1.0,0.0006745906453060791,0.007659781783095787,0.18227411559666185,0.39143534067084695
separated,100,400,4.0,0.05,0.0,119,cp,1.0,1.0,1.0,0.0,1.0,0.0,1.0,0.0,0.0,0.09580729699105697,0.236060606012358
separated,100,400,4.0,0.05,0.0,119,dkw,1.0,1.0,1.0,0.0,0.96,0.0,1.0,0.00036819937398224756,0.004857707356216601,0.18042911749315793,0.391799675815094
separated,100,400,4.0,0.05,0.0,120,cp,1.0,1.0,1.0,0.0,1.0,0.0,1.0,0.00010894388902879637,0.0013879055895357206,0.08849316314985416,0.23357702896423926
separated,100,400,4.0,0.05,0.0,120,dkw,1.0,1.0,1.0,0.0,0.92,0.0,1.0,0.00010894388902879637,0.0013879055895357206,0.17713462287113643,0.3902949644340614
separated,100,400,4.0,0.05,0.0,121,cp,1.0,1.0,1.0,0.0,1.0,0.0,1.0,0.002478468163525518,0.011826492193703464,0.10065462156824459,0.26108075226806193
separated,100,400,4.0,0.05,0.0,121,dkw,1.0,1.0,1.0,0.0,0.96,0.0,1.0,0.003617288634356801,0.014114653745513461,0.18118799583972742,0.39545216849777076
separated,100,400,4.0,0.05,0.0,122,cp,1.0,1.0,1.0,0.0,1.0,0.0,1.0,0.001787862813055443,0.02443241192207979,0.10725830909360909,0.24398050922394732
separated,100,400,4.0,0.05,0.0,122,dkw,1.0,1.0,1.0,0.0,0.92,0.0,1.0,0.00036819937398224756,0.004857707356216601,0.18854742129385813,0.4012842795980738
separated,100,400,4.0,0.05,0.0,123,cp,1.0,1.0,1.0,0.0,1.0,0.0,1.0,0.00011837485615215471,0.0024981739367750944,0.09782689395929754,0.24563126331602603
separated,100,400,4.0,0.05,0.0,123,dkw,1.0,1.0,1.0,0.0,0.96,0.0,1.0,0.00036819937398224756,0.004857707356216601,0.18105057083549408,0.3951307987589351
separated,100,400,4.0,0.05,0.0,124,cp,1.0,1.0,1.0,0.0,1.0,0.0,1.0,0.0037538791682131256,0.029280424459179888,0.09382939368452842,0.2419908441970281
separated,100,400,4.0,0.05,0.0,124,dkw,1.0,1.0,1.0,0.0,0.92,0.0,1.0,0.012314013295710998,0.1106419599765065,0.17760787549664628,0.39400539479858365
separated,100,400,4.0,0.05,0.0,125,cp,1.0,1.0,1.0,0.0,1.0,0.0,1.0,0.0006190744217246503,0.007659781783095787,0.11007634173917921,0.271918891767042
separated,100,400,4.0,0.05,0.0,125,dkw,1.0,1.0,1.0,0.0,0.92,0.0,1.0,0.0017352316959861902,0.015429447841863064,0.18991309695132708,0.404227652262488
separated,100,400,4.0,0.05,0.0,126,cp,1.0,1.0,1.0,0.0,1.0,0.0,1.0,0.0055941451810979535,0.0176826732783657,0.08985323648324962,0.24752087550225
separated,100,400,4.0,0.05,0.0,126,dkw,1.0,1.0,1.0,0.0,0.96,0.0,1.0,0.0055941451810979535,0.0176826732783657,0.17534445285285472,0.3907053068172064
separated,100,400,4.0,0.05,0.0,127,cp,1.0,1.0,1.0,0.0,1.0,0.0,1.0,0.00010894388902879637,0.0013879055895357206,0.08954890655096304,0.20994810673791875
separated,100,400,4.0,0.05,0.0,127,dkw,1.0,1.0,1.0,0.0,0.96,0.0,1.0,0.00017389107973358352,0.0024981739367750944,0.17974174120591413,0.3898947364616008
separated,100,400,4.0,0.05,0.0,128,cp,1.0,1.0,1.0,0.0,1.0,0.0,1.0,0.00040414777823778004,0.0044288204922998675,0.11171407755342239,0.26226993727239833
separated,100,400,4.0,0.05,0.0,128,dkw,1.0,1.0,1.0,0.0,0.96,0.0,1.0,5.5516223581428824e-05,0.0013879055895357206,0.19051575760847686,0.39810455879591045
separated,100,400,4.0,0.05,0.0,129,cp,1.0,1.0,1.0,0.0,1.0,0.0,1.0,0.00036819937398224756,0.004857707356216601,0.1007230437246924,0.21780307577960167
separated,100,400,4.0,0.05,0.0,129,dkw,1.0,1.0,1.0,0.0,0.92,0.0,1.0,0.00258266218984593,0.021185762346493497,0.1850674223328997,0.39453192940991033
separated,100,400,4.0,0.05,0.0,130,cp,1.0,1.0,1.0,0.0,1.0,0.0,1.0,0.0007456191454674643,0.01730478700050242,0.12038491362639274,0.2519594487118675
separated,100,400,4.0,0.05,0.0,130,dkw,1.0,1.0,1.0,0.0,0.96,0.0,1.0,5.5516223581428824e-05,0.0013879055895357206,0.19803742824010093,0.404227652262488
separated,100,400,4.0,0.05,0.0,131,cp,1.0,1.0,1.0,0.0,1.0,0.0,1.0,0.00036819937398224756,0.004857707356216601,0.09330722815555229,0.2419908441970281
separated,100,400,4.0,0.05,0.0,131,dkw,1.0,1.0,1.0,0.0,0.92,0.0,1.0,0.0006745906453060791,0.007659781783095787,0.18122785437084438,0.3948237467143946
separated,100,400,4.0,0.05,0.0,132,cp,1.0,1.0,1.0,0.0,1.0,0.0,1.0,0.00010894388902879637,0.0013879055895357206,0.09644205559849799,0.26536706259518705
separated,100,400,4.0,0.05,0.0,132,dkw,1.0,1.0,1.0,0.0,0.92,0.0,1.0,0.00040414777823778004,0.0044288204922998675,0.1793738194593978,0.39545216849777076
separated,100,400,4.0,0.05,0.0,133,cp,1.0,1.0,1.0,0.0,1.0,0.0,1.0,0.00017389107973358352,0.0024981739367750944,0.11562935425756321,0.2507022230131979
separated,100,400,4.0,0.05,0.0,133,dkw,1.0,1.0,1.0,0.0,0.96,0.0,1.0,0.0017352316959861902,0.015429447841863064,0.1946143127523284,0.4009311775435931
separated,100,400,4.0,0.05,0.0,134,cp,1.0,1.0,1.0,0.0,1.0,0.0,1.0,0.0022501636974753803,0.02443241192207979,0.10690413853794004,0.23089765816122887
separated,100,400,4.0,0.05,0.0,134,dkw,1.0,1.0,1.0,0.0,0.92,0.0,1.0,0.00022699495854578534,0.002951276737924724,0.18822685379302848,0.39661532010390965
separated,100,400,4.0,0.05,0.0,135,cp,1.0,1.0,1.0,0.0,1.0,0.0,1.0,0.008751883615419178,0.029280424459179888,0.10987520946578037,0.26477612999282707
separated,100,400,4.0,0.05,0.0,135,dkw,1.0,1.0,1.0,0.0,0.96,0.0,1.0,0.013779200876292745,0.1106419599765065,0.18785414858429075,0.4047142912916578
separated,100,400,4.0,0.05,0.0,136,cp,1.0,1.0,1.0,0.0,1.0,0.0,1.0,0.0008105663361722515,0.01730478700050242,0.11014961951024337,0.24381653119544633
separated,100,400,4.0,0.05,0.0,136,dkw,1.0,1.0,1.0,0.0,0.92,0.0,1.0,0.0017352316959861902,0.015429447841863064,0.18880317176037292,0.39810455879591045
separated,100,400,4.0,0.05,0.0,137,cp,1.0,1.0,1.0,0.0,1.0,0.0,1.0,5.342766544736755e-05,0.0013356916361841886,0.1118842965903252,0.25300560144697903
separated,100,400,4.0,0.05,0.0,137,dkw,1.0,1.0,1.0,0.0,0.92,0.0,1.0,5.5516223581428824e-05,0.0013879055895357206,0.19209717057852987,0.39959853826367286
separated,100,400,4.0,0.05,0.0,138,cp,1.0,1.0,1.0,0.0,1.0,0.0,1.0,5.5516223581428824e-05,0.0013879055895357206,0.10432219100418635,0.2419908441970281
separated,100,400,4.0,0.05,0.0,138,dkw,1.0,1.0,1.0,0.0,0.92,0.0,1.0,0.00036819937398224756,0.004857707356216601,0.1862058302244294,0.3948237467143946
separated,100,400,4.0,0.05,0.0,139,cp,1.0,1.0,1.0,0.0,1.0,0.0,1.0,0.0008811980108682116,0.0176826732783657,0.10572988261037011,0.24437950287971733
separated,100,400,4.0,0.05,0.0,139,dkw,1.0,1.0,1.0,0.0,0.92,0.0,1.0,0.0017352316959861902,0.015429447841863064,0.18687377886070156,0.3963431557298227
separated,100,400,4.0,0.05,0.0,140,cp,1.0,1.0,1.0,0.0,1.0,0.0,1.0,0.0011180537823116676,0.011086578425139715,0.11495528355280774,0.27028874140320625
separated,100,400,4.0,0.05,0.0,140,dkw,1.0,1.0,1.0,0.0,0.92,0.0,1.0,0.0037538791682131256,0.029280424459179888,0.19181910983944292,0.4041091579416024
separated,100,400,4.0,0.05,0.0,141,cp,1.0,1.0,1.0,0.0,1.0,0.0,1.0,0.00036819937398224756,0.004857707356216601,0.09400010693581475,0.2572639135013106
separated,100,400,4.0,0.05,0.0,141,dkw,1.0,1.0,1.0,0.0,0.96,0.0,1.0,0.0006745906453060791,0.007659781783095787,0.17941907140970698,0.3951307987589351
separated,100,400,4.0,0.05,0.0,142,cp,1.0,1.0,1.0,0.0,1.0,0.0,1.0,0.0009199384301591218,0.007093661650140026,0.08301622207629478,0.2036561162056414
separated,100,400,4.0,0.05,0.0,142,dkw,1.0,1.0,1.0,0.0,0.92,0.0,1.0,0.0006361919641535207,0.005801104647893518,0.1762400755265725,0.38682877661873005
separated,100,400,4.0,0.05,0.0,143,cp,1.0,1.0,1.0,0.0,1.0,0.0,1.0,0.006330203672636889,0.018947016236178005,0.11436425272042042,0.25023827034114476
separated,100,400,4.0,0.05,0.0,143,dkw,1.0,1.0,1.0,0.0,0.92,0.0,1.0,0.004886838249963325,0.016462435358671312,0.19095344650495524,0.4014908864230341
separated,100,400,4.0,0.05,0.0,144,cp,1.0,1.0,1.0,0.0,1.0,0.0,1.0,0.0012530151577916193,0.008326918190812438,0.10407253405054245,0.21534767068662208
separated,100,400,4.0,0.05,0.0,144,dkw,1.0,1.0,1.0,0.0,0.96,0.0,1.0,0.00022699495854578534,0.002951276737924724,0.1905556823177591,0.3929810628101621
separated,100,400,4.0,0.05,0.0,145,cp,1.0,1.0,1.0,0.0,1.0,0.0,1.0,0.0003126831504008187,0.004857707356216601,0.10967840619968268,0.255229949236619
separated,100,400,4.0,0.05,0.0,145,dkw,1.0,1.0,1.0,0.0,0.92,0.0,1.0,0.0017352316959861902,0.015429447841863064,0.1894036051866314,0.4010972820909321
separated,100,400,4.0,0.05,0.0,146,cp,1.0,1.0,1.0,0.0,1.0,0.0,1.0,0.0025339843871069467,0.011826492193703464,0.09101523025961242,0.20693812581832893
separated,100,400,4.0,0.05,0.0,146,dkw,1.0,1.0,1.0,0.0,0.92,0.0,1.0,0.001633721639993544,0.009517662055048115,0.18106438155274826,0.3883592238337443
separated,100,400,4.0,0.05,0.0,147,cp,1.0,1.0,1.0,0.0,1.0,0.0,1.0,0.0017352316959861902,0.015429447841863064,0.09656472210241684,0.2419908441970281
separated,100,400,4.0,0.05,0.0,147,dkw,1.0,1.0,1.0,0.0,0.92,0.0,1.0,0.0054198131967124,0.04164835071248185,0.17973145034462285,0.3948237467143946
separated,100,400,4.0,0.05,0.0,148,cp,1.0,1.0,1.0,0.0,1.0,0.0,1.0,0.00022699495854578534,0.002951276737924724,0.11734155013180998,0.2665470380907846
separated,100,400,4.0,0.05,0.0,148,dkw,1.0,1.0,1.0,0.0,0.96,0.0,1.0,5.5516223581428824e-05,0.0013879055895357206,0.19583197244541728,0.4010972820909321
separated,100,400,4.0,0.05,0.0,149,cp,1.0,1.0,1.0,0.0,1.0,0.0,1.0,0.001311265901744747,0.01730478700050242,0.11515792310730916,0.2658768249998157
separated,100,400,4.0,0.05,0.0,149,dkw,1.0,1.0,1.0,0.0,0.92,0.0,1.0,0.0011180537823116676,0.011086578425139715,0.19367662866592833,0.4087865681198155
separated,100,400,4.0,0.05,0.0,150,cp,1.0,1.0,1.0,0.0,1.0,0.0,1.0,0.00022699495854578534,0.002951276737924724,0.09270633973489256,0.20994810673791875
separated,100,400,4.0,0.05,0.0,150,dkw,1.0,1.0,1.0,0.0,0.92,0.0,1.0,7.396412226257975e-05,0.0013879055895357206,0.18133268188417276,0.3898947364616008
separated,100,400,4.0,0.05,0.0,151,cp,1.0,1.0,1.0,0.0,1.0,0.0,1.0,0.0010625375587302388,0.011086578425139715,0.09264720702193488,0.2584740586060539
separated,100,400,4.0,0.05,0.0,151,dkw,1.0,1.0,1.0,0.0,0.92,0.0,1.0,0.00258266218984593,0.021185762346493497,0.17851060538289126,0.39661532010390965
separated,100,400,4.0,0.05,0.0,152,cp,1.0,1.0,1.0,0.0,1.0,0.0,1.0,0.0025271459662645013,0.021185762346493497,0.10790750927507514,0.26959178633120373
separated,100,400,4.0,0.05,0.0,152,dkw,1.0,1.0,1.0,0.0,0.92,0.0,1.0,0.007943851120232166,0.06310094808799416,0.18636970763546912,0.4041091579416024
separated,100,400,4.0,0.05,0.0,153,cp,1.0,1.0,1.0,0.0,1.0,0.0,1.0,0.0010625375587302388,0.011086578425139715,0.09968862888534614,0.2540917642442717
separated,100,400,4.0,0.05,0.0,153,dkw,1.0,1.0,1.0,0.0,0.96,0.0,1.0,0.00258266218984593,0.021185762346493497,0.1821612098435214,0.39810455879591045
separated,100,400,4.0,0.05,0.0,154,cp,1.0,1.0,1.0,0.0,1.0,0.0,1.0,0.0006745906453060791,0.007659781783095787,0.10122664085455874,0.24437950287971733
separated,100,400,4.0,0.05,0.0,154,dkw,1.0,1.0,1.0,0.0,0.96,0.0,1.0,0.00258266218984593,0.021185762346493497,0.18360789244219955,0.3963431557298227
separated,100,400,4.0,0.05,0.0,155,cp,1.0,1.0,1.0,0.0,1.0,0.0,1.0,0.0011180537823116676,0.011086578425139715,0.10045048558490376,0.2487167759955815
separated,100,400,4.0,0.05,0.0,155,dkw,1.0,1.0,1.0,0.0,0.92,0.0,1.0,0.0037538791682131256,0.029280424459179888,0.18430526095526836,0.3993968458906558
separated,100,400,4.0,0.05,0.0,156,cp,1.0,1.0,1.0,0.0,1.0,0.0,1.0,0.00258266218984593,0.021185762346493497,0.09515107478111236,0.25987498319531566
separated,100,400,4.0,0.05,0.0,156,dkw,1.0,1.0,1.0,0.0,0.96,0.0,1.0,0.0054198131967124,0.04164835071248185,0.17830153263264528,0.39661532010390965
separated,100,400,4.0,0.05,0.0,157,cp,1.0,1.0,1.0,0.0,1.0,0.0,1.0,0.0017547290387503356,0.01730478700050242,0.09653057318944544,0.24134243818767354
separated,100,400,4.0,0.05,0.0,157,dkw,1.0,1.0,1.0,0.0,0.96,0.0,1.0,0.00258266218984593,0.021185762346493497,0.18014537819994192,0.39661532010390965
separated,100,400,4.0,0.05,0.0,158,cp,1.0,1.0,1.0,0.0,1.0,0.0,1.0,0.00036819937398224756,0.004857707356216601,0.08264899326859564,0.20994810673791875
separated,100,400,4.0,0.05,0.0,158,dkw,1.0,1.0,1.0,0.0,0.92,0.0,1.0,0.0011180537823116676,0.011086578425139715,0.17557055810687372,0.3898947364616008
separated,100,400,4.0,0.05,0.0,159,cp,1.0,1.0,1.0,0.0,1.0,0.0,1.0,0.00010894388902879637,0.0013879055895357206,0.07978525744410694,0.2036561162056414
separated,100,400,4.0,0.05,0.0,159,dkw,1.0,1.0,1.0,0.0,0.96,0.0,1.0,7.396412226257975e-05,0.0013879055895357206,0.17392978885550195,0.38682877661873005
separated,100,400,4.0,0.05,0.0,160,cp,1.0,1.0,1.0,0.0,1.0,0.0,1.0,0.00010894388902879637,0.0013879055895357206,0.10148778322606258,0.23942125058081365
separated,100,400,4.0,0.05,0.0,160,dkw,1.0,1.0,1.0,0.0,0.96,0.0,1.0,0.00036819937398224756,0.004857707356216601,0.18414119831323858,0.39330926168672464
separated,100,400,4.0,0.05,0.0,161,cp,1.0,1.0,1.0,0.0,1.0,0.0,1.0,0.00036819937398224756,0.004857707356216601,0.10854059993514983,0.26226993727239833
separated,100,400,4.0,0.05,0.0,161,dkw,1.0,1.0,1.0,0.0,0.92,0.0,1.0,0.0017352316959861902,0.015429447841863064,0.18709508866923083,0.39810455879591045
separated,100,400,4.0,0.05,0.0,162,cp,1.0,1.0,1.0,0.0,1.0,0.0,1.0,0.004390554424651793,0.029280424459179888,0.10747102547795041,0.24740496863257
separated,100,400,4.0,0.05,0.0,162,dkw,1.0,1.0,1.0,0.0,0.96,0.0,1.0,0.007943851120232166,0.06310094808799416,0.18573054751589396,0.4012842795980738
separated,100,400,4.0,0.05,0.0,163,cp,1.0,1.0,1.0,0.0,1.0,0.0,1.0,0.0017352316959861902,0.015429447841863064,0.10281311090746088,0.2487167759955815
separated,100,400,4.0,0.05,0.0,163,dkw,1.0,1.0,1.0,0.0,0.92,0.0,1.0,0.0054198131967124,0.04164835071248185,0.1840711809256831,0.3993968458906558
separated,100,400,4.0,0.05,0.0,164,cp,1.0,1.0,1.0,0.0,1.0,0.0,1.0,0.005364296973130971,0.04164835071248185,0.09500694141159129,0.24859407217573293
separated,100,400,4.0,0.05,0.0,164,dkw,1.0,1.0,1.0,0.0,0.96,0.0,1.0,0.012314013295710998,0.1106419599765065,0.17841541161213353,0.39891700301796496
separated,100,400,4.0,0.05,0.0,165,cp,1.0,1.0,1.0,0.0,1.0,0.0,1.0,0.009800610069518555,0.03809039824530913,0.11050612106848705,0.2283772416306673
separated,100,400,4.0,0.05,0.0,165,dkw,1.0,1.0,1.0,0.0,0.96,0.0,1.0,0.002925916381732212,0.028451339216919225,0.19546364713523964,0.4023643707948683
separated,100,400,4.0,0.05,0.0,166,cp,1.0,1.0,1.0,0.0,1.0,0.0,1.0,5.5516223581428824e-05,0.0013879055895357206,0.09969197686767899,0.2572639135013106
separated,100,400,4.0,0.05,0.0,166,dkw,1.0,1.0,1.0,0.0,0.92,0.0,1.0,7.396412226257975e-05,0.0013879055895357206,0.18215969709989366,0.3951307987589351
separated,100,400,4.0,0.05,0.0,167,cp,1.0,1.0,1.0,0.0,1.0,0.0,1.0,0.006230820437536621,0.0176826732783657,0.09370665932644787,0.2334199430884799
separated,100,400,4.0,0.05,0.0,167,dkw,1.0,1.0,1.0,0.0,0.96,0.0,1.0,0.0055941451810979535,0.0176826732783657,0.17760787549664628,0.39400539479858365
separated,100,400,4.0,0.05,0.0,168,cp,1.0,1.0,1.0,0.0,1.0,0.0,1.0,0.00010894388902879637,0.0013879055895357206,0.107866416538237,0.24437950287971733
separated,100,400,4.0,0.05,0.0,168,dkw,1.0,1.0,1.0,0.0,0.92,0.0,1.0,0.00017389107973358352,0.0024981739367750944,0.18943981444870836,0.3963431557298227
separated,100,400,4.0,0.05,0.0,169,cp,1.0,1.0,1.0,0.0,1.0,0.0,1.0,0.004228340835616473,0.0152763050314918,0.10630609979048042,0.2572639135013106
separated,100,400,4.0,0.05,0.0,169,dkw,1.0,1.0,1.0,0.0,0.96,0.0,1.0,0.003617288634356801,0.014114653745513461,0.18637678075163028,0.3951307987589351
separated,100,400,4.0,0.05,0.0,170,cp,1.0,1.0,1.0,0.0,1.0,0.0,1.0,0.00040414777823778004,0.0044288204922998675,0.10068695712982965,0.23942125058081365
separated,100,400,4.0,0.05,0.0,170,dkw,1.0,1.0,1.0,0.0,0.96,0.0,1.0,0.00010894388902879637,0.0013879055895357206,0.184541429255157,0.39330926168672464
separated,100,400,4.0,0.05,0.0,171,cp,1.0,1.0,1.0,0.0,1.0,0.0,1.0,0.0011180537823116676,0.011086578425139715,0.09245305220589937,0.23663375761711325
separated,100,400,4.0,0.05,0.0,171,dkw,1.0,1.0,1.0,0.0,0.92,0.0,1.0,0.0037538791682131256,0.029280424459179888,0.17746859625988648,0.391799675815094
separated,100,400,4.0,0.05,0.0,172,cp,1.0,1.0,1.0,0.0,1.0,0.0,1.0,0.00036819937398224756,0.004857707356216601,0.10174927089124022,0.26226993727239833
separated,100,400,4.0,0.05,0.0,172,dkw,1.0,1.0,1.0,0.0,0.92,0.0,1.0,0.0017352316959861902,0.015429447841863064,0.18373150988444345,0.39810455879591045
separated,100,400,4.0,0.05,0.0,173,cp,1.0,1.0,1.0,0.0,1.0,0.0,1.0,0.0011974989342101905,0.008326918190812438,0.09813832380214223,0.23255872201954775
separated,100,400,4.0,0.05,0.0,173,dkw,1.0,1.0,1.0,0.0,0.96,0.0,1.0,0.0009199384301591218,0.007093661650140026,0.1828696800824124,0.391799675815094
separated,100,400,4.0,0.05,0.0,174,cp,1.0,1.0,1.0,0.0,1.0,0.0,1.0,0.0012530151577916193,0.008326918190812438,0.09968501522399144,0.25438644441211855
separated,100,400,4.0,0.05,0.0,174,dkw,1.0,1.0,1.0,0.0,0.96,0.0,1.0,0.001633721639993544,0.009517662055048115,0.18189669767365277,0.39365097148598027
separated,100,400,4.0,0.05,0.0,175,cp,1.0,1.0,1.0,0.0,1.0,0.0,1.0,0.0012530151577916193,0.008326918190812438,0.09830132522604484,0.23663375761711325
separated,100,400,4.0,0.05,0.0,175,dkw,1.0,1.0,1.0,0.0,0.96,0.0,1.0,0.0009199384301591218,0.007093661650140026,0.1828696800824124,0.391799675815094
separated,100,400,4.0,0.05,0.0,176,cp,1.0,1.0,1.0,0.0,1.0,0.0,1.0,0.0003126831504008187,0.004857707356216601,0.1025619896045992,0.2516491805304063
separated,100,400,4.0,0.05,0.0,176,dkw,1.0,1.0,1.0,0.0,0.92,0.0,1.0,0.0017352316959861902,0.015429447841863064,0.18340015465823645,0.39661532010390965
separated,100,400,4.0,0.05,0.0,177,cp,1.0,1.0,1.0,0.0,1.0,0.0,1.0,0.00010894388902879637,0.0013879055895357206,0.08868641661279321,0.20693812581832893
separated,100,400,4.0,0.05,0.0,177,dkw,1.0,1.0,1.0,0.0,0.96,0.0,1.0,0.00017389107973358352,0.0024981739367750944,0.17814943817343987,0.3883592238337443
separated,100,400,4.0,0.05,0.0,178,cp,1.0,1.0,1.0,0.0,1.0,0.0,1.0,0.0011180537823116676,0.011086578425139715,0.08908123201202983,0.23663375761711325
separated,100,400,4.0,0.05,0.0,178,dkw,1.0,1.0,1.0,0.0,0.92,0.0,1.0,0.0037538791682131256,0.029280424459179888,0.17586011644393074,0.391799675815094
separated,100,400,4.0,0.05,0.0,179,cp,1.0,1.0,1.0,0.0,1.0,0.0,1.0,0.0006745906453060791,0.007659781783095787,0.11088088901467312,0.26847635085415855
separated,100,400,4.0,0.05,0.0,179,dkw,1.0,1.0,1.0,0.0,0.92,0.0,1.0,0.00258266218984593,0.021185762346493497,0.18984227365663897,0.4026008140177082
separated,100,400,4.0,0.05,0.0,180,cp,0.0,1.0,1.0,0.0,1.0,0.0,1.0,0.00010894388902879637,0.0013879055895357206,0.11279196413474246,0.246614566135815
separated,100,400,4.0,0.05,0.0,180,dkw,1.0,1.0,1.0,0.0,0.96,0.0,1.0,0.00017389107973358352,0.0024981739367750944,0.19318483874772466,0.3978675137324098
separated,100,400,4.0,0.05,0.0,181,cp,1.0,1.0,1.0,0.0,1.0,0.0,1.0,0.00017389107973358352,0.0024981739367750944,0.10920372322997896,0.2644850166788323
separated,100,400,4.0,0.05,0.0,181,dkw,1.0,1.0,1.0,0.0,0.96,0.0,1.0,0.0006745906453060791,0.007659781783095787,0.18879515743954664,0.39959853826367286
separated,100,400,4.0,0.05,0.0,182,cp,1.0,1.0,1.0,0.0,1.0,0.0,1.0,0.00258266218984593,0.021185762346493497,0.09727898845451526,0.2507022230131979
separated,100,400,4.0,0.05,0.0,182,dkw,1.0,1.0,1.0,0.0,0.96,0.0,1.0,0.007943851120232166,0.06310094808799416,0.18058275276196598,0.4009311775435931
separated,100,400,4.0,0.05,0.0,183,cp,0.0,0.0,1.0,0.0,1.0,0.0,1.0,7.396412226257975e-05,0.0013879055895357206,0.09307804196487726,0.25438644441211855
separated,100,400,4.0,0.05,0.0,183,dkw,0.0,0.0,1.0,0.0,0.96,0.0,1.0,7.396412226257975e-05,0.0013879055895357206,0.17848258433102188,0.39365097148598027
separated,100,400,4.0,0.05,0.0,184,cp,1.0,1.0,1.0,0.0,1.0,0.0,1.0,0.0016879358555844392,0.02443241192207979,0.12553045146445568,0.24828761869088967
separated,100,400,4.0,0.05,0.0,184,dkw,1.0,1.0,1.0,0.0,0.92,0.0,1.0,0.00036819937398224756,0.004857707356216601,0.2018375995457959,0.4087190183368744
separated,100,400,4.0,0.05,0.0,185,cp,1.0,1.0,1.0,0.0,1.0,0.0,1.0,0.00017389107973358352,0.0024981739367750944,0.1019156683489019,0.21780307577960167
separated,100,400,4.0,0.05,0.0,185,dkw,1.0,1.0,1.0,0.0,0.96,0.0,1.0,0.0017352316959861902,0.015429447841863064,0.18664823330707112,0.39453192940991033
separated,100,400,4.0,0.05,0.0,186,cp,1.0,1.0,1.0,0.0,1.0,0.0,1.0,0.0055941451810979535,0.0176826732783657,0.10675528870757318,0.2684250495445112
separated,100,400,4.0,0.05,0.0,186,dkw,1.0,1.0,1.0,0.0,0.96,0.0,1.0,0.0055941451810979535,0.0176826732783657,0.185007960201222,0.39690342205152007
separated,100,400,4.0,0.05,0.0,187,cp,1.0,1.0,1.0,0.0,1.0,0.0,1.0,0.0018409666918676449,0.02443241192207979,0.09833318738704566,0.2326538630765348
separated,100,400,4.0,0.05,0.0,187,dkw,1.0,1.0,1.0,0.0,0.96,0.0,1.0,0.00022699495854578534,0.002951276737924724,0.18241745291959416,0.39690342205152007
separated,100,400,4.0,0.05,0.0,188,cp,1.0,1.0,1.0,0.0,1.0,0.0,1.0,5.5516223581428824e-05,0.0013879055895357206,0.09874679492691374,0.23942125058081365
separated,100,400,4.0,0.05,0.0,188,dkw,1.0,1.0,1.0,0.0,0.96,0.0,1.0,0.00036819937398224756,0.004857707356216601,0.182490117291033,0.39330926168672464
separated,100,400,4.0,0.05,0.0,189,cp,1.0,1.0,1.0,0.0,1.0,0.0,1.0,0.0032476933733154036,0.02443241192207979,0.10831022018335876,0.23891273976630567
separated,100,400,4.0,0.05,0.0,189,dkw,1.0,1.0,1.0,0.0,0.96,0.0,1.0,0.0012530151577916193,0.008326918190812438,0.18785700550281917,0.3983591771654793
separated,100,400,4.0,0.05,0.0,190,cp,1.0,1.0,1.0,0.0,1.0,0.0,1.0,0.00036819937398224756,0.004857707356216601,0.08794653487664363,0.23357702896423926
separated,100,400,4.0,0.05,0.0,190,dkw,1.0,1.0,1.0,0.0,0.92,0.0,1.0,0.0011180537823116676,0.011086578425139715,0.17544721329214513,0.3902949644340614
separated,100,400,4.0,0.05,0.0,191,cp,1.0,1.0,1.0,0.0,1.0,0.0,1.0,0.004886838249963325,0.016462435358671312,0.08672077795987099,0.2036561162056414
separated,100,400,4.0,0.05,0.0,191,dkw,1.0,1.0,1.0,0.0,0.96,0.0,1.0,0.003617288634356801,0.014114653745513461,0.17807714524633014,0.38682877661873005
separated,100,400,4.0,0.05,0.0,192,cp,1.0,1.0,1.0,0.0,1.0,0.0,1.0,0.00017389107973358352,0.0024981739367750944,0.10686722046879595,0.26226993727239833
separated,100,400,4.0,0.05,0.0,192,dkw,1.0,1.0,1.0,0.0,0.96,0.0,1.0,0.0006745906453060791,0.007659781783095787,0.18676967343917802,0.39810455879591045
separated,100,400,4.0,0.05,0.0,193,cp,0.0,1.0,1.0,0.0,1.0,0.0,1.0,0.00040414777823778004,0.0044288204922998675,0.10197567936591924,0.2572639135013106
separated,100,400,4.0,0.05,0.0,193,dkw,1.0,1.0,1.0,0.0,0.92,0.0,1.0,0.00022699495854578534,0.002951276737924724,0.1838615661146935,0.3951307987589351
separated,100,400,4.0,0.05,0.0,194,cp,1.0,1.0,1.0,0.0,1.0,0.0,1.0,0.0007106393787012478,0.01730478700050242,0.10346064781152123,0.24134243818767354
separated,100,400,4.0,0.05,0.0,194,dkw,1.0,1.0,1.0,0.0,0.92,0.0,1.0,0.00036819937398224756,0.004857707356216601,0.1847387578231179,0.39661532010390965
separated,100,400,4.0,0.05,0.0,195,cp,1.0,1.0,1.0,0.0,1.0,0.0,1.0,0.00036819937398224756,0.004857707356216601,0.10727198097785937,0.2487167759955815
separated,100,400,4.0,0.05,0.0,195,dkw,1.0,1.0,1.0,0.0,0.96,0.0,1.0,0.0017352316959861902,0.015429447841863064,0.18919634371054272,0.3993968458906558
separated,100,400,4.0,0.05,0.0,196,cp,1.0,1.0,1.0,0.0,1.0,0.0,1.0,5.5516223581428824e-05,0.0013879055895357206,0.09969197686767899,0.2572639135013106
separated,100,400,4.0,0.05,0.0,196,dkw,1.0,1.0,1.0,0.0,0.96,0.0,1.0,7.396412226257975e-05,0.0013879055895357206,0.18215969709989366,0.3951307987589351
separated,100,400,4.0,0.05,0.0,197,cp,1.0,1.0,1.0,0.0,1.0,0.0,1.0,0.0025339843871069467,0.011826492193703464,0.08601467157169981,0.2036561162056414
separated,100,400,4.0,0.05,0.0,197,dkw,1.0,1.0,1.0,0.0,0.92,0.0,1.0,0.0020609246993588083,0.010680076484131606,0.1776851419457814,0.38682877661873005
separated,100,400,4.0,0.05,0.0,198,cp,1.0,1.0,1.0,0.0,1.0,0.0,1.0,0.0054198131967124,0.04164835071248185,0.10987349800284835,0.2547802678751949
separated,100,400,4.0,0.05,0.0,198,dkw,1.0,1.0,1.0,0.0,0.96,0.0,1.0,0.012314013295710998,0.1106419599765065,0.18723628737735076,0.40005842902484157
separated,100,400,4.0,0.05,0.0,199,cp,1.0,1.0,1.0,0.0,1.0,0.0,1.0,0.0011180537823116676,0.011086578425139715,0.11025349967730812,0.2507022230131979
separated,100,400,4.0,0.05,0.0,199,dkw,1.0,1.0,1.0,0.0,0.96,0.0,1.0,0.0037538791682131256,0.029280424459179888,0.18962559651265679,0.4009311775435931
separated,100,400,4.0,0.05,0.0,200,cp,1.0,1.0,1.0,0.0,1.0,0.0,1.0,0.0010625375587302388,0.011086578425139715,0.10757105088035072,0.26103247367198945
separated,100,400,4.0,0.05,0.0,200,dkw,1.0,1.0,1.0,0.0,0.92,0.0,1.0,0.00258266218984593,0.021185762346493497,0.1860309020471129,0.4012842795980738
separated,100,400,4.0,0.05,0.0,201,cp,1.0,1.0,1.0,0.0,1.0,0.0,1.0,0.0035617724107753724,0.014114653745513461,0.10092134529592794,0.2463153440212298
separated,100,400,4.0,0.05,0.0,201,dkw,1.0,1.0,1.0,0.0,0.96,0.0,1.0,0.003617288634356801,0.014114653745513461,0.18264347137057782,0.39365097148598027
separated,100,400,4.0,0.05,0.0,202,cp,1.0,1.0,1.0,0.0,1.0,0.0,1.0,0.0055941451810979535,0.0176826732783657,0.0763014871765427,0.22193205525059834
separated,100,400,4.0,0.05,0.0,202,dkw,1.0,1.0,1.0,0.0,0.96,0.0,1.0,0.0055941451810979535,0.0176826732783657,0.16937586117011072,0.38580983304522287
separated,100,400,4.0,0.05,0.0,203,cp,1.0,1.0,1.0,0.0,1.0,0.0,1.0,0.00017389107973358352,0.0024981739367750944,0.09623207882696962,0.21534767068662208
separated,100,400,4.0,0.05,0.0,203,dkw,1.0,1.0,1.0,0.0,0.92,0.0,1.0,0.0017352316959861902,0.015429447841863064,0.1829392905216802,0.3929810628101621
separated,100,400,4.0,0.05,0.0,204,cp,1.0,1.0,1.0,0.0,1.0,0.0,1.0,0.00017389107973358352,0.0024981739367750944,0.11366954387750029,0.2644850166788323
separated,100,400,4.0,0.05,0.0,204,dkw,1.0,1.0,1.0,0.0,0.96,0.0,1.0,0.0017352316959861902,0.015429447841863064,0.19081043861779448,0.39959853826367286
separated,100,400,4.0,0.05,0.0,205,cp,1.0,1.0,1.0,0.0,1.0,0.0,1.0,0.0055941451810979535,0.0176826732783657,0.07506396777461259,0.19594744927134156
separated,100,400,4.0,0.05,0.0,205,dkw,1.0,1.0,1.0,0.0,0.96,0.0,1.0,0.0055941451810979535,0.0176826732783657,0.17075068400175378,0.3837829746444912
separated,100,400,4.0,0.05,0.0,206,cp,1.0,1.0,1.0,0.0,1.0,0.0,1.0,5.342766544736755e-05,0.0013356916361841886,0.11025845354865611,0.24725139766623672
separated,100,400,4.0,0.05,0.0,206,dkw,1.0,1.0,1.0,0.0,0.92,0.0,1.0,7.396412226257975e-05,0.0013879055895357206,0.18957404501359876,0.39810455879591045
separated,100,400,4.0,0.05,0.0,207,cp,1.0,1.0,1.0,0.0,1.0,0.0,1.0,7.396412226257975e-05,0.0013879055895357206,0.09256075308935237,0.23663375761711325
separated,100,400,4.0,0.05,0.0,207,dkw,1.0,1.0,1.0,0.0,0.92,0.0,1.0,0.00036819937398224756,0.004857707356216601,0.17879474917704222,0.391799675815094
separated,100,400,4.0,0.05,0.0,208,cp,1.0,1.0,1.0,0.0,1.0,0.0,1.0,0.0020609246993588083,0.010680076484131606,0.09988180654087717,0.21273867348576703
separated,100,400,4.0,0.05,0.0,208,dkw,1.0,1.0,1.0,0.0,0.92,0.0,1.0,0.0009199384301591218,0.007093661650140026,0.18798869832160367,0.39143534067084695
separated,100,400,4.0,0.05,0.0,209,cp,1.0,1.0,1.0,0.0,1.0,0.0,1.0,0.00017389107973358352,0.0024981739367750944,0.09873189108547041,0.21780307577960167
separated,100,400,4.0,0.05,0.0,209,dkw,1.0,1.0,1.0,0.0,0.96,0.0,1.0,0.0017352316959861902,0.015429447841863064,0.18495785751633292,0.39453192940991033
separated,100,400,4.0,0.05,0.0,210,cp,1.0,1.0,1.0,0.0,1.0,0.0,1.0,0.0017352316959861902,0.015429447841863064,0.09360220281044374,0.2487167759955815
separated,100,400,4.0,0.05,0.0,210,dkw,1.0,1.0,1.0,0.0,0.96,0.0,1.0,0.0037538791682131256,0.029280424459179888,0.18091471371051113,0.3993968458906558
separated,100,400,4.0,0.05,0.0,211,cp,1.0,1.0,1.0,0.0,1.0,0.0,1.0,0.0010625375587302388,0.011086578425139715,0.09930460021501097,0.24010254642274786
separated,100,400,4.0,0.05,0.0,211,dkw,1.0,1.0,1.0,0.0,0.92,0.0,1.0,0.0054198131967124,0.04164835071248185,0.18183233019627074,0.3963431557298227
separated,100,400,4.0,0.05,0.0,212,cp,1.0,1.0,1.0,0.0,1.0,0.0,1.0,0.00017389107973358352,0.0024981739367750944,0.10565758118820968,0.2487167759955815
separated,100,400,4.0,0.05,0.0,212,dkw,1.0,1.0,1.0,0.0,0.96,0.0,1.0,0.0006745906453060791,0.007659781783095787,0.1902470512535284,0.3993968458906558
separated,100,400,4.0,0.05,0.0,213,cp,1.0,1.0,1.0,0.0,1.0,0.0,1.0,0.00017389107973358352,0.0024981739367750944,0.09829219996670892,0.2572639135013106
separated,100,400,4.0,0.05,0.0,213,dkw,1.0,1.0,1.0,0.0,0.92,0.0,1.0,0.00036819937398224756,0.004857707356216601,0.18105057083549408,0.3951307987589351
separated,100,400,4.0,0.05,0.0,214,cp,1.0,1.0,1.0,0.0,1.0,0.0,1.0,5.5516223581428824e-05,0.0013879055895357206,0.09874679492691374,0.23942125058081365
separated,100,400,4.0,0.05,0.0,214,dkw,1.0,1.0,1.0,0.0,0.92,0.0,1.0,0.00036819937398224756,0.004857707356216601,0.182490117291033,0.39330926168672464
separated,100,400,4.0,0.05,0.0,215,cp,1.0,1.0,1.0,0.0,1.0,0.0,1.0,0.0006361919641535207,0.005801104647893518,0.11724185549450922,0.275857744006045
separated,100,400,4.0,0.05,0.0,215,dkw,1.0,1.0,1.0,0.0,0.92,0.0,1.0,0.00022699495854578534,0.002951276737924724,0.19352706847047416,0.4012842795980738
separated,100,400,4.0,0.05,0.0,216,cp,1.0,1.0,1.0,0.0,1.0,0.0,1.0,0.0017352316959861902,0.015429447841863064,0.09290896616792187,0.2419908441970281
separated,100,400,4.0,0.05,0.0,216,dkw,1.0,1.0,1.0,0.0,0.92,0.0,1.0,0.0054198131967124,0.04164835071248185,0.17816502901618977,0.3948237467143946
separated,100,400,4.0,0.05,0.0,217,cp,1.0,1.0,1.0,0.0,1.0,0.0,1.0,0.0006921914800200968,0.01730478700050242,0.10298563220515401,0.24236015622962537
separated,100,400,4.0,0.05,0.0,217,dkw,1.0,1.0,1.0,0.0,0.96,0.0,1.0,7.396412226257975e-05,0.0013879055895357206,0.1843961093510638,0.3983591771654793
separated,100,400,4.0,0.05,0.0,218,cp,1.0,1.0,1.0,0.0,1.0,0.0,1.0,0.0055941451810979535,0.0176826732783657,0.09520266417617033,0.26188010155780794
separated,100,400,4.0,0.05,0.0,218,dkw,1.0,1.0,1.0,0.0,0.96,0.0,1.0,0.0055941451810979535,0.0176826732783657,0.17760787549664628,0.39400539479858365
separated,100,400,4.0,0.05,0.0,219,cp,1.0,1.0,1.0,0.0,1.0,0.0,1.0,0.0017352316959861902,0.015429447841863064,0.11453178777241187,0.25437120851322037
separated,100,400,4.0,0.05,0.0,219,dkw,1.0,1.0,1.0,0.0,0.92,0.0,1.0,0.007943851120232166,0.06310094808799416,0.19154904096265057,0.40401494155102713
separated,100,400,4.0,0.05,0.0,220,cp,1.0,1.0,1.0,0.0,1.0,0.0,1.0,5.342766544736755e-05,0.0013356916361841886,0.11622613356716227,0.2586333997099821
separated,100,400,4.0,0.05,0.0,220,dkw,1.0,1.0,1.0,0.0,0.92,0.0,1.0,0.00017389107973358352,0.0024981739367750944,0.19484723432017043,0.4010972820909321
separated,100,400,4.0,0.05,0.0,221,cp,1.0,1.0,1.0,0.0,1.0,0.0,1.0,0.0073385269686456,0.02443241192207979,0.1222729704270965,0.25168679518129844
separated,100,400,4.0,0.05,0.0,221,dkw,1.0,1.0,1.0,0.0,0.92,0.0,1.0,0.008651158051366794,0.06310094808799416,0.1974197658043991,0.4087190183368744
separated,100,400,4.0,0.05,0.0,222,cp,1.0,1.0,1.0,0.0,1.0,0.0,1.0,0.0006745906453060791,0.007659781783095787,0.1069513174689235,0.246614566135815
separated,100,400,4.0,0.05,0.0,222,dkw,1.0,1.0,1.0,0.0,0.92,0.0,1.0,0.00258266218984593,0.021185762346493497,0.18730505496017774,0.3978675137324098
separated,100,400,4.0,0.05,0.0,223,cp,1.0,1.0,1.0,0.0,1.0,0.0,1.0,0.0006361919641535207,0.005801104647893518,0.08629018119173018,0.23017833544748645
separated,100,400,4.0,0.05,0.0,223,dkw,1.0,1.0,1.0,0.0,0.96,0.0,1.0,0.0009199384301591218,0.007093661650140026,0.17545119943497195,0.3887951030430741
separated,100,400,4.0,0.05,0.0,224,cp,1.0,1.0,1.0,0.0,1.0,0.0,1.0,0.0,0.0,0.12001005790884328,0.257361313979809
separated,100,400,4.0,0.05,0.0,224,dkw,1.0,1.0,1.0,0.0,0.96,0.0,1.0,0.00036819937398224756,0.004857707356216601,0.19747333966363934,0.4026008140177082
separated,100,400,4.0,0.05,0.0,225,cp,1.0,1.0,1.0,0.0,1.0,0.0,1.0,0.0017352316959861902,0.015429447841863064,0.08755353939661127,0.21534767068662208
separated,100,400,4.0,0.05,0.0,225,dkw,1.0,1.0,1.0,0.0,0.96,0.0,1.0,0.0054198131967124,0.04164835071248185,0.17606823460834764,0.3929810628101621
separated,100,400,4.0,0.05,0.0,226,cp,1.0,1.0,1.0,0.0,1.0,0.0,1.0,0.00258266218984593,0.021185762346493497,0.11713324076231192,0.28329271683661905
separated,100,400,4.0,0.05,0.0,226,dkw,1.0,1.0,1.0,0.0,0.92,0.0,1.0,0.0054198131967124,0.04164835071248185,0.19212677681682122,0.40718947392164795
separated,100,400,4.0,0.05,0.0,227,cp,1.0,1.0,1.0,0.0,1.0,0.0,1.0,0.00010894388902879637,0.0013879055895357206,0.10363796359957682,0.21780307577960167
separated,100,400,4.0,0.05,0.0,227,dkw,1.0,1.0,1.0,0.0,0.96,0.0,1.0,0.00036819937398224756,0.004857707356216601,0.1892752602998997,0.39453192940991033
separated,100,400,4.0,0.05,0.0,228,cp,1.0,1.0,1.0,0.0,1.0,0.0,1.0,0.004390554424651793,0.029280424459179888,0.10777865820268767,0.2690394440972135
separated,100,400,4.0,0.05,0.0,228,dkw,1.0,1.0,1.0,0.0,0.92,0.0,1.0,0.007943851120232166,0.06310094808799416,0.18706394731615064,0.4087865681198155
separated,100,400,4.0,0.05,0.0,229,cp,1.0,1.0,1.0,0.0,1.0,0.0,1.0,0.004030560880752066,0.02026610653549954,0.11496698718981413,0.25876207567563936
separated,100,400,4.0,0.05,0.0,229,dkw,1.0,1.0,1.0,0.0,0.96,0.0,1.0,0.00258266218984593,0.021185762346493497,0.19171651363052508,0.404227652262488
separated,100,400,4.0,0.05,0.0,230,cp,1.0,1.0,1.0,0.0,1.0,0.0,1.0,0.0031603409441589613,0.021651530086902016,0.11851240559834766,0.26076049047021777
separated,100,400,4.0,0.05,0.0,230,dkw,1.0,1.0,1.0,0.0,0.92,0.0,1.0,0.0006745906453060791,0.007659781783095787,0.19623059127345466,0.4026008140177082
separated,100,400,4.0,0.05,0.0,231,cp,1.0,1.0,1.0,0.0,1.0,0.0,1.0,0.0031561730802364086,0.028451339216919225,0.11367560367242284,0.2525836278259198
separated,100,400,4.0,0.05,0.0,231,dkw,1.0,1.0,1.0,0.0,0.92,0.0,1.0,0.0001714787349643565,0.002951276737924724,0.19199618093390036,0.4024705342022329
separated,100,400,4.0,0.05,0.0,232,cp,1.0,1.0,1.0,0.0,1.0,0.0,1.0,0.00022699495854578534,0.002951276737924724,0.09443045207838864,0.20994810673791875
separated,100,400,4.0,0.05,0.0,232,dkw,1.0,1.0,1.0,0.0,0.92,0.0,1.0,0.00036819937398224756,0.004857707356216601,0.18186903441761518,0.3898947364616008
separated,100,400,4.0,0.05,0.0,233,cp,1.0,1.0,1.0,0.0,1.0,0.0,1.0,0.00017389107973358352,0.0024981739367750944,0.1045316609936361,0.2487167759955815
separated,100,400,4.0,0.05,0.0,233,dkw,1.0,1.0,1.0,0.0,0.92,0.0,1.0,0.0011180537823116676,0.011086578425139715,0.18893665205009774,0.3993968458906558
separated,100,400,4.0,0.05,0.0,234,cp,1.0,1.0,1.0,0.0,1.0,0.0,1.0,0.0006190744217246503,0.007659781783095787,0.09194660084662816,0.2524905891954391
separated,100,400,4.0,0.05,0.0,234,dkw,1.0,1.0,1.0,0.0,0.92,0.0,1.0,0.0011180537823116676,0.011086578425139715,0.1780696306496528,0.3951307987589351
separated,100,400,4.0,0.05,0.0,235,cp,1.0,1.0,1.0,0.0,1.0,0.0,1.0,0.0025339101634809813,0.02443241192207979,0.11042350668018526,0.23632163782304239
separated,100,400,4.0,0.05,0.0,235,dkw,1.0,1.0,1.0,0.0,0.92,0.0,1.0,0.0012530151577916193,0.008326918190812438,0.18871411955984904,0.4031216423872773
separated,100,400,4.0,0.05,0.0,236,cp,1.0,1.0,1.0,0.0,1.0,0.0,1.0,0.0011180537823116676,0.011086578425139715,0.08456554836978375,0.23663375761711325
separated,100,400,4.0,0.05,0.0,236,dkw,1.0,1.0,1.0,0.0,0.96,0.0,1.0,0.00258266218984593,0.021185762346493497,0.17424440143125092,0.391799675815094
separated,100,400,4.0,0.05,0.0,237,cp,1.0,1.0,1.0,0.0,1.0,0.0,1.0,5.5516223581428824e-05,0.0013879055895357206,0.09655873936593844,0.23942125058081365
separated,100,400,4.0,0.05,0.0,237,dkw,1.0,1.0,1.0,0.0,0.96,0.0,1.0,0.00017389107973358352,0.0024981739367750944,0.18201178324060835,0.39330926168672464
separated,100,400,4.0,0.05,0.0,238,cp,1.0,1.0,1.0,0.0,1.0,0.0,1.0,5.5516223581428824e-05,0.0013879055895357206,0.11595414099277349,0.2779259872229288
separated,100,400,4.0,0.05,0.0,238,dkw,1.0,1.0,1.0,0.0,0.96,0.0,1.0,0.00017389107973358352,0.0024981739367750944,0.19333610099127385,0.4027536710328684
separated,100,400,4.0,0.05,0.0,239,cp,1.0,1.0,1.0,0.0,1.0,0.0,1.0,0.007888334896650737,0.06310094808799416,0.09587289678470096,0.2565473040738925
separated,100,400,4.0,0.05,0.0,239,dkw,1.0,1.0,1.0,0.0,0.92,0.0,1.0,0.012314013295710998,0.1106419599765065,0.17841541161213353,0.39891700301796496
separated,100,400,4.0,0.05,0.0,240,cp,1.0,1.0,1.0,0.0,1.0,0.0,1.0,0.00010894388902879637,0.0013879055895357206,0.09247404711847794,0.23663375761711325
separated,100,400,4.0,0.05,0.0,240,dkw,1.0,1.0,1.0,0.0,0.96,0.0,1.0,0.00010894388902879637,0.0013879055895357206,0.18020827456896543,0.391799675815094
separated,100,400,4.0,0.05,0.0,241,cp,1.0,1.0,1.0,0.0,1.0,0.0,1.0,0.0010048746304209156,0.01730478700050242,0.10672571080826508,0.24840507116097144
separated,100,400,4.0,0.05,0.0,241,dkw,1.0,1.0,1.0,0.0,0.96,0.0,1.0,0.0011180537823116676,0.011086578425139715,0.18913826805293568,0.4010972820909321
separated,100,400,4.0,0.05,0.0,242,cp,1.0,1.0,1.0,0.0,1.0,0.0,1.0,0.0011180537823116676,0.011086578425139715,0.11735790600777696,0.2848552817448048
separated,100,400,4.0,0.05,0.0,242,dkw,1.0,1.0,1.0,0.0,0.92,0.0,1.0,0.0037538791682131256,0.029280424459179888,0.19432692839190033,0.4086773596246881
separated,100,400,4.0,0.05,0.0,243,cp,1.0,1.0,1.0,0.0,1.0,0.0,1.0,0.0017352316959861902,0.015429447841863064,0.09117246174544988,0.2201261117999207
separated,100,400,4.0,0.05,0.0,243,dkw,1.0,1.0,1.0,0.0,0.96,0.0,1.0,0.007943851120232166,0.06310094808799416,0.17830225017876328,0.396087967183709
separated,100,400,4.0,0.05,0.0,244,cp,1.0,1.0,1.0,0.0,1.0,0.0,1.0,0.00017389107973358352,0.0024981739367750944,0.09873189108547041,0.21780307577960167
separated,100,400,4.0,0.05,0.0,244,dkw,1.0,1.0,1.0,0.0,0.96,0.0,1.0,0.0017352316959861902,0.015429447841863064,0.18495785751633292,0.39453192940991033
separated,100,400,4.0,0.05,0.0,245,cp,1.0,1.0,1.0,0.0,1.0,0.0,1.0,0.0006745906453060791,0.007659781783095787,0.09209071192904382,0.23942125058081365
separated,100,400,4.0,0.05,0.0,245,dkw,1.0,1.0,1.0,0.0,0.92,0.0,1.0,0.00258266218984593,0.021185762346493497,0.17790344201723396,0.39330926168672464
separated,100,400,4.0,0.05,0.0,246,cp,1.0,1.0,1.0,0.0,1.0,0.0,1.0,5.5516223581428824e-05,0.0013879055895357206,0.07892402122973857,0.22633669221300134
separated,100,400,4.0,0.05,0.0,246,dkw,1.0,1.0,1.0,0.0,0.96,0.0,1.0,7.396412226257975e-05,0.0013879055895357206,0.170959613753401,0.38730006730509126
separated,100,400,4.0,0.05,0.0,247,cp,1.0,1.0,1.0,0.0,1.0,0.0,1.0,0.0007106393787012478,0.01730478700050242,0.10346064781152123,0.24134243818767354
separated,100,400,4.0,0.05,0.0,247,dkw,1.0,1.0,1.0,0.0,0.92,0.0,1.0,0.00036819937398224756,0.004857707356216601,0.1847387578231179,0.39661532010390965
separated,100,400,4.0,0.05,0.0,248,cp,1.0,1.0,1.0,0.0,1.0,0.0,1.0,0.0010625375587302388,0.011086578425139715,0.09944249687354376,0.24354996288606756
separated,100,400,4.0,0.05,0.0,248,dkw,1.0,1.0,1.0,0.0,0.96,0.0,1.0,0.0054198131967124,0.04164835071248185,0.18183233019627074,0.3963431557298227
separated,100,400,4.0,0.05,0.0,249,cp,1.0,1.0,1.0,0.0,1.0,0.0,1.0,0.004886838249963325,0.016462435358671312,0.09639375598345763,0.20994810673791875
separated,100,400,4.0,0.05,0.0,249,dkw,1.0,1.0,1.0,0.0,0.92,0.0,1.0,0.003617288634356801,0.014114653745513461,0.18561315301343054,0.3898947364616008
separated,100,400,4.0,0.05,0.0,250,cp,1.0,1.0,1.0,0.0,1.0,0.0,1.0,0.0008811980108682116,0.0176826732783657,0.1082596608566738,0.246614566135815
separated,100,400,4.0,0.05,0.0,250,dkw,1.0,1.0,1.0,0.0,0.92,0.0,1.0,0.0017352316959861902,0.015429447841863064,0.1888849248610405,0.3978675137324098
separated,100,400,4.0,0.05,0.0,251,cp,1.0,1.0,1.0,0.0,1.0,0.0,1.0,5.5516223581428824e-05,0.0013879055895357206,0.09369433065155018,0.23942125058081365
separated,100,400,4.0,0.05,0.0,251,dkw,1.0,1.0,1.0,0.0,0.96,0.0,1.0,7.396412226257975e-05,0.0013879055895357206,0.18148785718492003,0.39330926168672464
separated,100,400,4.0,0.05,0.0,252,cp,1.0,1.0,1.0,0.0,1.0,0.0,1.0,0.0055941451810979535,0.0176826732783657,0.08124245627528387,0.20002735964657314
separated,100,400,4.0,0.05,0.0,252,dkw,1.0,1.0,1.0,0.0,0.96,0.0,1.0,0.0055941451810979535,0.0176826732783657,0.17446126718985536,0.3853033688266053
separated,100,400,4.0,0.05,0.0,253,cp,1.0,1.0,1.0,0.0,1.0,0.0,1.0,0.002732025515633527,0.02443241192207979,0.11088852243150953,0.26072938310701477
separated,100,400,4.0,0.05,0.0,253,dkw,1.0,1.0,1.0,0.0,0.92,0.0,1.0,0.0017352316959861902,0.015429447841863064,0.19029753541043476,0.40736398426076514
separated,100,400,4.0,0.05,0.0,254,cp,1.0,1.0,1.0,0.0,1.0,0.0,1.0,0.0037538791682131256,0.029280424459179888,0.08699864105025207,0.23942125058081365
separated,100,400,4.0,0.05,0.0,254,dkw,1.0,1.0,1.0,0.0,0.96,0.0,1.0,0.012314013295710998,0.1106419599765065,0.1739382612238562,0.3925630793872563
separated,100,400,4.0,0.05,0.0,255,cp,1.0,1.0,1.0,0.0,1.0,0.0,1.0,0.0011974989342101905,0.008326918190812438,0.08840227432364264,0.24708147907004685
separated,100,400,4.0,0.05,0.0,255,dkw,1.0,1.0,1.0,0.0,0.96,0.0,1.0,0.0025339843871069467,0.011826492193703464,0.17502063227553008,0.3907053068172064
separated,100,400,4.0,0.05,0.0,256,cp,1.0,1.0,1.0,0.0,1.0,0.0,1.0,0.0008636702149844533,0.01730478700050242,0.10698028934710294,0.2378799771571829
separated,100,400,4.0,0.05,0.0,256,dkw,1.0,1.0,1.0,0.0,0.96,0.0,1.0,5.5516223581428824e-05,0.0013879055895357206,0.18741691261005947,0.39661532010390965
separated,100,400,4.0,0.05,0.0,257,cp,1.0,1.0,1.0,0.0,1.0,0.0,1.0,0.0,0.0,0.10771516271802944,0.2540917642442717
separated,100,400,4.0,0.05,0.0,257,dkw,1.0,1.0,1.0,0.0,0.96,0.0,1.0,0.00017389107973358352,0.0024981739367750944,0.18795602443392617,0.39810455879591045
separated,100,400,4.0,0.05,0.0,258,cp,1.0,1.0,1.0,0.0,1.0,0.0,1.0,0.0006745906453060791,0.007659781783095787,0.09857289384997467,0.2419908441970281
separated,100,400,4.0,0.05,0.0,258,dkw,1.0,1.0,1.0,0.0,0.96,0.0,1.0,0.00258266218984593,0.021185762346493497,0.1815821692047109,0.3948237467143946
separated,100,400,4.0,0.05,0.0,259,cp,1.0,1.0,1.0,0.0,1.0,0.0,1.0,0.00017389107973358352,0.0024981739367750944,0.10579946335363254,0.24437950287971733
separated,100,400,4.0,0.05,0.0,259,dkw,1.0,1.0,1.0,0.0,0.96,0.0,1.0,0.0017352316959861902,0.015429447841863064,0.18687377886070156,0.3963431557298227
separated,100,400,4.0,0.05,0.0,260,cp,1.0,1.0,1.0,0.0,1.0,0.0,1.0,0.001982171107304107,0.02443241192207979,0.09973915053120555,0.23342621869849223
separated,100,400,4.0,0.05,0.0,260,dkw,1.0,1.0,1.0,0.0,0.96,0.0,1.0,0.0017352316959861902,0.015429447841863064,0.18373150988444345,0.39810455879591045
separated,100,400,4.0,0.05,0.0,261,cp,1.0,1.0,1.0,0.0,1.0,0.0,1.0,0.00011837485615215471,0.0024981739367750944,0.11117448937347546,0.270998604520569
separated,100,400,4.0,0.05,0.0,261,dkw,1.0,1.0,1.0,0.0,0.92,0.0,1.0,0.0006745906453060791,0.007659781783095787,0.18898511493098077,0.4012842795980738
separated,100,400,4.0,0.05,0.0,262,cp,1.0,1.0,1.0,0.0,1.0,0.0,1.0,5.5516223581428824e-05,0.0013879055895357206,0.09122484651022336,0.23663375761711325
separated,100,400,4.0,0.05,0.0,262,dkw,1.0,1.0,1.0,0.0,0.96,0.0,1.0,5.5516223581428824e-05,0.0013879055895357206,0.17934090124935267,0.391799675815094
separated,100,400,4.0,0.05,0.0,263,cp,1.0,1.0,1.0,0.0,1.0,0.0,1.0,0.0001714787349643565,0.002951276737924724,0.10271207093380559,0.2559064963648514
separated,100,400,4.0,0.05,0.0,263,dkw,1.0,1.0,1.0,0.0,0.96,0.0,1.0,5.5516223581428824e-05,0.0013879055895357206,0.18370157838711512,0.3951307987589351
separated,100,400,4.0,0.05,0.0,264,cp,1.0,1.0,1.0,0.0,1.0,0.0,1.0,0.012314013295710998,0.1106419599765065,0.1013077793016146,0.26536706259518705
separated,100,400,4.0,0.05,0.0,264,dkw,1.0,1.0,1.0,0.0,0.96,0.0,1.0,0.012314013295710998,0.1106419599765065,0.1812976358043035,0.39545216849777076
separated,100,400,4.0,0.05,0.0,265,cp,1.0,1.0,1.0,0.0,1.0,0.0,1.0,7.396412226257975e-05,0.0013879055895357206,0.10458224274136221,0.26226993727239833
separated,100,400,4.0,0.05,0.0,265,dkw,1.0,1.0,1.0,0.0,0.92,0.0,1.0,0.00036819937398224756,0.004857707356216601,0.18633265879500144,0.39810455879591045
separated,100,400,4.0,0.05,0.0,266,cp,1.0,1.0,1.0,0.0,1.0,0.0,1.0,0.0006361919641535207,0.005801104647893518,0.09189339710824523,0.23357702896423926
separated,100,400,4.0,0.05,0.0,266,dkw,1.0,1.0,1.0,0.0,0.96,0.0,1.0,0.00022699495854578534,0.002951276737924724,0.17853438501923058,0.3902949644340614
separated,100,400,4.0,0.05,0.0,267,cp,1.0,1.0,1.0,0.0,1.0,0.0,1.0,0.0006190744217246503,0.007659781783095787,0.11435951109823755,0.24795248784934099
separated,100,400,4.0,0.05,0.0,267,dkw,1.0,1.0,1.0,0.0,0.92,0.0,1.0,0.0037538791682131256,0.029280424459179888,0.19273319201832195,0.3993968458906558
separated,100,400,4.0,0.05,0.0,268,cp,1.0,1.0,1.0,0.0,1.0,0.0,1.0,5.5516223581428824e-05,0.0013879055895357206,0.10248709032560978,0.2419908441970281
separated,100,400,4.0,0.05,0.0,268,dkw,1.0,1.0,1.0,0.0,0.96,0.0,1.0,0.00017389107973358352,0.0024981739367750944,0.1857156026865664,0.3948237467143946
separated,100,400,4.0,0.05,0.0,269,cp,1.0,1.0,1.0,0.0,1.0,0.0,1.0,0.0037538791682131256,0.029280424459179888,0.09098576194774716,0.24437950287971733
separated,100,400,4.0,0.05,0.0,269,dkw,1.0,1.0,1.0,0.0,0.92,0.0,1.0,0.012314013295710998,0.1106419599765065,0.17618711865102957,0.3957870217082582
separated,100,400,4.0,0.05,0.0,270,cp,1.0,1.0,1.0,0.0,1.0,0.0,1.0,7.396412226257975e-05,0.0013879055895357206,0.10223872328764734,0.25987498319531566
separated,100,400,4.0,0.05,0.0,270,dkw,1.0,1.0,1.0,0.0,0.96,0.0,1.0,0.00017389107973358352,0.0024981739367750944,0.18425953040588802,0.39661532010390965
separated,100,400,4.0,0.05,0.0,271,cp,1.0,1.0,1.0,0.0,1.0,0.0,1.0,0.0006361919641535207,0.005801104647893518,0.10814443928965982,0.24437950287971733
separated,100,400,4.0,0.05,0.0,271,dkw,1.0,1.0,1.0,0.0,0.92,0.0,1.0,0.00022699495854578534,0.002951276737924724,0.1914914825644068,0.3963431557298227
separated,100,400,4.0,0.05,0.0,272,cp,1.0,1.0,1.0,0.0,1.0,0.0,1.0,0.004228340835616473,0.0152763050314918,0.09989408598726303,0.23663375761711325
separated,100,400,4.0,0.05,0.0,272,dkw,1.0,1.0,1.0,0.0,0.96,0.0,1.0,0.003617288634356801,0.014114653745513461,0.18411224463022388,0.391799675815094
separated,100,400,4.0,0.05,0.0,273,cp,1.0,1.0,1.0,0.0,1.0,0.0,1.0,0.005334687491844558,0.028451339216919225,0.12078423853662844,0.24454548895303307
separated,100,400,4.0,0.05,0.0,273,dkw,1.0,1.0,1.0,0.0,0.92,0.0,1.0,0.0054198131967124,0.04164835071248185,0.19843936583998179,0.4145197853177901
separated,100,400,4.0,0.05,0.0,274,cp,1.0,1.0,1.0,0.0,1.0,0.0,1.0,0.0007106393787012478,0.01730478700050242,0.10346064781152123,0.24134243818767354
separated,100,400,4.0,0.05,0.0,274,dkw,1.0,1.0,1.0,0.0,0.96,0.0,1.0,0.00036819937398224756,0.004857707356216601,0.1847387578231179,0.39661532010390965
separated,100,400,4.0,0.05,0.0,275,cp,1.0,1.0,1.0,0.0,1.0,0.0,1.0,0.0006190744217246503,0.007659781783095787,0.11594685329256431,0.2710644906638543
separated,100,400,4.0,0.05,0.0,275,dkw,1.0,1.0,1.0,0.0,0.92,0.0,1.0,0.0017352316959861902,0.015429447841863064,0.19357956856867325,0.4057062457043352
separated,100,400,4.0,0.05,0.0,276,cp,1.0,1.0,1.0,0.0,1.0,0.0,1.0,0.0017352316959861902,0.015429447841863064,0.10018237653214448,0.246614566135815
separated,100,400,4.0,0.05,0.0,276,dkw,1.0,1.0,1.0,0.0,0.96,0.0,1.0,0.007943851120232166,0.06310094808799416,0.18197381526198314,0.3978675137324098
separated,100,400,4.0,0.05,0.0,277,cp,1.0,1.0,1.0,0.0,1.0,0.0,1.0,0.0006190744217246503,0.007659781783095787,0.10567878228194166,0.26442847796347735
separated,100,400,4.0,0.05,0.0,277,dkw,1.0,1.0,1.0,0.0,0.96,0.0,1.0,0.0017352316959861902,0.015429447841863064,0.18594015708362413,0.4012842795980738
separated,100,400,4.0,0.05,0.0,278,cp,1.0,1.0,1.0,0.0,1.0,0.0,1.0,0.00036819937398224756,0.004857707356216601,0.1007230437246924,0.21780307577960167
separated,100,400,4.0,0.05,0.0,278,dkw,1.0,1.0,1.0,0.0,0.92,0.0,1.0,0.00258266218984593,0.021185762346493497,0.1850674223328997,0.39453192940991033
separated,100,400,4.0,0.05,0.0,279,cp,1.0,1.0,1.0,0.0,1.0,0.0,1.0,0.0028259894242612083,0.028451339216919225,0.12029465259549589,0.2369671996698557
separated,100,400,4.0,0.05,0.0,279,dkw,1.0,1.0,1.0,0.0,0.92,0.0,1.0,0.00036819937398224756,0.004857707356216601,0.19824540398047044,0.4087865681198155
separated,100,400,4.0,0.05,0.0,280,cp,1.0,1.0,1.0,0.0,1.0,0.0,1.0,7.396412226257975e-05,0.0013879055895357206,0.09704522078997947,0.21780307577960167
separated,100,400,4.0,0.05,0.0,280,dkw,1.0,1.0,1.0,0.0,0.92,0.0,1.0,0.0006745906453060791,0.007659781783095787,0.18598052751693295,0.39453192940991033
separated,100,400,4.0,0.05,0.0,281,cp,1.0,1.0,1.0,0.0,1.0,0.0,1.0,0.0005806757405720919,0.005801104647893518,0.11195092747424003,0.2506758570748594
separated,100,400,4.0,0.05,0.0,281,dkw,1.0,1.0,1.0,0.0,0.96,0.0,1.0,0.00022699495854578534,0.002951276737924724,0.19130275355416568,0.39810455879591045
separated,100,400,4.0,0.05,0.0,282,cp,1.0,1.0,1.0,0.0,1.0,0.0,1.0,0.012314013295710998,0.1106419599765065,0.08124245627528387,0.20002735964657314
separated,100,400,4.0,0.05,0.0,282,dkw,1.0,1.0,1.0,0.0,0.96,0.0,1.0,0.012314013295710998,0.1106419599765065,0.17446126718985536,0.3853033688266053
separated,100,400,4.0,0.05,0.0,283,cp,1.0,1.0,1.0,0.0,1.0,0.0,1.0,0.0017352316959861902,0.015429447841863064,0.09656472210241684,0.2419908441970281
separated,100,400,4.0,0.05,0.0,283,dkw,1.0,1.0,1.0,0.0,0.92,0.0,1.0,0.0054198131967124,0.04164835071248185,0.17973145034462285,0.3948237467143946
separated,100,400,4.0,0.05,0.0,284,cp,1.0,1.0,1.0,0.0,1.0,0.0,1.0,0.007888334896650737,0.06310094808799416,0.07399189265717565,0.2225765681035371
separated,100,400,4.0,0.05,0.0,284,dkw,1.0,1.0,1.0,0.0,0.96,0.0,1.0,0.012314013295710998,0.1106419599765065,0.16801163571281458,0.3877781429245758
separated,100,400,4.0,0.05,0.0,285,cp,1.0,1.0,1.0,0.0,1.0,0.0,1.0,0.00011837485615215471,0.0024981739367750944,0.1214709177768211,0.2661993032030058
separated,100,400,4.0,0.05,0.0,285,dkw,1.0,1.0,1.0,0.0,0.92,0.0,1.0,0.0011180537823116676,0.011086578425139715,0.19823831126476776,0.4041091579416024
separated,100,400,4.0,0.05,0.0,286,cp,1.0,1.0,1.0,0.0,1.0,0.0,1.0,0.0017352316959861902,0.015429447841863064,0.10700738654577727,0.2665470380907846
separated,100,400,4.0,0.05,0.0,286,dkw,1.0,1.0,1.0,0.0,0.96,0.0,1.0,0.0037538791682131256,0.029280424459179888,0.18610988691523597,0.4010972820909321
separated,100,400,4.0,0.05,0.0,287,cp,1.0,1.0,1.0,0.0,1.0,0.0,1.0,0.00040414777823778004,0.0044288204922998675,0.1164958129593738,0.2644850166788323
separated,100,400,4.0,0.05,0.0,287,dkw,1.0,1.0,1.0,0.0,0.92,0.0,1.0,5.5516223581428824e-05,0.0013879055895357206,0.19425777848855272,0.39959853826367286
separated,100,400,4.0,0.05,0.0,288,cp,1.0,1.0,1.0,0.0,1.0,0.0,1.0,0.001633721639993544,0.009517662055048115,0.09342251957923432,0.23357702896423926
separated,100,400,4.0,0.05,0.0,288,dkw,1.0,1.0,1.0,0.0,0.96,0.0,1.0,0.001633721639993544,0.009517662055048115,0.17962521416247518,0.3902949644340614
separated,100,400,4.0,0.05,0.0,289,cp,1.0,1.0,1.0,0.0,1.0,0.0,1.0,0.0012530151577916193,0.008326918190812438,0.09924969213991654,0.21273867348576703
separated,100,400,4.0,0.05,0.0,289,dkw,1.0,1.0,1.0,0.0,0.96,0.0,1.0,0.00022699495854578534,0.002951276737924724,0.18678850012479756,0.39143534067084695
separated,100,400,4.0,0.05,0.0,290,cp,1.0,1.0,1.0,0.0,1.0,0.0,1.0,0.0006361919641535207,0.005801104647893518,0.10022898544175281,0.21273867348576703
separated,100,400,4.0,0.05,0.0,290,dkw,1.0,1.0,1.0,0.0,0.96,0.0,1.0,5.5516223581428824e-05,0.0013879055895357206,0.1866398815817244,0.39143534067084695
separated,100,400,4.0,0.05,0.0,291,cp,1.0,1.0,1.0,0.0,1.0,0.0,1.0,7.396412226257975e-05,0.0013879055895357206,0.11037299619514154,0.2644850166788323
separated,100,400,4.0,0.05,0.0,291,dkw,1.0,1.0,1.0,0.0,0.96,0.0,1.0,0.00036819937398224756,0.004857707356216601,0.1900259814768355,0.39959853826367286
separated,100,400,4.0,0.05,0.0,292,cp,1.0,1.0,1.0,0.0,1.0,0.0,1.0,0.0007106393787012478,0.01730478700050242,0.10136169257695661,0.24134243818767354
separated,100,400,4.0,0.05,0.0,292,dkw,1.0,1.0,1.0,0.0,0.92,0.0,1.0,0.00017389107973358352,0.0024981739367750944,0.18425953040588802,0.39661532010390965
separated,100,400,4.0,0.05,0.0,293,cp,1.0,1.0,1.0,0.0,1.0,0.0,1.0,0.0025339843871069467,0.011826492193703464,0.08601467157169981,0.2036561162056414
separated,100,400,4.0,0.05,0.0,293,dkw,1.0,1.0,1.0,0.0,0.96,0.0,1.0,0.0020609246993588083,0.010680076484131606,0.1776851419457814,0.38682877661873005
separated,100,400,4.0,0.05,0.0,294,cp,1.0,1.0,1.0,0.0,1.0,0.0,1.0,0.0006361919641535207,0.005801104647893518,0.08953426640608067,0.20693812581832893
separated,100,400,4.0,0.05,0.0,294,dkw,1.0,1.0,1.0,0.0,0.96,0.0,1.0,5.5516223581428824e-05,0.0013879055895357206,0.1791587585538403,0.3883592238337443
separated,100,400,4.0,0.05,0.0,295,cp,1.0,1.0,1.0,0.0,1.0,0.0,1.0,0.0025271459662645013,0.021185762346493497,0.09720162500318562,0.24354996288606756
separated,100,400,4.0,0.05,0.0,295,dkw,1.0,1.0,1.0,0.0,0.92,0.0,1.0,0.007943851120232166,0.06310094808799416,0.17981550795754075,0.3963431557298227
separated,100,400,4.0,0.05,0.0,296,cp,1.0,1.0,1.0,0.0,1.0,0.0,1.0,7.396412226257975e-05,0.0013879055895357206,0.08136743881331145,0.20693812581832893
separated,100,400,4.0,0.05,0.0,296,dkw,1.0,1.0,1.0,0.0,0.96,0.0,1.0,0.0006745906453060791,0.007659781783095787,0.1748947454401446,0.3883592238337443
separated,100,400,4.0,0.05,0.0,297,cp,1.0,1.0,1.0,0.0,1.0,0.0,1.0,0.00036819937398224756,0.004857707356216601,0.08659759264189892,0.23663375761711325
separated,100,400,4.0,0.05,0.0,297,dkw,1.0,1.0,1.0,0.0,0.96,0.0,1.0,0.0011180537823116676,0.011086578425139715,0.1758181454330202,0.391799675815094
separated,100,400,4.0,0.05,0.0,298,cp,1.0,1.0,1.0,0.0,1.0,0.0,1.0,0.0012530151577916193,0.008326918190812438,0.10612404572386133,0.2419908441970281
separated,100,400,4.0,0.05,0.0,298,dkw,1.0,1.0,1.0,0.0,0.96,0.0,1.0,0.0009199384301591218,0.007093661650140026,0.1896412972957103,0.3948237467143946
separated,100,400,4.0,0.05,0.0,299,cp,1.0,1.0,1.0,0.0,1.0,0.0,1.0,0.0055941451810979535,0.0176826732783657,0.08945803468143451,0.23017833544748645
separated,100,400,4.0,0.05,0.0,299,dkw,1.0,1.0,1.0,0.0,0.96,0.0,1.0,0.0055941451810979535,0.0176826732783657,0.1767625885408749,0.3887951030430741
separated,100,400,4.0,0.05,0.3,0,cp,1.0,1.0,1.0,0.0,1.0,0.0,1.0,5.5516223581428824e-05,0.0013879055895357206,0.11029212682220707,0.246614566135815
separated,100,400,4.0,0.05,0.3,0,dkw,1.0,1.0,1.0,0.0,0.92,0.0,1.0,0.00036819937398224756,0.004857707356216601,0.19151831034456643,0.3978675137324098
separated,100,400,4.0,0.05,0.3,1,cp,1.0,1.0,1.0,0.0,1.0,0.0,1.0,0.0003126831504008187,0.004857707356216601,0.11956694822950194,0.2769975213650676
separated,100,400,4.0,0.05,0.3,1,dkw,1.0,1.0,1.0,0.0,0.92,0.0,1.0,0.0017352316959861902,0.015429447841863064,0.1952814537382308,0.4057062457043352
separated,100,400,4.0,0.05,0.3,2,cp,1.0,1.0,1.0,0.0,1.0,0.0,1.0,0.0001714787349643565,0.002951276737924724,0.10072486084528971,0.2524905891954391
separated,100,400,4.0,0.05,0.3,2,dkw,1.0,1.0,1.0,0.0,0.96,0.0,1.0,0.00010894388902879637,0.0013879055895357206,0.18308812406258276,0.3951307987589351
separated,100,400,4.0,0.05,0.3,3,cp,1.0,1.0,1.0,0.0,1.0,0.0,1.0,0.0011180537823116676,0.011086578425139715,0.11100763098311091,0.2525836278259198
separated,100,400,4.0,0.05,0.3,3,dkw,1.0,1.0,1.0,0.0,0.92,0.0,1.0,0.0054198131967124,0.04164835071248185,0.18982750596769385,0.4024705342022329
separated,100,400,4.0,0.05,0.3,4,cp,1.0,1.0,1.0,0.0,1.0,0.0,1.0,0.004184914125382693,0.02311615559381819,0.123731085049975,0.2756277494898651
separated,100,400,4.0,0.05,0.3,4,dkw,1.0,1.0,1.0,0.0,0.92,0.0,1.0,0.0006745906453060791,0.007659781783095787,0.1985813281765624,0.4072645426615411
separated,100,400,4.0,0.05,0.3,5,cp,1.0,1.0,1.0,0.0,1.0,0.0,1.0,0.0005806757405720919,0.005801104647893518,0.11420211571758637,0.25300560144697903
separated,100,400,4.0,0.05,0.3,5,dkw,1.0,1.0,1.0,0.0,0.96,0.0,1.0,0.00040414777823778004,0.0044288204922998675,0.19441062232417597,0.39959853826367286
separated,100,400,4.0,0.05,0.3,6,cp,1.0,1.0,1.0,0.0,1.0,0.0,1.0,0.0012530151577916193,0.008326918190812438,0.08909549051017995,0.20693812581832893
separated,100,400,4.0,0.05,0.3,6,dkw,1.0,1.0,1.0,0.0,0.96,0.0,1.0,0.0006361919641535207,0.005801104647893518,0.17995395801860148,0.3883592238337443
separated,100,400,4.0,0.05,0.3,7,cp,1.0,1.0,1.0,0.0,1.0,0.0,1.0,0.0007456191454674643,0.01730478700050242,0.10435844981158567,0.2378799771571829
separated,100,400,4.0,0.05,0.3,7,dkw,1.0,1.0,1.0,0.0,0.92,0.0,1.0,7.396412226257975e-05,0.0013879055895357206,0.18585671292770725,0.39661532010390965
separated,100,400,4.0,0.05,0.3,8,cp,1.0,1.0,1.0,0.0,1.0,0.0,1.0,0.0030527024845362627,0.012967952435732899,0.09455302204012257,0.23357702896423926
separated,100,400,4.0,0.05,0.3,8,dkw,1.0,1.0,1.0,0.0,0.92,0.0,1.0,0.0020609246993588083,0.010680076484131606,0.18014300353867607,0.3902949644340614
separated,100,400,4.0,0.05,0.3,9,cp,1.0,1.0,1.0,0.0,1.0,0.0,1.0,0.0054198131967124,0.04164835071248185,0.09453619574677236,0.24805952169090717
separated,100,400,4.0,0.05,0.3,9,dkw,1.0,1.0,1.0,0.0,0.92,0.0,1.0,0.012314013295710998,0.1106419599765065,0.17760787549664628,0.39400539479858365
separated,100,400,4.0,0.05,0.3,10,cp,1.0,1.0,1.0,0.0,1.0,0.0,1.0,0.0011180537823116676,0.011086578425139715,0.09947567847328974,0.24437950287971733
separated,100,400,4.0,0.05,0.3,10,dkw,1.0,1.0,1.0,0.0,0.96,0.0,1.0,0.0054198131967124,0.04164835071248185,0.18183233019627074,0.3963431557298227
separated,100,400,4.0,0.05,0.3,11,cp,1.0,1.0,1.0,0.0,1.0,0.0,1.0,0.0012728672205921886,0.01730478700050242,0.09933969024153243,0.2435383256329412
separated,100,400,4.0,0.05,0.3,11,dkw,1.0,1.0,1.0,0.0,0.92,0.0,1.0,0.00022699495854578534,0.002951276737924724,0.18064684823941618,0.39545216849777076
separated,100,400,4.0,0.05,0.3,12,cp,1.0,1.0,1.0,0.0,1.0,0.0,1.0,7.396412226257975e-05,0.0013879055895357206,0.11165787731026523,0.2487167759955815
separated,100,400,4.0,0.05,0.3,12,dkw,1.0,1.0,1.0,0.0,0.96,0.0,1.0,0.0011180537823116676,0.011086578425139715,0.19231201190479358,0.3993968458906558
separated,100,400,4.0,0.05,0.3,13,cp,1.0,1.0,1.0,0.0,1.0,0.0,1.0,0.0006361919641535207,0.005801104647893518,0.11566294150241446,0.2644850166788323
separated,100,400,4.0,0.05,0.3,13,dkw,1.0,1.0,1.0,0.0,0.92,0.0,1.0,0.00022699495854578534,0.002951276737924724,0.19438610516384125,0.39959853826367286
separated,100,400,4.0,0.05,0.3,14,cp,1.0,1.0,1.0,0.0,1.0,0.0,1.0,0.0007628231547160568,0.0176826732783657,0.10425261026092393,0.2419908441970281
separated,100,400,4.0,0.05,0.3,14,dkw,1.0,1.0,1.0,0.0,0.96,0.0,1.0,0.00036819937398224756,0.004857707356216601,0.1862058302244294,0.3948237467143946
separated,100,400,4.0,0.05,0.3,15,cp,1.0,1.0,1.0,0.0,1.0,0.0,1.0,0.00022699495854578534,0.002951276737924724,0.08663488333177809,0.20693812581832893
separated,100,400,4.0,0.05,0.3,15,dkw,1.0,1.0,1.0,0.0,0.96,0.0,1.0,7.396412226257975e-05,0.0013879055895357206,0.17762112350833817,0.3883592238337443
separated,100,400,4.0,0.05,0.3,16,cp,1.0,1.0,1.0,0.0,1.0,0.0,1.0,0.00258266218984593,0.021185762346493497,0.10665224632257474,0.2507022230131979
separated,100,400,4.0,0.05,0.3,16,dkw,1.0,1.0,1.0,0.0,0.96,0.0,1.0,0.007943851120232166,0.06310094808799416,0.18571642343371472,0.4009311775435931
separated,100,400,4.0,0.05,0.3,17,cp,1.0,1.0,1.0,0.0,1.0,0.0,1.0,0.00010894388902879637,0.0013879055895357206,0.09384935633260234,0.23663375761711325
separated,100,400,4.0,0.05,0.3,17,dkw,1.0,1.0,1.0,0.0,0.96,0.0,1.0,7.396412226257975e-05,0.0013879055895357206,0.17990164070617048,0.391799675815094
separated,100,400,4.0,0.05,0.3,18,cp,1.0,1.0,1.0,0.0,1.0,0.0,1.0,0.0,0.0,0.12245699768740455,0.2750987587988817
separated,100,400,4.0,0.05,0.3,18,dkw,1.0,1.0,1.0,0.0,0.92,0.0,1.0,0.00036819937398224756,0.004857707356216601,0.1976123179735575,0.404227652262488
separated,100,400,4.0,0.05,0.3,19,cp,1.0,1.0,1.0,0.0,1.0,0.0,1.0,0.0010625375587302388,0.011086578425139715,0.09941501422222475,0.24725139766623672
separated,100,400,4.0,0.05,0.3,19,dkw,1.0,1.0,1.0,0.0,0.92,0.0,1.0,0.00258266218984593,0.021185762346493497,0.1821612098435214,0.39810455879591045
separated,100,400,4.0,0.05,0.3,20,cp,1.0,1.0,1.0,0.0,1.0,0.0,1.0,0.0009199384301591218,0.007093661650140026,0.1113114520409508,0.24437950287971733
separated,100,400,4.0,0.05,0.3,20,dkw,1.0,1.0,1.0,0.0,0.92,0.0,1.0,0.00022699495854578534,0.002951276737924724,0.19281630872297928,0.3963431557298227
separated,100,400,4.0,0.05,0.3,21,cp,1.0,1.0,1.0,0.0,1.0,0.0,1.0,0.0008105663361722515,0.01730478700050242,0.11646664079057195,0.2518279550146929
separated,100,400,4.0,0.05,0.3,21,dkw,1.0,1.0,1.0,0.0,0.96,0.0,1.0,0.0006745906453060791,0.007659781783095787,0.1928611620914535,0.40436890743098697
separated,100,400,4.0,0.05,0.3,22,cp,1.0,1.0,1.0,0.0,1.0,0.0,1.0,1.844789868115093e-05,0.0004611974670287733,0.09302957098441823,0.25317466990064286
separated,100,400,4.0,0.05,0.3,22,dkw,1.0,1.0,1.0,0.0,0.92,0.0,1.0,7.396412226257975e-05,0.0013879055895357206,0.17848258433102188,0.39365097148598027
separated,100,400,4.0,0.05,0.3,23,cp,1.0,1.0,1.0,0.0,1.0,0.0,1.0,0.00022699495854578534,0.002951276737924724,0.10429834305758286,0.21780307577960167
separated,100,400,4.0,0.05,0.3,23,dkw,1.0,1.0,1.0,0.0,0.92,0.0,1.0,0.00017389107973358352,0.0024981739367750944,0.190380641907486,0.39453192940991033
separated,100,400,4.0,0.05,0.3,24,cp,1.0,1.0,1.0,0.0,1.0,0.0,1.0,0.0011180537823116676,0.011086578425139715,0.08953044463520206,0.21534767068662208
separated,100,400,4.0,0.05,0.3,24,dkw,1.0,1.0,1.0,0.0,0.92,0.0,1.0,0.0037538791682131256,0.029280424459179888,0.17798359407663594,0.3929810628101621
separated,100,400,4.0,0.05,0.3,25,cp,1.0,1.0,1.0,0.0,1.0,0.0,1.0,5.342766544736755e-05,0.0013356916361841886,0.11391034632011748,0.2564145723532143
separated,100,400,4.0,0.05,0.3,25,dkw,1.0,1.0,1.0,0.0,0.92,0.0,1.0,7.396412226257975e-05,0.0013879055895357206,0.1927059207647935,0.39959853826367286
separated,100,400,4.0,0.05,0.3,26,cp,1.0,1.0,1.0,0.0,1.0,0.0,1.0,0.0054198131967124,0.04164835071248185,0.10526138492756415,0.2665470380907846
separated,100,400,4.0,0.05,0.3,26,dkw,1.0,1.0,1.0,0.0,0.96,0.0,1.0,0.012314013295710998,0.1106419599765065,0.18353296030864058,0.3986303127722104
separated,100,400,4.0,0.05,0.3,27,cp,0.0,1.0,1.0,0.0,1.0,0.0,1.0,0.00036819937398224756,0.004857707356216601,0.10324743681091739,0.2201261117999207
separated,100,400,4.0,0.05,0.3,27,dkw,1.0,1.0,1.0,0.0,0.92,0.0,1.0,0.00258266218984593,0.021185762346493497,0.18709722038536955,0.396087967183709
separated,100,400,4.0,0.05,0.3,28,cp,1.0,1.0,1.0,0.0,1.0,0.0,1.0,0.0030527024845362627,0.012967952435732899,0.10605592490750201,0.2572639135013106
separated,100,400,4.0,0.05,0.3,28,dkw,1.0,1.0,1.0,0.0,0.96,0.0,1.0,0.0020609246993588083,0.010680076484131606,0.18614170614096068,0.3951307987589351
separated,100,400,4.0,0.05,0.3,29,cp,1.0,1.0,1.0,0.0,1.0,0.0,1.0,0.0011180537823116676,0.011086578425139715,0.09811842004995096,0.246614566135815
separated,100,400,4.0,0.05,0.3,29,dkw,1.0,1.0,1.0,0.0,0.92,0.0,1.0,0.0037538791682131256,0.029280424459179888,0.18226960496556266,0.3978675137324098
separated,100,400,4.0,0.05,0.3,30,cp,1.0,1.0,1.0,0.0,1.0,0.0,1.0,0.0018409666918676449,0.02443241192207979,0.10562707007232205,0.2525836278259198
separated,100,400,4.0,0.05,0.3,30,dkw,1.0,1.0,1.0,0.0,0.92,0.0,1.0,0.00022699495854578534,0.002951276737924724,0.18527573880361828,0.40005842902484157
separated,100,400,4.0,0.05,0.3,31,cp,1.0,1.0,1.0,0.0,1.0,0.0,1.0,0.00010894388902879637,0.0013879055895357206,0.09557458543995655,0.21273867348576703
separated,100,400,4.0,0.05,0.3,31,dkw,1.0,1.0,1.0,0.0,0.92,0.0,1.0,0.00017389107973358352,0.0024981739367750944,0.18345294683433752,0.39143534067084695
separated,100,400,4.0,0.05,0.3,32,cp,1.0,1.0,1.0,0.0,1.0,0.0,1.0,0.00017389107973358352,0.0024981739367750944,0.09355617953776518,0.21273867348576703
separated,100,400,4.0,0.05,0.3,32,dkw,1.0,1.0,1.0,0.0,0.96,0.0,1.0,0.0011180537823116676,0.011086578425139715,0.18091557412185075,0.39143534067084695
separated,100,400,4.0,0.05,0.3,33,cp,1.0,1.0,1.0,0.0,1.0,0.0,1.0,0.005538628957516525,0.0176826732783657,0.12007477456750798,0.26442847796347735
separated,100,400,4.0,0.05,0.3,33,dkw,1.0,1.0,1.0,0.0,0.96,0.0,1.0,0.004886838249963325,0.016462435358671312,0.19625769762527906,0.4012842795980738
separated,100,400,4.0,0.05,0.3,34,cp,1.0,1.0,1.0,0.0,1.0,0.0,1.0,0.0009199384301591218,0.007093661650140026,0.09906563474753137,0.23663375761711325
separated,100,400,4.0,0.05,0.3,34,dkw,1.0,1.0,1.0,0.0,0.96,0.0,1.0,0.00022699495854578534,0.002951276737924724,0.182895801082502,0.391799675815094
separated,100,400,4.0,0.05,0.3,35,cp,1.0,1.0,1.0,0.0,1.0,0.0,1.0,0.0017352316959861902,0.015429447841863064,0.10018237653214448,0.246614566135815
separated,100,400,4.0,0.05,0.3,35,dkw,1.0,1.0,1.0,0.0,0.96,0.0,1.0,0.007943851120232166,0.06310094808799416,0.18197381526198314,0.3978675137324098
separated,100,400,4.0,0.05,0.3,36,cp,1.0,1.0,1.0,0.0,1.0,0.0,1.0,0.00017389107973358352,0.0024981739367750944,0.09829219996670892,0.2572639135013106
separated,100,400,4.0,0.05,0.3,36,dkw,1.0,1.0,1.0,0.0,0.92,0.0,1.0,0.00036819937398224756,0.004857707356216601,0.18105057083549408,0.3951307987589351
separated,100,400,4.0,0.05,0.3,37,cp,1.0,1.0,1.0,0.0,1.0,0.0,1.0,0.0032508369345066066,0.021651530086902016,0.1195068656868919,0.2665470380907846
separated,100,400,4.0,0.05,0.3,37,dkw,1.0,1.0,1.0,0.0,0.92,0.0,1.0,0.00017389107973358352,0.0024981739367750944,0.19706074943427138,0.4010972820909321
separated,100,400,4.0,0.05,0.3,38,cp,1.0,1.0,1.0,0.0,1.0,0.0,1.0,0.0006745906453060791,0.007659781783095787,0.0855107090994367,0.2075578341261035
separated,100,400,4.0,0.05,0.3,38,dkw,1.0,1.0,1.0,0.0,0.96,0.0,1.0,0.0037538791682131256,0.029280424459179888,0.1751908302393548,0.3883592238337443
separated,100,400,4.0,0.05,0.3,39,cp,1.0,1.0,1.0,0.0,1.0,0.0,1.0,0.0011180537823116676,0.011086578425139715,0.08908123201202983,0.23663375761711325
separated,100,400,4.0,0.05,0.3,39,dkw,1.0,1.0,1.0,0.0,0.96,0.0,1.0,0.0037538791682131256,0.029280424459179888,0.17586011644393074,0.391799675815094
separated,100,400,4.0,0.05,0.3,40,cp,1.0,1.0,1.0,0.0,1.0,0.0,1.0,0.0006361919641535207,0.005801104647893518,0.11083689969585517,0.24437950287971733
separated,100,400,4.0,0.05,0.3,40,dkw,1.0,1.0,1.0,0.0,0.92,0.0,1.0,5.5516223581428824e-05,0.0013879055895357206,0.19202171451659905,0.3963431557298227
separated,100,400,4.0,0.05,0.3,41,cp,1.0,1.0,1.0,0.0,1.0,0.0,1.0,0.0037538791682131256,0.029280424459179888,0.09585922942532493,0.2644850166788323
separated,100,400,4.0,0.05,0.3,41,dkw,1.0,1.0,1.0,0.0,0.96,0.0,1.0,0.012314013295710998,0.1106419599765065,0.17841541161213353,0.39891700301796496
separated,100,400,4.0,0.05,0.3,42,cp,1.0,1.0,1.0,0.0,1.0,0.0,1.0,0.001633721639993544,0.009517662055048115,0.09342251957923432,0.23357702896423926
separated,100,400,4.0,0.05,0.3,42,dkw,1.0,1.0,1.0,0.0,0.92,0.0,1.0,0.001633721639993544,0.009517662055048115,0.17962521416247518,0.3902949644340614
separated,100,400,4.0,0.05,0.3,43,cp,1.0,1.0,1.0,0.0,1.0,0.0,1.0,0.00022699495854578534,0.002951276737924724,0.11066972403553431,0.2201261117999207
separated,100,400,4.0,0.05,0.3,43,dkw,1.0,1.0,1.0,0.0,0.92,0.0,1.0,0.00017389107973358352,0.0024981739367750944,0.19471160947042518,0.396087967183709
separated,100,400,4.0,0.05,0.3,44,cp,1.0,1.0,1.0,0.0,1.0,0.0,1.0,0.00017389107973358352,0.0024981739367750944,0.1019156683489019,0.21780307577960167
separated,100,400,4.0,0.05,0.3,44,dkw,1.0,1.0,1.0,0.0,0.96,0.0,1.0,0.0017352316959861902,0.015429447841863064,0.18664823330707112,0.39453192940991033
separated,100,400,4.0,0.05,0.3,45,cp,1.0,1.0,1.0,0.0,1.0,0.0,1.0,0.00022699495854578534,0.002951276737924724,0.10209463167716751,0.2419908441970281
separated,100,400,4.0,0.05,0.3,45,dkw,1.0,1.0,1.0,0.0,0.96,0.0,1.0,0.00010894388902879637,0.0013879055895357206,0.18699549988316044,0.3948237467143946
separated,100,400,4.0,0.05,0.3,46,cp,1.0,1.0,1.0,0.0,1.0,0.0,1.0,0.0017352316959861902,0.015429447841863064,0.10465668666160494,0.24437950287971733
separated,100,400,4.0,0.05,0.3,46,dkw,1.0,1.0,1.0,0.0,0.96,0.0,1.0,0.007943851120232166,0.06310094808799416,0.18498554954835414,0.3963431557298227
separated,100,400,4.0,0.05,0.3,47,cp,1.0,1.0,1.0,0.0,1.0,0.0,1.0,0.00010894388902879637,0.0013879055895357206,0.09384935633260234,0.23663375761711325
separated,100,400,4.0,0.05,0.3,47,dkw,1.0,1.0,1.0,0.0,0.96,0.0,1.0,7.396412226257975e-05,0.0013879055895357206,0.17990164070617048,0.391799675815094
separated,100,400,4.0,0.05,0.3,48,cp,1.0,1.0,1.0,0.0,1.0,0.0,1.0,0.00036819937398224756,0.004857707356216601,0.09886131414938333,0.24437950287971733
separated,100,400,4.0,0.05,0.3,48,dkw,1.0,1.0,1.0,0.0,0.92,0.0,1.0,0.0017352316959861902,0.015429447841863064,0.18351020007591412,0.3963431557298227
separated,100,400,4.0,0.05,0.3,49,cp,1.0,1.0,1.0,0.0,1.0,0.0,1.0,0.0012530151577916193,0.008326918190812438,0.09557598457895444,0.20994810673791875
separated,100,400,4.0,0.05,0.3,49,dkw,1.0,1.0,1.0,0.0,0.96,0.0,1.0,0.00022699495854578534,0.002951276737924724,0.18369603078546207,0.3898947364616008
separated,100,400,4.0,0.05,0.3,50,cp,1.0,1.0,1.0,0.0,1.0,0.0,1.0,1.844789868115093e-05,0.0004611974670287733,0.10993178566831581,0.2595959129831672
separated,100,400,4.0,0.05,0.3,50,dkw,1.0,1.0,1.0,0.0,0.92,0.0,1.0,0.00017389107973358352,0.0024981739367750944,0.18869135032304804,0.40292770562777247
separated,100,400,4.0,0.05,0.3,51,cp,1.0,1.0,1.0,0.0,1.0,0.0,1.0,0.0,0.0,0.10710710025138497,0.2584740586060539
separated,100,400,4.0,0.05,0.3,51,dkw,1.0,1.0,1.0,0.0,0.96,0.0,1.0,0.00036819937398224756,0.004857707356216601,0.18639097679891162,0.39661532010390965
separated,100,400,4.0,0.05,0.3,52,cp,1.0,1.0,1.0,0.0,1.0,0.0,1.0,5.5516223581428824e-05,0.0013879055895357206,0.09655873936593844,0.23942125058081365
separated,100,400,4.0,0.05,0.3,52,dkw,1.0,1.0,1.0,0.0,0.92,0.0,1.0,0.00017389107973358352,0.0024981739367750944,0.18201178324060835,0.39330926168672464
separated,100,400,4.0,0.05,0.3,53,cp,1.0,1.0,1.0,0.0,1.0,0.0,1.0,0.0003486315546563512,0.0044288204922998675,0.09758598266952431,0.2428679275579101
separated,100,400,4.0,0.05,0.3,53,dkw,1.0,1.0,1.0,0.0,0.96,0.0,1.0,0.00022699495854578534,0.002951276737924724,0.1808030569087328,0.39365097148598027
separated,100,400,4.0,0.05,0.3,54,cp,1.0,1.0,1.0,0.0,1.0,0.0,1.0,0.001633721639993544,0.009517662055048115,0.09411639408164196,0.23357702896423926
separated,100,400,4.0,0.05,0.3,54,dkw,1.0,1.0,1.0,0.0,0.96,0.0,1.0,0.0012530151577916193,0.008326918190812438,0.1797576397088687,0.3902949644340614
separated,100,400,4.0,0.05,0.3,55,cp,1.0,1.0,1.0,0.0,1.0,0.0,1.0,0.00022699495854578534,0.002951276737924724,0.09900588948440943,0.21534767068662208
separated,100,400,4.0,0.05,0.3,55,dkw,1.0,1.0,1.0,0.0,0.96,0.0,1.0,7.396412226257975e-05,0.0013879055895357206,0.18664281686781992,0.3929810628101621
separated,100,400,4.0,0.05,0.3,56,cp,1.0,1.0,1.0,0.0,1.0,0.0,1.0,0.0017352316959861902,0.015429447841863064,0.08833104531719466,0.21780307577960167
separated,100,400,4.0,0.05,0.3,56,dkw,1.0,1.0,1.0,0.0,0.92,0.0,1.0,0.007943851120232166,0.06310094808799416,0.17613691495909564,0.39453192940991033
separated,100,400,4.0,0.05,0.3,57,cp,1.0,1.0,1.0,0.0,1.0,0.0,1.0,0.0060564884531510675,0.04164835071248185,0.11440999286337732,0.26186909185181084
separated,100,400,4.0,0.05,0.3,57,dkw,1.0,1.0,1.0,0.0,0.92,0.0,1.0,0.012314013295710998,0.1106419599765065,0.19011886277133244,0.4076302680797441
separated,100,400,4.0,0.05,0.3,58,cp,1.0,1.0,1.0,0.0,1.0,0.0,1.0,0.00573536328236965,0.03120265710962078,0.09738153849487244,0.2244374911727508
separated,100,400,4.0,0.05,0.3,58,dkw,1.0,1.0,1.0,0.0,0.92,0.0,1.0,0.003698362944631697,0.029280424459179888,0.18245422891218577,0.39921566403372344
separated,100,400,4.0,0.05,0.3,59,cp,1.0,1.0,1.0,0.0,1.0,0.0,1.0,0.006472465765169519,0.02443241192207979,0.11233078848089181,0.23809832881823867
separated,100,400,4.0,0.05,0.3,59,dkw,1.0,1.0,1.0,0.0,0.92,0.0,1.0,0.008651158051366794,0.06310094808799416,0.19092419922986154,0.4010972820909321
separated,100,400,4.0,0.05,0.3,60,cp,1.0,1.0,1.0,0.0,1.0,0.0,1.0,0.007943851120232166,0.06310094808799416,0.1013048157543519,0.26529297391361983
separated,100,400,4.0,0.05,0.3,60,dkw,1.0,1.0,1.0,0.0,0.96,0.0,1.0,0.012314013295710998,0.1106419599765065,0.1812976358043035,0.39545216849777076
separated,100,400,4.0,0.05,0.3,61,cp,1.0,1.0,1.0,0.0,1.0,0.0,1.0,0.00036819937398224756,0.004857707356216601,0.11484567741912816,0.2525836278259198
separated,100,400,4.0,0.05,0.3,61,dkw,1.0,1.0,1.0,0.0,0.96,0.0,1.0,0.0017352316959861902,0.015429447841863064,0.19489883281398787,0.4024705342022329
separated,100,400,4.0,0.05,0.3,62,cp,1.0,1.0,1.0,0.0,1.0,0.0,1.0,0.010361970181508928,0.03222669789706989,0.12004537126949721,0.26847635085415855
separated,100,400,4.0,0.05,0.3,62,dkw,1.0,1.0,1.0,0.0,0.92,0.0,1.0,0.011512867411703947,0.03457353540276897,0.2006264206596704,0.4026008140177082
separated,100,400,4.0,0.05,0.3,63,cp,1.0,1.0,1.0,0.0,1.0,0.0,1.0,0.00010894388902879637,0.0013879055895357206,0.09181940734401628,0.20994810673791875
separated,100,400,4.0,0.05,0.3,63,dkw,1.0,1.0,1.0,0.0,0.96,0.0,1.0,0.00036819937398224756,0.004857707356216601,0.18021915546357675,0.3898947364616008
separated,100,400,4.0,0.05,0.3,64,cp,1.0,1.0,1.0,0.0,1.0,0.0,1.0,5.5516223581428824e-05,0.0013879055895357206,0.08551779487793182,0.20693812581832893
separated,100,400,4.0,0.05,0.3,64,dkw,1.0,1.0,1.0,0.0,0.96,0.0,1.0,0.00036819937398224756,0.004857707356216601,0.1765165481647891,0.3883592238337443
separated,100,400,4.0,0.05,0.3,65,cp,1.0,1.0,1.0,0.0,1.0,0.0,1.0,5.5516223581428824e-05,0.0013879055895357206,0.09874679492691374,0.23942125058081365
separated,100,400,4.0,0.05,0.3,65,dkw,1.0,1.0,1.0,0.0,0.96,0.0,1.0,0.00036819937398224756,0.004857707356216601,0.182490117291033,0.39330926168672464
separated,100,400,4.0,0.05,0.3,66,cp,1.0,1.0,1.0,0.0,1.0,0.0,1.0,0.0016797154724047614,0.015429447841863064,0.1072208918355052,0.26076049047021777
separated,100,400,4.0,0.05,0.3,66,dkw,1.0,1.0,1.0,0.0,0.92,0.0,1.0,0.0054198131967124,0.04164835071248185,0.18627425463717678,0.4026008140177082
separated,100,400,4.0,0.05,0.3,67,cp,1.0,1.0,1.0,0.0,1.0,0.0,1.0,0.005538628957516525,0.0176826732783657,0.09566784256664185,0.24336211477346448
separated,100,400,4.0,0.05,0.3,67,dkw,1.0,1.0,1.0,0.0,0.96,0.0,1.0,0.0055941451810979535,0.0176826732783657,0.17904110422723246,0.39217581516250866
separated,100,400,4.0,0.05,0.3,68,cp,1.0,1.0,1.0,0.0,1.0,0.0,1.0,0.0030527024845362627,0.012967952435732899,0.11244140685279674,0.24437950287971733
separated,100,400,4.0,0.05,0.3,68,dkw,1.0,1.0,1.0,0.0,0.92,0.0,1.0,0.0020609246993588083,0.010680076484131606,0.19484444346851876,0.3963431557298227
separated,100,400,4.0,0.05,0.3,69,cp,1.0,1.0,1.0,0.0,1.0,0.0,1.0,5.5516223581428824e-05,0.0013879055895357206,0.08551779487793182,0.20693812581832893
separated,100,400,4.0,0.05,0.3,69,dkw,1.0,1.0,1.0,0.0,0.96,0.0,1.0,0.00036819937398224756,0.004857707356216601,0.1765165481647891,0.3883592238337443
separated,100,400,4.0,0.05,0.3,70,cp,1.0,1.0,1.0,0.0,1.0,0.0,1.0,0.00011837485615215471,0.0024981739367750944,0.09737894226019714,0.24478985465099323
separated,100,400,4.0,0.05,0.3,70,dkw,1.0,1.0,1.0,0.0,0.92,0.0,1.0,0.00036819937398224756,0.004857707356216601,0.18265902763831143,0.39661532010390965
separated,100,400,4.0,0.05,0.3,71,cp,1.0,1.0,1.0,0.0,1.0,0.0,1.0,0.00036819937398224756,0.004857707356216601,0.07981014678811217,0.20693812581832893
separated,100,400,4.0,0.05,0.3,71,dkw,1.0,1.0,1.0,0.0,0.96,0.0,1.0,0.0011180537823116676,0.011086578425139715,0.173544493823875,0.3883592238337443
separated,100,400,4.0,0.05,0.3,72,cp,1.0,1.0,1.0,0.0,1.0,0.0,1.0,0.00258266218984593,0.021185762346493497,0.0864813603476756,0.23663375761711325
separated,100,400,4.0,0.05,0.3,72,dkw,1.0,1.0,1.0,0.0,0.96,0.0,1.0,0.007943851120232166,0.06310094808799416,0.1739077250809697,0.391799675815094
separated,100,400,4.0,0.05,0.3,73,cp,1.0,1.0,1.0,0.0,1.0,0.0,1.0,0.00036819937398224756,0.004857707356216601,0.10787405816588994,0.2644850166788323
separated,100,400,4.0,0.05,0.3,73,dkw,1.0,1.0,1.0,0.0,0.96,0.0,1.0,0.0017352316959861902,0.015429447841863064,0.18740581564863068,0.39959853826367286
separated,100,400,4.0,0.05,0.3,74,cp,1.0,1.0,1.0,0.0,1.0,0.0,1.0,0.0006921914800200968,0.01730478700050242,0.09882067562977906,0.2387213858222157
separated,100,400,4.0,0.05,0.3,74,dkw,1.0,1.0,1.0,0.0,0.96,0.0,1.0,7.396412226257975e-05,0.0013879055895357206,0.18215969709989366,0.3951307987589351
separated,100,400,4.0,0.05,0.3,75,cp,1.0,1.0,1.0,0.0,1.0,0.0,1.0,0.004240430348964121,0.02311615559381819,0.11194764760262299,0.246614566135815
separated,100,400,4.0,0.05,0.3,75,dkw,1.0,1.0,1.0,0.0,0.92,0.0,1.0,0.002442538627120818,0.0176826732783657,0.192303665246566,0.3978675137324098
separated,100,400,4.0,0.05,0.3,76,cp,1.0,1.0,1.0,0.0,1.0,0.0,1.0,0.001311265901744747,0.01730478700050242,0.1128305655899332,0.2519594487118675
separated,100,400,4.0,0.05,0.3,76,dkw,1.0,1.0,1.0,0.0,0.92,0.0,1.0,0.0017352316959861902,0.015429447841863064,0.19159500710164984,0.404227652262488
separated,100,400,4.0,0.05,0.3,77,cp,1.0,1.0,1.0,0.0,1.0,0.0,1.0,0.0008105663361722515,0.01730478700050242,0.11273815464155901,0.2621474202749554
separated,100,400,4.0,0.05,0.3,77,dkw,1.0,1.0,1.0,0.0,0.92,0.0,1.0,0.00017389107973358352,0.0024981739367750944,0.1908769206423122,0.40594564853481885
separated,100,400,4.0,0.05,0.3,78,cp,1.0,1.0,1.0,0.0,1.0,0.0,1.0,0.00022699495854578534,0.002951276737924724,0.08506296729344846,0.20693812581832893
separated,100,400,4.0,0.05,0.3,78,dkw,1.0,1.0,1.0,0.0,0.92,0.0,1.0,0.00010894388902879637,0.0013879055895357206,0.1779267681160595,0.3883592238337443
separated,100,400,4.0,0.05,0.3,79,cp,1.0,1.0,1.0,0.0,1.0,0.0,1.0,0.003698362944631697,0.029280424459179888,0.10209060968620552,0.255229949236619
separated,100,400,4.0,0.05,0.3,79,dkw,1.0,1.0,1.0,0.0,0.92,0.0,1.0,0.012314013295710998,0.1106419599765065,0.18207169042097227,0.40031439270713864
separated,100,400,4.0,0.05,0.3,80,cp,1.0,1.0,1.0,0.0,1.0,0.0,1.0,0.00010894388902879637,0.0013879055895357206,0.09384935633260234,0.23663375761711325
separated,100,400,4.0,0.05,0.3,80,dkw,1.0,1.0,1.0,0.0,0.96,0.0,1.0,7.396412226257975e-05,0.0013879055895357206,0.17990164070617048,0.391799675815094
separated,100,400,4.0,0.05,0.3,81,cp,1.0,1.0,1.0,0.0,1.0,0.0,1.0,0.00017389107973358352,0.0024981739367750944,0.09741415648696684,0.23942125058081365
separated,100,400,4.0,0.05,0.3,81,dkw,1.0,1.0,1.0,0.0,0.96,0.0,1.0,0.0011180537823116676,0.011086578425139715,0.18115484188015643,0.39330926168672464
separated,100,400,4.0,0.05,0.3,82,cp,1.0,1.0,1.0,0.0,1.0,0.0,1.0,0.0006745906453060791,0.007659781783095787,0.11448564757363588,0.2507022230131979
separated,100,400,4.0,0.05,0.3,82,dkw,1.0,1.0,1.0,0.0,0.92,0.0,1.0,0.00258266218984593,0.021185762346493497,0.1930389927375419,0.4009311775435931
separated,100,400,4.0,0.05,0.3,83,cp,1.0,1.0,1.0,0.0,1.0,0.0,1.0,0.0037538791682131256,0.029280424459179888,0.08194173800045199,0.22233324368107144
separated,100,400,4.0,0.05,0.3,83,dkw,1.0,1.0,1.0,0.0,0.92,0.0,1.0,0.012314013295710998,0.1106419599765065,0.17254377998290416,0.39437180622048196
separated,100,400,4.0,0.05,0.3,84,cp,1.0,1.0,1.0,0.0,1.0,0.0,1.0,0.0010048746304209156,0.01730478700050242,0.10171715435751412,0.2378799771571829
separated,100,400,4.0,0.05,0.3,84,dkw,1.0,1.0,1.0,0.0,0.92,0.0,1.0,0.0017352316959861902,0.015429447841863064,0.18340015465823645,0.39661532010390965
separated,100,400,4.0,0.05,0.3,85,cp,1.0,1.0,1.0,0.0,1.0,0.0,1.0,0.004886838249963325,0.016462435358671312,0.09596108385460714,0.2511714863429573
separated,100,400,4.0,0.05,0.3,85,dkw,1.0,1.0,1.0,0.0,0.96,0.0,1.0,0.0055941451810979535,0.0176826732783657,0.17904110422723246,0.39217581516250866
separated,100,400,4.0,0.05,0.3,86,cp,1.0,1.0,1.0,0.0,1.0,0.0,1.0,0.00022699495854578534,0.002951276737924724,0.10815415670078438,0.25987498319531566
separated,100,400,4.0,0.05,0.3,86,dkw,1.0,1.0,1.0,0.0,0.96,0.0,1.0,5.5516223581428824e-05,0.0013879055895357206,0.18741691261005947,0.39661532010390965
separated,100,400,4.0,0.05,0.3,87,cp,1.0,1.0,1.0,0.0,1.0,0.0,1.0,0.005106948336234849,0.024674535038923584,0.1187472663833028,0.255229949236619
separated,100,400,4.0,0.05,0.3,87,dkw,1.0,1.0,1.0,0.0,0.92,0.0,1.0,0.0018333869545639958,0.018947016236178005,0.19744583076606184,0.4010972820909321
separated,100,400,4.0,0.05,0.3,88,cp,1.0,1.0,1.0,0.0,1.0,0.0,1.0,0.0,0.0,0.10710710025138497,0.2584740586060539
separated,100,400,4.0,0.05,0.3,88,dkw,1.0,1.0,1.0,0.0,0.92,0.0,1.0,0.00036819937398224756,0.004857707356216601,0.18639097679891162,0.39661532010390965
separated,100,400,4.0,0.05,0.3,89,cp,1.0,1.0,1.0,0.0,1.0,0.0,1.0,5.5516223581428824e-05,0.0013879055895357206,0.08551779487793182,0.20693812581832893
separated,100,400,4.0,0.05,0.3,89,dkw,1.0,1.0,1.0,0.0,0.96,0.0,1.0,0.00036819937398224756,0.004857707356216601,0.1765165481647891,0.3883592238337443
separated,100,400,4.0,0.05,0.3,90,cp,1.0,1.0,1.0,0.0,1.0,0.0,1.0,0.0055941451810979535,0.0176826732783657,0.06802981796024586,0.1912894190241088
separated,100,400,4.0,0.05,0.3,90,dkw,1.0,1.0,1.0,0.0,0.96,0.0,1.0,0.0055941451810979535,0.0176826732783657,0.16706071637999642,0.3822675684350766
separated,100,400,4.0,0.05,0.3,91,cp,1.0,1.0,1.0,0.0,1.0,0.0,1.0,0.004666674217858122,0.02443241192207979,0.12150633287283258,0.24159962646568223
separated,100,400,4.0,0.05,0.3,91,dkw,1.0,1.0,1.0,0.0,0.92,0.0,1.0,0.0030527024845362627,0.012967952435732899,0.198182409473935,0.40436890743098697
separated,100,400,4.0,0.05,0.3,92,cp,1.0,1.0,1.0,0.0,1.0,0.0,1.0,0.00040414777823778004,0.0044288204922998675,0.10930702560329866,0.24437950287971733
separated,100,400,4.0,0.05,0.3,92,dkw,1.0,1.0,1.0,0.0,0.96,0.0,1.0,0.00010894388902879637,0.0013879055895357206,0.1913718339461664,0.3963431557298227
separated,100,400,4.0,0.05,0.3,93,cp,1.0,1.0,1.0,0.0,1.0,0.0,1.0,0.007888334896650737,0.06310094808799416,0.07972558474723382,0.24563126331602603
separated,100,400,4.0,0.05,0.3,93,dkw,1.0,1.0,1.0,0.0,0.96,0.0,1.0,0.012314013295710998,0.1106419599765065,0.17028838101453353,0.39112520083491986
separated,100,400,4.0,0.05,0.3,94,cp,1.0,1.0,1.0,0.0,1.0,0.0,1.0,0.003854037258413845,0.02026610653549954,0.10459802642077054,0.2524905891954391
separated,100,400,4.0,0.05,0.3,94,dkw,1.0,1.0,1.0,0.0,0.96,0.0,1.0,0.0012530151577916193,0.008326918190812438,0.1856150382364713,0.3951307987589351
separated,100,400,4.0,0.05,0.3,95,cp,1.0,1.0,1.0,0.0,1.0,0.0,1.0,0.00010894388902879637,0.0013879055895357206,0.10363796359957682,0.21780307577960167
separated,100,400,4.0,0.05,0.3,95,dkw,1.0,1.0,1.0,0.0,0.96,0.0,1.0,0.00036819937398224756,0.004857707356216601,0.1892752602998997,0.39453192940991033
separated,100,400,4.0,0.05,0.3,96,cp,1.0,1.0,1.0,0.0,1.0,0.0,1.0,0.006475455714781528,0.026343391750294987,0.10409974727820977,0.2201261117999207
separated,100,400,4.0,0.05,0.3,96,dkw,1.0,1.0,1.0,0.0,0.92,0.0,1.0,0.00485849403184766,0.021185762346493497,0.18857792430336306,0.396087967183709
separated,100,400,4.0,0.05,0.3,97,cp,1.0,1.0,1.0,0.0,1.0,0.0,1.0,0.0016797154724047614,0.015429447841863064,0.1086148739119961,0.2676725594838314
separated,100,400,4.0,0.05,0.3,97,dkw,1.0,1.0,1.0,0.0,0.92,0.0,1.0,0.0037538791682131256,0.029280424459179888,0.18867597678324913,0.4057062457043352
separated,100,400,4.0,0.05,0.3,98,cp,1.0,1.0,1.0,0.0,1.0,0.0,1.0,0.00017389107973358352,0.0024981739367750944,0.10579946335363254,0.24437950287971733
separated,100,400,4.0,0.05,0.3,98,dkw,1.0,1.0,1.0,0.0,0.92,0.0,1.0,0.0017352316959861902,0.015429447841863064,0.18687377886070156,0.3963431557298227
separated,100,400,4.0,0.05,0.3,99,cp,1.0,1.0,1.0,0.0,1.0,0.0,1.0,7.396412226257975e-05,0.0013879055895357206,0.10140895992703504,0.2419908441970281
separated,100,400,4.0,0.05,0.3,99,dkw,1.0,1.0,1.0,0.0,0.96,0.0,1.0,0.0006745906453060791,0.007659781783095787,0.18453294316102448,0.3948237467143946
separated,100,400,4.0,0.05,0.3,100,cp,1.0,1.0,1.0,0.0,1.0,0.0,1.0,0.00011837485615215471,0.0024981739367750944,0.10079745536160542,0.2584740586060539
separated,100,400,4.0,0.05,0.3,100,dkw,1.0,1.0,1.0,0.0,0.96,0.0,1.0,0.0006745906453060791,0.007659781783095787,0.18308454604124103,0.39661532010390965
separated,100,400,4.0,0.05,0.3,101,cp,1.0,1.0,1.0,0.0,1.0,0.0,1.0,0.0,0.0,0.09986587626964699,0.23424584200312815
separated,100,400,4.0,0.05,0.3,101,dkw,1.0,1.0,1.0,0.0,0.96,0.0,1.0,7.396412226257975e-05,0.0013879055895357206,0.18518303024323562,0.3948237467143946
separated,100,400,4.0,0.05,0.3,102,cp,1.0,1.0,1.0,0.0,1.0,0.0,1.0,0.00022699495854578534,0.002951276737924724,0.11135252358620822,0.27361087509085824
separated,100,400,4.0,0.05,0.3,102,dkw,1.0,1.0,1.0,0.0,0.92,0.0,1.0,5.5516223581428824e-05,0.0013879055895357206,0.18902401612875486,0.3998194556853606
separated,100,400,4.0,0.05,0.3,103,cp,1.0,1.0,1.0,0.0,1.0,0.0,1.0,0.005538628957516525,0.0176826732783657,0.08942004812608334,0.23669116657309275
separated,100,400,4.0,0.05,0.3,103,dkw,1.0,1.0,1.0,0.0,0.96,0.0,1.0,0.0055941451810979535,0.0176826732783657,0.17534445285285472,0.3907053068172064
separated,100,400,4.0,0.05,0.3,104,cp,1.0,1.0,1.0,0.0,1.0,0.0,1.0,0.0030527024845362627,0.012967952435732899,0.09455302204012257,0.23357702896423926
separated,100,400,4.0,0.05,0.3,104,dkw,1.0,1.0,1.0,0.0,0.96,0.0,1.0,0.0020609246993588083,0.010680076484131606,0.18014300353867607,0.3902949644340614
separated,100,400,4.0,0.05,0.3,105,cp,1.0,1.0,1.0,0.0,1.0,0.0,1.0,0.00040414777823778004,0.0044288204922998675,0.08034467004852865,0.22633669221300134
separated,100,400,4.0,0.05,0.3,105,dkw,1.0,1.0,1.0,0.0,0.96,0.0,1.0,0.00040414777823778004,0.0044288204922998675,0.17179058550625992,0.38730006730509126
separated,100,400,4.0,0.05,0.3,106,cp,1.0,1.0,1.0,0.0,1.0,0.0,1.0,0.0006745906453060791,0.007659781783095787,0.09606947313784339,0.21780307577960167
separated,100,400,4.0,0.05,0.3,106,dkw,1.0,1.0,1.0,0.0,0.92,0.0,1.0,0.0037538791682131256,0.029280424459179888,0.181661704460684,0.39453192940991033
separated,100,400,4.0,0.05,0.3,107,cp,1.0,1.0,1.0,0.0,1.0,0.0,1.0,0.00017389107973358352,0.0024981739367750944,0.1001925626531321,0.24437950287971733
separated,100,400,4.0,0.05,0.3,107,dkw,1.0,1.0,1.0,0.0,0.96,0.0,1.0,0.0006745906453060791,0.007659781783095787,0.1849053537872662,0.3963431557298227
separated,100,400,4.0,0.05,0.3,108,cp,1.0,1.0,1.0,0.0,1.0,0.0,1.0,0.0009199384301591218,0.007093661650140026,0.11625898479650848,0.2644850166788323
separated,100,400,4.0,0.05,0.3,108,dkw,1.0,1.0,1.0,0.0,0.92,0.0,1.0,0.00040414777823778004,0.0044288204922998675,0.19506556722921936,0.39959853826367286
separated,100,400,4.0,0.05,0.3,109,cp,0.0,1.0,1.0,0.0,1.0,0.0,1.0,0.00017389107973358352,0.0024981739367750944,0.08831816002893472,0.23663375761711325
separated,100,400,4.0,0.05,0.3,109,dkw,1.0,1.0,1.0,0.0,0.92,0.0,1.0,0.0006745906453060791,0.007659781783095787,0.1771680163616292,0.391799675815094
separated,100,400,4.0,0.05,0.3,110,cp,1.0,1.0,1.0,0.0,1.0,0.0,1.0,0.00036819937398224756,0.004857707356216601,0.10546971413192102,0.26226993727239833
separated,100,400,4.0,0.05,0.3,110,dkw,1.0,1.0,1.0,0.0,0.92,0.0,1.0,0.0017352316959861902,0.015429447841863064,0.1854047128784926,0.39810455879591045
separated,100,400,4.0,0.05,0.3,111,cp,1.0,1.0,1.0,0.0,1.0,0.0,1.0,0.0018253607134462958,0.0176826732783657,0.10015569425962806,0.2201261117999207
separated,100,400,4.0,0.05,0.3,111,dkw,1.0,1.0,1.0,0.0,0.92,0.0,1.0,0.007943851120232166,0.06310094808799416,0.1834312664851005,0.396087967183709
separated,100,400,4.0,0.05,0.3,112,cp,1.0,1.0,1.0,0.0,1.0,0.0,1.0,0.0017352316959861902,0.015429447841863064,0.09290896616792187,0.2419908441970281
separated,100,400,4.0,0.05,0.3,112,dkw,1.0,1.0,1.0,0.0,0.92,0.0,1.0,0.0054198131967124,0.04164835071248185,0.17816502901618977,0.3948237467143946
separated,100,400,4.0,0.05,0.3,113,cp,1.0,1.0,1.0,0.0,1.0,0.0,1.0,7.396412226257975e-05,0.0013879055895357206,0.10389910076910158,0.24437950287971733
separated,100,400,4.0,0.05,0.3,113,dkw,1.0,1.0,1.0,0.0,0.96,0.0,1.0,0.0006745906453060791,0.007659781783095787,0.1865673303395966,0.3963431557298227
separated,100,400,4.0,0.05,0.3,114,cp,1.0,1.0,1.0,0.0,1.0,0.0,1.0,0.0012530151577916193,0.008326918190812438,0.10446243127928483,0.2572639135013106
separated,100,400,4.0,0.05,0.3,114,dkw,1.0,1.0,1.0,0.0,0.96,0.0,1.0,0.0009199384301591218,0.007093661650140026,0.18513318206213625,0.3951307987589351
separated,100,400,4.0,0.05,0.3,115,cp,1.0,1.0,1.0,0.0,1.0,0.0,1.0,0.0,0.0,0.09650831626720349,0.24218384685270633
separated,100,400,4.0,0.05,0.3,115,dkw,1.0,1.0,1.0,0.0,0.92,0.0,1.0,5.5516223581428824e-05,0.0013879055895357206,0.18159911178272078,0.3951307987589351
separated,100,400,4.0,0.05,0.3,116,cp,1.0,1.0,1.0,0.0,1.0,0.0,1.0,0.0025271459662645013,0.021185762346493497,0.09442176413399388,0.2520030430819682
separated,100,400,4.0,0.05,0.3,116,dkw,1.0,1.0,1.0,0.0,0.96,0.0,1.0,0.007943851120232166,0.06310094808799416,0.18120641823351855,0.4024705342022329
separated,100,400,4.0,0.05,0.3,117,cp,1.0,1.0,1.0,0.0,1.0,0.0,1.0,0.00017389107973358352,0.0024981739367750944,0.10015143958198003,0.2419908441970281
separated,100,400,4.0,0.05,0.3,117,dkw,1.0,1.0,1.0,0.0,0.92,0.0,1.0,0.0017352316959861902,0.015429447841863064,0.18317195118810756,0.3948237467143946
separated,100,400,4.0,0.05,0.3,118,cp,1.0,1.0,1.0,0.0,1.0,0.0,1.0,5.5516223581428824e-05,0.0013879055895357206,0.12491448457919951,0.27028874140320625
separated,100,400,4.0,0.05,0.3,118,dkw,1.0,1.0,1.0,0.0,0.96,0.0,1.0,0.00036819937398224756,0.004857707356216601,0.2012282091572474,0.4041091579416024
separated,100,400,4.0,0.05,0.3,119,cp,1.0,1.0,1.0,0.0,1.0,0.0,1.0,0.002478468163525518,0.011826492193703464,0.10065462156824459,0.26108075226806193
separated,100,400,4.0,0.05,0.3,119,dkw,1.0,1.0,1.0,0.0,0.92,0.0,1.0,0.003617288634356801,0.014114653745513461,0.18118799583972742,0.39545216849777076
separated,100,400,4.0,0.05,0.3,120,cp,1.0,1.0,1.0,0.0,1.0,0.0,1.0,0.00036819937398224756,0.004857707356216601,0.10174927089124022,0.26226993727239833
separated,100,400,4.0,0.05,0.3,120,dkw,1.0,1.0,1.0,0.0,0.96,0.0,1.0,0.0017352316959861902,0.015429447841863064,0.18373150988444345,0.39810455879591045
separated,100,400,4.0,0.05,0.3,121,cp,1.0,1.0,1.0,0.0,1.0,0.0,1.0,0.00022699495854578534,0.002951276737924724,0.1045515268493535,0.25987498319531566
separated,100,400,4.0,0.05,0.3,121,dkw,1.0,1.0,1.0,0.0,0.92,0.0,1.0,0.00010894388902879637,0.0013879055895357206,0.18616083504255165,0.39661532010390965
separated,100,400,4.0,0.05,0.3,122,cp,1.0,1.0,1.0,0.0,1.0,0.0,1.0,0.003617288634356801,0.014114653745513461,0.08917959268965234,0.23017833544748645
separated,100,400,4.0,0.05,0.3,122,dkw,1.0,1.0,1.0,0.0,0.96,0.0,1.0,0.003617288634356801,0.014114653745513461,0.17665218636098948,0.3887951030430741
separated,100,400,4.0,0.05,0.3,123,cp,1.0,1.0,1.0,0.0,1.0,0.0,1.0,0.003219337446284598,0.021185762346493497,0.10467734488456201,0.2658768249998157
separated,100,400,4.0,0.05,0.3,123,dkw,1.0,1.0,1.0,0.0,0.92,0.0,1.0,0.0037538791682131256,0.029280424459179888,0.18736124248719496,0.4087865681198155
separated,100,400,4.0,0.05,0.3,124,cp,1.0,1.0,1.0,0.0,1.0,0.0,1.0,0.001520703804163177,0.018947016236178005,0.10321764666045893,0.21534767068662208
separated,100,400,4.0,0.05,0.3,124,dkw,1.0,1.0,1.0,0.0,0.96,0.0,1.0,0.0017352316959861902,0.015429447841863064,0.18805439199775073,0.3929810628101621
separated,100,400,4.0,0.05,0.3,125,cp,1.0,1.0,1.0,0.0,1.0,0.0,1.0,0.00017389107973358352,0.0024981739367750944,0.10324583606758198,0.26226993727239833
separated,100,400,4.0,0.05,0.3,125,dkw,1.0,1.0,1.0,0.0,0.92,0.0,1.0,0.0006745906453060791,0.007659781783095787,0.1851076968868476,0.39810455879591045
separated,100,400,4.0,0.05,0.3,126,cp,1.0,1.0,1.0,0.0,1.0,0.0,1.0,0.00010894388902879637,0.0013879055895357206,0.09821973346874056,0.21534767068662208
separated,100,400,4.0,0.05,0.3,126,dkw,1.0,1.0,1.0,0.0,0.92,0.0,1.0,0.00036819937398224756,0.004857707356216601,0.1855466638945822,0.3929810628101621
separated,100,400,4.0,0.05,0.3,127,cp,1.0,1.0,1.0,0.0,1.0,0.0,1.0,0.003617288634356801,0.014114653745513461,0.0918765653147825,0.20693812581832893
separated,100,400,4.0,0.05,0.3,127,dkw,1.0,1.0,1.0,0.0,0.96,0.0,1.0,0.0020609246993588083,0.010680076484131606,0.18159040318982467,0.3883592238337443
separated,100,400,4.0,0.05,0.3,128,cp,1.0,1.0,1.0,0.0,1.0,0.0,1.0,5.5516223581428824e-05,0.0013879055895357206,0.08957012804925216,0.23357702896423926
separated,100,400,4.0,0.05,0.3,128,dkw,1.0,1.0,1.0,0.0,0.92,0.0,1.0,0.00017389107973358352,0.0024981739367750944,0.17673519998877452,0.3902949644340614
separated,100,400,4.0,0.05,0.3,129,cp,1.0,1.0,1.0,0.0,1.0,0.0,1.0,0.001311265901744747,0.01730478700050242,0.10843997605854586,0.2719966888731462
separated,100,400,4.0,0.05,0.3,129,dkw,1.0,1.0,1.0,0.0,0.96,0.0,1.0,0.0017352316959861902,0.015429447841863064,0.18583564662758126,0.4014908864230341
separated,100,400,4.0,0.05,0.3,130,cp,1.0,1.0,1.0,0.0,1.0,0.0,1.0,0.0055941451810979535,0.0176826732783657,0.0964225078278346,0.20994810673791875
separated,100,400,4.0,0.05,0.3,130,dkw,1.0,1.0,1.0,0.0,0.96,0.0,1.0,0.0055941451810979535,0.0176826732783657,0.18572101752597284,0.3898947364616008
separated,100,400,4.0,0.05,0.3,131,cp,1.0,1.0,1.0,0.0,1.0,0.0,1.0,0.00258266218984593,0.021185762346493497,0.10254647505078425,0.2779259872229288
separated,100,400,4.0,0.05,0.3,131,dkw,1.0,1.0,1.0,0.0,0.92,0.0,1.0,0.007943851120232166,0.06310094808799416,0.18272657375644305,0.4027536710328684
separated,100,400,4.0,0.05,0.3,132,cp,1.0,1.0,1.0,0.0,1.0,0.0,1.0,0.003698362944631697,0.029280424459179888,0.09856673899623068,0.2506758570748594
separated,100,400,4.0,0.05,0.3,132,dkw,1.0,1.0,1.0,0.0,0.96,0.0,1.0,0.012314013295710998,0.1106419599765065,0.17985004241371072,0.39720651713407296
separated,100,400,4.0,0.05,0.3,133,cp,1.0,1.0,1.0,0.0,1.0,0.0,1.0,0.0010625375587302388,0.011086578425139715,0.10198025668588345,0.25300560144697903
separated,100,400,4.0,0.05,0.3,133,dkw,1.0,1.0,1.0,0.0,0.92,0.0,1.0,0.00258266218984593,0.021185762346493497,0.18417117718551182,0.39959853826367286
separated,100,400,4.0,0.05,0.3,134,cp,1.0,1.0,1.0,0.0,1.0,0.0,1.0,0.0028669868911134788,0.02443241192207979,0.09747249972752739,0.2218778431968934
separated,100,400,4.0,0.05,0.3,134,dkw,1.0,1.0,1.0,0.0,0.96,0.0,1.0,0.0009199384301591218,0.007093661650140026,0.1828696800824124,0.391799675815094
separated,100,400,4.0,0.05,0.3,135,cp,1.0,1.0,1.0,0.0,1.0,0.0,1.0,0.0010625375587302388,0.011086578425139715,0.11253033996444362,0.26415649476170566
separated,100,400,4.0,0.05,0.3,135,dkw,1.0,1.0,1.0,0.0,0.96,0.0,1.0,0.0037538791682131256,0.029280424459179888,0.18979359533018056,0.4026008140177082
separated,100,400,4.0,0.05,0.3,136,cp,1.0,1.0,1.0,0.0,1.0,0.0,1.0,0.0008105663361722515,0.01730478700050242,0.11310558013994748,0.2484245045413298
separated,100,400,4.0,0.05,0.3,136,dkw,1.0,1.0,1.0,0.0,0.92,0.0,1.0,0.0006745906453060791,0.007659781783095787,0.19118003191611166,0.40436890743098697
separated,100,400,4.0,0.05,0.3,137,cp,1.0,1.0,1.0,0.0,1.0,0.0,1.0,7.396412226257975e-05,0.0013879055895357206,0.10389910076910158,0.24437950287971733
separated,100,400,4.0,0.05,0.3,137,dkw,1.0,1.0,1.0,0.0,0.96,0.0,1.0,0.0006745906453060791,0.007659781783095787,0.1865673303395966,0.3963431557298227
separated,100,400,4.0,0.05,0.3,138,cp,1.0,1.0,1.0,0.0,1.0,0.0,1.0,0.00036819937398224756,0.004857707356216601,0.09112148059812662,0.21534767068662208
separated,100,400,4.0,0.05,0.3,138,dkw,1.0,1.0,1.0,0.0,0.92,0.0,1.0,0.00258266218984593,0.021185762346493497,0.17971149586773014,0.3929810628101621
separated,100,400,4.0,0.05,0.3,139,cp,1.0,1.0,1.0,0.0,1.0,0.0,1.0,0.0003126831504008187,0.004857707356216601,0.12129619529997289,0.2689403381767471
separated,100,400,4.0,0.05,0.3,139,dkw,1.0,1.0,1.0,0.0,0.92,0.0,1.0,0.0011180537823116676,0.011086578425139715,0.1973353464429204,0.4102134200398583
separated,100,400,4.0,0.05,0.3,140,cp,1.0,1.0,1.0,0.0,1.0,0.0,1.0,0.0036748964326806677,0.02443241192207979,0.09370230488136329,0.2258316306548065
separated,100,400,4.0,0.05,0.3,140,dkw,1.0,1.0,1.0,0.0,0.96,0.0,1.0,0.0020609246993588083,0.010680076484131606,0.17870815130391896,0.39217581516250866
separated,100,400,4.0,0.05,0.3,141,cp,1.0,1.0,1.0,0.0,1.0,0.0,1.0,0.004920070016542582,0.03120265710962078,0.10075164932876511,0.24437950287971733
separated,100,400,4.0,0.05,0.3,141,dkw,1.0,1.0,1.0,0.0,0.92,0.0,1.0,0.0018896904142302873,0.01730478700050242,0.18270812234165226,0.3963431557298227
separated,100,400,4.0,0.05,0.3,142,cp,1.0,1.0,1.0,0.0,1.0,0.0,1.0,0.0017352316959861902,0.015429447841863064,0.07563501887893304,0.20693812581832893
separated,100,400,4.0,0.05,0.3,142,dkw,1.0,1.0,1.0,0.0,0.96,0.0,1.0,0.0054198131967124,0.04164835071248185,0.17013798517081452,0.3883592238337443
separated,100,400,4.0,0.05,0.3,143,cp,1.0,1.0,1.0,0.0,1.0,0.0,1.0,0.0017352316959861902,0.015429447841863064,0.09408892578582945,0.2507022230131979
separated,100,400,4.0,0.05,0.3,143,dkw,1.0,1.0,1.0,0.0,0.92,0.0,1.0,0.0054198131967124,0.04164835071248185,0.18107357966020024,0.4009311775435931
separated,100,400,4.0,0.05,0.3,144,cp,1.0,1.0,1.0,0.0,1.0,0.0,1.0,0.0054198131967124,0.04164835071248185,0.10880088158283066,0.27513747796319
separated,100,400,4.0,0.05,0.3,144,dkw,1.0,1.0,1.0,0.0,0.92,0.0,1.0,0.012314013295710998,0.1106419599765065,0.18645618928639215,0.40627119921467836
separated,100,400,4.0,0.05,0.3,145,cp,1.0,1.0,1.0,0.0,1.0,0.0,1.0,7.396412226257975e-05,0.0013879055895357206,0.10140895992703504,0.2419908441970281
separated,100,400,4.0,0.05,0.3,145,dkw,1.0,1.0,1.0,0.0,0.96,0.0,1.0,0.0006745906453060791,0.007659781783095787,0.18453294316102448,0.3948237467143946
separated,100,400,4.0,0.05,0.3,146,cp,1.0,1.0,1.0,0.0,1.0,0.0,1.0,0.005127484793050061,0.024674535038923584,0.10856765020439613,0.24437950287971733
separated,100,400,4.0,0.05,0.3,146,dkw,1.0,1.0,1.0,0.0,0.92,0.0,1.0,0.00401106353798792,0.02026610653549954,0.19011179104186204,0.3963431557298227
separated,100,400,4.0,0.05,0.3,147,cp,1.0,1.0,1.0,0.0,1.0,0.0,1.0,0.0006745906453060791,0.007659781783095787,0.11615481080990897,0.2487167759955815
separated,100,400,4.0,0.05,0.3,147,dkw,1.0,1.0,1.0,0.0,0.96,0.0,1.0,0.0037538791682131256,0.029280424459179888,0.19444339842781339,0.3993968458906558
separated,100,400,4.0,0.05,0.3,148,cp,1.0,1.0,1.0,0.0,1.0,0.0,1.0,0.002341028571128172,0.0176826732783657,0.11352464893503296,0.26226993727239833
separated,100,400,4.0,0.05,0.3,148,dkw,1.0,1.0,1.0,0.0,0.96,0.0,1.0,0.0009199384301591218,0.007093661650140026,0.1925076316533142,0.39810455879591045
separated,100,400,4.0,0.05,0.3,149,cp,1.0,1.0,1.0,0.0,1.0,0.0,1.0,0.004228340835616473,0.0152763050314918,0.09679429966813494,0.20994810673791875
separated,100,400,4.0,0.05,0.3,149,dkw,1.0,1.0,1.0,0.0,0.96,0.0,1.0,0.0020609246993588083,0.010680076484131606,0.18535356977287773,0.3898947364616008
separated,100,400,4.0,0.05,0.3,150,cp,1.0,1.0,1.0,0.0,1.0,0.0,1.0,0.001633721639993544,0.009517662055048115,0.0906321337291843,0.20693812581832893
separated,100,400,4.0,0.05,0.3,150,dkw,1.0,1.0,1.0,0.0,0.96,0.0,1.0,0.0009199384301591218,0.007093661650140026,0.18058355552283406,0.3883592238337443
separated,100,400,4.0,0.05,0.3,151,cp,1.0,1.0,1.0,0.0,1.0,0.0,1.0,5.5516223581428824e-05,0.0013879055895357206,0.09874679492691374,0.23942125058081365
separated,100,400,4.0,0.05,0.3,151,dkw,1.0,1.0,1.0,0.0,0.92,0.0,1.0,0.00036819937398224756,0.004857707356216601,0.182490117291033,0.39330926168672464
separated,100,400,4.0,0.05,0.3,152,cp,1.0,1.0,1.0,0.0,1.0,0.0,1.0,0.003219337446284598,0.021185762346493497,0.1035122910858546,0.2519594487118675
separated,100,400,4.0,0.05,0.3,152,dkw,1.0,1.0,1.0,0.0,0.92,0.0,1.0,0.0054198131967124,0.04164835071248185,0.1848075085095183,0.404227652262488
separated,100,400,4.0,0.05,0.3,153,cp,1.0,1.0,1.0,0.0,1.0,0.0,1.0,0.0006745906453060791,0.007659781783095787,0.11213397183100707,0.2487167759955815
separated,100,400,4.0,0.05,0.3,153,dkw,1.0,1.0,1.0,0.0,0.96,0.0,1.0,0.00258266218984593,0.021185762346493497,0.19102263502511832,0.3993968458906558
separated,100,400,4.0,0.05,0.3,154,cp,1.0,1.0,1.0,0.0,1.0,0.0,1.0,0.0010625375587302388,0.011086578425139715,0.10238872060068373,0.2632171993169862
separated,100,400,4.0,0.05,0.3,154,dkw,1.0,1.0,1.0,0.0,0.92,0.0,1.0,0.00258266218984593,0.021185762346493497,0.18417117718551182,0.39959853826367286
separated,100,400,4.0,0.05,0.3,155,cp,1.0,1.0,1.0,0.0,1.0,0.0,1.0,0.0006190744217246503,0.007659781783095787,0.09704700440084274,0.23664008539225723
separated,100,400,4.0,0.05,0.3,155,dkw,1.0,1.0,1.0,0.0,0.96,0.0,1.0,0.00258266218984593,0.021185762346493497,0.1819520499900033,0.3963431557298227
separated,100,400,4.0,0.05,0.3,156,cp,1.0,1.0,1.0,0.0,1.0,0.0,1.0,0.0,0.0,0.11505124003911373,0.25182097833038375
separated,100,400,4.0,0.05,0.3,156,dkw,1.0,1.0,1.0,0.0,0.92,0.0,1.0,0.00036819937398224756,0.004857707356216601,0.19373940377727472,0.4010972820909321
separated,100,400,4.0,0.05,0.3,157,cp,1.0,1.0,1.0,0.0,1.0,0.0,1.0,0.0,0.0,0.11615743363468627,0.2576332971815807
separated,100,400,4.0,0.05,0.3,157,dkw,1.0,1.0,1.0,0.0,0.96,0.0,1.0,0.00036819937398224756,0.004857707356216601,0.19233728587735555,0.4012842795980738
separated,100,400,4.0,0.05,0.3,158,cp,1.0,1.0,1.0,0.0,1.0,0.0,1.0,0.0037538791682131256,0.029280424459179888,0.1044141276238696,0.22821156279046195
separated,100,400,4.0,0.05,0.3,158,dkw,1.0,1.0,1.0,0.0,0.96,0.0,1.0,0.012314013295710998,0.1106419599765065,0.18649699840459405,0.3951307987589351
separated,100,400,4.0,0.05,0.3,159,cp,1.0,1.0,1.0,0.0,1.0,0.0,1.0,0.00036819937398224756,0.004857707356216601,0.08927752197557505,0.23942125058081365
separated,100,400,4.0,0.05,0.3,159,dkw,1.0,1.0,1.0,0.0,0.96,0.0,1.0,0.0011180537823116676,0.011086578425139715,0.17783464466202012,0.39330926168672464
separated,100,400,4.0,0.05,0.3,160,cp,1.0,1.0,1.0,0.0,1.0,0.0,1.0,7.396412226257975e-05,0.0013879055895357206,0.10693907456745592,0.24437950287971733
separated,100,400,4.0,0.05,0.3,160,dkw,1.0,1.0,1.0,0.0,0.96,0.0,1.0,0.0006745906453060791,0.007659781783095787,0.18824553217786097,0.3963431557298227
separated,100,400,4.0,0.05,0.3,161,cp,1.0,1.0,1.0,0.0,1.0,0.0,1.0,0.00010894388902879637,0.0013879055895357206,0.10146175602876138,0.21780307577960167
separated,100,400,4.0,0.05,0.3,161,dkw,1.0,1.0,1.0,0.0,0.96,0.0,1.0,0.00017389107973358352,0.0024981739367750944,0.18876131030564317,0.39453192940991033
separated,100,400,4.0,0.05,0.3,162,cp,1.0,1.0,1.0,0.0,1.0,0.0,1.0,0.0003126831504008187,0.004857707356216601,0.11229528864420506,0.2576332971815807
separated,100,400,4.0,0.05,0.3,162,dkw,1.0,1.0,1.0,0.0,0.92,0.0,1.0,0.0017352316959861902,0.015429447841863064,0.189309823367297,0.4012842795980738
separated,100,400,4.0,0.05,0.3,163,cp,1.0,1.0,1.0,0.0,1.0,0.0,1.0,0.007888334896650737,0.06310094808799416,0.10295506863824894,0.2669069196896712
separated,100,400,4.0,0.05,0.3,163,dkw,1.0,1.0,1.0,0.0,0.92,0.0,1.0,0.012314013295710998,0.1106419599765065,0.18207169042097227,0.40031439270713864
separated,100,400,4.0,0.05,0.3,164,cp,1.0,1.0,1.0,0.0,1.0,0.0,1.0,5.342766544736755e-05,0.0013356916361841886,0.11322559847550849,0.2445280284407183
separated,100,400,4.0,0.05,0.3,164,dkw,1.0,1.0,1.0,0.0,0.96,0.0,1.0,0.00017389107973358352,0.0024981739367750944,0.19473758691970225,0.3993968458906558
separated,100,400,4.0,0.05,0.3,165,cp,1.0,1.0,1.0,0.0,1.0,0.0,1.0,0.0012530151577916193,0.008326918190812438,0.09678491429735102,0.23663375761711325
separated,100,400,4.0,0.05,0.3,165,dkw,1.0,1.0,1.0,0.0,0.92,0.0,1.0,0.001633721639993544,0.009517662055048115,0.18305353080030254,0.391799675815094
separated,100,400,4.0,0.05,0.3,166,cp,1.0,1.0,1.0,0.0,1.0,0.0,1.0,0.00022699495854578534,0.002951276737924724,0.09443045207838864,0.20994810673791875
separated,100,400,4.0,0.05,0.3,166,dkw,1.0,1.0,1.0,0.0,0.96,0.0,1.0,0.00036819937398224756,0.004857707356216601,0.18186903441761518,0.3898947364616008
separated,100,400,4.0,0.05,0.3,167,cp,1.0,1.0,1.0,0.0,1.0,0.0,1.0,0.0011180537823116676,0.011086578425139715,0.10501677337178805,0.28418372870860775
separated,100,400,4.0,0.05,0.3,167,dkw,1.0,1.0,1.0,0.0,0.92,0.0,1.0,0.0017352316959861902,0.015429447841863064,0.18646619257734517,0.40436890743098697
separated,100,400,4.0,0.05,0.3,168,cp,1.0,1.0,1.0,0.0,1.0,0.0,1.0,0.00022699495854578534,0.002951276737924724,0.10671081529076604,0.24437950287971733
separated,100,400,4.0,0.05,0.3,168,dkw,1.0,1.0,1.0,0.0,0.96,0.0,1.0,5.5516223581428824e-05,0.0013879055895357206,0.18986269655975022,0.3963431557298227
separated,100,400,4.0,0.05,0.3,169,cp,1.0,1.0,1.0,0.0,1.0,0.0,1.0,0.0013263813528592782,0.0176826732783657,0.11069616260141181,0.26415649476170566
separated,100,400,4.0,0.05,0.3,169,dkw,1.0,1.0,1.0,0.0,0.96,0.0,1.0,0.00258266218984593,0.021185762346493497,0.18984227365663897,0.4026008140177082
separated,100,400,4.0,0.05,0.3,170,cp,1.0,1.0,1.0,0.0,1.0,0.0,1.0,0.00036819937398224756,0.004857707356216601,0.08264899326859564,0.20994810673791875
separated,100,400,4.0,0.05,0.3,170,dkw,1.0,1.0,1.0,0.0,0.96,0.0,1.0,0.0011180537823116676,0.011086578425139715,0.17557055810687372,0.3898947364616008
separated,100,400,4.0,0.05,0.3,171,cp,1.0,1.0,1.0,0.0,1.0,0.0,1.0,0.0003126831504008187,0.004857707356216601,0.12550386893143828,0.2755931693009682
separated,100,400,4.0,0.05,0.3,171,dkw,1.0,1.0,1.0,0.0,0.92,0.0,1.0,0.0006745906453060791,0.007659781783095787,0.1991873366904896,0.4116749302656918
separated,100,400,4.0,0.05,0.3,172,cp,1.0,1.0,1.0,0.0,1.0,0.0,1.0,0.0005806757405720919,0.005801104647893518,0.11664884468114702,0.26103247367198945
separated,100,400,4.0,0.05,0.3,172,dkw,1.0,1.0,1.0,0.0,0.96,0.0,1.0,0.00022699495854578534,0.002951276737924724,0.19352706847047416,0.4012842795980738
separated,100,400,4.0,0.05,0.3,173,cp,1.0,1.0,1.0,0.0,1.0,0.0,1.0,0.0011180537823116676,0.011086578425139715,0.0900498314342876,0.2419908441970281
separated,100,400,4.0,0.05,0.3,173,dkw,1.0,1.0,1.0,0.0,0.96,0.0,1.0,0.00258266218984593,0.021185762346493497,0.1782959613805418,0.3948237467143946
separated,100,400,4.0,0.05,0.3,174,cp,1.0,1.0,1.0,0.0,1.0,0.0,1.0,0.00040414777823778004,0.0044288204922998675,0.09804672334369263,0.25438644441211855
separated,100,400,4.0,0.05,0.3,174,dkw,1.0,1.0,1.0,0.0,0.96,0.0,1.0,0.00022699495854578534,0.002951276737924724,0.1808030569087328,0.39365097148598027
separated,100,400,4.0,0.05,0.3,175,cp,1.0,1.0,1.0,0.0,1.0,0.0,1.0,1.844789868115093e-05,0.0004611974670287733,0.11195715507612711,0.25182097833038375
separated,100,400,4.0,0.05,0.3,175,dkw,1.0,1.0,1.0,0.0,0.96,0.0,1.0,0.00036819937398224756,0.004857707356216601,0.1920832548597167,0.4010972820909321
separated,100,400,4.0,0.05,0.3,176,cp,1.0,1.0,1.0,0.0,1.0,0.0,1.0,0.007208116914419813,0.02443241192207979,0.0810775948884739,0.215240424586859
separated,100,400,4.0,0.05,0.3,176,dkw,1.0,1.0,1.0,0.0,0.96,0.0,1.0,0.0055941451810979535,0.0176826732783657,0.171668101668842,0.3892394236287484
separated,100,400,4.0,0.05,0.3,177,cp,1.0,1.0,1.0,0.0,1.0,0.0,1.0,0.0006745906453060791,0.007659781783095787,0.09466152652709298,0.25987498319531566
separated,100,400,4.0,0.05,0.3,177,dkw,1.0,1.0,1.0,0.0,0.96,0.0,1.0,0.0017352316959861902,0.015429447841863064,0.1800766599145221,0.39661532010390965
separated,100,400,4.0,0.05,0.3,178,cp,1.0,1.0,1.0,0.0,1.0,0.0,1.0,0.001787862813055443,0.02443241192207979,0.11926210024040752,0.24370852602217563
separated,100,400,4.0,0.05,0.3,178,dkw,1.0,1.0,1.0,0.0,0.92,0.0,1.0,0.0017352316959861902,0.015429447841863064,0.19654978242507862,0.4026008140177082
separated,100,400,4.0,0.05,0.3,179,cp,1.0,1.0,1.0,0.0,1.0,0.0,1.0,0.0011180537823116676,0.011086578425139715,0.08346708344201628,0.20994810673791875
separated,100,400,4.0,0.05,0.3,179,dkw,1.0,1.0,1.0,0.0,0.92,0.0,1.0,0.0054198131967124,0.04164835071248185,0.17379667173255023,0.3898947364616008
separated,100,400,4.0,0.05,0.3,180,cp,1.0,1.0,1.0,0.0,1.0,0.0,1.0,0.0030527024845362627,0.012967952435732899,0.08296431784883611,0.22633669221300134
separated,100,400,4.0,0.05,0.3,180,dkw,1.0,1.0,1.0,0.0,0.96,0.0,1.0,0.004886838249963325,0.016462435358671312,0.17305027160944877,0.38730006730509126
separated,100,400,4.0,0.05,0.3,181,cp,1.0,1.0,1.0,0.0,1.0,0.0,1.0,0.0011180537823116676,0.011086578425139715,0.10288534834145252,0.22233324368107144
separated,100,400,4.0,0.05,0.3,181,dkw,1.0,1.0,1.0,0.0,0.96,0.0,1.0,0.0054198131967124,0.04164835071248185,0.18553807119571927,0.3976492030300145
separated,100,400,4.0,0.05,0.3,182,cp,1.0,1.0,1.0,0.0,1.0,0.0,1.0,0.0003126831504008187,0.004857707356216601,0.1074148815566158,0.25300560144697903
separated,100,400,4.0,0.05,0.3,182,dkw,1.0,1.0,1.0,0.0,0.96,0.0,1.0,0.0017352316959861902,0.015429447841863064,0.18740581564863068,0.39959853826367286
separated,100,400,4.0,0.05,0.3,183,cp,1.0,1.0,1.0,0.0,1.0,0.0,1.0,0.001111454709372408,0.0176826732783657,0.10593423672676527,0.2419908441970281
separated,100,400,4.0,0.05,0.3,183,dkw,1.0,1.0,1.0,0.0,0.92,0.0,1.0,5.5516223581428824e-05,0.0013879055895357206,0.18827209226768604,0.3948237467143946
separated,100,400,4.0,0.05,0.3,184,cp,1.0,1.0,1.0,0.0,1.0,0.0,1.0,0.0011180537823116676,0.011086578425139715,0.07894430403849123,0.20994810673791875
separated,100,400,4.0,0.05,0.3,184,dkw,1.0,1.0,1.0,0.0,0.92,0.0,1.0,0.0037538791682131256,0.029280424459179888,0.17225622902625606,0.3898947364616008
separated,100,400,4.0,0.05,0.3,185,cp,1.0,1.0,1.0,0.0,1.0,0.0,1.0,0.0037538791682131256,0.029280424459179888,0.09450756340464334,0.2487167759955815
separated,100,400,4.0,0.05,0.3,185,dkw,1.0,1.0,1.0,0.0,0.92,0.0,1.0,0.012314013295710998,0.1106419599765065,0.17841541161213353,0.39891700301796496
separated,100,400,4.0,0.05,0.3,186,cp,1.0,1.0,1.0,0.0,1.0,0.0,1.0,0.00036819937398224756,0.004857707356216601,0.08527745304475312,0.21273867348576703
separated,100,400,4.0,0.05,0.3,186,dkw,1.0,1.0,1.0,0.0,0.92,0.0,1.0,0.0011180537823116676,0.011086578425139715,0.17759537690371446,0.39143534067084695
separated,100,400,4.0,0.05,0.3,187,cp,1.0,1.0,1.0,0.0,1.0,0.0,1.0,0.00334920342930805,0.02443241192207979,0.1144038802784749,0.24727866494331185
separated,100,400,4.0,0.05,0.3,187,dkw,1.0,1.0,1.0,0.0,0.92,0.0,1.0,0.0037538791682131256,0.029280424459179888,0.19197950734777364,0.4057062457043352
separated,100,400,4.0,0.05,0.3,188,cp,1.0,1.0,1.0,0.0,1.0,0.0,1.0,5.5516223581428824e-05,0.0013879055895357206,0.0947165674453299,0.21534767068662208
separated,100,400,4.0,0.05,0.3,188,dkw,1.0,1.0,1.0,0.0,0.96,0.0,1.0,0.00036819937398224756,0.004857707356216601,0.1839088850196744,0.3929810628101621
separated,100,400,4.0,0.05,0.3,189,cp,1.0,1.0,1.0,0.0,1.0,0.0,1.0,7.396412226257975e-05,0.0013879055895357206,0.10458224274136221,0.26226993727239833
separated,100,400,4.0,0.05,0.3,189,dkw,1.0,1.0,1.0,0.0,0.92,0.0,1.0,0.00036819937398224756,0.004857707356216601,0.18633265879500144,0.39810455879591045
separated,100,400,4.0,0.05,0.3,190,cp,1.0,1.0,1.0,0.0,1.0,0.0,1.0,0.0017352316959861902,0.015429447841863064,0.09117246174544988,0.2201261117999207
separated,100,400,4.0,0.05,0.3,190,dkw,1.0,1.0,1.0,0.0,0.92,0.0,1.0,0.007943851120232166,0.06310094808799416,0.17830225017876328,0.396087967183709
separated,100,400,4.0,0.05,0.3,191,cp,1.0,1.0,1.0,0.0,1.0,0.0,1.0,0.004886838249963325,0.016462435358671312,0.08122265845384158,0.20002735964657314
separated,100,400,4.0,0.05,0.3,191,dkw,1.0,1.0,1.0,0.0,0.96,0.0,1.0,0.004886838249963325,0.016462435358671312,0.1744508930903435,0.3853033688266053
separated,100,400,4.0,0.05,0.3,192,cp,1.0,1.0,1.0,0.0,1.0,0.0,1.0,0.0017352316959861902,0.015429447841863064,0.0865995716567981,0.211409236101039
separated,100,400,4.0,0.05,0.3,192,dkw,1.0,1.0,1.0,0.0,0.96,0.0,1.0,0.007943851120232166,0.06310094808799416,0.1753120300386305,0.3898947364616008
separated,100,400,4.0,0.05,0.3,193,cp,1.0,1.0,1.0,0.0,1.0,0.0,1.0,0.00017389107973358352,0.0024981739367750944,0.08714382378766274,0.20994810673791875
separated,100,400,4.0,0.05,0.3,193,dkw,1.0,1.0,1.0,0.0,0.96,0.0,1.0,0.0011180537823116676,0.011086578425139715,0.1772200631765189,0.3898947364616008
separated,100,400,4.0,0.05,0.3,194,cp,1.0,1.0,1.0,0.0,1.0,0.0,1.0,0.0006190744217246503,0.007659781783095787,0.10813687797025398,0.25001732767854523
separated,100,400,4.0,0.05,0.3,194,dkw,1.0,1.0,1.0,0.0,0.92,0.0,1.0,0.00258266218984593,0.021185762346493497,0.18964995448923452,0.4009311775435931
separated,100,400,4.0,0.05,0.3,195,cp,1.0,1.0,1.0,0.0,1.0,0.0,1.0,0.00036819937398224756,0.004857707356216601,0.1050436828276953,0.246614566135815
separated,100,400,4.0,0.05,0.3,195,dkw,1.0,1.0,1.0,0.0,0.92,0.0,1.0,0.0017352316959861902,0.015429447841863064,0.18719148607764663,0.3978675137324098
separated,100,400,4.0,0.05,0.3,196,cp,1.0,1.0,1.0,0.0,1.0,0.0,1.0,0.0006190744217246503,0.007659781783095787,0.1037347149440102,0.2564145723532143
separated,100,400,4.0,0.05,0.3,196,dkw,1.0,1.0,1.0,0.0,0.96,0.0,1.0,0.0017352316959861902,0.015429447841863064,0.1857295881483517,0.39959853826367286
separated,100,400,4.0,0.05,0.3,197,cp,1.0,1.0,1.0,0.0,1.0,0.0,1.0,0.0008105663361722515,0.01730478700050242,0.11054534787662666,0.24840507116097144
separated,100,400,4.0,0.05,0.3,197,dkw,1.0,1.0,1.0,0.0,0.96,0.0,1.0,0.0011180537823116676,0.011086578425139715,0.19081752777286284,0.4010972820909321
separated,100,400,4.0,0.05,0.3,198,cp,1.0,1.0,1.0,0.0,1.0,0.0,1.0,0.0037538791682131256,0.029280424459179888,0.11241202327599244,0.28791296851696524
separated,100,400,4.0,0.05,0.3,198,dkw,1.0,1.0,1.0,0.0,0.96,0.0,1.0,0.007943851120232166,0.06310094808799416,0.18854573186326043,0.4072645426615411
separated,100,400,4.0,0.05,0.3,199,cp,1.0,1.0,1.0,0.0,1.0,0.0,1.0,0.00017389107973358352,0.0024981739367750944,0.09783201960572656,0.2419908441970281
separated,100,400,4.0,0.05,0.3,199,dkw,1.0,1.0,1.0,0.0,0.92,0.0,1.0,0.0006745906453060791,0.007659781783095787,0.1828725377986652,0.3948237467143946
separated,100,400,4.0,0.05,0.3,200,cp,1.0,1.0,1.0,0.0,1.0,0.0,1.0,0.004228340835616473,0.0152763050314918,0.08317958457437032,0.22633669221300134
separated,100,400,4.0,0.05,0.3,200,dkw,1.0,1.0,1.0,0.0,0.96,0.0,1.0,0.0055941451810979535,0.0176826732783657,0.1730589965183803,0.38730006730509126
separated,100,400,4.0,0.05,0.3,201,cp,1.0,1.0,1.0,0.0,1.0,0.0,1.0,0.0025339843871069467,0.011826492193703464,0.10849062121102535,0.2419908441970281
separated,100,400,4.0,0.05,0.3,201,dkw,1.0,1.0,1.0,0.0,0.92,0.0,1.0,0.0012530151577916193,0.008326918190812438,0.19085940637941012,0.3948237467143946
separated,100,400,4.0,0.05,0.3,202,cp,1.0,1.0,1.0,0.0,1.0,0.0,1.0,0.00017389107973358352,0.0024981739367750944,0.10920372322997896,0.2644850166788323
separated,100,400,4.0,0.05,0.3,202,dkw,1.0,1.0,1.0,0.0,0.92,0.0,1.0,0.0006745906453060791,0.007659781783095787,0.18879515743954664,0.39959853826367286
separated,100,400,4.0,0.05,0.3,203,cp,1.0,1.0,1.0,0.0,1.0,0.0,1.0,0.0006745906453060791,0.007659781783095787,0.10517452566749487,0.2797363435621023
separated,100,400,4.0,0.05,0.3,203,dkw,1.0,1.0,1.0,0.0,0.92,0.0,1.0,0.0017352316959861902,0.015429447841863064,0.18416244363353204,0.4014908864230341
separated,100,400,4.0,0.05,0.3,204,cp,1.0,1.0,1.0,0.0,1.0,0.0,1.0,0.0055941451810979535,0.0176826732783657,0.08945803468143451,0.23017833544748645
separated,100,400,4.0,0.05,0.3,204,dkw,1.0,1.0,1.0,0.0,0.92,0.0,1.0,0.0055941451810979535,0.0176826732783657,0.1767625885408749,0.3887951030430741
separated,100,400,4.0,0.05,0.3,205,cp,1.0,1.0,1.0,0.0,1.0,0.0,1.0,0.003219337446284598,0.021185762346493497,0.0985769696317132,0.25179407189859626
separated,100,400,4.0,0.05,0.3,205,dkw,1.0,1.0,1.0,0.0,0.96,0.0,1.0,0.0054198131967124,0.04164835071248185,0.18052238133703732,0.3998194556853606
separated,100,400,4.0,0.05,0.3,206,cp,1.0,1.0,1.0,0.0,1.0,0.0,1.0,0.003698362944631697,0.029280424459179888,0.08669048307093676,0.23171730109793087
separated,100,400,4.0,0.05,0.3,206,dkw,1.0,1.0,1.0,0.0,0.92,0.0,1.0,0.012314013295710998,0.1106419599765065,0.1739382612238562,0.3925630793872563
separated,100,400,4.0,0.05,0.3,207,cp,1.0,1.0,1.0,0.0,1.0,0.0,1.0,5.5516223581428824e-05,0.0013879055895357206,0.09711151893314768,0.2572639135013106
separated,100,400,4.0,0.05,0.3,207,dkw,1.0,1.0,1.0,0.0,0.92,0.0,1.0,5.5516223581428824e-05,0.0013879055895357206,0.18159911178272078,0.3951307987589351
separated,100,400,4.0,0.05,0.3,208,cp,1.0,1.0,1.0,0.0,1.0,0.0,1.0,0.0011180537823116676,0.011086578425139715,0.10019235235695455,0.2201261117999207
separated,100,400,4.0,0.05,0.3,208,dkw,1.0,1.0,1.0,0.0,0.96,0.0,1.0,0.007943851120232166,0.06310094808799416,0.1834312664851005,0.396087967183709
separated,100,400,4.0,0.05,0.3,209,cp,1.0,1.0,1.0,0.0,1.0,0.0,1.0,0.0054198131967124,0.04164835071248185,0.081841370218633,0.22257568218108104
separated,100,400,4.0,0.05,0.3,209,dkw,1.0,1.0,1.0,0.0,0.96,0.0,1.0,0.012314013295710998,0.1106419599765065,0.171668101668842,0.3892394236287484
separated,100,400,4.0,0.05,0.3,210,cp,1.0,1.0,1.0,0.0,1.0,0.0,1.0,7.396412226257975e-05,0.0013879055895357206,0.09731142264869092,0.21534767068662208
separated,100,400,4.0,0.05,0.3,210,dkw,1.0,1.0,1.0,0.0,0.92,0.0,1.0,0.0006745906453060791,0.007659781783095787,0.18431754667020123,0.3929810628101621
separated,100,400,4.0,0.05,0.3,211,cp,1.0,1.0,1.0,0.0,1.0,0.0,1.0,0.0006361919641535207,0.005801104647893518,0.09342898211296777,0.20994810673791875
separated,100,400,4.0,0.05,0.3,211,dkw,1.0,1.0,1.0,0.0,0.96,0.0,1.0,0.00010894388902879637,0.0013879055895357206,0.1822660494028504,0.3898947364616008
separated,100,400,4.0,0.05,0.3,212,cp,1.0,1.0,1.0,0.0,1.0,0.0,1.0,0.00036819937398224756,0.004857707356216601,0.09643379595234838,0.2419908441970281
separated,100,400,4.0,0.05,0.3,212,dkw,1.0,1.0,1.0,0.0,0.92,0.0,1.0,0.0017352316959861902,0.015429447841863064,0.18150189848290374,0.3948237467143946
separated,100,400,4.0,0.05,0.3,213,cp,1.0,1.0,1.0,0.0,1.0,0.0,1.0,7.396412226257975e-05,0.0013879055895357206,0.09731142264869092,0.21534767068662208
separated,100,400,4.0,0.05,0.3,213,dkw,1.0,1.0,1.0,0.0,0.92,0.0,1.0,0.0006745906453060791,0.007659781783095787,0.18431754667020123,0.3929810628101621
separated,100,400,4.0,0.05,0.3,214,cp,1.0,1.0,1.0,0.0,1.0,0.0,1.0,0.0022501636974753803,0.02443241192207979,0.10690413853794004,0.23089765816122887
separated,100,400,4.0,0.05,0.3,214,dkw,1.0,1.0,1.0,0.0,0.96,0.0,1.0,0.00022699495854578534,0.002951276737924724,0.18822685379302848,0.39661532010390965
separated,100,400,4.0,0.05,0.3,215,cp,1.0,1.0,1.0,0.0,1.0,0.0,1.0,0.00022699495854578534,0.002951276737924724,0.10441500422411262,0.24437950287971733
separated,100,400,4.0,0.05,0.3,215,dkw,1.0,1.0,1.0,0.0,0.92,0.0,1.0,5.5516223581428824e-05,0.0013879055895357206,0.18924827799671537,0.3963431557298227
separated,100,400,4.0,0.05,0.3,216,cp,1.0,1.0,1.0,0.0,1.0,0.0,1.0,5.5516223581428824e-05,0.0013879055895357206,0.09719269813599528,0.2419908441970281
separated,100,400,4.0,0.05,0.3,216,dkw,1.0,1.0,1.0,0.0,0.92,0.0,1.0,7.396412226257975e-05,0.0013879055895357206,0.18461964404314504,0.3948237467143946
separated,100,400,4.0,0.05,0.3,217,cp,1.0,1.0,1.0,0.0,1.0,0.0,1.0,0.00040414777823778004,0.0044288204922998675,0.10486828066745922,0.21780307577960167
separated,100,400,4.0,0.05,0.3,217,dkw,1.0,1.0,1.0,0.0,0.96,0.0,1.0,5.5516223581428824e-05,0.0013879055895357206,0.19135625875234705,0.39453192940991033
separated,100,400,4.0,0.05,0.3,218,cp,1.0,1.0,1.0,0.0,1.0,0.0,1.0,0.0011180537823116676,0.011086578425139715,0.10663882466047689,0.2779259872229288
separated,100,400,4.0,0.05,0.3,218,dkw,1.0,1.0,1.0,0.0,0.92,0.0,1.0,0.00258266218984593,0.021185762346493497,0.18636966356590448,0.4027536710328684
separated,100,400,4.0,0.05,0.3,219,cp,1.0,1.0,1.0,0.0,1.0,0.0,1.0,0.00040414777823778004,0.0044288204922998675,0.0948529364121957,0.21273867348576703
separated,100,400,4.0,0.05,0.3,219,dkw,1.0,1.0,1.0,0.0,0.92,0.0,1.0,0.00010894388902879637,0.0013879055895357206,0.18472989463801626,0.39143534067084695
separated,100,400,4.0,0.05,0.3,220,cp,1.0,1.0,1.0,0.0,1.0,0.0,1.0,5.5516223581428824e-05,0.0013879055895357206,0.09122484651022336,0.23663375761711325
separated,100,400,4.0,0.05,0.3,220,dkw,1.0,1.0,1.0,0.0,0.96,0.0,1.0,5.5516223581428824e-05,0.0013879055895357206,0.17934090124935267,0.391799675815094
separated,100,400,4.0,0.05,0.3,221,cp,1.0,1.0,1.0,0.0,1.0,0.0,1.0,0.001311265901744747,0.01730478700050242,0.10031679464123049,0.24921948210903844
separated,100,400,4.0,0.05,0.3,221,dkw,1.0,1.0,1.0,0.0,0.96,0.0,1.0,0.0017352316959861902,0.015429447841863064,0.18195411883036183,0.3983591771654793
separated,100,400,4.0,0.05,0.3,222,cp,1.0,1.0,1.0,0.0,1.0,0.0,1.0,0.00040414777823778004,0.0044288204922998675,0.10068695712982965,0.23942125058081365
separated,100,400,4.0,0.05,0.3,222,dkw,1.0,1.0,1.0,0.0,0.92,0.0,1.0,0.00010894388902879637,0.0013879055895357206,0.184541429255157,0.39330926168672464
separated,100,400,4.0,0.05,0.3,223,cp,1.0,1.0,1.0,0.0,1.0,0.0,1.0,0.0017352316959861902,0.015429447841863064,0.10305669283379952,0.28418372870860775
separated,100,400,4.0,0.05,0.3,223,dkw,1.0,1.0,1.0,0.0,0.96,0.0,1.0,0.00258266218984593,0.021185762346493497,0.18491302706634027,0.40436890743098697
separated,100,400,4.0,0.05,0.3,224,cp,1.0,1.0,1.0,0.0,1.0,0.0,1.0,0.0055941451810979535,0.0176826732783657,0.09495073848320035,0.23357702896423926
separated,100,400,4.0,0.05,0.3,224,dkw,1.0,1.0,1.0,0.0,0.96,0.0,1.0,0.0055941451810979535,0.0176826732783657,0.18048706149662588,0.3902949644340614
separated,100,400,4.0,0.05,0.3,225,cp,1.0,1.0,1.0,0.0,1.0,0.0,1.0,0.0021573790606018452,0.018947016236178005,0.11706325723936438,0.24840507116097144
separated,100,400,4.0,0.05,0.3,225,dkw,1.0,1.0,1.0,0.0,0.92,0.0,1.0,0.00017389107973358352,0.0024981739367750944,0.19541011868221456,0.4010972820909321
separated,100,400,4.0,0.05,0.3,226,cp,1.0,1.0,1.0,0.0,1.0,0.0,1.0,5.5516223581428824e-05,0.0013879055895357206,0.095229172312127,0.21064310105222195
separated,100,400,4.0,0.05,0.3,226,dkw,1.0,1.0,1.0,0.0,0.96,0.0,1.0,0.0011180537823116676,0.011086578425139715,0.18226783140533967,0.3898947364616008
separated,100,400,4.0,0.05,0.3,227,cp,1.0,1.0,1.0,0.0,1.0,0.0,1.0,0.0010048746304209156,0.01730478700050242,0.11613137446603215,0.2519594487118675
separated,100,400,4.0,0.05,0.3,227,dkw,1.0,1.0,1.0,0.0,0.92,0.0,1.0,0.0017352316959861902,0.015429447841863064,0.19329419783483515,0.404227652262488
separated,100,400,4.0,0.05,0.3,228,cp,1.0,1.0,1.0,0.0,1.0,0.0,1.0,0.00022699495854578534,0.002951276737924724,0.10276636761926396,0.2572639135013106
separated,100,400,4.0,0.05,0.3,228,dkw,1.0,1.0,1.0,0.0,0.96,0.0,1.0,5.5516223581428824e-05,0.0013879055895357206,0.18370157838711512,0.3951307987589351
separated,100,400,4.0,0.05,0.3,229,cp,1.0,1.0,1.0,0.0,1.0,0.0,1.0,0.00036819937398224756,0.004857707356216601,0.09994304502338268,0.2201261117999207
separated,100,400,4.0,0.05,0.3,229,dkw,1.0,1.0,1.0,0.0,0.92,0.0,1.0,0.00258266218984593,0.021185762346493497,0.185419812342674,0.396087967183709
separated,100,400,4.0,0.05,0.3,230,cp,1.0,1.0,1.0,0.0,1.0,0.0,1.0,0.0017352316959861902,0.015429447841863064,0.07563501887893304,0.20693812581832893
separated,100,400,4.0,0.05,0.3,230,dkw,1.0,1.0,1.0,0.0,0.96,0.0,1.0,0.0054198131967124,0.04164835071248185,0.17013798517081452,0.3883592238337443
separated,100,400,4.0,0.05,0.3,231,cp,1.0,1.0,1.0,0.0,1.0,0.0,1.0,0.0017352316959861902,0.015429447841863064,0.08989411246998986,0.23942125058081365
separated,100,400,4.0,0.05,0.3,231,dkw,1.0,1.0,1.0,0.0,0.96,0.0,1.0,0.0054198131967124,0.04164835071248185,0.1760598883401736,0.39330926168672464
separated,100,400,4.0,0.05,0.3,232,cp,1.0,1.0,1.0,0.0,1.0,0.0,1.0,0.002732025515633527,0.02443241192207979,0.10626818934034468,0.24398050922394732
separated,100,400,4.0,0.05,0.3,232,dkw,1.0,1.0,1.0,0.0,0.92,0.0,1.0,0.00258266218984593,0.021185762346493497,0.1860309020471129,0.4012842795980738
separated,100,400,4.0,0.05,0.3,233,cp,1.0,1.0,1.0,0.0,1.0,0.0,1.0,0.0015566136865977898,0.01730478700050242,0.11139776577588294,0.24495370532056127
separated,100,400,4.0,0.05,0.3,233,dkw,1.0,1.0,1.0,0.0,0.92,0.0,1.0,0.0012530151577916193,0.008326918190812438,0.1908707186247247,0.3998194556853606
separated,100,400,4.0,0.05,0.3,234,cp,1.0,1.0,1.0,0.0,1.0,0.0,1.0,0.0006361919641535207,0.005801104647893518,0.09063841499249939,0.23357702896423926
separated,100,400,4.0,0.05,0.3,234,dkw,1.0,1.0,1.0,0.0,0.92,0.0,1.0,0.0006361919641535207,0.005801104647893518,0.1785324634847572,0.3902949644340614
separated,100,400,4.0,0.05,0.3,235,cp,1.0,1.0,1.0,0.0,1.0,0.0,1.0,0.00017389107973358352,0.0024981739367750944,0.11171518421139202,0.2244374911727508
separated,100,400,4.0,0.05,0.3,235,dkw,1.0,1.0,1.0,0.0,0.96,0.0,1.0,0.0017352316959861902,0.015429447841863064,0.19441066211875316,0.39921566403372344
separated,100,400,4.0,0.05,0.3,236,cp,1.0,1.0,1.0,0.0,1.0,0.0,1.0,0.0003126831504008187,0.004857707356216601,0.1239759668212507,0.2663218921693091
separated,100,400,4.0,0.05,0.3,236,dkw,1.0,1.0,1.0,0.0,0.92,0.0,1.0,0.0017352316959861902,0.015429447841863064,0.1989879410227059,0.40718947392164795
separated,100,400,4.0,0.05,0.3,237,cp,1.0,1.0,1.0,0.0,1.0,0.0,1.0,0.00036819937398224756,0.004857707356216601,0.10772701619383053,0.275857744006045
separated,100,400,4.0,0.05,0.3,237,dkw,1.0,1.0,1.0,0.0,0.92,0.0,1.0,0.0006745906453060791,0.007659781783095787,0.1873216435009418,0.4012842795980738
separated,100,400,4.0,0.05,0.3,238,cp,1.0,1.0,1.0,0.0,1.0,0.0,1.0,0.00017389107973358352,0.0024981739367750944,0.10242066902701051,0.246614566135815
separated,100,400,4.0,0.05,0.3,238,dkw,1.0,1.0,1.0,0.0,0.96,0.0,1.0,0.0011180537823116676,0.011086578425139715,0.18692698830710697,0.3978675137324098
separated,100,400,4.0,0.05,0.3,239,cp,1.0,1.0,1.0,0.0,1.0,0.0,1.0,0.00010894388902879637,0.0013879055895357206,0.10363796359957682,0.21780307577960167
separated,100,400,4.0,0.05,0.3,239,dkw,1.0,1.0,1.0,0.0,0.96,0.0,1.0,0.00036819937398224756,0.004857707356216601,0.1892752602998997,0.39453192940991033
separated,100,400,4.0,0.05,0.3,240,cp,1.0,1.0,1.0,0.0,1.0,0.0,1.0,0.0033157841252113938,0.021651530086902016,0.10749767587823733,0.25987498319531566
separated,100,400,4.0,0.05,0.3,240,dkw,1.0,1.0,1.0,0.0,0.96,0.0,1.0,0.0017352316959861902,0.015429447841863064,0.1867921897076743,0.39661532010390965
separated,100,400,4.0,0.05,0.3,241,cp,1.0,1.0,1.0,0.0,1.0,0.0,1.0,0.005364296973130971,0.04164835071248185,0.1052166466236079,0.2654285804918788
separated,100,400,4.0,0.05,0.3,241,dkw,1.0,1.0,1.0,0.0,0.92,0.0,1.0,0.012314013295710998,0.1106419599765065,0.18353296030864058,0.3986303127722104
separated,100,400,4.0,0.05,0.3,242,cp,1.0,1.0,1.0,0.0,1.0,0.0,1.0,0.008595641827785366,0.06310094808799416,0.10096646957498435,0.25722252958800185
separated,100,400,4.0,0.05,0.3,242,dkw,1.0,1.0,1.0,0.0,0.92,0.0,1.0,0.012314013295710998,0.1106419599765065,0.1812976358043035,0.39545216849777076
separated,100,400,4.0,0.05,0.3,243,cp,1.0,1.0,1.0,0.0,1.0,0.0,1.0,0.001633721639993544,0.009517662055048115,0.11902065701476423,0.275857744006045
separated,100,400,4.0,0.05,0.3,243,dkw,1.0,1.0,1.0,0.0,0.96,0.0,1.0,0.001633721639993544,0.009517662055048115,0.1951786939631236,0.4012842795980738
separated,100,400,4.0,0.05,0.3,244,cp,1.0,1.0,1.0,0.0,1.0,0.0,1.0,7.396412226257975e-05,0.0013879055895357206,0.09064687537179911,0.20994810673791875
separated,100,400,4.0,0.05,0.3,244,dkw,1.0,1.0,1.0,0.0,0.96,0.0,1.0,0.0011180537823116676,0.011086578425139715,0.1788857665692391,0.3898947364616008
separated,100,400,4.0,0.05,0.3,245,cp,1.0,1.0,1.0,0.0,1.0,0.0,1.0,0.007943851120232166,0.06310094808799416,0.09478481489830153,0.2514338696110876
separated,100,400,4.0,0.05,0.3,245,dkw,1.0,1.0,1.0,0.0,0.96,0.0,1.0,0.012314013295710998,0.1106419599765065,0.17760787549664628,0.39400539479858365
separated,100,400,4.0,0.05,0.3,246,cp,1.0,1.0,1.0,0.0,1.0,0.0,1.0,0.0006190744217246503,0.007659781783095787,0.11265927067822913,0.2628054939521792
separated,100,400,4.0,0.05,0.3,246,dkw,1.0,1.0,1.0,0.0,0.92,0.0,1.0,0.00258266218984593,0.021185762346493497,0.19183942475771687,0.4041091579416024
separated,100,400,4.0,0.05,0.3,247,cp,1.0,1.0,1.0,0.0,1.0,0.0,1.0,0.0007106393787012478,0.01730478700050242,0.108954372220764,0.24381653119544633
separated,100,400,4.0,0.05,0.3,247,dkw,1.0,1.0,1.0,0.0,0.96,0.0,1.0,0.00036819937398224756,0.004857707356216601,0.18844712923368348,0.39810455879591045
separated,100,400,4.0,0.05,0.3,248,cp,1.0,1.0,1.0,0.0,1.0,0.0,1.0,0.00010894388902879637,0.0013879055895357206,0.08954890655096304,0.20994810673791875
separated,100,400,4.0,0.05,0.3,248,dkw,1.0,1.0,1.0,0.0,0.96,0.0,1.0,0.00017389107973358352,0.0024981739367750944,0.17974174120591413,0.3898947364616008
separated,100,400,4.0,0.05,0.3,249,cp,1.0,1.0,1.0,0.0,1.0,0.0,1.0,0.0,0.0,0.11810860243229922,0.2539578635064459
separated,100,400,4.0,0.05,0.3,249,dkw,1.0,1.0,1.0,0.0,0.92,0.0,1.0,0.00017389107973358352,0.0024981739367750944,0.19695167259869117,0.4026008140177082
separated,100,400,4.0,0.05,0.3,250,cp,1.0,1.0,1.0,0.0,1.0,0.0,1.0,0.0003126831504008187,0.004857707356216601,0.11425354332438749,0.26959178633120373
separated,100,400,4.0,0.05,0.3,250,dkw,1.0,1.0,1.0,0.0,0.96,0.0,1.0,0.0017352316959861902,0.015429447841863064,0.19338980411493745,0.4041091579416024
separated,100,400,4.0,0.05,0.3,251,cp,1.0,1.0,1.0,0.0,1.0,0.0,1.0,0.00011837485615215471,0.0024981739367750944,0.11400876190173442,0.25182097833038375
separated,100,400,4.0,0.05,0.3,251,dkw,1.0,1.0,1.0,0.0,0.96,0.0,1.0,0.0006745906453060791,0.007659781783095787,0.19250265127887853,0.4010972820909321
separated,100,400,4.0,0.05,0.3,252,cp,1.0,1.0,1.0,0.0,1.0,0.0,1.0,0.0030527024845362627,0.012967952435732899,0.11081406543345,0.25987498319531566
separated,100,400,4.0,0.05,0.3,252,dkw,1.0,1.0,1.0,0.0,0.92,0.0,1.0,0.0020609246993588083,0.010680076484131606,0.18988998991206876,0.39661532010390965
separated,100,400,4.0,0.05,0.3,253,cp,1.0,1.0,1.0,0.0,1.0,0.0,1.0,0.00022699495854578534,0.002951276737924724,0.09606851610540477,0.23942125058081365
separated,100,400,4.0,0.05,0.3,253,dkw,1.0,1.0,1.0,0.0,0.92,0.0,1.0,0.00010894388902879637,0.0013879055895357206,0.18328711853313603,0.39330926168672464
separated,100,400,4.0,0.05,0.3,254,cp,1.0,1.0,1.0,0.0,1.0,0.0,1.0,0.0011180537823116676,0.011086578425139715,0.11380945427158644,0.2779259872229288
separated,100,400,4.0,0.05,0.3,254,dkw,1.0,1.0,1.0,0.0,0.96,0.0,1.0,0.0037538791682131256,0.029280424459179888,0.18970966378118306,0.4027536710328684
separated,100,400,4.0,0.05,0.3,255,cp,1.0,1.0,1.0,0.0,1.0,0.0,1.0,0.005334687491844558,0.028451339216919225,0.10208778265848784,0.23537393597911693
separated,100,400,4.0,0.05,0.3,255,dkw,1.0,1.0,1.0,0.0,0.92,0.0,1.0,0.007943851120232166,0.06310094808799416,0.18497139667543636,0.40748633805999857
separated,100,400,4.0,0.05,0.3,256,cp,1.0,1.0,1.0,0.0,1.0,0.0,1.0,0.0006745906453060791,0.007659781783095787,0.1069513174689235,0.246614566135815
separated,100,400,4.0,0.05,0.3,256,dkw,1.0,1.0,1.0,0.0,0.96,0.0,1.0,0.00258266218984593,0.021185762346493497,0.18730505496017774,0.3978675137324098
separated,100,400,4.0,0.05,0.3,257,cp,1.0,1.0,1.0,0.0,1.0,0.0,1.0,0.0020054084757773795,0.010680076484131606,0.1270472769060171,0.271918891767042
separated,100,400,4.0,0.05,0.3,257,dkw,1.0,1.0,1.0,0.0,0.92,0.0,1.0,0.001633721639993544,0.009517662055048115,0.20273664215779838,0.404227652262488
separated,100,400,4.0,0.05,0.3,258,cp,1.0,1.0,1.0,0.0,1.0,0.0,1.0,0.0006190744217246503,0.007659781783095787,0.11597255709659836,0.25940948966069133
separated,100,400,4.0,0.05,0.3,258,dkw,1.0,1.0,1.0,0.0,0.92,0.0,1.0,0.00258266218984593,0.021185762346493497,0.193528764005807,0.4041091579416024
separated,100,400,4.0,0.05,0.3,259,cp,1.0,1.0,1.0,0.0,1.0,0.0,1.0,0.0011180537823116676,0.011086578425139715,0.10288534834145252,0.22233324368107144
separated,100,400,4.0,0.05,0.3,259,dkw,1.0,1.0,1.0,0.0,0.92,0.0,1.0,0.0054198131967124,0.04164835071248185,0.18553807119571927,0.3976492030300145
separated,100,400,4.0,0.05,0.3,260,cp,1.0,1.0,1.0,0.0,1.0,0.0,1.0,0.0011180537823116676,0.011086578425139715,0.0866501496207104,0.21273867348576703
separated,100,400,4.0,0.05,0.3,260,dkw,1.0,1.0,1.0,0.0,0.92,0.0,1.0,0.0054198131967124,0.04164835071248185,0.17591715666577637,0.39143534067084695
separated,100,400,4.0,0.05,0.3,261,cp,1.0,1.0,1.0,0.0,1.0,0.0,1.0,0.0008105663361722515,0.01730478700050242,0.10592129080785416,0.24616523486894404
separated,100,400,4.0,0.05,0.3,261,dkw,1.0,1.0,1.0,0.0,0.92,0.0,1.0,0.00036819937398224756,0.004857707356216601,0.188386237190932,0.39959853826367286
separated,100,400,4.0,0.05,0.3,262,cp,1.0,1.0,1.0,0.0,1.0,0.0,1.0,0.00258266218984593,0.021185762346493497,0.09407002951989764,0.246614566135815
separated,100,400,4.0,0.05,0.3,262,dkw,1.0,1.0,1.0,0.0,0.92,0.0,1.0,0.007943851120232166,0.06310094808799416,0.17837343204071132,0.3978675137324098
separated,100,400,4.0,0.05,0.3,263,cp,1.0,1.0,1.0,0.0,1.0,0.0,1.0,0.001311265901744747,0.01730478700050242,0.10517473732101973,0.24273036839815365
separated,100,400,4.0,0.05,0.3,263,dkw,1.0,1.0,1.0,0.0,0.96,0.0,1.0,0.00258266218984593,0.021185762346493497,0.18583125850507107,0.39959853826367286
separated,100,400,4.0,0.05,0.3,264,cp,1.0,1.0,1.0,0.0,1.0,0.0,1.0,0.0055941451810979535,0.0176826732783657,0.09178031693538598,0.20693812581832893
separated,100,400,4.0,0.05,0.3,264,dkw,1.0,1.0,1.0,0.0,0.96,0.0,1.0,0.0055941451810979535,0.0176826732783657,0.18194599661081218,0.3883592238337443
separated,100,400,4.0,0.05,0.3,265,cp,0.0,1.0,1.0,0.0,1.0,0.0,1.0,0.0025271459662645013,0.021185762346493497,0.10123362910559262,0.26415649476170566
separated,100,400,4.0,0.05,0.3,265,dkw,0.0,1.0,1.0,0.0,0.92,0.0,1.0,0.007943851120232166,0.06310094808799416,0.1827204594758366,0.4026008140177082
separated,100,400,4.0,0.05,0.3,266,cp,1.0,1.0,1.0,0.0,1.0,0.0,1.0,0.004228340835616473,0.0152763050314918,0.09482572671436237,0.23357702896423926
separated,100,400,4.0,0.05,0.3,266,dkw,1.0,1.0,1.0,0.0,0.96,0.0,1.0,0.003617288634356801,0.014114653745513461,0.18037167734973936,0.3902949644340614
separated,100,400,4.0,0.05,0.3,267,cp,1.0,1.0,1.0,0.0,1.0,0.0,1.0,0.00036819937398224756,0.004857707356216601,0.09928128360674418,0.25987498319531566
separated,100,400,4.0,0.05,0.3,267,dkw,1.0,1.0,1.0,0.0,0.92,0.0,1.0,0.0017352316959861902,0.015429447841863064,0.18173010195303266,0.39661532010390965
separated,100,400,4.0,0.05,0.3,268,cp,1.0,1.0,1.0,0.0,1.0,0.0,1.0,0.0025339843871069467,0.011826492193703464,0.09101523025961242,0.20693812581832893
separated,100,400,4.0,0.05,0.3,268,dkw,1.0,1.0,1.0,0.0,0.92,0.0,1.0,0.001633721639993544,0.009517662055048115,0.18106438155274826,0.3883592238337443
separated,100,400,4.0,0.05,0.3,269,cp,1.0,1.0,1.0,0.0,1.0,0.0,1.0,0.00036819937398224756,0.004857707356216601,0.1050436828276953,0.246614566135815
separated,100,400,4.0,0.05,0.3,269,dkw,1.0,1.0,1.0,0.0,0.92,0.0,1.0,0.0017352316959861902,0.015429447841863064,0.18719148607764663,0.3978675137324098
separated,100,400,4.0,0.05,0.3,270,cp,1.0,1.0,1.0,0.0,1.0,0.0,1.0,0.001982171107304107,0.02443241192207979,0.10088114538210385,0.23089765816122887
separated,100,400,4.0,0.05,0.3,270,dkw,1.0,1.0,1.0,0.0,0.96,0.0,1.0,0.0017352316959861902,0.015429447841863064,0.18340015465823645,0.39661532010390965
separated,100,400,4.0,0.05,0.3,271,cp,1.0,1.0,1.0,0.0,1.0,0.0,1.0,0.003698362944631697,0.029280424459179888,0.0954000528160508,0.25300560144697903
separated,100,400,4.0,0.05,0.3,271,dkw,1.0,1.0,1.0,0.0,0.92,0.0,1.0,0.012314013295710998,0.1106419599765065,0.17841541161213353,0.39891700301796496
separated,100,400,4.0,0.05,0.3,272,cp,1.0,1.0,1.0,0.0,1.0,0.0,1.0,0.0009199384301591218,0.007093661650140026,0.1026384348227036,0.21534767068662208
separated,100,400,4.0,0.05,0.3,272,dkw,1.0,1.0,1.0,0.0,0.92,0.0,1.0,0.00022699495854578534,0.002951276737924724,0.18988854800708385,0.3929810628101621
separated,100,400,4.0,0.05,0.3,273,cp,1.0,1.0,1.0,0.0,1.0,0.0,1.0,0.0030527024845362627,0.012967952435732899,0.10812995008483807,0.2419908441970281
separated,100,400,4.0,0.05,0.3,273,dkw,1.0,1.0,1.0,0.0,0.92,0.0,1.0,0.0020609246993588083,0.010680076484131606,0.19105653845981366,0.3948237467143946
separated,100,400,4.0,0.05,0.3,274,cp,1.0,1.0,1.0,0.0,1.0,0.0,1.0,0.0015782054164121151,0.009517662055048115,0.11306614092276292,0.2506758570748594
separated,100,400,4.0,0.05,0.3,274,dkw,1.0,1.0,1.0,0.0,0.96,0.0,1.0,0.0009199384301591218,0.007093661650140026,0.1925076316533142,0.39810455879591045
separated,100,400,4.0,0.05,0.3,275,cp,1.0,1.0,1.0,0.0,1.0,0.0,1.0,0.00017389107973358352,0.0024981739367750944,0.09355617953776518,0.21273867348576703
separated,100,400,4.0,0.05,0.3,275,dkw,1.0,1.0,1.0,0.0,0.96,0.0,1.0,0.0011180537823116676,0.011086578425139715,0.18091557412185075,0.39143534067084695
separated,100,400,4.0,0.05,0.3,276,cp,1.0,1.0,1.0,0.0,1.0,0.0,1.0,0.0009199384301591218,0.007093661650140026,0.09402077506252457,0.20994810673791875
separated,100,400,4.0,0.05,0.3,276,dkw,1.0,1.0,1.0,0.0,0.96,0.0,1.0,0.00022699495854578534,0.002951276737924724,0.18304261925734824,0.3898947364616008
separated,100,400,4.0,0.05,0.3,277,cp,1.0,1.0,1.0,0.0,1.0,0.0,1.0,0.0037538791682131256,0.029280424459179888,0.09817478717787935,0.2487167759955815
separated,100,400,4.0,0.05,0.3,277,dkw,1.0,1.0,1.0,0.0,0.92,0.0,1.0,0.012314013295710998,0.1106419599765065,0.17985004241371072,0.39720651713407296
separated,100,400,4.0,0.05,0.3,278,cp,1.0,1.0,1.0,0.0,1.0,0.0,1.0,0.0006745906453060791,0.007659781783095787,0.12847417928386104,0.28632325655713253
separated,100,400,4.0,0.05,0.3,278,dkw,1.0,1.0,1.0,0.0,0.92,0.0,1.0,0.0017352316959861902,0.015429447841863064,0.2029523433977951,0.4101699256719409
separated,100,400,4.0,0.05,0.3,279,cp,1.0,1.0,1.0,0.0,1.0,0.0,1.0,0.0055941451810979535,0.0176826732783657,0.10144930149237018,0.25438644441211855
separated,100,400,4.0,0.05,0.3,279,dkw,1.0,1.0,1.0,0.0,0.96,0.0,1.0,0.0055941451810979535,0.0176826732783657,0.18275847691813343,0.39365097148598027
separated,100,400,4.0,0.05,0.3,280,cp,1.0,1.0,1.0,0.0,1.0,0.0,1.0,0.0020609246993588083,0.010680076484131606,0.10313750764270722,0.23942125058081365
separated,100,400,4.0,0.05,0.3,280,dkw,1.0,1.0,1.0,0.0,0.96,0.0,1.0,0.001633721639993544,0.009517662055048115,0.18693981236640467,0.39330926168672464
separated,100,400,4.0,0.05,0.3,281,cp,1.0,1.0,1.0,0.0,1.0,0.0,1.0,5.5516223581428824e-05,0.0013879055895357206,0.10248709032560978,0.2419908441970281
separated,100,400,4.0,0.05,0.3,281,dkw,1.0,1.0,1.0,0.0,0.96,0.0,1.0,0.00017389107973358352,0.0024981739367750944,0.1857156026865664,0.3948237467143946
separated,100,400,4.0,0.05,0.3,282,cp,1.0,1.0,1.0,0.0,1.0,0.0,1.0,0.00040414777823778004,0.0044288204922998675,0.09752685402757924,0.26536706259518705
separated,100,400,4.0,0.05,0.3,282,dkw,1.0,1.0,1.0,0.0,0.92,0.0,1.0,0.0009199384301591218,0.007093661650140026,0.17998482187885334,0.39545216849777076
separated,100,400,4.0,0.05,0.3,283,cp,1.0,1.0,1.0,0.0,1.0,0.0,1.0,0.0006745906453060791,0.007659781783095787,0.11213397183100707,0.2487167759955815
separated,100,400,4.0,0.05,0.3,283,dkw,1.0,1.0,1.0,0.0,0.92,0.0,1.0,0.00258266218984593,0.021185762346493497,0.19102263502511832,0.3993968458906558
separated,100,400,4.0,0.05,0.3,284,cp,1.0,1.0,1.0,0.0,1.0,0.0,1.0,5.342766544736755e-05,0.0013356916361841886,0.10952783510078586,0.27019771339631926
separated,100,400,4.0,0.05,0.3,284,dkw,1.0,1.0,1.0,0.0,0.92,0.0,1.0,0.00010894388902879637,0.0013879055895357206,0.18754420242010866,0.4014908864230341
separated,100,400,4.0,0.05,0.3,285,cp,1.0,1.0,1.0,0.0,1.0,0.0,1.0,5.5516223581428824e-05,0.0013879055895357206,0.09466412697890414,0.21273867348576703
separated,100,400,4.0,0.05,0.3,285,dkw,1.0,1.0,1.0,0.0,0.96,0.0,1.0,0.0006745906453060791,0.007659781783095787,0.18227411559666185,0.39143534067084695
separated,100,400,4.0,0.05,0.3,286,cp,1.0,1.0,1.0,0.0,1.0,0.0,1.0,0.003617288634356801,0.014114653745513461,0.10124418931156348,0.25438644441211855
separated,100,400,4.0,0.05,0.3,286,dkw,1.0,1.0,1.0,0.0,0.92,0.0,1.0,0.003617288634356801,0.014114653745513461,0.18264347137057782,0.39365097148598027
separated,100,400,4.0,0.05,0.3,287,cp,1.0,1.0,1.0,0.0,1.0,0.0,1.0,0.005523513506401994,0.01730478700050242,0.1002549132636386,0.23242314753146542
separated,100,400,4.0,0.05,0.3,287,dkw,1.0,1.0,1.0,0.0,0.96,0.0,1.0,0.004886838249963325,0.016462435358671312,0.1827469489132956,0.39365097148598027
separated,100,400,4.0,0.05,0.3,288,cp,1.0,1.0,1.0,0.0,1.0,0.0,1.0,0.004147956120428806,0.02443241192207979,0.09851177246892905,0.22964612914317684
separated,100,400,4.0,0.05,0.3,288,dkw,1.0,1.0,1.0,0.0,0.96,0.0,1.0,0.003617288634356801,0.014114653745513461,0.18118799583972742,0.39545216849777076
separated,100,400,4.0,0.05,0.3,289,cp,1.0,1.0,1.0,0.0,1.0,0.0,1.0,0.0006745906453060791,0.007659781783095787,0.09152313243901325,0.21113728826777634
separated,100,400,4.0,0.05,0.3,289,dkw,1.0,1.0,1.0,0.0,0.96,0.0,1.0,0.0037538791682131256,0.029280424459179888,0.178896669251411,0.3898947364616008
separated,100,400,4.0,0.05,0.3,290,cp,1.0,1.0,1.0,0.0,1.0,0.0,1.0,0.0016797154724047614,0.015429447841863064,0.11048940909798344,0.2655518892179538
separated,100,400,4.0,0.05,0.3,290,dkw,1.0,1.0,1.0,0.0,0.96,0.0,1.0,0.0037538791682131256,0.029280424459179888,0.18830293883656007,0.404227652262488
separated,100,400,4.0,0.05,0.3,291,cp,1.0,1.0,1.0,0.0,1.0,0.0,1.0,0.003698362944631697,0.029280424459179888,0.09842976061988576,0.24725139766623672
separated,100,400,4.0,0.05,0.3,291,dkw,1.0,1.0,1.0,0.0,0.96,0.0,1.0,0.012314013295710998,0.1106419599765065,0.17985004241371072,0.39720651713407296
separated,100,400,4.0,0.05,0.3,292,cp,1.0,1.0,1.0,0.0,1.0,0.0,1.0,5.5516223581428824e-05,0.0013879055895357206,0.09874679492691374,0.23942125058081365
separated,100,400,4.0,0.05,0.3,292,dkw,1.0,1.0,1.0,0.0,0.96,0.0,1.0,0.00036819937398224756,0.004857707356216601,0.182490117291033,0.39330926168672464
separated,100,400,4.0,0.05,0.3,293,cp,1.0,1.0,1.0,0.0,1.0,0.0,1.0,0.00036819937398224756,0.004857707356216601,0.09101980554759502,0.23663375761711325
separated,100,400,4.0,0.05,0.3,293,dkw,1.0,1.0,1.0,0.0,0.96,0.0,1.0,0.0011180537823116676,0.011086578425139715,0.17746765050266539,0.391799675815094
separated,100,400,4.0,0.05,0.3,294,cp,1.0,1.0,1.0,0.0,1.0,0.0,1.0,0.00258266218984593,0.021185762346493497,0.0864813603476756,0.23663375761711325
separated,100,400,4.0,0.05,0.3,294,dkw,1.0,1.0,1.0,0.0,0.92,0.0,1.0,0.007943851120232166,0.06310094808799416,0.1739077250809697,0.391799675815094
separated,100,400,4.0,0.05,0.3,295,cp,1.0,1.0,1.0,0.0,1.0,0.0,1.0,0.0012530151577916193,0.008326918190812438,0.08841985018093076,0.24752087550225
separated,100,400,4.0,0.05,0.3,295,dkw,1.0,1.0,1.0,0.0,0.96,0.0,1.0,0.0025339843871069467,0.011826492193703464,0.17502063227553008,0.3907053068172064
separated,100,400,4.0,0.05,0.3,296,cp,1.0,1.0,1.0,0.0,1.0,0.0,1.0,0.005367850901534985,0.029280424459179888,0.10355475736984088,0.23945964964546873
separated,100,400,4.0,0.05,0.3,296,dkw,1.0,1.0,1.0,0.0,0.96,0.0,1.0,0.007943851120232166,0.06310094808799416,0.1842502924171321,0.4027536710328684
separated,100,400,4.0,0.05,0.3,297,cp,1.0,1.0,1.0,0.0,1.0,0.0,1.0,0.0009199384301591218,0.007093661650140026,0.08425404058899963,0.2036561162056414
separated,100,400,4.0,0.05,0.3,297,dkw,1.0,1.0,1.0,0.0,0.96,0.0,1.0,0.00040414777823778004,0.0044288204922998675,0.1762423154974736,0.38682877661873005
separated,100,400,4.0,0.05,0.3,298,cp,1.0,1.0,1.0,0.0,1.0,0.0,1.0,0.0027682316304934364,0.0176826732783657,0.10072774305365854,0.21273867348576703
separated,100,400,4.0,0.05,0.3,298,dkw,1.0,1.0,1.0,0.0,0.96,0.0,1.0,0.0006361919641535207,0.005801104647893518,0.18809433392672306,0.39143534067084695
separated,100,400,4.0,0.05,0.3,299,cp,1.0,1.0,1.0,0.0,1.0,0.0,1.0,0.0055941451810979535,0.0176826732783657,0.09598021742942157,0.2511714863429573
separated,100,400,4.0,0.05,0.3,299,dkw,1.0,1.0,1.0,0.0,0.96,0.0,1.0,0.0055941451810979535,0.0176826732783657,0.17904110422723246,0.39217581516250866
separated,100,400,4.0,0.05,0.7,0,cp,1.0,1.0,1.0,0.0,1.0,0.0,1.0,0.0020609246993588083,0.010680076484131606,0.11157183088726344,0.24437950287971733
separated,100,400,4.0,0.05,0.7,0,dkw,1.0,1.0,1.0,0.0,0.96,0.0,1.0,0.001633721639993544,0.009517662055048115,0.19432014922840982,0.3963431557298227
separated,100,400,4.0,0.05,0.7,1,cp,1.0,1.0,1.0,0.0,1.0,0.0,1.0,0.0033157841252113938,0.021651530086902016,0.11507804608943782,0.2487167759955815
separated,100,400,4.0,0.05,0.7,1,dkw,1.0,1.0,1.0,0.0,0.96,0.0,1.0,0.002442538627120818,0.0176826732783657,0.19431979518096937,0.3993968458906558
separated,100,400,4.0,0.05,0.7,2,cp,1.0,1.0,1.0,0.0,1.0,0.0,1.0,0.00017389107973358352,0.0024981739367750944,0.10579946335363254,0.24437950287971733
separated,100,400,4.0,0.05,0.7,2,dkw,1.0,1.0,1.0,0.0,0.92,0.0,1.0,0.0017352316959861902,0.015429447841863064,0.18687377886070156,0.3963431557298227
separated,100,400,4.0,0.05,0.7,3,cp,1.0,1.0,1.0,0.0,1.0,0.0,1.0,0.0020609246993588083,0.010680076484131606,0.10782732222082402,0.2419908441970281
separated,100,400,4.0,0.05,0.7,3,dkw,1.0,1.0,1.0,0.0,0.96,0.0,1.0,0.001633721639993544,0.009517662055048115,0.19070164646177834,0.3948237467143946
separated,100,400,4.0,0.05,0.7,4,cp,1.0,1.0,1.0,0.0,1.0,0.0,1.0,0.00017389107973358352,0.0024981739367750944,0.10314471448729645,0.2419908441970281
separated,100,400,4.0,0.05,0.7,4,dkw,1.0,1.0,1.0,0.0,0.92,0.0,1.0,0.0017352316959861902,0.015429447841863064,0.18485913550791885,0.3948237467143946
separated,100,400,4.0,0.05,0.7,5,cp,1.0,1.0,1.0,0.0,1.0,0.0,1.0,0.003219337446284598,0.021185762346493497,0.11030727768428276,0.26231584876394587
separated,100,400,4.0,0.05,0.7,5,dkw,1.0,1.0,1.0,0.0,0.96,0.0,1.0,0.007943851120232166,0.06310094808799416,0.1872267284437715,0.3998194556853606
separated,100,400,4.0,0.05,0.7,6,cp,1.0,1.0,1.0,0.0,1.0,0.0,1.0,0.00017389107973358352,0.0024981739367750944,0.09131252027455743,0.21780307577960167
separated,100,400,4.0,0.05,0.7,6,dkw,1.0,1.0,1.0,0.0,0.92,0.0,1.0,0.0011180537823116676,0.011086578425139715,0.18303532790356836,0.39453192940991033
separated,100,400,4.0,0.05,0.7,7,cp,1.0,1.0,1.0,0.0,1.0,0.0,1.0,0.00258266218984593,0.021185762346493497,0.1031850346937971,0.246614566135815
separated,100,400,4.0,0.05,0.7,7,dkw,1.0,1.0,1.0,0.0,0.96,0.0,1.0,0.007943851120232166,0.06310094808799416,0.18350244834704854,0.3978675137324098
separated,100,400,4.0,0.05,0.7,8,cp,1.0,1.0,1.0,0.0,1.0,0.0,1.0,0.0003126831504008187,0.004857707356216601,0.11045036348228883,0.24958969427756672
separated,100,400,4.0,0.05,0.7,8,dkw,1.0,1.0,1.0,0.0,0.92,0.0,1.0,0.0017352316959861902,0.015429447841863064,0.18909925443202455,0.39959853826367286
separated,100,400,4.0,0.05,0.7,9,cp,1.0,1.0,1.0,0.0,1.0,0.0,1.0,0.0009199384301591218,0.007093661650140026,0.10366383932040008,0.2572639135013106
separated,100,400,4.0,0.05,0.7,9,dkw,1.0,1.0,1.0,0.0,0.92,0.0,1.0,0.0012530151577916193,0.008326918190812438,0.18503653553361007,0.3951307987589351
separated,100,400,4.0,0.05,0.7,10,cp,1.0,1.0,1.0,0.0,1.0,0.0,1.0,0.0006361919641535207,0.005801104647893518,0.09189339710824523,0.23357702896423926
separated,100,400,4.0,0.05,0.7,10,dkw,1.0,1.0,1.0,0.0,0.92,0.0,1.0,0.00022699495854578534,0.002951276737924724,0.17853438501923058,0.3902949644340614
separated,100,400,4.0,0.05,0.7,11,cp,1.0,1.0,1.0,0.0,1.0,0.0,1.0,0.007114445370146289,0.024674535038923584,0.11811701569881851,0.275857744006045
separated,100,400,4.0,0.05,0.7,11,dkw,1.0,1.0,1.0,0.0,0.92,0.0,1.0,0.0019603220889262475,0.0176826732783657,0.19532138284477035,0.4012842795980738
separated,100,400,4.0,0.05,0.7,12,cp,1.0,1.0,1.0,0.0,1.0,0.0,1.0,5.5516223581428824e-05,0.0013879055895357206,0.10248709032560978,0.2419908441970281
separated,100,400,4.0,0.05,0.7,12,dkw,1.0,1.0,1.0,0.0,0.92,0.0,1.0,0.00017389107973358352,0.0024981739367750944,0.1857156026865664,0.3948237467143946
separated,100,400,4.0,0.05,0.7,13,cp,1.0,1.0,1.0,0.0,1.0,0.0,1.0,0.0012530151577916193,0.008326918190812438,0.08909549051017995,0.20693812581832893
separated,100,400,4.0,0.05,0.7,13,dkw,1.0,1.0,1.0,0.0,0.96,0.0,1.0,0.0006361919641535207,0.005801104647893518,0.17995395801860148,0.3883592238337443
separated,100,400,4.0,0.05,0.7,14,cp,1.0,1.0,1.0,0.0,1.0,0.0,1.0,0.0016797154724047614,0.015429447841863064,0.10694878675695434,0.2539578635064459
separated,100,400,4.0,0.05,0.7,14,dkw,1.0,1.0,1.0,0.0,0.92,0.0,1.0,0.0054198131967124,0.04164835071248185,0.18627425463717678,0.4026008140177082
separated,100,400,4.0,0.05,0.7,15,cp,1.0,1.0,1.0,0.0,1.0,0.0,1.0,5.5516223581428824e-05,0.0013879055895357206,0.10790561808685323,0.2201261117999207
separated,100,400,4.0,0.05,0.7,15,dkw,1.0,1.0,1.0,0.0,0.92,0.0,1.0,0.0006745906453060791,0.007659781783095787,0.19178341455014966,0.396087967183709
separated,100,400,4.0,0.05,0.7,16,cp,1.0,1.0,1.0,0.0,1.0,0.0,1.0,0.00036819937398224756,0.004857707356216601,0.1026811836749668,0.24437950287971733
separated,100,400,4.0,0.05,0.7,16,dkw,1.0,1.0,1.0,0.0,0.92,0.0,1.0,0.0017352316959861902,0.015429447841863064,0.18518340306996334,0.3963431557298227
separated,100,400,4.0,0.05,0.7,17,cp,0.0,1.0,1.0,0.0,1.0,0.0,1.0,0.0020609246993588083,0.010680076484131606,0.10382209089128427,0.23942125058081365
separated,100,400,4.0,0.05,0.7,17,dkw,1.0,1.0,1.0,0.0,0.92,0.0,1.0,0.0012530151577916193,0.008326918190812438,0.1870946530056212,0.39330926168672464
separated,100,400,4.0,0.05,0.7,18,cp,1.0,1.0,1.0,0.0,1.0,0.0,1.0,0.00334920342930805,0.02443241192207979,0.10888874659929765,0.24159962646568223
separated,100,400,4.0,0.05,0.7,18,dkw,1.0,1.0,1.0,0.0,0.96,0.0,1.0,0.0037538791682131256,0.029280424459179888,0.18821961232780193,0.40436890743098697
separated,100,400,4.0,0.05,0.7,19,cp,1.0,1.0,1.0,0.0,1.0,0.0,1.0,0.0,0.0,0.11788080148321431,0.2586333997099821
separated,100,400,4.0,0.05,0.7,19,dkw,1.0,1.0,1.0,0.0,0.92,0.0,1.0,0.00017389107973358352,0.0024981739367750944,0.19541011868221456,0.4010972820909321
separated,100,400,4.0,0.05,0.7,20,cp,1.0,1.0,1.0,0.0,1.0,0.0,1.0,0.0007106393787012478,0.01730478700050242,0.115100818557809,0.26616603954025886
separated,100,400,4.0,0.05,0.7,20,dkw,1.0,1.0,1.0,0.0,0.92,0.0,1.0,0.00036819937398224756,0.004857707356216601,0.19082659040829014,0.40292770562777247
separated,100,400,4.0,0.05,0.7,21,cp,1.0,1.0,1.0,0.0,1.0,0.0,1.0,0.00040414777823778004,0.0044288204922998675,0.08529313852519156,0.23017833544748645
separated,100,400,4.0,0.05,0.7,21,dkw,1.0,1.0,1.0,0.0,0.96,0.0,1.0,0.00040414777823778004,0.0044288204922998675,0.1748422353859892,0.3887951030430741
separated,100,400,4.0,0.05,0.7,22,cp,1.0,1.0,1.0,0.0,1.0,0.0,1.0,0.0060564884531510675,0.04164835071248185,0.11159112809820602,0.25974768538303317
separated,100,400,4.0,0.05,0.7,22,dkw,1.0,1.0,1.0,0.0,0.92,0.0,1.0,0.012314013295710998,0.1106419599765065,0.18794289362367475,0.4047142912916578
separated,100,400,4.0,0.05,0.7,23,cp,1.0,1.0,1.0,0.0,1.0,0.0,1.0,0.0017352316959861902,0.015429447841863064,0.09504848102479853,0.2201261117999207
separated,100,400,4.0,0.05,0.7,23,dkw,1.0,1.0,1.0,0.0,0.92,0.0,1.0,0.007943851120232166,0.06310094808799416,0.17980530041569615,0.396087967183709
separated,100,400,4.0,0.05,0.7,24,cp,1.0,1.0,1.0,0.0,1.0,0.0,1.0,0.00036819937398224756,0.004857707356216601,0.10938028291406215,0.2507022230131979
separated,100,400,4.0,0.05,0.7,24,dkw,1.0,1.0,1.0,0.0,0.92,0.0,1.0,0.0017352316959861902,0.015429447841863064,0.19119811761230288,0.4009311775435931
separated,100,400,4.0,0.05,0.7,25,cp,1.0,1.0,1.0,0.0,1.0,0.0,1.0,0.0001714787349643565,0.002951276737924724,0.1024384562706842,0.24906612978681641
separated,100,400,4.0,0.05,0.7,25,dkw,1.0,1.0,1.0,0.0,0.96,0.0,1.0,5.5516223581428824e-05,0.0013879055895357206,0.18370157838711512,0.3951307987589351
separated,100,400,4.0,0.05,0.7,26,cp,1.0,1.0,1.0,0.0,1.0,0.0,1.0,5.342766544736755e-05,0.0013356916361841886,0.09764172267319964,0.2386996200938849
separated,100,400,4.0,0.05,0.7,26,dkw,1.0,1.0,1.0,0.0,0.92,0.0,1.0,7.396412226257975e-05,0.0013879055895357206,0.18303408920277783,0.39330926168672464
separated,100,400,4.0,0.05,0.7,27,cp,1.0,1.0,1.0,0.0,1.0,0.0,1.0,0.012822751937607797,0.03717593363989613,0.10352912176142237,0.2201261117999207
separated,100,400,4.0,0.05,0.7,27,dkw,1.0,1.0,1.0,0.0,0.96,0.0,1.0,0.00989966929708899,0.03222669789706989,0.19208670949965362,0.396087967183709
separated,100,400,4.0,0.05,0.7,28,cp,1.0,1.0,1.0,0.0,1.0,0.0,1.0,0.0001714787349643565,0.002951276737924724,0.09069105645556559,0.22971530543221896
separated,100,400,4.0,0.05,0.7,28,dkw,1.0,1.0,1.0,0.0,0.96,0.0,1.0,5.5516223581428824e-05,0.0013879055895357206,0.1777393174431049,0.3902949644340614
separated,100,400,4.0,0.05,0.7,29,cp,1.0,1.0,1.0,0.0,1.0,0.0,1.0,0.0016797154724047614,0.015429447841863064,0.10013165865427005,0.25300560144697903
separated,100,400,4.0,0.05,0.7,29,dkw,1.0,1.0,1.0,0.0,0.96,0.0,1.0,0.0037538791682131256,0.029280424459179888,0.1824459350022681,0.39959853826367286
separated,100,400,4.0,0.05,0.7,30,cp,1.0,1.0,1.0,0.0,1.0,0.0,1.0,0.009198381498628878,0.04164835071248185,0.11639693735542313,0.2668015648089417
separated,100,400,4.0,0.05,0.7,30,dkw,1.0,1.0,1.0,0.0,0.92,0.0,1.0,0.012314013295710998,0.1106419599765065,0.19163237499130747,0.40609829226744965
separated,100,400,4.0,0.05,0.7,31,cp,1.0,1.0,1.0,0.0,1.0,0.0,1.0,0.0006190744217246503,0.007659781783095787,0.10540697505066579,0.2576332971815807
separated,100,400,4.0,0.05,0.7,31,dkw,1.0,1.0,1.0,0.0,0.92,0.0,1.0,0.0017352316959861902,0.015429447841863064,0.18594015708362413,0.4012842795980738
separated,100,400,4.0,0.05,0.7,32,cp,1.0,1.0,1.0,0.0,1.0,0.0,1.0,0.001633721639993544,0.009517662055048115,0.09411639408164196,0.23357702896423926
separated,100,400,4.0,0.05,0.7,32,dkw,1.0,1.0,1.0,0.0,0.96,0.0,1.0,0.0012530151577916193,0.008326918190812438,0.1797576397088687,0.3902949644340614
separated,100,400,4.0,0.05,0.7,33,cp,1.0,1.0,1.0,0.0,1.0,0.0,1.0,0.0056935284161982215,0.018947016236178005,0.1086186338761274,0.2419908441970281
separated,100,400,4.0,0.05,0.7,33,dkw,1.0,1.0,1.0,0.0,0.96,0.0,1.0,0.004886838249963325,0.016462435358671312,0.19176677723928498,0.3948237467143946
separated,100,400,4.0,0.05,0.7,34,cp,1.0,1.0,1.0,0.0,1.0,0.0,1.0,0.0037538791682131256,0.029280424459179888,0.11018691119683759,0.24998377025527896
separated,100,400,4.0,0.05,0.7,34,dkw,1.0,1.0,1.0,0.0,0.92,0.0,1.0,0.012314013295710998,0.1106419599765065,0.18873927301163612,0.3983591771654793
separated,100,400,4.0,0.05,0.7,35,cp,1.0,1.0,1.0,0.0,1.0,0.0,1.0,0.0,0.0,0.11273913412324138,0.24958969427756672
separated,100,400,4.0,0.05,0.7,35,dkw,1.0,1.0,1.0,0.0,0.96,0.0,1.0,0.00017389107973358352,0.0024981739367750944,0.191672748190223,0.39959853826367286
separated,100,400,4.0,0.05,0.7,36,cp,1.0,1.0,1.0,0.0,1.0,0.0,1.0,0.0001714787349643565,0.002951276737924724,0.1004504878101132,0.24563126331602603
separated,100,400,4.0,0.05,0.7,36,dkw,1.0,1.0,1.0,0.0,0.96,0.0,1.0,0.00010894388902879637,0.0013879055895357206,0.18308812406258276,0.3951307987589351
separated,100,400,4.0,0.05,0.7,37,cp,1.0,1.0,1.0,0.0,1.0,0.0,1.0,7.396412226257975e-05,0.0013879055895357206,0.10458224274136221,0.26226993727239833
separated,100,400,4.0,0.05,0.7,37,dkw,1.0,1.0,1.0,0.0,0.92,0.0,1.0,0.00036819937398224756,0.004857707356216601,0.18633265879500144,0.39810455879591045
separated,100,400,4.0,0.05,0.7,38,cp,1.0,1.0,1.0,0.0,1.0,0.0,1.0,0.0006361919641535207,0.005801104647893518,0.09189339710824523,0.23357702896423926
separated,100,400,4.0,0.05,0.7,38,dkw,1.0,1.0,1.0,0.0,0.92,0.0,1.0,0.00022699495854578534,0.002951276737924724,0.17853438501923058,0.3902949644340614
separated,100,400,4.0,0.05,0.7,39,cp,1.0,1.0,1.0,0.0,1.0,0.0,1.0,0.0055235252153171335,0.02443241192207979,0.10860225744128733,0.23891273976630567
separated,100,400,4.0,0.05,0.7,39,dkw,1.0,1.0,1.0,0.0,0.96,0.0,1.0,0.0009199384301591218,0.007093661650140026,0.18799306679824246,0.3983591771654793
separated,100,400,4.0,0.05,0.7,40,cp,1.0,1.0,1.0,0.0,1.0,0.0,1.0,0.0006745906453060791,0.007659781783095787,0.11213397183100707,0.2487167759955815
separated,100,400,4.0,0.05,0.7,40,dkw,1.0,1.0,1.0,0.0,0.96,0.0,1.0,0.00258266218984593,0.021185762346493497,0.19102263502511832,0.3993968458906558
separated,100,400,4.0,0.05,0.7,41,cp,1.0,1.0,1.0,0.0,1.0,0.0,1.0,0.0016797154724047614,0.015429447841863064,0.09123437722594364,0.24975021049202017
separated,100,400,4.0,0.05,0.7,41,dkw,1.0,1.0,1.0,0.0,0.92,0.0,1.0,0.0037538791682131256,0.029280424459179888,0.17605259231621315,0.39365097148598027
separated,100,400,4.0,0.05,0.7,42,cp,1.0,1.0,1.0,0.0,1.0,0.0,1.0,0.00321585716774039,0.021651530086902016,0.11625914243231787,0.22644931664881318
separated,100,400,4.0,0.05,0.7,42,dkw,1.0,1.0,1.0,0.0,0.92,0.0,1.0,0.0011180537823116676,0.011086578425139715,0.19960229837830876,0.4007873774677916
separated,100,400,4.0,0.05,0.7,43,cp,1.0,1.0,1.0,0.0,1.0,0.0,1.0,0.00036819937398224756,0.004857707356216601,0.09994304502338268,0.2201261117999207
separated,100,400,4.0,0.05,0.7,43,dkw,1.0,1.0,1.0,0.0,0.92,0.0,1.0,0.00258266218984593,0.021185762346493497,0.185419812342674,0.396087967183709
separated,100,400,4.0,0.05,0.7,44,cp,1.0,1.0,1.0,0.0,1.0,0.0,1.0,0.0006190744217246503,0.007659781783095787,0.10678134682470461,0.24236530003034185
separated,100,400,4.0,0.05,0.7,44,dkw,1.0,1.0,1.0,0.0,0.92,0.0,1.0,0.00258266218984593,0.021185762346493497,0.18730505496017774,0.3978675137324098
separated,100,400,4.0,0.05,0.7,45,cp,1.0,1.0,1.0,0.0,1.0,0.0,1.0,0.00017389107973358352,0.0024981739367750944,0.10015143958198003,0.2419908441970281
separated,100,400,4.0,0.05,0.7,45,dkw,1.0,1.0,1.0,0.0,0.92,0.0,1.0,0.0017352316959861902,0.015429447841863064,0.18317195118810756,0.3948237467143946
separated,100,400,4.0,0.05,0.7,46,cp,1.0,1.0,1.0,0.0,1.0,0.0,1.0,0.00017389107973358352,0.0024981739367750944,0.08990485647567147,0.21273867348576703
separated,100,400,4.0,0.05,0.7,46,dkw,1.0,1.0,1.0,0.0,0.92,0.0,1.0,0.0011180537823116676,0.011086578425139715,0.17924736287875603,0.39143534067084695
separated,100,400,4.0,0.05,0.7,47,cp,1.0,1.0,1.0,0.0,1.0,0.0,1.0,0.0010625375587302388,0.011086578425139715,0.10743508382073438,0.2576332971815807
separated,100,400,4.0,0.05,0.7,47,dkw,1.0,1.0,1.0,0.0,0.92,0.0,1.0,0.00258266218984593,0.021185762346493497,0.1860309020471129,0.4012842795980738
separated,100,400,4.0,0.05,0.7,48,cp,1.0,1.0,1.0,0.0,1.0,0.0,1.0,0.0047027312333840585,0.02311615559381819,0.09952419115702227,0.21273867348576703
separated,100,400,4.0,0.05,0.7,48,dkw,1.0,1.0,1.0,0.0,0.92,0.0,1.0,0.001520703804163177,0.018947016236178005,0.1865459404704954,0.39143534067084695
separated,100,400,4.0,0.05,0.7,49,cp,1.0,1.0,1.0,0.0,1.0,0.0,1.0,5.5516223581428824e-05,0.0013879055895357206,0.09122484651022336,0.23663375761711325
separated,100,400,4.0,0.05,0.7,49,dkw,1.0,1.0,1.0,0.0,0.92,0.0,1.0,5.5516223581428824e-05,0.0013879055895357206,0.17934090124935267,0.391799675815094
separated,100,400,4.0,0.05,0.7,50,cp,1.0,1.0,1.0,0.0,1.0,0.0,1.0,0.0031561730802364086,0.028451339216919225,0.10517612674196075,0.228467959739861
separated,100,400,4.0,0.05,0.7,50,dkw,1.0,1.0,1.0,0.0,0.96,0.0,1.0,0.00022699495854578534,0.002951276737924724,0.18674445324573213,0.3983591771654793
separated,100,400,4.0,0.05,0.7,51,cp,1.0,1.0,1.0,0.0,1.0,0.0,1.0,0.006230820437536621,0.0176826732783657,0.09340704614232426,0.22991805909566965
separated,100,400,4.0,0.05,0.7,51,dkw,1.0,1.0,1.0,0.0,0.96,0.0,1.0,0.0055941451810979535,0.0176826732783657,0.17760787549664628,0.39400539479858365
separated,100,400,4.0,0.05,0.7,52,cp,1.0,1.0,1.0,0.0,1.0,0.0,1.0,0.0016797154724047614,0.015429447841863064,0.11279620633042149,0.2654285804918788
separated,100,400,4.0,0.05,0.7,52,dkw,1.0,1.0,1.0,0.0,0.92,0.0,1.0,0.0054198131967124,0.04164835071248185,0.1893557369511768,0.4010972820909321
separated,100,400,4.0,0.05,0.7,53,cp,1.0,1.0,1.0,0.0,1.0,0.0,1.0,0.0011180537823116676,0.011086578425139715,0.09702398158341452,0.2201261117999207
separated,100,400,4.0,0.05,0.7,53,dkw,1.0,1.0,1.0,0.0,0.96,0.0,1.0,0.0054198131967124,0.04164835071248185,0.18184741637959603,0.396087967183709
separated,100,400,4.0,0.05,0.7,54,cp,1.0,1.0,1.0,0.0,1.0,0.0,1.0,5.5516223581428824e-05,0.0013879055895357206,0.10248709032560978,0.2419908441970281
separated,100,400,4.0,0.05,0.7,54,dkw,1.0,1.0,1.0,0.0,0.92,0.0,1.0,0.00017389107973358352,0.0024981739367750944,0.1857156026865664,0.3948237467143946
separated,100,400,4.0,0.05,0.7,55,cp,1.0,1.0,1.0,0.0,1.0,0.0,1.0,0.0037538791682131256,0.029280424459179888,0.09450756340464334,0.2487167759955815
separated,100,400,4.0,0.05,0.7,55,dkw,1.0,1.0,1.0,0.0,0.96,0.0,1.0,0.012314013295710998,0.1106419599765065,0.17841541161213353,0.39891700301796496
separated,100,400,4.0,0.05,0.7,56,cp,1.0,1.0,1.0,0.0,1.0,0.0,1.0,0.0055941451810979535,0.0176826732783657,0.10144930149237018,0.25438644441211855
separated,100,400,4.0,0.05,0.7,56,dkw,1.0,1.0,1.0,0.0,0.96,0.0,1.0,0.0055941451810979535,0.0176826732783657,0.18275847691813343,0.39365097148598027
separated,100,400,4.0,0.05,0.7,57,cp,1.0,1.0,1.0,0.0,1.0,0.0,1.0,0.00267997962023951,0.02026610653549954,0.11205728910368794,0.246614566135815
separated,100,400,4.0,0.05,0.7,57,dkw,1.0,1.0,1.0,0.0,0.92,0.0,1.0,0.00010894388902879637,0.0013879055895357206,0.1944735853685821,0.3978675137324098
separated,100,400,4.0,0.05,0.7,58,cp,1.0,1.0,1.0,0.0,1.0,0.0,1.0,0.00017389107973358352,0.0024981739367750944,0.11459780429215045,0.2665470380907846
separated,100,400,4.0,0.05,0.7,58,dkw,1.0,1.0,1.0,0.0,0.96,0.0,1.0,0.0006745906453060791,0.007659781783095787,0.19250265127887853,0.4010972820909321
separated,100,400,4.0,0.05,0.7,59,cp,1.0,1.0,1.0,0.0,1.0,0.0,1.0,0.00040414777823778004,0.0044288204922998675,0.09823712060170876,0.21273867348576703
separated,100,400,4.0,0.05,0.7,59,dkw,1.0,1.0,1.0,0.0,0.96,0.0,1.0,7.396412226257975e-05,0.0013879055895357206,0.18506488352368,0.39143534067084695
separated,100,400,4.0,0.05,0.7,60,cp,1.0,1.0,1.0,0.0,1.0,0.0,1.0,0.003698362944631697,0.029280424459179888,0.09847444725038906,0.2586333997099821
separated,100,400,4.0,0.05,0.7,60,dkw,1.0,1.0,1.0,0.0,0.96,0.0,1.0,0.007943851120232166,0.06310094808799416,0.18058939694385953,0.4010972820909321
separated,100,400,4.0,0.05,0.7,61,cp,1.0,1.0,1.0,0.0,1.0,0.0,1.0,0.005638012192616793,0.018947016236178005,0.1150395191576823,0.2609041856238701
separated,100,400,4.0,0.05,0.7,61,dkw,1.0,1.0,1.0,0.0,0.96,0.0,1.0,0.0055941451810979535,0.0176826732783657,0.19403923061310166,0.39810455879591045
separated,100,400,4.0,0.05,0.7,62,cp,1.0,1.0,1.0,0.0,1.0,0.0,1.0,0.0003486315546563512,0.0044288204922998675,0.10137247669997507,0.24218384685270633
separated,100,400,4.0,0.05,0.7,62,dkw,1.0,1.0,1.0,0.0,0.96,0.0,1.0,0.00022699495854578534,0.002951276737924724,0.1838615661146935,0.3951307987589351
separated,100,400,4.0,0.05,0.7,63,cp,1.0,1.0,1.0,0.0,1.0,0.0,1.0,0.0,0.0,0.11287577041001785,0.25300560144697903
separated,100,400,4.0,0.05,0.7,63,dkw,1.0,1.0,1.0,0.0,0.96,0.0,1.0,0.00017389107973358352,0.0024981739367750944,0.191672748190223,0.39959853826367286
separated,100,400,4.0,0.05,0.7,64,cp,1.0,1.0,1.0,0.0,1.0,0.0,1.0,5.5516223581428824e-05,0.0013879055895357206,0.11141223253456704,0.2644850166788323
separated,100,400,4.0,0.05,0.7,64,dkw,1.0,1.0,1.0,0.0,0.96,0.0,1.0,0.00017389107973358352,0.0024981739367750944,0.19112747825410267,0.39959853826367286
separated,100,400,4.0,0.05,0.7,65,cp,1.0,1.0,1.0,0.0,1.0,0.0,1.0,0.0055941451810979535,0.0176826732783657,0.10144930149237018,0.25438644441211855
separated,100,400,4.0,0.05,0.7,65,dkw,1.0,1.0,1.0,0.0,0.96,0.0,1.0,0.004886838249963325,0.016462435358671312,0.18275211777602438,0.39365097148598027
separated,100,400,4.0,0.05,0.7,66,cp,1.0,1.0,1.0,0.0,1.0,0.0,1.0,0.0016797154724047614,0.015429447841863064,0.0867214443271454,0.2463153440212298
separated,100,400,4.0,0.05,0.7,66,dkw,1.0,1.0,1.0,0.0,0.92,0.0,1.0,0.0037538791682131256,0.029280424459179888,0.1744602936685031,0.39365097148598027
separated,100,400,4.0,0.05,0.7,67,cp,1.0,1.0,1.0,0.0,1.0,0.0,1.0,5.5516223581428824e-05,0.0013879055895357206,0.10578940052411599,0.26226993727239833
separated,100,400,4.0,0.05,0.7,67,dkw,1.0,1.0,1.0,0.0,0.96,0.0,1.0,7.396412226257975e-05,0.0013879055895357206,0.1874238168462977,0.39810455879591045
separated,100,400,4.0,0.05,0.7,68,cp,1.0,1.0,1.0,0.0,1.0,0.0,1.0,0.0006361919641535207,0.005801104647893518,0.08953426640608067,0.20693812581832893
separated,100,400,4.0,0.05,0.7,68,dkw,1.0,1.0,1.0,0.0,0.96,0.0,1.0,5.5516223581428824e-05,0.0013879055895357206,0.1791587585538403,0.3883592238337443
separated,100,400,4.0,0.05,0.7,69,cp,1.0,1.0,1.0,0.0,1.0,0.0,1.0,0.0037538791682131256,0.029280424459179888,0.09098576194774716,0.24437950287971733
separated,100,400,4.0,0.05,0.7,69,dkw,1.0,1.0,1.0,0.0,0.96,0.0,1.0,0.012314013295710998,0.1106419599765065,0.17618711865102957,0.3957870217082582
separated,100,400,4.0,0.05,0.7,70,cp,1.0,1.0,1.0,0.0,1.0,0.0,1.0,0.00022699495854578534,0.002951276737924724,0.09494537034639604,0.23663375761711325
separated,100,400,4.0,0.05,0.7,70,dkw,1.0,1.0,1.0,0.0,0.92,0.0,1.0,0.00010894388902879637,0.0013879055895357206,0.18082791701316003,0.391799675815094
separated,100,400,4.0,0.05,0.7,71,cp,1.0,1.0,1.0,0.0,1.0,0.0,1.0,0.00036819937398224756,0.004857707356216601,0.10938028291406215,0.2507022230131979
separated,100,400,4.0,0.05,0.7,71,dkw,1.0,1.0,1.0,0.0,0.92,0.0,1.0,0.0017352316959861902,0.015429447841863064,0.19119811761230288,0.4009311775435931
separated,100,400,4.0,0.05,0.7,72,cp,1.0,1.0,1.0,0.0,1.0,0.0,1.0,0.0017352316959861902,0.015429447841863064,0.07563501887893304,0.20693812581832893
separated,100,400,4.0,0.05,0.7,72,dkw,1.0,1.0,1.0,0.0,0.96,0.0,1.0,0.0054198131967124,0.04164835071248185,0.17013798517081452,0.3883592238337443
separated,100,400,4.0,0.05,0.7,73,cp,1.0,1.0,1.0,0.0,1.0,0.0,1.0,0.0025271459662645013,0.021185762346493497,0.11606899106972458,0.2613823207420005
separated,100,400,4.0,0.05,0.7,73,dkw,1.0,1.0,1.0,0.0,0.96,0.0,1.0,0.007943851120232166,0.06310094808799416,0.19161333681737375,0.40562233791910707
separated,100,400,4.0,0.05,0.7,74,cp,1.0,1.0,1.0,0.0,1.0,0.0,1.0,0.00036819937398224756,0.004857707356216601,0.09492900180597047,0.21534767068662208
separated,100,400,4.0,0.05,0.7,74,dkw,1.0,1.0,1.0,0.0,0.96,0.0,1.0,0.00258266218984593,0.021185762346493497,0.18136293087484867,0.3929810628101621
separated,100,400,4.0,0.05,0.7,75,cp,1.0,1.0,1.0,0.0,1.0,0.0,1.0,0.00036819937398224756,0.004857707356216601,0.0884526017537193,0.21273867348576703
separated,100,400,4.0,0.05,0.7,75,dkw,1.0,1.0,1.0,0.0,0.96,0.0,1.0,0.00258266218984593,0.021185762346493497,0.17767860189302812,0.39143534067084695
separated,100,400,4.0,0.05,0.7,76,cp,1.0,1.0,1.0,0.0,1.0,0.0,1.0,0.0041728246120350445,0.0152763050314918,0.09553191490019013,0.24336211477346448
separated,100,400,4.0,0.05,0.7,76,dkw,1.0,1.0,1.0,0.0,0.96,0.0,1.0,0.004886838249963325,0.016462435358671312,0.1790311174472048,0.39217581516250866
separated,100,400,4.0,0.05,0.7,77,cp,1.0,1.0,1.0,0.0,1.0,0.0,1.0,0.00010894388902879637,0.0013879055895357206,0.1055323171652671,0.25987498319531566
separated,100,400,4.0,0.05,0.7,77,dkw,1.0,1.0,1.0,0.0,0.96,0.0,1.0,7.396412226257975e-05,0.0013879055895357206,0.18585671292770725,0.39661532010390965
separated,100,400,4.0,0.05,0.7,78,cp,1.0,1.0,1.0,0.0,1.0,0.0,1.0,0.003698362944631697,0.029280424459179888,0.1024985549364159,0.2654285804918788
separated,100,400,4.0,0.05,0.7,78,dkw,1.0,1.0,1.0,0.0,0.92,0.0,1.0,0.012314013295710998,0.1106419599765065,0.18207169042097227,0.40031439270713864
separated,100,400,4.0,0.05,0.7,79,cp,1.0,1.0,1.0,0.0,1.0,0.0,1.0,5.342766544736755e-05,0.0013356916361841886,0.09764172267319964,0.2386996200938849
separated,100,400,4.0,0.05,0.7,79,dkw,1.0,1.0,1.0,0.0,0.96,0.0,1.0,7.396412226257975e-05,0.0013879055895357206,0.18303408920277783,0.39330926168672464
separated,100,400,4.0,0.05,0.7,80,cp,1.0,1.0,1.0,0.0,1.0,0.0,1.0,0.00022699495854578534,0.002951276737924724,0.08663488333177809,0.20693812581832893
separated,100,400,4.0,0.05,0.7,80,dkw,1.0,1.0,1.0,0.0,0.96,0.0,1.0,7.396412226257975e-05,0.0013879055895357206,0.17762112350833817,0.3883592238337443
separated,100,400,4.0,0.05,0.7,81,cp,1.0,1.0,1.0,0.0,1.0,0.0,1.0,0.0006745906453060791,0.007659781783095787,0.11844259059845683,0.2719966888731462
separated,100,400,4.0,0.05,0.7,81,dkw,1.0,1.0,1.0,0.0,0.92,0.0,1.0,0.00258266218984593,0.021185762346493497,0.19552422682123005,0.40562233791910707
separated,100,400,4.0,0.05,0.7,82,cp,1.0,1.0,1.0,0.0,1.0,0.0,1.0,0.00036819937398224756,0.004857707356216601,0.09492900180597047,0.21534767068662208
separated,100,400,4.0,0.05,0.7,82,dkw,1.0,1.0,1.0,0.0,0.96,0.0,1.0,0.00258266218984593,0.021185762346493497,0.18136293087484867,0.3929810628101621
separated,100,400,4.0,0.05,0.7,83,cp,1.0,1.0,1.0,0.0,1.0,0.0,1.0,0.00017389107973358352,0.0024981739367750944,0.10015143958198003,0.2419908441970281
separated,100,400,4.0,0.05,0.7,83,dkw,1.0,1.0,1.0,0.0,0.96,0.0,1.0,0.0017352316959861902,0.015429447841863064,0.18317195118810756,0.3948237467143946
separated,100,400,4.0,0.05,0.7,84,cp,1.0,1.0,1.0,0.0,1.0,0.0,1.0,0.0006190744217246503,0.007659781783095787,0.1089307054279195,0.24958969427756672
separated,100,400,4.0,0.05,0.7,84,dkw,1.0,1.0,1.0,0.0,0.92,0.0,1.0,0.0037538791682131256,0.029280424459179888,0.18750828375968825,0.39959853826367286
separated,100,400,4.0,0.05,0.7,85,cp,1.0,1.0,1.0,0.0,1.0,0.0,1.0,0.0017352316959861902,0.015429447841863064,0.1063250164128254,0.2244374911727508
separated,100,400,4.0,0.05,0.7,85,dkw,1.0,1.0,1.0,0.0,0.96,0.0,1.0,0.007943851120232166,0.06310094808799416,0.18720257677770605,0.39921566403372344
separated,100,400,4.0,0.05,0.7,86,cp,1.0,1.0,1.0,0.0,1.0,0.0,1.0,0.0009199384301591218,0.007093661650140026,0.09275605725934319,0.23357702896423926
separated,100,400,4.0,0.05,0.7,86,dkw,1.0,1.0,1.0,0.0,0.96,0.0,1.0,0.0009199384301591218,0.007093661650140026,0.179150220213761,0.3902949644340614
separated,100,400,4.0,0.05,0.7,87,cp,1.0,1.0,1.0,0.0,1.0,0.0,1.0,0.0006745906453060791,0.007659781783095787,0.10369214227177609,0.246614566135815
separated,100,400,4.0,0.05,0.7,87,dkw,1.0,1.0,1.0,0.0,0.92,0.0,1.0,0.00258266218984593,0.021185762346493497,0.18562764691748213,0.3978675137324098
separated,100,400,4.0,0.05,0.7,88,cp,1.0,1.0,1.0,0.0,1.0,0.0,1.0,0.0010755063051168757,0.0176826732783657,0.11102785134088203,0.2644850166788323
separated,100,400,4.0,0.05,0.7,88,dkw,1.0,1.0,1.0,0.0,0.92,0.0,1.0,0.0017352316959861902,0.015429447841863064,0.18909925443202455,0.39959853826367286
separated,100,400,4.0,0.05,0.7,89,cp,1.0,1.0,1.0,0.0,1.0,0.0,1.0,0.0017352316959861902,0.015429447841863064,0.09504848102479853,0.2201261117999207
separated,100,400,4.0,0.05,0.7,89,dkw,1.0,1.0,1.0,0.0,0.92,0.0,1.0,0.007943851120232166,0.06310094808799416,0.17980530041569615,0.396087967183709
separated,100,400,4.0,0.05,0.7,90,cp,1.0,1.0,1.0,0.0,1.0,0.0,1.0,7.396412226257975e-05,0.0013879055895357206,0.09530532019529744,0.23942125058081365
separated,100,400,4.0,0.05,0.7,90,dkw,1.0,1.0,1.0,0.0,0.92,0.0,1.0,0.0006745906453060791,0.007659781783095787,0.18084057488907176,0.39330926168672464
separated,100,400,4.0,0.05,0.7,91,cp,1.0,1.0,1.0,0.0,1.0,0.0,1.0,7.396412226257975e-05,0.0013879055895357206,0.10448363724741232,0.21780307577960167
separated,100,400,4.0,0.05,0.7,91,dkw,1.0,1.0,1.0,0.0,0.96,0.0,1.0,0.0017352316959861902,0.015429447841863064,0.18835631639821326,0.39453192940991033
separated,100,400,4.0,0.05,0.7,92,cp,1.0,1.0,1.0,0.0,1.0,0.0,1.0,0.0025271459662645013,0.021185762346493497,0.08263708277020503,0.2386996200938849
separated,100,400,4.0,0.05,0.7,92,dkw,1.0,1.0,1.0,0.0,0.92,0.0,1.0,0.007943851120232166,0.06310094808799416,0.1725012782015539,0.39330926168672464
separated,100,400,4.0,0.05,0.7,93,cp,1.0,1.0,1.0,0.0,1.0,0.0,1.0,0.0025339843871069467,0.011826492193703464,0.08881467442260998,0.23017833544748645
separated,100,400,4.0,0.05,0.7,93,dkw,1.0,1.0,1.0,0.0,0.96,0.0,1.0,0.0020609246993588083,0.010680076484131606,0.17642950015255668,0.3887951030430741
separated,100,400,4.0,0.05,0.7,94,cp,1.0,1.0,1.0,0.0,1.0,0.0,1.0,0.0008105663361722515,0.01730478700050242,0.10137138041354131,0.24616523486894404
separated,100,400,4.0,0.05,0.7,94,dkw,1.0,1.0,1.0,0.0,0.96,0.0,1.0,0.0006745906453060791,0.007659781783095787,0.18675933403245423,0.39959853826367286
separated,100,400,4.0,0.05,0.7,95,cp,1.0,1.0,1.0,0.0,1.0,0.0,1.0,0.00010894388902879637,0.0013879055895357206,0.0976705878926768,0.23942125058081365
separated,100,400,4.0,0.05,0.7,95,dkw,1.0,1.0,1.0,0.0,0.96,0.0,1.0,7.396412226257975e-05,0.0013879055895357206,0.18303408920277783,0.39330926168672464
separated,100,400,4.0,0.05,0.7,96,cp,1.0,1.0,1.0,0.0,1.0,0.0,1.0,0.0055941451810979535,0.0176826732783657,0.08945803468143451,0.23017833544748645
separated,100,400,4.0,0.05,0.7,96,dkw,1.0,1.0,1.0,0.0,0.96,0.0,1.0,0.0055941451810979535,0.0176826732783657,0.1767625885408749,0.3887951030430741
separated,100,400,4.0,0.05,0.7,97,cp,1.0,1.0,1.0,0.0,1.0,0.0,1.0,0.0035617724107753724,0.014114653745513461,0.11034040272279531,0.2516491805304063
separated,100,400,4.0,0.05,0.7,97,dkw,1.0,1.0,1.0,0.0,0.92,0.0,1.0,0.0030527024845362627,0.012967952435732899,0.18997663610216114,0.39661532010390965
separated,100,400,4.0,0.05,0.7,98,cp,1.0,1.0,1.0,0.0,1.0,0.0,1.0,0.003120224675980876,0.028451339216919225,0.12255425254160848,0.26072938310701477
separated,100,400,4.0,0.05,0.7,98,dkw,1.0,1.0,1.0,0.0,0.92,0.0,1.0,0.0011180537823116676,0.011086578425139715,0.19903699213399953,0.4102134200398583
separated,100,400,4.0,0.05,0.7,99,cp,1.0,1.0,1.0,0.0,1.0,0.0,1.0,0.00036819937398224756,0.004857707356216601,0.10772701619383053,0.275857744006045
separated,100,400,4.0,0.05,0.7,99,dkw,1.0,1.0,1.0,0.0,0.92,0.0,1.0,0.0006745906453060791,0.007659781783095787,0.1873216435009418,0.4012842795980738
separated,100,400,4.0,0.05,0.7,100,cp,1.0,1.0,1.0,0.0,1.0,0.0,1.0,5.5516223581428824e-05,0.0013879055895357206,0.11029212682220707,0.246614566135815
separated,100,400,4.0,0.05,0.7,100,dkw,1.0,1.0,1.0,0.0,0.92,0.0,1.0,0.00036819937398224756,0.004857707356216601,0.19151831034456643,0.3978675137324098
separated,100,400,4.0,0.05,0.7,101,cp,0.0,1.0,1.0,0.0,1.0,0.0,1.0,0.00022699495854578534,0.002951276737924724,0.09050508904201081,0.20994810673791875
separated,100,400,4.0,0.05,0.7,101,dkw,0.0,1.0,1.0,0.0,0.96,0.0,1.0,5.5516223581428824e-05,0.0013879055895357206,0.18076304313479877,0.3898947364616008
separated,100,400,4.0,0.05,0.7,102,cp,1.0,1.0,1.0,0.0,1.0,0.0,1.0,0.002285512347546743,0.0176826732783657,0.10518370787902079,0.24563126331602603
separated,100,400,4.0,0.05,0.7,102,dkw,1.0,1.0,1.0,0.0,0.96,0.0,1.0,0.0009199384301591218,0.007093661650140026,0.18575135233101078,0.3951307987589351
separated,100,400,4.0,0.05,0.7,103,cp,1.0,1.0,1.0,0.0,1.0,0.0,1.0,0.0016921825391275336,0.018947016236178005,0.12293536222629989,0.2525836278259198
separated,100,400,4.0,0.05,0.7,103,dkw,1.0,1.0,1.0,0.0,0.92,0.0,1.0,7.396412226257975e-05,0.0013879055895357206,0.20332442961351047,0.4024705342022329
separated,100,400,4.0,0.05,0.7,104,cp,1.0,1.0,1.0,0.0,1.0,0.0,1.0,0.012796655489050606,0.03457353540276897,0.12473686362174374,0.2513176458068145
separated,100,400,4.0,0.05,0.7,104,dkw,1.0,1.0,1.0,0.0,0.92,0.0,1.0,0.009111300946778691,0.030094118314343388,0.20398746085118608,0.4086773596246881
separated,100,400,4.0,0.05,0.7,105,cp,1.0,1.0,1.0,0.0,1.0,0.0,1.0,0.0007812710533972078,0.0176826732783657,0.09112672510079171,0.21273867348576703
separated,100,400,4.0,0.05,0.7,105,dkw,1.0,1.0,1.0,0.0,0.96,0.0,1.0,0.0006745906453060791,0.007659781783095787,0.18061535905110587,0.39143534067084695
separated,100,400,4.0,0.05,0.7,106,cp,1.0,1.0,1.0,0.0,1.0,0.0,1.0,0.008840858079710391,0.030094118314343388,0.12466951834140452,0.25437120851322037
separated,100,400,4.0,0.05,0.7,106,dkw,1.0,1.0,1.0,0.0,0.92,0.0,1.0,0.006181220463061861,0.026343391750294987,0.20737546943329338,0.40401494155102713
separated,100,400,4.0,0.05,0.7,107,cp,1.0,1.0,1.0,0.0,1.0,0.0,1.0,0.007208116914419813,0.02443241192207979,0.09294543957492647,0.22639055505986994
separated,100,400,4.0,0.05,0.7,107,dkw,1.0,1.0,1.0,0.0,0.92,0.0,1.0,0.0055941451810979535,0.0176826732783657,0.17760787549664628,0.39400539479858365
separated,100,400,4.0,0.05,0.7,108,cp,1.0,1.0,1.0,0.0,1.0,0.0,1.0,0.00036819937398224756,0.004857707356216601,0.08368693983007698,0.23357702896423926
separated,100,400,4.0,0.05,0.7,108,dkw,1.0,1.0,1.0,0.0,0.92,0.0,1.0,0.0011180537823116676,0.011086578425139715,0.1738002912068069,0.3902949644340614
separated,100,400,4.0,0.05,0.7,109,cp,1.0,1.0,1.0,0.0,1.0,0.0,1.0,0.004886838249963325,0.016462435358671312,0.09639375598345763,0.20994810673791875
separated,100,400,4.0,0.05,0.7,109,dkw,0.0,1.0,1.0,0.0,0.96,0.0,1.0,0.003617288634356801,0.014114653745513461,0.18561315301343054,0.3898947364616008
separated,100,400,4.0,0.05,0.7,110,cp,1.0,1.0,1.0,0.0,1.0,0.0,1.0,0.00419663392316779,0.02443241192207979,0.10346557257653158,0.24154574528155837
separated,100,400,4.0,0.05,0.7,110,dkw,1.0,1.0,1.0,0.0,0.92,0.0,1.0,0.007943851120232166,0.06310094808799416,0.18418403685945461,0.4010972820909321
separated,100,400,4.0,0.05,0.7,111,cp,1.0,1.0,1.0,0.0,1.0,0.0,1.0,0.0011180537823116676,0.011086578425139715,0.0900498314342876,0.2419908441970281
separated,100,400,4.0,0.05,0.7,111,dkw,1.0,1.0,1.0,0.0,0.96,0.0,1.0,0.00258266218984593,0.021185762346493497,0.1782959613805418,0.3948237467143946
separated,100,400,4.0,0.05,0.7,112,cp,1.0,1.0,1.0,0.0,1.0,0.0,1.0,0.00022699495854578534,0.002951276737924724,0.11021126285234026,0.24437950287971733
separated,100,400,4.0,0.05,0.7,112,dkw,1.0,1.0,1.0,0.0,0.96,0.0,1.0,0.00017389107973358352,0.0024981739367750944,0.19107372657181693,0.3963431557298227
separated,100,400,4.0,0.05,0.7,113,cp,1.0,1.0,1.0,0.0,1.0,0.0,1.0,0.0006745906453060791,0.007659781783095787,0.09482440322487619,0.2419908441970281
separated,100,400,4.0,0.05,0.7,113,dkw,1.0,1.0,1.0,0.0,0.92,0.0,1.0,0.00258266218984593,0.021185762346493497,0.17993073419759242,0.3948237467143946
separated,100,400,4.0,0.05,0.7,114,cp,1.0,1.0,1.0,0.0,1.0,0.0,1.0,5.5516223581428824e-05,0.0013879055895357206,0.09969197686767899,0.2572639135013106
separated,100,400,4.0,0.05,0.7,114,dkw,1.0,1.0,1.0,0.0,0.92,0.0,1.0,7.396412226257975e-05,0.0013879055895357206,0.18215969709989366,0.3951307987589351
separated,100,400,4.0,0.05,0.7,115,cp,1.0,1.0,1.0,0.0,1.0,0.0,1.0,0.00017389107973358352,0.0024981739367750944,0.12025448036628512,0.2525836278259198
separated,100,400,4.0,0.05,0.7,115,dkw,1.0,1.0,1.0,0.0,0.92,0.0,1.0,0.0017352316959861902,0.015429447841863064,0.19835668197699938,0.4024705342022329
separated,100,400,4.0,0.05,0.7,116,cp,1.0,1.0,1.0,0.0,1.0,0.0,1.0,0.00040414777823778004,0.0044288204922998675,0.08608057405435694,0.20693812581832893
separated,100,400,4.0,0.05,0.7,116,dkw,1.0,1.0,1.0,0.0,0.96,0.0,1.0,0.00022699495854578534,0.002951276737924724,0.1786859164743434,0.3883592238337443
separated,100,400,4.0,0.05,0.7,117,cp,1.0,1.0,1.0,0.0,1.0,0.0,1.0,0.00017389107973358352,0.0024981739367750944,0.09688856458228098,0.24437950287971733
separated,100,400,4.0,0.05,0.7,117,dkw,1.0,1.0,1.0,0.0,0.96,0.0,1.0,0.00036819937398224756,0.004857707356216601,0.18453479160596356,0.3963431557298227
separated,100,400,4.0,0.05,0.7,118,cp,1.0,1.0,1.0,0.0,1.0,0.0,1.0,0.0055941451810979535,0.0176826732783657,0.08945803468143451,0.23017833544748645
separated,100,400,4.0,0.05,0.7,118,dkw,1.0,1.0,1.0,0.0,0.96,0.0,1.0,0.0055941451810979535,0.0176826732783657,0.1767625885408749,0.3887951030430741
separated,100,400,4.0,0.05,0.7,119,cp,1.0,1.0,1.0,0.0,1.0,0.0,1.0,0.004886838249963325,0.016462435358671312,0.08980424089325721,0.24752087550225
separated,100,400,4.0,0.05,0.7,119,dkw,1.0,1.0,1.0,0.0,0.96,0.0,1.0,0.0055941451810979535,0.0176826732783657,0.17534445285285472,0.3907053068172064
separated,100,400,4.0,0.05,0.7,120,cp,1.0,1.0,1.0,0.0,1.0,0.0,1.0,0.004227126544929245,0.03120265710962078,0.10619245797812304,0.22644931664881318
separated,100,400,4.0,0.05,0.7,120,dkw,1.0,1.0,1.0,0.0,0.96,0.0,1.0,0.0001714787349643565,0.002951276737924724,0.18829046155424436,0.4007873774677916
separated,100,400,4.0,0.05,0.7,121,cp,1.0,1.0,1.0,0.0,1.0,0.0,1.0,0.0055941451810979535,0.0176826732783657,0.08124245627528387,0.20002735964657314
separated,100,400,4.0,0.05,0.7,121,dkw,1.0,1.0,1.0,0.0,0.92,0.0,1.0,0.0055941451810979535,0.0176826732783657,0.17446126718985536,0.3853033688266053
separated,100,400,4.0,0.05,0.7,122,cp,1.0,1.0,1.0,0.0,1.0,0.0,1.0,0.0011180537823116676,0.011086578425139715,0.09457756387138078,0.2572639135013106
separated,100,400,4.0,0.05,0.7,122,dkw,1.0,1.0,1.0,0.0,0.92,0.0,1.0,0.0037538791682131256,0.029280424459179888,0.17810936881833864,0.3951307987589351
separated,100,400,4.0,0.05,0.7,123,cp,1.0,1.0,1.0,0.0,1.0,0.0,1.0,1.844789868115093e-05,0.0004611974670287733,0.11393968056584672,0.26442847796347735
separated,100,400,4.0,0.05,0.7,123,dkw,1.0,1.0,1.0,0.0,0.92,0.0,1.0,0.0006745906453060791,0.007659781783095787,0.19066481903482368,0.4012842795980738
separated,100,400,4.0,0.05,0.7,124,cp,1.0,1.0,1.0,0.0,1.0,0.0,1.0,0.00367196373215775,0.028451339216919225,0.11022601960831255,0.23310664992276442
separated,100,400,4.0,0.05,0.7,124,dkw,1.0,1.0,1.0,0.0,0.92,0.0,1.0,0.0006361919641535207,0.005801104647893518,0.1895942645326052,0.4014908864230341
separated,100,400,4.0,0.05,0.7,125,cp,1.0,1.0,1.0,0.0,1.0,0.0,1.0,0.0003486315546563512,0.0044288204922998675,0.11543026784840624,0.27121477034250185
separated,100,400,4.0,0.05,0.7,125,dkw,1.0,1.0,1.0,0.0,0.92,0.0,1.0,0.00022699495854578534,0.002951276737924724,0.192870066276808,0.4012842795980738
separated,100,400,4.0,0.05,0.7,126,cp,1.0,1.0,1.0,0.0,1.0,0.0,1.0,0.0010755063051168757,0.0176826732783657,0.12630762327129555,0.27513747796319
separated,100,400,4.0,0.05,0.7,126,dkw,1.0,1.0,1.0,0.0,0.96,0.0,1.0,0.0017352316959861902,0.015429447841863064,0.20278417270086307,0.408663303063325
separated,100,400,4.0,0.05,0.7,127,cp,1.0,1.0,1.0,0.0,1.0,0.0,1.0,0.00010894388902879637,0.0013879055895357206,0.09384935633260234,0.23663375761711325
separated,100,400,4.0,0.05,0.7,127,dkw,1.0,1.0,1.0,0.0,0.96,0.0,1.0,7.396412226257975e-05,0.0013879055895357206,0.17990164070617048,0.391799675815094
separated,100,400,4.0,0.05,0.7,128,cp,1.0,1.0,1.0,0.0,1.0,0.0,1.0,0.00825854624102504,0.03665548112297701,0.10524789819561739,0.2201261117999207
separated,100,400,4.0,0.05,0.7,128,dkw,1.0,1.0,1.0,0.0,0.92,0.0,1.0,0.0016879358555844392,0.02443241192207979,0.18830324821832128,0.396087967183709
separated,100,400,4.0,0.05,0.7,129,cp,1.0,1.0,1.0,0.0,1.0,0.0,1.0,0.004390554424651793,0.029280424459179888,0.09439155354035998,0.24036911473212663
separated,100,400,4.0,0.05,0.7,129,dkw,1.0,1.0,1.0,0.0,0.92,0.0,1.0,0.007943851120232166,0.06310094808799416,0.17838291384325136,0.39810455879591045
separated,100,400,4.0,0.05,0.7,130,cp,1.0,1.0,1.0,0.0,1.0,0.0,1.0,7.396412226257975e-05,0.0013879055895357206,0.09731142264869092,0.21534767068662208
separated,100,400,4.0,0.05,0.7,130,dkw,1.0,1.0,1.0,0.0,0.96,0.0,1.0,0.0006745906453060791,0.007659781783095787,0.18431754667020123,0.3929810628101621
separated,100,400,4.0,0.05,0.7,131,cp,1.0,1.0,1.0,0.0,1.0,0.0,1.0,0.0014651875805817482,0.018947016236178005,0.12764771467175756,0.26959178633120373
separated,100,400,4.0,0.05,0.7,131,dkw,1.0,1.0,1.0,0.0,0.96,0.0,1.0,0.0006745906453060791,0.007659781783095787,0.20346885439936357,0.4041091579416024
separated,100,400,4.0,0.05,0.7,132,cp,1.0,1.0,1.0,0.0,1.0,0.0,1.0,0.0011180537823116676,0.011086578425139715,0.09805333480602232,0.21810220027414384
separated,100,400,4.0,0.05,0.7,132,dkw,1.0,1.0,1.0,0.0,0.92,0.0,1.0,0.007943851120232166,0.06310094808799416,0.1827316805711007,0.3929810628101621
separated,100,400,4.0,0.05,0.7,133,cp,1.0,1.0,1.0,0.0,1.0,0.0,1.0,5.342766544736755e-05,0.0013356916361841886,0.10755683983873858,0.23664008539225723
separated,100,400,4.0,0.05,0.7,133,dkw,1.0,1.0,1.0,0.0,0.92,0.0,1.0,0.00017389107973358352,0.0024981739367750944,0.18943981444870836,0.3963431557298227
separated,100,400,4.0,0.05,0.7,134,cp,1.0,1.0,1.0,0.0,1.0,0.0,1.0,0.012314013295710998,0.1106419599765065,0.082872235112414,0.24332026987292799
separated,100,400,4.0,0.05,0.7,134,dkw,1.0,1.0,1.0,0.0,0.96,0.0,1.0,0.012314013295710998,0.1106419599765065,0.171668101668842,0.3892394236287484
separated,100,400,4.0,0.05,0.7,135,cp,1.0,1.0,1.0,0.0,1.0,0.0,1.0,0.0010199900815354467,0.0176826732783657,0.11257528783182914,0.24660142050913292
separated,100,400,4.0,0.05,0.7,135,dkw,1.0,1.0,1.0,0.0,0.92,0.0,1.0,0.0017352316959861902,0.015429447841863064,0.19289730834548816,0.4009311775435931
separated,100,400,4.0,0.05,0.7,136,cp,1.0,1.0,1.0,0.0,1.0,0.0,1.0,0.0011180537823116676,0.011086578425139715,0.10210115390213603,0.246614566135815
separated,100,400,4.0,0.05,0.7,136,dkw,1.0,1.0,1.0,0.0,0.96,0.0,1.0,0.0037538791682131256,0.029280424459179888,0.1838964000905392,0.3978675137324098
separated,100,400,4.0,0.05,0.7,137,cp,1.0,1.0,1.0,0.0,1.0,0.0,1.0,0.003219337446284598,0.021185762346493497,0.08766668991083806,0.2435383256329412
separated,100,400,4.0,0.05,0.7,137,dkw,1.0,1.0,1.0,0.0,0.92,0.0,1.0,0.0037538791682131256,0.029280424459179888,0.17464842779076037,0.39545216849777076
separated,100,400,4.0,0.05,0.7,138,cp,1.0,1.0,1.0,0.0,1.0,0.0,1.0,0.0006361919641535207,0.005801104647893518,0.10033338488286643,0.21534767068662208
separated,100,400,4.0,0.05,0.7,138,dkw,1.0,1.0,1.0,0.0,0.92,0.0,1.0,0.00010894388902879637,0.0013879055895357206,0.18846619851190907,0.3929810628101621
separated,100,400,4.0,0.05,0.7,139,cp,1.0,1.0,1.0,0.0,1.0,0.0,1.0,0.0003486315546563512,0.0044288204922998675,0.11112911786746356,0.25704089730491664
separated,100,400,4.0,0.05,0.7,139,dkw,1.0,1.0,1.0,0.0,0.92,0.0,1.0,0.0006361919641535207,0.005801104647893518,0.1889623025705863,0.4014908864230341
separated,100,400,4.0,0.05,0.7,140,cp,0.0,1.0,1.0,0.0,1.0,0.0,1.0,0.00040414777823778004,0.0044288204922998675,0.10930702560329866,0.24437950287971733
separated,100,400,4.0,0.05,0.7,140,dkw,1.0,1.0,1.0,0.0,0.96,0.0,1.0,0.00010894388902879637,0.0013879055895357206,0.1913718339461664,0.3963431557298227
separated,100,400,4.0,0.05,0.7,141,cp,1.0,1.0,1.0,0.0,1.0,0.0,1.0,0.0022885623786279385,0.02443241192207979,0.11247937005750246,0.24855047780563222
separated,100,400,4.0,0.05,0.7,141,dkw,1.0,1.0,1.0,0.0,0.92,0.0,1.0,0.0017352316959861902,0.015429447841863064,0.19159500710164984,0.404227652262488
separated,100,400,4.0,0.05,0.7,142,cp,1.0,1.0,1.0,0.0,1.0,0.0,1.0,0.0006190744217246503,0.007659781783095787,0.11179441781139218,0.2620325762003909
separated,100,400,4.0,0.05,0.7,142,dkw,1.0,1.0,1.0,0.0,0.92,0.0,1.0,0.00258266218984593,0.021185762346493497,0.18952115577647136,0.4010972820909321
separated,100,400,4.0,0.05,0.7,143,cp,1.0,1.0,1.0,0.0,1.0,0.0,1.0,0.005319554427022157,0.02311615559381819,0.10314595815356528,0.21534767068662208
separated,100,400,4.0,0.05,0.7,143,dkw,1.0,1.0,1.0,0.0,0.96,0.0,1.0,0.00022699495854578534,0.002951276737924724,0.1905556823177591,0.3929810628101621
separated,100,400,4.0,0.05,0.7,144,cp,1.0,1.0,1.0,0.0,1.0,0.0,1.0,0.0010048746304209156,0.01730478700050242,0.1070022947962332,0.24616523486894404
separated,100,400,4.0,0.05,0.7,144,dkw,1.0,1.0,1.0,0.0,0.96,0.0,1.0,0.0017352316959861902,0.015429447841863064,0.18740581564863068,0.39959853826367286
separated,100,400,4.0,0.05,0.7,145,cp,1.0,1.0,1.0,0.0,1.0,0.0,1.0,0.0016797154724047614,0.015429447841863064,0.10005837475087631,0.2675503040125322
separated,100,400,4.0,0.05,0.7,145,dkw,1.0,1.0,1.0,0.0,0.96,0.0,1.0,0.0037538791682131256,0.029280424459179888,0.1848794833623415,0.4026008140177082
separated,100,400,4.0,0.05,0.7,146,cp,1.0,1.0,1.0,0.0,1.0,0.0,1.0,0.0011180537823116676,0.011086578425139715,0.10106601563918549,0.25987498319531566
separated,100,400,4.0,0.05,0.7,146,dkw,1.0,1.0,1.0,0.0,0.92,0.0,1.0,0.0037538791682131256,0.029280424459179888,0.18177800427416074,0.39661532010390965
separated,100,400,4.0,0.05,0.7,147,cp,1.0,1.0,1.0,0.0,1.0,0.0,1.0,0.0006745906453060791,0.007659781783095787,0.09209071192904382,0.23942125058081365
separated,100,400,4.0,0.05,0.7,147,dkw,1.0,1.0,1.0,0.0,0.92,0.0,1.0,0.00258266218984593,0.021185762346493497,0.17790344201723396,0.39330926168672464
separated,100,400,4.0,0.05,0.7,148,cp,1.0,1.0,1.0,0.0,1.0,0.0,1.0,0.00036819937398224756,0.004857707356216601,0.1050436828276953,0.246614566135815
separated,100,400,4.0,0.05,0.7,148,dkw,1.0,1.0,1.0,0.0,0.96,0.0,1.0,0.0017352316959861902,0.015429447841863064,0.18719148607764663,0.3978675137324098
separated,100,400,4.0,0.05,0.7,149,cp,1.0,1.0,1.0,0.0,1.0,0.0,1.0,0.0017352316959861902,0.015429447841863064,0.10018237653214448,0.246614566135815
separated,100,400,4.0,0.05,0.7,149,dkw,1.0,1.0,1.0,0.0,0.92,0.0,1.0,0.007943851120232166,0.06310094808799416,0.18197381526198314,0.3978675137324098
separated,100,400,4.0,0.05,0.7,150,cp,1.0,1.0,1.0,0.0,1.0,0.0,1.0,0.0054198131967124,0.04164835071248185,0.08810527800269746,0.25438644441211855
separated,100,400,4.0,0.05,0.7,150,dkw,1.0,1.0,1.0,0.0,0.96,0.0,1.0,0.012314013295710998,0.1106419599765065,0.1739382612238562,0.3925630793872563
separated,100,400,4.0,0.05,0.7,151,cp,1.0,1.0,1.0,0.0,1.0,0.0,1.0,0.0044706870474683184,0.02311615559381819,0.1053033676580752,0.21780307577960167
separated,100,400,4.0,0.05,0.7,151,dkw,1.0,1.0,1.0,0.0,0.96,0.0,1.0,0.0007812710533972078,0.0176826732783657,0.19195907348621558,0.39453192940991033
separated,100,400,4.0,0.05,0.7,152,cp,1.0,1.0,1.0,0.0,1.0,0.0,1.0,0.00036819937398224756,0.004857707356216601,0.09101980554759502,0.23663375761711325
separated,100,400,4.0,0.05,0.7,152,dkw,1.0,1.0,1.0,0.0,0.96,0.0,1.0,0.0011180537823116676,0.011086578425139715,0.17746765050266539,0.391799675815094
separated,100,400,4.0,0.05,0.7,153,cp,1.0,1.0,1.0,0.0,1.0,0.0,1.0,0.0018896904142302873,0.01730478700050242,0.10324820718173466,0.2395967591101692
separated,100,400,4.0,0.05,0.7,153,dkw,1.0,1.0,1.0,0.0,0.92,0.0,1.0,0.001633721639993544,0.009517662055048115,0.18414630303874957,0.39690342205152007
separated,100,400,4.0,0.05,0.7,154,cp,1.0,1.0,1.0,0.0,1.0,0.0,1.0,0.0016797154724047614,0.015429447841863064,0.10725386487977089,0.2564145723532143
separated,100,400,4.0,0.05,0.7,154,dkw,1.0,1.0,1.0,0.0,0.96,0.0,1.0,0.0054198131967124,0.04164835071248185,0.1856508116987355,0.39959853826367286
separated,100,400,4.0,0.05,0.7,155,cp,1.0,1.0,1.0,0.0,1.0,0.0,1.0,7.396412226257975e-05,0.0013879055895357206,0.11165787731026523,0.2487167759955815
separated,100,400,4.0,0.05,0.7,155,dkw,1.0,1.0,1.0,0.0,0.92,0.0,1.0,0.0011180537823116676,0.011086578425139715,0.19231201190479358,0.3993968458906558
separated,100,400,4.0,0.05,0.7,156,cp,1.0,1.0,1.0,0.0,1.0,0.0,1.0,0.0006745906453060791,0.007659781783095787,0.09735658110034112,0.24437950287971733
separated,100,400,4.0,0.05,0.7,156,dkw,1.0,1.0,1.0,0.0,0.96,0.0,1.0,0.00258266218984593,0.021185762346493497,0.1819520499900033,0.3963431557298227
separated,100,400,4.0,0.05,0.7,157,cp,1.0,1.0,1.0,0.0,1.0,0.0,1.0,7.396412226257975e-05,0.0013879055895357206,0.09928926047280498,0.21534767068662208
separated,100,400,4.0,0.05,0.7,157,dkw,1.0,1.0,1.0,0.0,0.96,0.0,1.0,0.0017352316959861902,0.015429447841863064,0.18462647484149153,0.3929810628101621
separated,100,400,4.0,0.05,0.7,158,cp,1.0,1.0,1.0,0.0,1.0,0.0,1.0,0.002856507582573822,0.02026610653549954,0.1135650289893455,0.24236530003034185
separated,100,400,4.0,0.05,0.7,158,dkw,1.0,1.0,1.0,0.0,0.96,0.0,1.0,0.00010894388902879637,0.0013879055895357206,0.19513466208069286,0.3978675137324098
separated,100,400,4.0,0.05,0.7,159,cp,1.0,1.0,1.0,0.0,1.0,0.0,1.0,0.0006745906453060791,0.007659781783095787,0.10599734086661419,0.2487167759955815
separated,100,400,4.0,0.05,0.7,159,dkw,1.0,1.0,1.0,0.0,0.92,0.0,1.0,0.00258266218984593,0.021185762346493497,0.1876416097191212,0.3993968458906558
separated,100,400,4.0,0.05,0.7,160,cp,1.0,1.0,1.0,0.0,1.0,0.0,1.0,0.0025271459662645013,0.021185762346493497,0.11342376883594789,0.26477612999282707
separated,100,400,4.0,0.05,0.7,160,dkw,1.0,1.0,1.0,0.0,0.96,0.0,1.0,0.007943851120232166,0.06310094808799416,0.19003854556490693,0.40562233791910707
separated,100,400,4.0,0.05,0.7,161,cp,1.0,1.0,1.0,0.0,1.0,0.0,1.0,0.0017352316959861902,0.015429447841863064,0.10099089683882267,0.22233324368107144
separated,100,400,4.0,0.05,0.7,161,dkw,1.0,1.0,1.0,0.0,0.96,0.0,1.0,0.007943851120232166,0.06310094808799416,0.1834937159189527,0.3976492030300145
separated,100,400,4.0,0.05,0.7,162,cp,1.0,1.0,1.0,0.0,1.0,0.0,1.0,0.00040414777823778004,0.0044288204922998675,0.10657345748654518,0.21780307577960167
separated,100,400,4.0,0.05,0.7,162,dkw,1.0,1.0,1.0,0.0,0.92,0.0,1.0,7.396412226257975e-05,0.0013879055895357206,0.19197459840181755,0.39453192940991033
separated,100,400,4.0,0.05,0.7,163,cp,1.0,1.0,1.0,0.0,1.0,0.0,1.0,0.005367850901534985,0.029280424459179888,0.0929784755315124,0.22721645397451817
separated,100,400,4.0,0.05,0.7,163,dkw,1.0,1.0,1.0,0.0,0.92,0.0,1.0,0.012314013295710998,0.1106419599765065,0.17760787549664628,0.39400539479858365
separated,100,400,4.0,0.05,0.7,164,cp,1.0,1.0,1.0,0.0,1.0,0.0,1.0,0.0001714787349643565,0.002951276737924724,0.10031259115158044,0.24218384685270633
separated,100,400,4.0,0.05,0.7,164,dkw,1.0,1.0,1.0,0.0,0.96,0.0,1.0,0.00010894388902879637,0.0013879055895357206,0.18308812406258276,0.3951307987589351
separated,100,400,4.0,0.05,0.7,165,cp,1.0,1.0,1.0,0.0,1.0,0.0,1.0,5.5516223581428824e-05,0.0013879055895357206,0.09010959558468919,0.2511714863429573
separated,100,400,4.0,0.05,0.7,165,dkw,1.0,1.0,1.0,0.0,0.92,0.0,1.0,5.5516223581428824e-05,0.0013879055895357206,0.17633157197468322,0.39217581516250866
separated,100,400,4.0,0.05,0.7,166,cp,1.0,1.0,1.0,0.0,1.0,0.0,1.0,0.0017547290387503356,0.01730478700050242,0.11463597812143524,0.2519594487118675
separated,100,400,4.0,0.05,0.7,166,dkw,1.0,1.0,1.0,0.0,0.92,0.0,1.0,0.00258266218984593,0.021185762346493497,0.19171651363052508,0.404227652262488
separated,100,400,4.0,0.05,0.7,167,cp,1.0,1.0,1.0,0.0,1.0,0.0,1.0,0.004487256997984818,0.028451339216919225,0.10187316341622826,0.23945964964546873
separated,100,400,4.0,0.05,0.7,167,dkw,1.0,1.0,1.0,0.0,0.92,0.0,1.0,0.0037538791682131256,0.029280424459179888,0.1846459756951196,0.4027536710328684
separated,100,400,4.0,0.05,0.7,168,cp,1.0,1.0,1.0,0.0,1.0,0.0,1.0,0.0011180537823116676,0.011086578425139715,0.08456554836978375,0.23663375761711325
separated,100,400,4.0,0.05,0.7,168,dkw,1.0,1.0,1.0,0.0,0.96,0.0,1.0,0.00258266218984593,0.021185762346493497,0.17424440143125092,0.391799675815094
separated,100,400,4.0,0.05,0.7,169,cp,1.0,1.0,1.0,0.0,1.0,0.0,1.0,0.0005806757405720919,0.005801104647893518,0.11066582143757639,0.24010254642274786
separated,100,400,4.0,0.05,0.7,169,dkw,1.0,1.0,1.0,0.0,0.92,0.0,1.0,5.5516223581428824e-05,0.0013879055895357206,0.19202171451659905,0.3963431557298227
separated,100,400,4.0,0.05,0.7,170,cp,1.0,1.0,1.0,0.0,1.0,0.0,1.0,0.002732025515633527,0.02443241192207979,0.10310425939567792,0.24162312489051085
separated,100,400,4.0,0.05,0.7,170,dkw,1.0,1.0,1.0,0.0,0.92,0.0,1.0,0.0017352316959861902,0.015429447841863064,0.18666347402518038,0.40594564853481885
separated,100,400,4.0,0.05,0.7,171,cp,1.0,1.0,1.0,0.0,1.0,0.0,1.0,0.004390554424651793,0.029280424459179888,0.09010385118127617,0.24498061175234875
separated,100,400,4.0,0.05,0.7,171,dkw,1.0,1.0,1.0,0.0,0.92,0.0,1.0,0.012314013295710998,0.1106419599765065,0.17699345456244003,0.4005863735819756
separated,100,400,4.0,0.05,0.7,172,cp,1.0,1.0,1.0,0.0,1.0,0.0,1.0,0.00010894388902879637,0.0013879055895357206,0.09644205559849799,0.26536706259518705
separated,100,400,4.0,0.05,0.7,172,dkw,1.0,1.0,1.0,0.0,0.92,0.0,1.0,0.00040414777823778004,0.0044288204922998675,0.1793738194593978,0.39545216849777076
separated,100,400,4.0,0.05,0.7,173,cp,1.0,1.0,1.0,0.0,1.0,0.0,1.0,0.003260267901629965,0.021651530086902016,0.12271650622877629,0.2738269459365613
separated,100,400,4.0,0.05,0.7,173,dkw,1.0,1.0,1.0,0.0,0.96,0.0,1.0,0.0011180537823116676,0.011086578425139715,0.1984200724144682,0.4057062457043352
separated,100,400,4.0,0.05,0.7,174,cp,1.0,1.0,1.0,0.0,1.0,0.0,1.0,0.00017389107973358352,0.0024981739367750944,0.09623207882696962,0.21534767068662208
separated,100,400,4.0,0.05,0.7,174,dkw,1.0,1.0,1.0,0.0,0.96,0.0,1.0,0.0017352316959861902,0.015429447841863064,0.1829392905216802,0.3929810628101621
separated,100,400,4.0,0.05,0.7,175,cp,1.0,1.0,1.0,0.0,1.0,0.0,1.0,0.0006361919641535207,0.005801104647893518,0.09342898211296777,0.20994810673791875
separated,100,400,4.0,0.05,0.7,175,dkw,1.0,1.0,1.0,0.0,0.96,0.0,1.0,0.00010894388902879637,0.0013879055895357206,0.1822660494028504,0.3898947364616008
separated,100,400,4.0,0.05,0.7,176,cp,1.0,1.0,1.0,0.0,1.0,0.0,1.0,5.342766544736755e-05,0.0013356916361841886,0.09390682392321369,0.23940546652741945
separated,100,400,4.0,0.05,0.7,176,dkw,1.0,1.0,1.0,0.0,0.92,0.0,1.0,0.00010894388902879637,0.0013879055895357206,0.17940195930596745,0.39365097148598027
separated,100,400,4.0,0.05,0.7,177,cp,1.0,1.0,1.0,0.0,1.0,0.0,1.0,0.00036819937398224756,0.004857707356216601,0.09492900180597047,0.21534767068662208
separated,100,400,4.0,0.05,0.7,177,dkw,1.0,1.0,1.0,0.0,0.96,0.0,1.0,0.00258266218984593,0.021185762346493497,0.18136293087484867,0.3929810628101621
separated,100,400,4.0,0.05,0.7,178,cp,1.0,1.0,1.0,0.0,1.0,0.0,1.0,7.396412226257975e-05,0.0013879055895357206,0.11953938575588514,0.2525836278259198
separated,100,400,4.0,0.05,0.7,178,dkw,1.0,1.0,1.0,0.0,0.92,0.0,1.0,0.0006745906453060791,0.007659781783095787,0.19936860566025388,0.4024705342022329
separated,100,400,4.0,0.05,0.7,179,cp,1.0,1.0,1.0,0.0,1.0,0.0,1.0,0.003617288634356801,0.014114653745513461,0.0918765653147825,0.20693812581832893
separated,100,400,4.0,0.05,0.7,179,dkw,1.0,1.0,1.0,0.0,0.96,0.0,1.0,0.0020609246993588083,0.010680076484131606,0.18159040318982467,0.3883592238337443
separated,100,400,4.0,0.05,0.7,180,cp,1.0,1.0,1.0,0.0,1.0,0.0,1.0,0.005231260367678661,0.02443241192207979,0.10258613095604932,0.23200828421118858
separated,100,400,4.0,0.05,0.7,180,dkw,1.0,1.0,1.0,0.0,0.96,0.0,1.0,0.0055941451810979535,0.0176826732783657,0.18427351824416657,0.40333431670873154
separated,100,400,4.0,0.05,0.7,181,cp,1.0,1.0,1.0,0.0,1.0,0.0,1.0,0.0017352316959861902,0.015429447841863064,0.10018237653214448,0.246614566135815
separated,100,400,4.0,0.05,0.7,181,dkw,1.0,1.0,1.0,0.0,0.92,0.0,1.0,0.007943851120232166,0.06310094808799416,0.18197381526198314,0.3978675137324098
separated,100,400,4.0,0.05,0.7,182,cp,1.0,1.0,1.0,0.0,1.0,0.0,1.0,0.0008256817872867827,0.0176826732783657,0.10653727245649619,0.2540917642442717
separated,100,400,4.0,0.05,0.7,182,dkw,1.0,1.0,1.0,0.0,0.92,0.0,1.0,0.0006745906453060791,0.007659781783095787,0.18676967343917802,0.39810455879591045
separated,100,400,4.0,0.05,0.7,183,cp,1.0,1.0,1.0,0.0,1.0,0.0,1.0,5.5516223581428824e-05,0.0013879055895357206,0.09874679492691374,0.23942125058081365
separated,100,400,4.0,0.05,0.7,183,dkw,1.0,1.0,1.0,0.0,0.96,0.0,1.0,0.00036819937398224756,0.004857707356216601,0.182490117291033,0.39330926168672464
separated,100,400,4.0,0.05,0.7,184,cp,1.0,1.0,1.0,0.0,1.0,0.0,1.0,0.0011180537823116676,0.011086578425139715,0.10243943329515756,0.2644850166788323
separated,100,400,4.0,0.05,0.7,184,dkw,1.0,1.0,1.0,0.0,0.96,0.0,1.0,0.00258266218984593,0.021185762346493497,0.18417117718551182,0.39959853826367286
separated,100,400,4.0,0.05,0.7,185,cp,1.0,1.0,1.0,0.0,1.0,0.0,1.0,0.00010894388902879637,0.0013879055895357206,0.11085919513290257,0.26226993727239833
separated,100,400,4.0,0.05,0.7,185,dkw,1.0,1.0,1.0,0.0,0.96,0.0,1.0,7.396412226257975e-05,0.0013879055895357206,0.18957404501359876,0.39810455879591045
separated,100,400,4.0,0.05,0.7,186,cp,1.0,1.0,1.0,0.0,1.0,0.0,1.0,5.5516223581428824e-05,0.0013879055895357206,0.10432219100418635,0.2419908441970281
separated,100,400,4.0,0.05,0.7,186,dkw,1.0,1.0,1.0,0.0,0.96,0.0,1.0,0.00036819937398224756,0.004857707356216601,0.1862058302244294,0.3948237467143946
separated,100,400,4.0,0.05,0.7,187,cp,1.0,1.0,1.0,0.0,1.0,0.0,1.0,0.0060564884531510675,0.04164835071248185,0.09909706627168999,0.2575376590525861
separated,100,400,4.0,0.05,0.7,187,dkw,1.0,1.0,1.0,0.0,0.92,0.0,1.0,0.012314013295710998,0.1106419599765065,0.18062383966846865,0.40195835020616066
separated,100,400,4.0,0.05,0.7,188,cp,1.0,1.0,1.0,0.0,1.0,0.0,1.0,0.0055941451810979535,0.0176826732783657,0.07506396777461259,0.19594744927134156
separated,100,400,4.0,0.05,0.7,188,dkw,1.0,1.0,1.0,0.0,0.96,0.0,1.0,0.0055941451810979535,0.0176826732783657,0.17075068400175378,0.3837829746444912
separated,100,400,4.0,0.05,0.7,189,cp,1.0,1.0,1.0,0.0,1.0,0.0,1.0,0.00017389107973358352,0.0024981739367750944,0.10827798589413123,0.246614566135815
separated,100,400,4.0,0.05,0.7,189,dkw,1.0,1.0,1.0,0.0,0.96,0.0,1.0,0.0017352316959861902,0.015429447841863064,0.1888849248610405,0.3978675137324098
separated,100,400,4.0,0.05,0.7,190,cp,1.0,1.0,1.0,0.0,1.0,0.0,1.0,0.0006745906453060791,0.007659781783095787,0.09568654163117823,0.23942125058081365
separated,100,400,4.0,0.05,0.7,190,dkw,1.0,1.0,1.0,0.0,0.96,0.0,1.0,0.0037538791682131256,0.029280424459179888,0.17953568851819413,0.39330926168672464
separated,100,400,4.0,0.05,0.7,191,cp,1.0,1.0,1.0,0.0,1.0,0.0,1.0,0.0017352316959861902,0.015429447841863064,0.09710297470342724,0.2189652503205225
separated,100,400,4.0,0.05,0.7,191,dkw,1.0,1.0,1.0,0.0,0.96,0.0,1.0,0.007943851120232166,0.06310094808799416,0.18126082624078907,0.39453192940991033
separated,100,400,4.0,0.05,0.7,192,cp,1.0,1.0,1.0,0.0,1.0,0.0,1.0,0.00022699495854578534,0.002951276737924724,0.11180312704486131,0.246614566135815
separated,100,400,4.0,0.05,0.7,192,dkw,1.0,1.0,1.0,0.0,0.96,0.0,1.0,5.5516223581428824e-05,0.0013879055895357206,0.19360518626086395,0.3978675137324098
separated,100,400,4.0,0.05,0.7,193,cp,1.0,1.0,1.0,0.0,1.0,0.0,1.0,0.00010894388902879637,0.0013879055895357206,0.11007180087590088,0.2644850166788323
separated,100,400,4.0,0.05,0.7,193,dkw,1.0,1.0,1.0,0.0,0.92,0.0,1.0,5.5516223581428824e-05,0.0013879055895357206,0.19148127019398284,0.39959853826367286
separated,100,400,4.0,0.05,0.7,194,cp,1.0,1.0,1.0,0.0,1.0,0.0,1.0,7.396412226257975e-05,0.0013879055895357206,0.09704522078997947,0.21780307577960167
separated,100,400,4.0,0.05,0.7,194,dkw,1.0,1.0,1.0,0.0,0.92,0.0,1.0,0.0006745906453060791,0.007659781783095787,0.18598052751693295,0.39453192940991033
separated,100,400,4.0,0.05,0.7,195,cp,1.0,1.0,1.0,0.0,1.0,0.0,1.0,0.0017547290387503356,0.01730478700050242,0.10279617857094907,0.24740496863257
separated,100,400,4.0,0.05,0.7,195,dkw,1.0,1.0,1.0,0.0,0.92,0.0,1.0,0.00258266218984593,0.021185762346493497,0.18437082072755367,0.4012842795980738
separated,100,400,4.0,0.05,0.7,196,cp,1.0,1.0,1.0,0.0,1.0,0.0,1.0,0.001633721639993544,0.009517662055048115,0.10264364696326579,0.23942125058081365
separated,100,400,4.0,0.05,0.7,196,dkw,1.0,1.0,1.0,0.0,0.96,0.0,1.0,0.0009199384301591218,0.007093661650140026,0.18650700143476812,0.39330926168672464
separated,100,400,4.0,0.05,0.7,197,cp,1.0,1.0,1.0,0.0,1.0,0.0,1.0,7.396412226257975e-05,0.0013879055895357206,0.09530532019529744,0.23942125058081365
separated,100,400,4.0,0.05,0.7,197,dkw,1.0,1.0,1.0,0.0,0.92,0.0,1.0,0.0006745906453060791,0.007659781783095787,0.18084057488907176,0.39330926168672464
separated,100,400,4.0,0.05,0.7,198,cp,1.0,1.0,1.0,0.0,1.0,0.0,1.0,0.00036819937398224756,0.004857707356216601,0.10787405816588994,0.2644850166788323
separated,100,400,4.0,0.05,0.7,198,dkw,1.0,1.0,1.0,0.0,0.96,0.0,1.0,0.0017352316959861902,0.015429447841863064,0.18740581564863068,0.39959853826367286
separated,100,400,4.0,0.05,0.7,199,cp,1.0,1.0,1.0,0.0,1.0,0.0,1.0,0.0037538791682131256,0.029280424459179888,0.09382939368452842,0.2419908441970281
separated,100,400,4.0,0.05,0.7,199,dkw,1.0,1.0,1.0,0.0,0.96,0.0,1.0,0.012314013295710998,0.1106419599765065,0.17760787549664628,0.39400539479858365
separated,100,400,4.0,0.05,0.7,200,cp,0.0,1.0,1.0,0.0,1.0,0.0,1.0,0.00036819937398224756,0.004857707356216601,0.10546971413192102,0.26226993727239833
separated,100,400,4.0,0.05,0.7,200,dkw,1.0,1.0,1.0,0.0,0.96,0.0,1.0,0.0017352316959861902,0.015429447841863064,0.1854047128784926,0.39810455879591045
separated,100,400,4.0,0.05,0.7,201,cp,1.0,1.0,1.0,0.0,1.0,0.0,1.0,0.004886838249963325,0.016462435358671312,0.08122265845384158,0.20002735964657314
separated,100,400,4.0,0.05,0.7,201,dkw,1.0,1.0,1.0,0.0,0.96,0.0,1.0,0.004886838249963325,0.016462435358671312,0.1744508930903435,0.3853033688266053
separated,100,400,4.0,0.05,0.7,202,cp,1.0,1.0,1.0,0.0,1.0,0.0,1.0,0.0017352316959861902,0.015429447841863064,0.09626886590311522,0.246614566135815
separated,100,400,4.0,0.05,0.7,202,dkw,1.0,1.0,1.0,0.0,0.96,0.0,1.0,0.0054198131967124,0.04164835071248185,0.1804074908018319,0.3978675137324098
separated,100,400,4.0,0.05,0.7,203,cp,1.0,1.0,1.0,0.0,1.0,0.0,1.0,0.0010048746304209156,0.01730478700050242,0.1014507886860876,0.25364172081450787
separated,100,400,4.0,0.05,0.7,203,dkw,1.0,1.0,1.0,0.0,0.96,0.0,1.0,0.0006745906453060791,0.007659781783095787,0.18385773398185695,0.4014908864230341
separated,100,400,4.0,0.05,0.7,204,cp,1.0,1.0,1.0,0.0,1.0,0.0,1.0,0.004461186099347754,0.029280424459179888,0.10495639055189734,0.2644850166788323
separated,100,400,4.0,0.05,0.7,204,dkw,0.0,1.0,1.0,0.0,0.92,0.0,1.0,0.012314013295710998,0.1106419599765065,0.18353296030864058,0.3986303127722104
separated,100,400,4.0,0.05,0.7,205,cp,1.0,1.0,1.0,0.0,1.0,0.0,1.0,0.0017547290387503356,0.01730478700050242,0.11213789760928373,0.23764574550660822
separated,100,400,4.0,0.05,0.7,205,dkw,1.0,1.0,1.0,0.0,0.92,0.0,1.0,0.0054198131967124,0.04164835071248185,0.19086821530956108,0.3993968458906558
separated,100,400,4.0,0.05,0.7,206,cp,1.0,1.0,1.0,0.0,1.0,0.0,1.0,0.00022699495854578534,0.002951276737924724,0.09964441222783796,0.21273867348576703
separated,100,400,4.0,0.05,0.7,206,dkw,1.0,1.0,1.0,0.0,0.96,0.0,1.0,0.00036819937398224756,0.004857707356216601,0.18560935352474453,0.39143534067084695
separated,100,400,4.0,0.05,0.7,207,cp,1.0,1.0,1.0,0.0,1.0,0.0,1.0,0.0030527024845362627,0.012967952435732899,0.09975608159931788,0.23663375761711325
separated,100,400,4.0,0.05,0.7,207,dkw,1.0,1.0,1.0,0.0,0.96,0.0,1.0,0.0020609246993588083,0.010680076484131606,0.18387738750687213,0.391799675815094
separated,100,400,4.0,0.05,0.7,208,cp,1.0,1.0,1.0,0.0,1.0,0.0,1.0,0.0006190744217246503,0.007659781783095787,0.10972297921125283,0.270998604520569
separated,100,400,4.0,0.05,0.7,208,dkw,1.0,1.0,1.0,0.0,0.92,0.0,1.0,0.0017352316959861902,0.015429447841863064,0.18761638458390315,0.4012842795980738
separated,100,400,4.0,0.05,0.7,209,cp,1.0,1.0,1.0,0.0,1.0,0.0,1.0,0.00017389107973358352,0.0024981739367750944,0.08990485647567147,0.21273867348576703
separated,100,400,4.0,0.05,0.7,209,dkw,1.0,1.0,1.0,0.0,0.96,0.0,1.0,0.0011180537823116676,0.011086578425139715,0.17924736287875603,0.39143534067084695
separated,100,400,4.0,0.05,0.7,210,cp,1.0,1.0,1.0,0.0,1.0,0.0,1.0,0.00022699495854578534,0.002951276737924724,0.10671081529076604,0.24437950287971733
separated,100,400,4.0,0.05,0.7,210,dkw,1.0,1.0,1.0,0.0,0.92,0.0,1.0,5.5516223581428824e-05,0.0013879055895357206,0.18986269655975022,0.3963431557298227
separated,100,400,4.0,0.05,0.7,211,cp,1.0,1.0,1.0,0.0,1.0,0.0,1.0,0.001040823034676448,0.01730478700050242,0.10375951175060287,0.24647904204427928
separated,100,400,4.0,0.05,0.7,211,dkw,1.0,1.0,1.0,0.0,0.96,0.0,1.0,0.00022699495854578534,0.002951276737924724,0.18369228456731979,0.39690342205152007
separated,100,400,4.0,0.05,0.7,212,cp,1.0,1.0,1.0,0.0,1.0,0.0,1.0,0.0055941451810979535,0.0176826732783657,0.08124245627528387,0.20002735964657314
separated,100,400,4.0,0.05,0.7,212,dkw,1.0,1.0,1.0,0.0,0.96,0.0,1.0,0.0055941451810979535,0.0176826732783657,0.17446126718985536,0.3853033688266053
separated,100,400,4.0,0.05,0.7,213,cp,1.0,1.0,1.0,0.0,1.0,0.0,1.0,0.0007812710533972078,0.0176826732783657,0.12456188876759036,0.2719966888731462
separated,100,400,4.0,0.05,0.7,213,dkw,1.0,1.0,1.0,0.0,0.96,0.0,1.0,0.0006745906453060791,0.007659781783095787,0.20155925644322373,0.40562233791910707
separated,100,400,4.0,0.05,0.7,214,cp,1.0,1.0,1.0,0.0,1.0,0.0,1.0,0.00010894388902879637,0.0013879055895357206,0.10656415588552842,0.246614566135815
separated,100,400,4.0,0.05,0.7,214,dkw,1.0,1.0,1.0,0.0,0.96,0.0,1.0,7.396412226257975e-05,0.0013879055895357206,0.19145676805865947,0.3978675137324098
separated,100,400,4.0,0.05,0.7,215,cp,1.0,1.0,1.0,0.0,1.0,0.0,1.0,0.00036819937398224756,0.004857707356216601,0.11059951169665826,0.2487167759955815
separated,100,400,4.0,0.05,0.7,215,dkw,1.0,1.0,1.0,0.0,0.92,0.0,1.0,0.0017352316959861902,0.015429447841863064,0.19089271988051743,0.3993968458906558
separated,100,400,4.0,0.05,0.7,216,cp,1.0,1.0,1.0,0.0,1.0,0.0,1.0,0.005364296973130971,0.04164835071248185,0.09619545831356799,0.2675503040125322
separated,100,400,4.0,0.05,0.7,216,dkw,1.0,1.0,1.0,0.0,0.92,0.0,1.0,0.012314013295710998,0.1106419599765065,0.17841541161213353,0.39891700301796496
separated,100,400,4.0,0.05,0.7,217,cp,1.0,1.0,1.0,0.0,1.0,0.0,1.0,0.003698362944631697,0.029280424459179888,0.09479718167104954,0.25704089730491664
separated,100,400,4.0,0.05,0.7,217,dkw,1.0,1.0,1.0,0.0,0.96,0.0,1.0,0.0054198131967124,0.04164835071248185,0.1790913014715381,0.4014908864230341
separated,100,400,4.0,0.05,0.7,218,cp,1.0,1.0,1.0,0.0,1.0,0.0,1.0,1.844789868115093e-05,0.0004611974670287733,0.10177271280470607,0.24822472112178362
separated,100,400,4.0,0.05,0.7,218,dkw,1.0,1.0,1.0,0.0,0.96,0.0,1.0,0.00017389107973358352,0.0024981739367750944,0.18425953040588802,0.39661532010390965
separated,100,400,4.0,0.05,0.7,219,cp,1.0,1.0,1.0,0.0,1.0,0.0,1.0,0.0006190744217246503,0.007659781783095787,0.09419551604415169,0.24822472112178362
separated,100,400,4.0,0.05,0.7,219,dkw,1.0,1.0,1.0,0.0,0.96,0.0,1.0,0.0017352316959861902,0.015429447841863064,0.1800766599145221,0.39661532010390965
separated,100,400,4.0,0.05,0.7,220,cp,1.0,1.0,1.0,0.0,1.0,0.0,1.0,7.396412226257975e-05,0.0013879055895357206,0.09928926047280498,0.21534767068662208
separated,100,400,4.0,0.05,0.7,220,dkw,1.0,1.0,1.0,0.0,0.96,0.0,1.0,0.0017352316959861902,0.015429447841863064,0.18462647484149153,0.3929810628101621
separated,100,400,4.0,0.05,0.7,221,cp,1.0,1.0,1.0,0.0,1.0,0.0,1.0,0.006511404119037061,0.026343391750294987,0.12337336206464389,0.26847635085415855
separated,100,400,4.0,0.05,0.7,221,dkw,1.0,1.0,1.0,0.0,0.92,0.0,1.0,0.004140503391493118,0.02311615559381819,0.20171582989299788,0.4026008140177082
separated,100,400,4.0,0.05,0.7,222,cp,1.0,1.0,1.0,0.0,1.0,0.0,1.0,0.004253963890795469,0.01730478700050242,0.10998322032199978,0.24236015622962537
separated,100,400,4.0,0.05,0.7,222,dkw,1.0,1.0,1.0,0.0,0.92,0.0,1.0,0.003617288634356801,0.014114653745513461,0.18861945370454006,0.3983591771654793
separated,100,400,4.0,0.05,0.7,223,cp,1.0,1.0,1.0,0.0,1.0,0.0,1.0,0.003870079084310296,0.028451339216919225,0.11620201072190657,0.24274627397071158
separated,100,400,4.0,0.05,0.7,223,dkw,1.0,1.0,1.0,0.0,0.92,0.0,1.0,0.00258266218984593,0.021185762346493497,0.19389187394109572,0.4072645426615411
separated,100,400,4.0,0.05,0.7,224,cp,1.0,1.0,1.0,0.0,1.0,0.0,1.0,0.0036893777409749305,0.01730478700050242,0.10046617916804447,0.23592503152427569
separated,100,400,4.0,0.05,0.7,224,dkw,1.0,1.0,1.0,0.0,0.96,0.0,1.0,0.0020609246993588083,0.010680076484131606,0.1825836066238304,0.39365097148598027
separated,100,400,4.0,0.05,0.7,225,cp,1.0,1.0,1.0,0.0,1.0,0.0,1.0,0.0030527024845362627,0.012967952435732899,0.09455302204012257,0.23357702896423926
separated,100,400,4.0,0.05,0.7,225,dkw,1.0,1.0,1.0,0.0,0.96,0.0,1.0,0.0020609246993588083,0.010680076484131606,0.18014300353867607,0.3902949644340614
separated,100,400,4.0,0.05,0.7,226,cp,1.0,1.0,1.0,0.0,1.0,0.0,1.0,1.844789868115093e-05,0.0004611974670287733,0.11783327781394227,0.2750987587988817
separated,100,400,4.0,0.05,0.7,226,dkw,1.0,1.0,1.0,0.0,0.92,0.0,1.0,0.00017389107973358352,0.0024981739367750944,0.19542752925831344,0.404227652262488
separated,100,400,4.0,0.05,0.7,227,cp,1.0,1.0,1.0,0.0,1.0,0.0,1.0,0.00040414777823778004,0.0044288204922998675,0.08338338154437994,0.2036561162056414
separated,100,400,4.0,0.05,0.7,227,dkw,1.0,1.0,1.0,0.0,0.92,0.0,1.0,5.5516223581428824e-05,0.0013879055895357206,0.17544943656106043,0.38682877661873005
separated,100,400,4.0,0.05,0.7,228,cp,1.0,1.0,1.0,0.0,1.0,0.0,1.0,0.0006745906453060791,0.007659781783095787,0.10599734086661419,0.2487167759955815
separated,100,400,4.0,0.05,0.7,228,dkw,1.0,1.0,1.0,0.0,0.92,0.0,1.0,0.00258266218984593,0.021185762346493497,0.1876416097191212,0.3993968458906558
separated,100,400,4.0,0.05,0.7,229,cp,1.0,1.0,1.0,0.0,1.0,0.0,1.0,0.007943851120232166,0.06310094808799416,0.0949182754726145,0.25477038396891205
separated,100,400,4.0,0.05,0.7,229,dkw,1.0,1.0,1.0,0.0,0.96,0.0,1.0,0.012314013295710998,0.1106419599765065,0.17760787549664628,0.39400539479858365
separated,100,400,4.0,0.05,0.7,230,cp,1.0,1.0,1.0,0.0,1.0,0.0,1.0,0.0055941451810979535,0.0176826732783657,0.08676262271705218,0.2036561162056414
separated,100,400,4.0,0.05,0.7,230,dkw,1.0,1.0,1.0,0.0,0.92,0.0,1.0,0.0055941451810979535,0.0176826732783657,0.1781928933996619,0.38682877661873005
separated,100,400,4.0,0.05,0.7,231,cp,1.0,1.0,1.0,0.0,1.0,0.0,1.0,0.00010894388902879637,0.0013879055895357206,0.09980517496200969,0.23942125058081365
separated,100,400,4.0,0.05,0.7,231,dkw,1.0,1.0,1.0,0.0,0.96,0.0,1.0,7.396412226257975e-05,0.0013879055895357206,0.18360589872646593,0.39330926168672464
separated,100,400,4.0,0.05,0.7,232,cp,1.0,1.0,1.0,0.0,1.0,0.0,1.0,7.396412226257975e-05,0.0013879055895357206,0.10936478673762608,0.246614566135815
separated,100,400,4.0,0.05,0.7,232,dkw,1.0,1.0,1.0,0.0,0.96,0.0,1.0,0.0006745906453060791,0.007659781783095787,0.19028231708823007,0.3978675137324098
separated,100,400,4.0,0.05,0.7,233,cp,1.0,1.0,1.0,0.0,1.0,0.0,1.0,0.0006745906453060791,0.007659781783095787,0.09568654163117823,0.23942125058081365
separated,100,400,4.0,0.05,0.7,233,dkw,1.0,1.0,1.0,0.0,0.92,0.0,1.0,0.0037538791682131256,0.029280424459179888,0.17953568851819413,0.39330926168672464
separated,100,400,4.0,0.05,0.7,234,cp,1.0,1.0,1.0,0.0,1.0,0.0,1.0,0.0017352316959861902,0.015429447841863064,0.09290896616792187,0.2419908441970281
separated,100,400,4.0,0.05,0.7,234,dkw,1.0,1.0,1.0,0.0,0.96,0.0,1.0,0.0054198131967124,0.04164835071248185,0.17816502901618977,0.3948237467143946
separated,100,400,4.0,0.05,0.7,235,cp,1.0,1.0,1.0,0.0,1.0,0.0,1.0,0.007888334896650737,0.06310094808799416,0.10267448637357399,0.2598923630727974
separated,100,400,4.0,0.05,0.7,235,dkw,1.0,1.0,1.0,0.0,0.92,0.0,1.0,0.012314013295710998,0.1106419599765065,0.18207169042097227,0.40031439270713864
separated,100,400,4.0,0.05,0.7,236,cp,1.0,1.0,1.0,0.0,1.0,0.0,1.0,7.396412226257975e-05,0.0013879055895357206,0.10433767852221196,0.25987498319531566
separated,100,400,4.0,0.05,0.7,236,dkw,1.0,1.0,1.0,0.0,0.96,0.0,1.0,0.00036819937398224756,0.004857707356216601,0.1847387578231179,0.39661532010390965
separated,100,400,4.0,0.05,0.7,237,cp,1.0,1.0,1.0,0.0,1.0,0.0,1.0,0.0054198131967124,0.04164835071248185,0.073714487631085,0.21893649966886986
separated,100,400,4.0,0.05,0.7,237,dkw,1.0,1.0,1.0,0.0,0.96,0.0,1.0,0.012314013295710998,0.1106419599765065,0.16801163571281458,0.3877781429245758
separated,100,400,4.0,0.05,0.7,238,cp,1.0,1.0,1.0,0.0,1.0,0.0,1.0,0.00258266218984593,0.021185762346493497,0.09597993034833383,0.2665470380907846
separated,100,400,4.0,0.05,0.7,238,dkw,1.0,1.0,1.0,0.0,0.92,0.0,1.0,0.0054198131967124,0.04164835071248185,0.18105120171798247,0.4010972820909321
separated,100,400,4.0,0.05,0.7,239,cp,1.0,1.0,1.0,0.0,1.0,0.0,1.0,0.0055941451810979535,0.0176826732783657,0.09495073848320035,0.23357702896423926
separated,100,400,4.0,0.05,0.7,239,dkw,1.0,1.0,1.0,0.0,0.96,0.0,1.0,0.0055941451810979535,0.0176826732783657,0.18048706149662588,0.3902949644340614
separated,100,400,4.0,0.05,0.7,240,cp,1.0,1.0,1.0,0.0,1.0,0.0,1.0,0.0006745906453060791,0.007659781783095787,0.1088890288213718,0.22644931664881318
separated,100,400,4.0,0.05,0.7,240,dkw,1.0,1.0,1.0,0.0,0.92,0.0,1.0,0.0037538791682131256,0.029280424459179888,0.19148798619471086,0.4007873774677916
separated,100,400,4.0,0.05,0.7,241,cp,1.0,1.0,1.0,0.0,1.0,0.0,1.0,0.00017389107973358352,0.0024981739367750944,0.09247489770378946,0.21534767068662208
separated,100,400,4.0,0.05,0.7,241,dkw,1.0,1.0,1.0,0.0,0.96,0.0,1.0,0.0017352316959861902,0.015429447841863064,0.18126923781647644,0.3929810628101621
separated,100,400,4.0,0.05,0.7,242,cp,1.0,1.0,1.0,0.0,1.0,0.0,1.0,0.0012530151577916193,0.008326918190812438,0.09557598457895444,0.20994810673791875
separated,100,400,4.0,0.05,0.7,242,dkw,1.0,1.0,1.0,0.0,0.96,0.0,1.0,0.00022699495854578534,0.002951276737924724,0.18369603078546207,0.3898947364616008
separated,100,400,4.0,0.05,0.7,243,cp,1.0,1.0,1.0,0.0,1.0,0.0,1.0,0.004336756541360538,0.02026610653549954,0.11167388384114073,0.24437950287971733
separated,100,400,4.0,0.05,0.7,243,dkw,1.0,1.0,1.0,0.0,0.96,0.0,1.0,0.0009199384301591218,0.007093661650140026,0.1940332236044431,0.3963431557298227
separated,100,400,4.0,0.05,0.7,244,cp,1.0,1.0,1.0,0.0,1.0,0.0,1.0,5.5516223581428824e-05,0.0013879055895357206,0.09866427592835642,0.21273867348576703
separated,100,400,4.0,0.05,0.7,244,dkw,1.0,1.0,1.0,0.0,0.96,0.0,1.0,0.0017352316959861902,0.015429447841863064,0.1843026439986602,0.39143534067084695
separated,100,400,4.0,0.05,0.7,245,cp,1.0,1.0,1.0,0.0,1.0,0.0,1.0,1.844789868115093e-05,0.0004611974670287733,0.11720605742457459,0.2654285804918788
separated,100,400,4.0,0.05,0.7,245,dkw,1.0,1.0,1.0,0.0,0.92,0.0,1.0,0.0006745906453060791,0.007659781783095787,0.19420052419311684,0.4010972820909321
separated,100,400,4.0,0.05,0.7,246,cp,1.0,1.0,1.0,0.0,1.0,0.0,1.0,0.00010894388902879637,0.0013879055895357206,0.08403721595598924,0.23017833544748645
separated,100,400,4.0,0.05,0.7,246,dkw,1.0,1.0,1.0,0.0,0.96,0.0,1.0,5.5516223581428824e-05,0.0013879055895357206,0.17405729904227443,0.3887951030430741
separated,100,400,4.0,0.05,0.7,247,cp,1.0,1.0,1.0,0.0,1.0,0.0,1.0,0.00040414777823778004,0.0044288204922998675,0.10068695712982965,0.23942125058081365
separated,100,400,4.0,0.05,0.7,247,dkw,1.0,1.0,1.0,0.0,0.96,0.0,1.0,0.00010894388902879637,0.0013879055895357206,0.184541429255157,0.39330926168672464
separated,100,400,4.0,0.05,0.7,248,cp,1.0,1.0,1.0,0.0,1.0,0.0,1.0,0.0020609246993588083,0.010680076484131606,0.0855664250926448,0.2036561162056414
separated,100,400,4.0,0.05,0.7,248,dkw,1.0,1.0,1.0,0.0,0.96,0.0,1.0,0.001633721639993544,0.009517662055048115,0.177331032141991,0.38682877661873005
separated,100,400,4.0,0.05,0.7,249,cp,1.0,1.0,1.0,0.0,1.0,0.0,1.0,0.001633721639993544,0.009517662055048115,0.10746989020514254,0.2419908441970281
separated,100,400,4.0,0.05,0.7,249,dkw,1.0,1.0,1.0,0.0,0.92,0.0,1.0,0.0009199384301591218,0.007093661650140026,0.19025940202085231,0.3948237467143946
separated,100,400,4.0,0.05,0.7,250,cp,1.0,1.0,1.0,0.0,1.0,0.0,1.0,0.00036819937398224756,0.004857707356216601,0.1026811836749668,0.24437950287971733
separated,100,400,4.0,0.05,0.7,250,dkw,1.0,1.0,1.0,0.0,0.92,0.0,1.0,0.0017352316959861902,0.015429447841863064,0.18518340306996334,0.3963431557298227
separated,100,400,4.0,0.05,0.7,251,cp,1.0,1.0,1.0,0.0,1.0,0.0,1.0,1.844789868115093e-05,0.0004611974670287733,0.10190969118105096,0.2516491805304063
separated,100,400,4.0,0.05,0.7,251,dkw,1.0,1.0,1.0,0.0,0.92,0.0,1.0,0.00017389107973358352,0.0024981739367750944,0.18425953040588802,0.39661532010390965
separated,100,400,4.0,0.05,0.7,252,cp,1.0,1.0,1.0,0.0,1.0,0.0,1.0,0.0010625375587302388,0.011086578425139715,0.10452591960237317,0.2620325762003909
separated,100,400,4.0,0.05,0.7,252,dkw,1.0,1.0,1.0,0.0,0.92,0.0,1.0,0.00258266218984593,0.021185762346493497,0.18617545212764994,0.4010972820909321
separated,100,400,4.0,0.05,0.7,253,cp,1.0,1.0,1.0,0.0,1.0,0.0,1.0,0.0015741314696105446,0.018947016236178005,0.10848032384483677,0.2201261117999207
separated,100,400,4.0,0.05,0.7,253,dkw,1.0,1.0,1.0,0.0,0.96,0.0,1.0,0.00036819937398224756,0.004857707356216601,0.1930247041636531,0.396087967183709
separated,100,400,4.0,0.05,0.7,254,cp,1.0,1.0,1.0,0.0,1.0,0.0,1.0,0.00017389107973358352,0.0024981739367750944,0.08831816002893472,0.23663375761711325
separated,100,400,4.0,0.05,0.7,254,dkw,1.0,1.0,1.0,0.0,0.96,0.0,1.0,0.0006745906453060791,0.007659781783095787,0.1771680163616292,0.391799675815094
separated,100,400,4.0,0.05,0.7,255,cp,1.0,1.0,1.0,0.0,1.0,0.0,1.0,0.008485960726690495,0.02814223070248989,0.10891413881113006,0.24437950287971733
separated,100,400,4.0,0.05,0.7,255,dkw,1.0,1.0,1.0,0.0,0.96,0.0,1.0,0.007027194770958403,0.026343391750294987,0.19344512864868085,0.3963431557298227
separated,100,400,4.0,0.05,0.7,256,cp,1.0,1.0,1.0,0.0,1.0,0.0,1.0,0.0017352316959861902,0.015429447841863064,0.10300312439672839,0.2665470380907846
separated,100,400,4.0,0.05,0.7,256,dkw,1.0,1.0,1.0,0.0,0.96,0.0,1.0,0.0037538791682131256,0.029280424459179888,0.1844774473499475,0.4010972820909321
separated,100,400,4.0,0.05,0.7,257,cp,1.0,1.0,1.0,0.0,1.0,0.0,1.0,0.0003126831504008187,0.004857707356216601,0.09991071547078842,0.2524905891954391
separated,100,400,4.0,0.05,0.7,257,dkw,1.0,1.0,1.0,0.0,0.96,0.0,1.0,0.0011180537823116676,0.011086578425139715,0.18138982786778912,0.3951307987589351
separated,100,400,4.0,0.05,0.7,258,cp,1.0,1.0,1.0,0.0,1.0,0.0,1.0,0.0017352316959861902,0.015429447841863064,0.0852552446680548,0.23942125058081365
separated,100,400,4.0,0.05,0.7,258,dkw,1.0,1.0,1.0,0.0,0.96,0.0,1.0,0.0054198131967124,0.04164835071248185,0.17451725972235338,0.39330926168672464
separated,100,400,4.0,0.05,0.7,259,cp,1.0,1.0,1.0,0.0,1.0,0.0,1.0,0.0005806757405720919,0.005801104647893518,0.09216338885499153,0.24336211477346448
separated,100,400,4.0,0.05,0.7,259,dkw,1.0,1.0,1.0,0.0,0.92,0.0,1.0,0.0009199384301591218,0.007093661650140026,0.17772896559056392,0.39217581516250866
separated,100,400,4.0,0.05,0.7,260,cp,1.0,1.0,1.0,0.0,1.0,0.0,1.0,0.0017352316959861902,0.015429447841863064,0.11326930322242607,0.27028874140320625
separated,100,400,4.0,0.05,0.7,260,dkw,1.0,1.0,1.0,0.0,0.96,0.0,1.0,0.0054198131967124,0.04164835071248185,0.18995067363222964,0.4041091579416024
separated,100,400,4.0,0.05,0.7,261,cp,1.0,1.0,1.0,0.0,1.0,0.0,1.0,0.0009199384301591218,0.007093661650140026,0.09349583971496184,0.23357702896423926
separated,100,400,4.0,0.05,0.7,261,dkw,1.0,1.0,1.0,0.0,0.92,0.0,1.0,0.00022699495854578534,0.002951276737924724,0.17917506862152258,0.3902949644340614
separated,100,400,4.0,0.05,0.7,262,cp,1.0,1.0,1.0,0.0,1.0,0.0,1.0,0.00036819937398224756,0.004857707356216601,0.09886131414938333,0.24437950287971733
separated,100,400,4.0,0.05,0.7,262,dkw,1.0,1.0,1.0,0.0,0.96,0.0,1.0,0.0017352316959861902,0.015429447841863064,0.18351020007591412,0.3963431557298227
separated,100,400,4.0,0.05,0.7,263,cp,1.0,1.0,1.0,0.0,1.0,0.0,1.0,0.0017352316959861902,0.015429447841863064,0.10752952625086283,0.26847635085415855
separated,100,400,4.0,0.05,0.7,263,dkw,1.0,1.0,1.0,0.0,0.92,0.0,1.0,0.0054198131967124,0.04164835071248185,0.18627425463717678,0.4026008140177082
separated,100,400,4.0,0.05,0.7,264,cp,1.0,1.0,1.0,0.0,1.0,0.0,1.0,0.00258266218984593,0.021185762346493497,0.10075037203427936,0.2487167759955815
separated,100,400,4.0,0.05,0.7,264,dkw,1.0,1.0,1.0,0.0,0.96,0.0,1.0,0.007943851120232166,0.06310094808799416,0.18203498854831296,0.3993968458906558
separated,100,400,4.0,0.05,0.7,265,cp,1.0,1.0,1.0,0.0,1.0,0.0,1.0,0.0011180537823116676,0.011086578425139715,0.09562204521787918,0.24437950287971733
separated,100,400,4.0,0.05,0.7,265,dkw,1.0,1.0,1.0,0.0,0.92,0.0,1.0,0.0037538791682131256,0.029280424459179888,0.1802253996209541,0.3963431557298227
separated,100,400,4.0,0.05,0.7,266,cp,1.0,1.0,1.0,0.0,1.0,0.0,1.0,0.0055941451810979535,0.0176826732783657,0.08676262271705218,0.2036561162056414
separated,100,400,4.0,0.05,0.7,266,dkw,1.0,1.0,1.0,0.0,0.96,0.0,1.0,0.0055941451810979535,0.0176826732783657,0.1781928933996619,0.38682877661873005
separated,100,400,4.0,0.05,0.7,267,cp,1.0,1.0,1.0,0.0,1.0,0.0,1.0,0.0025271459662645013,0.021185762346493497,0.09310379119834494,0.23521918509074113
separated,100,400,4.0,0.05,0.7,267,dkw,1.0,1.0,1.0,0.0,0.92,0.0,1.0,0.007943851120232166,0.06310094808799416,0.17758003017217192,0.39330926168672464
separated,100,400,4.0,0.05,0.7,268,cp,1.0,1.0,1.0,0.0,1.0,0.0,1.0,0.0011180537823116676,0.011086578425139715,0.10045048558490376,0.2487167759955815
separated,100,400,4.0,0.05,0.7,268,dkw,1.0,1.0,1.0,0.0,0.96,0.0,1.0,0.0037538791682131256,0.029280424459179888,0.18430526095526836,0.3993968458906558
separated,100,400,4.0,0.05,0.7,269,cp,1.0,1.0,1.0,0.0,1.0,0.0,1.0,5.342766544736755e-05,0.0013356916361841886,0.10506630668232582,0.24822472112178362
separated,100,400,4.0,0.05,0.7,269,dkw,1.0,1.0,1.0,0.0,0.96,0.0,1.0,7.396412226257975e-05,0.0013879055895357206,0.18585671292770725,0.39661532010390965
separated,100,400,4.0,0.05,0.7,270,cp,1.0,1.0,1.0,0.0,1.0,0.0,1.0,0.00010894388902879637,0.0013879055895357206,0.09557458543995655,0.21273867348576703
separated,100,400,4.0,0.05,0.7,270,dkw,1.0,1.0,1.0,0.0,0.92,0.0,1.0,0.00017389107973358352,0.0024981739367750944,0.18345294683433752,0.39143534067084695
separated,100,400,4.0,0.05,0.7,271,cp,1.0,1.0,1.0,0.0,1.0,0.0,1.0,0.00022699495854578534,0.002951276737924724,0.10916655764619279,0.2201261117999207
separated,100,400,4.0,0.05,0.7,271,dkw,1.0,1.0,1.0,0.0,0.96,0.0,1.0,0.00017389107973358352,0.0024981739367750944,0.19413661379089167,0.396087967183709
separated,100,400,4.0,0.05,0.7,272,cp,1.0,1.0,1.0,0.0,1.0,0.0,1.0,5.5516223581428824e-05,0.0013879055895357206,0.10818809205089347,0.246614566135815
separated,100,400,4.0,0.05,0.7,272,dkw,1.0,1.0,1.0,0.0,0.96,0.0,1.0,0.00017389107973358352,0.0024981739367750944,0.19100508209958342,0.3978675137324098
separated,100,400,4.0,0.05,0.7,273,cp,1.0,1.0,1.0,0.0,1.0,0.0,1.0,0.0003126831504008187,0.004857707356216601,0.10487371218347638,0.24236530003034185
separated,100,400,4.0,0.05,0.7,273,dkw,1.0,1.0,1.0,0.0,0.92,0.0,1.0,0.0017352316959861902,0.015429447841863064,0.18719148607764663,0.3978675137324098
separated,100,400,4.0,0.05,0.7,274,cp,1.0,1.0,1.0,0.0,1.0,0.0,1.0,0.002478468163525518,0.011826492193703464,0.10525759285876976,0.2533194086223143
separated,100,400,4.0,0.05,0.7,274,dkw,1.0,1.0,1.0,0.0,0.88,0.0,1.0,0.0030527024845362627,0.012967952435732899,0.18474964267729344,0.39690342205152007
separated,100,400,4.0,0.05,0.7,275,cp,1.0,1.0,1.0,0.0,1.0,0.0,1.0,0.0025271459662645013,0.021185762346493497,0.086177258762341,0.22903121798374804
separated,100,400,4.0,0.05,0.7,275,dkw,1.0,1.0,1.0,0.0,0.96,0.0,1.0,0.007943851120232166,0.06310094808799416,0.1739077250809697,0.391799675815094
separated,100,400,4.0,0.05,0.7,276,cp,1.0,1.0,1.0,0.0,1.0,0.0,1.0,0.0017352316959861902,0.015429447841863064,0.09290896616792187,0.2419908441970281
separated,100,400,4.0,0.05,0.7,276,dkw,1.0,1.0,1.0,0.0,0.92,0.0,1.0,0.0054198131967124,0.04164835071248185,0.17816502901618977,0.3948237467143946
separated,100,400,4.0,0.05,0.7,277,cp,1.0,1.0,1.0,0.0,1.0,0.0,1.0,0.0010625375587302388,0.011086578425139715,0.10334608053864358,0.2506758570748594
separated,100,400,4.0,0.05,0.7,277,dkw,1.0,1.0,1.0,0.0,0.92,0.0,1.0,0.00258266218984593,0.021185762346493497,0.18381705229571765,0.39810455879591045
separated,100,400,4.0,0.05,0.7,278,cp,1.0,1.0,1.0,0.0,1.0,0.0,1.0,0.0016879358555844392,0.02443241192207979,0.1088327366097006,0.23928295193483395
separated,100,400,4.0,0.05,0.7,278,dkw,1.0,1.0,1.0,0.0,0.92,0.0,1.0,0.00036819937398224756,0.004857707356216601,0.1900259814768355,0.39959853826367286
separated,100,400,4.0,0.05,0.7,279,cp,1.0,1.0,1.0,0.0,1.0,0.0,1.0,0.003698362944631697,0.029280424459179888,0.09897587213819112,0.2609041856238701
separated,100,400,4.0,0.05,0.7,279,dkw,1.0,1.0,1.0,0.0,0.96,0.0,1.0,0.012314013295710998,0.1106419599765065,0.17985004241371072,0.39720651713407296
separated,100,400,4.0,0.05,0.7,280,cp,1.0,1.0,1.0,0.0,1.0,0.0,1.0,0.0009199384301591218,0.007093661650140026,0.07856549665266863,0.20002735964657314
separated,100,400,4.0,0.05,0.7,280,dkw,1.0,1.0,1.0,0.0,0.96,0.0,1.0,0.0009199384301591218,0.007093661650140026,0.1731507022072452,0.3853033688266053
separated,100,400,4.0,0.05,0.7,281,cp,1.0,1.0,1.0,0.0,1.0,0.0,1.0,0.0054198131967124,0.04164835071248185,0.09453619574677236,0.24805952169090717
separated,100,400,4.0,0.05,0.7,281,dkw,1.0,1.0,1.0,0.0,0.96,0.0,1.0,0.012314013295710998,0.1106419599765065,0.17760787549664628,0.39400539479858365
separated,100,400,4.0,0.05,0.7,282,cp,1.0,1.0,1.0,0.0,1.0,0.0,1.0,0.0011180537823116676,0.011086578425139715,0.0866501496207104,0.21273867348576703
separated,100,400,4.0,0.05,0.7,282,dkw,1.0,1.0,1.0,0.0,0.92,0.0,1.0,0.0054198131967124,0.04164835071248185,0.17591715666577637,0.39143534067084695
separated,100,400,4.0,0.05,0.7,283,cp,0.0,1.0,1.0,0.0,1.0,0.0,1.0,1.844789868115093e-05,0.0004611974670287733,0.10621395021207759,0.2663919977840865
separated,100,400,4.0,0.05,0.7,283,dkw,1.0,1.0,1.0,0.0,0.92,0.0,1.0,0.00036819937398224756,0.004857707356216601,0.18492153230867112,0.3983591771654793
separated,100,400,4.0,0.05,0.7,284,cp,1.0,1.0,1.0,0.0,1.0,0.0,1.0,0.00036819937398224756,0.004857707356216601,0.09212154495499178,0.21273867348576703
separated,100,400,4.0,0.05,0.7,284,dkw,1.0,1.0,1.0,0.0,0.96,0.0,1.0,0.00258266218984593,0.021185762346493497,0.17932545641317893,0.39143534067084695
separated,100,400,4.0,0.05,0.7,285,cp,1.0,1.0,1.0,0.0,1.0,0.0,1.0,0.004517890065118011,0.018947016236178005,0.0996669001419147,0.23663375761711325
separated,100,400,4.0,0.05,0.7,285,dkw,1.0,1.0,1.0,0.0,0.92,0.0,1.0,0.0020609246993588083,0.010680076484131606,0.18387738750687213,0.391799675815094
separated,100,400,4.0,0.05,0.7,286,cp,1.0,1.0,1.0,0.0,1.0,0.0,1.0,0.005538628957516525,0.0176826732783657,0.11090088476414511,0.2584740586060539
separated,100,400,4.0,0.05,0.7,286,dkw,1.0,1.0,1.0,0.0,0.92,0.0,1.0,0.004886838249963325,0.016462435358671312,0.1902422375325169,0.39661532010390965
separated,100,400,4.0,0.05,0.7,287,cp,1.0,1.0,1.0,0.0,1.0,0.0,1.0,0.0055941451810979535,0.0176826732783657,0.08945803468143451,0.23017833544748645
separated,100,400,4.0,0.05,0.7,287,dkw,1.0,1.0,1.0,0.0,0.96,0.0,1.0,0.0055941451810979535,0.0176826732783657,0.1767625885408749,0.3887951030430741
separated,100,400,4.0,0.05,0.7,288,cp,1.0,1.0,1.0,0.0,1.0,0.0,1.0,0.00017389107973358352,0.0024981739367750944,0.10679305417751088,0.2644850166788323
separated,100,400,4.0,0.05,0.7,288,dkw,1.0,1.0,1.0,0.0,0.96,0.0,1.0,0.00036819937398224756,0.004857707356216601,0.188386237190932,0.39959853826367286
separated,100,400,4.0,0.05,0.7,289,cp,1.0,1.0,1.0,0.0,1.0,0.0,1.0,0.003698362944631697,0.029280424459179888,0.1176590526173404,0.2819653092656724
separated,100,400,4.0,0.05,0.7,289,dkw,1.0,1.0,1.0,0.0,0.92,0.0,1.0,0.012314013295710998,0.1106419599765065,0.19163237499130747,0.40609829226744965
separated,100,400,4.0,0.05,0.7,290,cp,1.0,1.0,1.0,0.0,1.0,0.0,1.0,0.007208116914419813,0.02443241192207979,0.1167621586078214,0.2390543687831661
separated,100,400,4.0,0.05,0.7,290,dkw,1.0,1.0,1.0,0.0,0.92,0.0,1.0,0.0055941451810979535,0.0176826732783657,0.19316124776484206,0.4045315411375978
separated,100,400,4.0,0.05,0.7,291,cp,1.0,1.0,1.0,0.0,1.0,0.0,1.0,7.396412226257975e-05,0.0013879055895357206,0.10140895992703504,0.2419908441970281
separated,100,400,4.0,0.05,0.7,291,dkw,1.0,1.0,1.0,0.0,0.96,0.0,1.0,0.0006745906453060791,0.007659781783095787,0.18453294316102448,0.3948237467143946
separated,100,400,4.0,0.05,0.7,292,cp,1.0,1.0,1.0,0.0,1.0,0.0,1.0,0.00017389107973358352,0.0024981739367750944,0.11891417556309072,0.27984197002457556
separated,100,400,4.0,0.05,0.7,292,dkw,1.0,1.0,1.0,0.0,0.92,0.0,1.0,0.0006745906453060791,0.007659781783095787,0.19470189887203537,0.404227652262488
separated,100,400,4.0,0.05,0.7,293,cp,1.0,1.0,1.0,0.0,1.0,0.0,1.0,0.0025339843871069467,0.011826492193703464,0.08301559878217873,0.22633669221300134
separated,100,400,4.0,0.05,0.7,293,dkw,1.0,1.0,1.0,0.0,0.92,0.0,1.0,0.0025339843871069467,0.011826492193703464,0.1728946754707986,0.38730006730509126
separated,100,400,4.0,0.05,0.7,294,cp,1.0,1.0,1.0,0.0,1.0,0.0,1.0,0.00036819937398224756,0.004857707356216601,0.10324743681091739,0.2201261117999207
separated,100,400,4.0,0.05,0.7,294,dkw,1.0,1.0,1.0,0.0,0.96,0.0,1.0,0.00258266218984593,0.021185762346493497,0.18709722038536955,0.396087967183709
separated,100,400,4.0,0.05,0.7,295,cp,1.0,1.0,1.0,0.0,1.0,0.0,1.0,0.0006361919641535207,0.005801104647893518,0.08763051145026651,0.24752087550225
separated,100,400,4.0,0.05,0.7,295,dkw,1.0,1.0,1.0,0.0,0.96,0.0,1.0,0.0012530151577916193,0.008326918190812438,0.174644415387261,0.3907053068172064
separated,100,400,4.0,0.05,0.7,296,cp,1.0,1.0,1.0,0.0,1.0,0.0,1.0,0.0010625375587302388,0.011086578425139715,0.10915209991189197,0.26415649476170566
separated,100,400,4.0,0.05,0.7,296,dkw,1.0,1.0,1.0,0.0,0.92,0.0,1.0,0.0037538791682131256,0.029280424459179888,0.1881384547990459,0.4026008140177082
separated,100,400,4.0,0.05,0.7,297,cp,1.0,1.0,1.0,0.0,1.0,0.0,1.0,0.0011180537823116676,0.011086578425139715,0.10522813304443518,0.26847635085415855
separated,100,400,4.0,0.05,0.7,297,dkw,1.0,1.0,1.0,0.0,0.92,0.0,1.0,0.0037538791682131256,0.029280424459179888,0.18650058972418995,0.4026008140177082
separated,100,400,4.0,0.05,0.7,298,cp,1.0,1.0,1.0,0.0,1.0,0.0,1.0,7.396412226257975e-05,0.0013879055895357206,0.11659579768474654,0.2507022230131979
separated,100,400,4.0,0.05,0.7,298,dkw,1.0,1.0,1.0,0.0,0.92,0.0,1.0,0.0011180537823116676,0.011086578425139715,0.19604021249003456,0.4009311775435931
separated,100,400,4.0,0.05,0.7,299,cp,1.0,1.0,1.0,0.0,1.0,0.0,1.0,0.00258266218984593,0.021185762346493497,0.08580767145408359,0.2419908441970281
separated,100,400,4.0,0.05,0.7,299,dkw,1.0,1.0,1.0,0.0,0.92,0.0,1.0,0.0054198131967124,0.04164835071248185,0.17466564286547592,0.3948237467143946
separated,100,400,4.0,0.05,0.9,0,cp,1.0,1.0,1.0,0.0,1.0,0.0,1.0,7.396412226257975e-05,0.0013879055895357206,0.10433767852221196,0.25987498319531566
separated,100,400,4.0,0.05,0.9,0,dkw,1.0,1.0,1.0,0.0,0.92,0.0,1.0,0.00036819937398224756,0.004857707356216601,0.1847387578231179,0.39661532010390965
separated,100,400,4.0,0.05,0.9,1,cp,1.0,1.0,1.0,0.0,1.0,0.0,1.0,0.00036819937398224756,0.004857707356216601,0.10097977000298707,0.27361087509085824
separated,100,400,4.0,0.05,0.9,1,dkw,1.0,1.0,1.0,0.0,0.92,0.0,1.0,0.0006745906453060791,0.007659781783095787,0.18366092422965477,0.3998194556853606
separated,100,400,4.0,0.05,0.9,2,cp,1.0,1.0,1.0,0.0,1.0,0.0,1.0,0.00258266218984593,0.021185762346493497,0.10342980320926616,0.2507022230131979
separated,100,400,4.0,0.05,0.9,2,dkw,1.0,1.0,1.0,0.0,0.92,0.0,1.0,0.007943851120232166,0.06310094808799416,0.18417739267756109,0.4009311775435931
separated,100,400,4.0,0.05,0.9,3,cp,1.0,1.0,1.0,0.0,1.0,0.0,1.0,0.0012530151577916193,0.008326918190812438,0.07435916039870667,0.19594744927134156
separated,100,400,4.0,0.05,0.9,3,dkw,1.0,1.0,1.0,0.0,0.92,0.0,1.0,0.00040414777823778004,0.0044288204922998675,0.1701126433953144,0.3837829746444912
separated,100,400,4.0,0.05,0.9,4,cp,1.0,1.0,1.0,0.0,1.0,0.0,1.0,7.396412226257975e-05,0.0013879055895357206,0.08984774082680133,0.23663375761711325
separated,100,400,4.0,0.05,0.9,4,dkw,1.0,1.0,1.0,0.0,0.96,0.0,1.0,0.00017389107973358352,0.0024981739367750944,0.17832794193464302,0.391799675815094
separated,100,400,4.0,0.05,0.9,5,cp,1.0,1.0,1.0,0.0,1.0,0.0,1.0,7.396412226257975e-05,0.0013879055895357206,0.09530532019529744,0.23942125058081365
separated,100,400,4.0,0.05,0.9,5,dkw,1.0,1.0,1.0,0.0,0.96,0.0,1.0,0.0006745906453060791,0.007659781783095787,0.18084057488907176,0.39330926168672464
separated,100,400,4.0,0.05,0.9,6,cp,1.0,1.0,1.0,0.0,1.0,0.0,1.0,0.0017547290387503356,0.01730478700050242,0.10934073963466454,0.2540910863229102
separated,100,400,4.0,0.05,0.9,6,dkw,1.0,1.0,1.0,0.0,0.92,0.0,1.0,0.00258266218984593,0.021185762346493497,0.19035075405150428,0.4057062457043352
separated,100,400,4.0,0.05,0.9,7,cp,1.0,1.0,1.0,0.0,1.0,0.0,1.0,0.0003126831504008187,0.004857707356216601,0.09368158129826011,0.25317466990064286
separated,100,400,4.0,0.05,0.9,7,dkw,1.0,1.0,1.0,0.0,0.92,0.0,1.0,0.0011180537823116676,0.011086578425139715,0.1777107086893127,0.39365097148598027
separated,100,400,4.0,0.05,0.9,8,cp,1.0,1.0,1.0,0.0,1.0,0.0,1.0,0.0037538791682131256,0.029280424459179888,0.11034021197030222,0.2665470380907846
separated,100,400,4.0,0.05,0.9,8,dkw,1.0,1.0,1.0,0.0,0.92,0.0,1.0,0.012314013295710998,0.1106419599765065,0.18723628737735076,0.40005842902484157
separated,100,400,4.0,0.05,0.9,9,cp,1.0,1.0,1.0,0.0,1.0,0.0,1.0,7.396412226257975e-05,0.0013879055895357206,0.09064687537179911,0.20994810673791875
separated,100,400,4.0,0.05,0.9,9,dkw,1.0,1.0,1.0,0.0,0.92,0.0,1.0,0.0011180537823116676,0.011086578425139715,0.1788857665692391,0.3898947364616008
separated,100,400,4.0,0.05,0.9,10,cp,1.0,1.0,1.0,0.0,1.0,0.0,1.0,0.0060564884531510675,0.04164835071248185,0.10600974784049917,0.26519326235368124
separated,100,400,4.0,0.05,0.9,10,dkw,1.0,1.0,1.0,0.0,0.92,0.0,1.0,0.012314013295710998,0.1106419599765065,0.18427351824416657,0.40333431670873154
separated,100,400,4.0,0.05,0.9,11,cp,1.0,1.0,1.0,0.0,1.0,0.0,1.0,0.001633721639993544,0.009517662055048115,0.08208771316678148,0.22633669221300134
separated,100,400,4.0,0.05,0.9,11,dkw,1.0,1.0,1.0,0.0,0.96,0.0,1.0,0.0025339843871069467,0.011826492193703464,0.17273488539301027,0.38730006730509126
separated,100,400,4.0,0.05,0.9,12,cp,1.0,1.0,1.0,0.0,1.0,0.0,1.0,0.00238512601074087,0.018947016236178005,0.11116778767036628,0.24437950287971733
separated,100,400,4.0,0.05,0.9,12,dkw,1.0,1.0,1.0,0.0,0.92,0.0,1.0,0.00022699495854578534,0.002951276737924724,0.19281630872297928,0.3963431557298227
separated,100,400,4.0,0.05,0.9,13,cp,1.0,1.0,1.0,0.0,1.0,0.0,1.0,0.0007106393787012478,0.01730478700050242,0.12228295774339809,0.25974768538303317
separated,100,400,4.0,0.05,0.9,13,dkw,1.0,1.0,1.0,0.0,0.88,0.0,1.0,0.00036819937398224756,0.004857707356216601,0.19811890268924096,0.4072645426615411
separated,100,400,4.0,0.05,0.9,14,cp,1.0,1.0,1.0,0.0,1.0,0.0,1.0,0.0006361919641535207,0.005801104647893518,0.09879952435286093,0.21273867348576703
separated,100,400,4.0,0.05,0.9,14,dkw,1.0,1.0,1.0,0.0,0.92,0.0,1.0,5.5516223581428824e-05,0.0013879055895357206,0.18600606505279174,0.39143534067084695
separated,100,400,4.0,0.05,0.9,15,cp,1.0,1.0,1.0,0.0,1.0,0.0,1.0,0.0006361919641535207,0.005801104647893518,0.09591297775802314,0.23663375761711325
separated,100,400,4.0,0.05,0.9,15,dkw,1.0,1.0,1.0,0.0,0.92,0.0,1.0,0.00022699495854578534,0.002951276737924724,0.18160085638448506,0.391799675815094
separated,100,400,4.0,0.05,0.9,16,cp,1.0,1.0,1.0,0.0,1.0,0.0,1.0,0.0012530151577916193,0.008326918190812438,0.12168698485117581,0.2779259872229288
separated,100,400,4.0,0.05,0.9,16,dkw,1.0,1.0,1.0,0.0,0.92,0.0,1.0,0.0009199384301591218,0.007093661650140026,0.19786640636768638,0.4027536710328684
separated,100,400,4.0,0.05,0.9,17,cp,1.0,1.0,1.0,0.0,1.0,0.0,1.0,0.0025271459662645013,0.021185762346493497,0.10945170285819356,0.25300560144697903
separated,100,400,4.0,0.05,0.9,17,dkw,1.0,1.0,1.0,0.0,0.96,0.0,1.0,0.007943851120232166,0.06310094808799416,0.187217891746904,0.39959853826367286
separated,100,400,4.0,0.05,0.9,18,cp,1.0,1.0,1.0,0.0,1.0,0.0,1.0,0.0053662038211883005,0.024674535038923584,0.12257279125197755,0.2663218921693091
separated,100,400,4.0,0.05,0.9,18,dkw,1.0,1.0,1.0,0.0,0.92,0.0,1.0,0.002442538627120818,0.0176826732783657,0.19897342543101765,0.40718947392164795
separated,100,400,4.0,0.05,0.9,19,cp,1.0,1.0,1.0,0.0,1.0,0.0,1.0,0.0017352316959861902,0.015429447841863064,0.08833104531719466,0.21780307577960167
separated,100,400,4.0,0.05,0.9,19,dkw,1.0,1.0,1.0,0.0,0.96,0.0,1.0,0.007943851120232166,0.06310094808799416,0.17613691495909564,0.39453192940991033
separated,100,400,4.0,0.05,0.9,20,cp,1.0,1.0,1.0,0.0,1.0,0.0,1.0,0.0006745906453060791,0.007659781783095787,0.10634156355889747,0.2644850166788323
separated,100,400,4.0,0.05,0.9,20,dkw,1.0,1.0,1.0,0.0,0.92,0.0,1.0,0.00258266218984593,0.021185762346493497,0.18583125850507107,0.39959853826367286
separated,100,400,4.0,0.05,0.9,21,cp,1.0,1.0,1.0,0.0,1.0,0.0,1.0,0.0007106393787012478,0.01730478700050242,0.1010648559339659,0.2378799771571829
separated,100,400,4.0,0.05,0.9,21,dkw,1.0,1.0,1.0,0.0,0.92,0.0,1.0,0.00017389107973358352,0.0024981739367750944,0.18425953040588802,0.39661532010390965
separated,100,400,4.0,0.05,0.9,22,cp,1.0,1.0,1.0,0.0,1.0,0.0,1.0,0.0016797154724047614,0.015429447841863064,0.10241408200631236,0.25182097833038375
separated,100,400,4.0,0.05,0.9,22,dkw,1.0,1.0,1.0,0.0,0.92,0.0,1.0,0.0037538791682131256,0.029280424459179888,0.1844774473499475,0.4010972820909321
separated,100,400,4.0,0.05,0.9,23,cp,1.0,1.0,1.0,0.0,1.0,0.0,1.0,0.0011180537823116676,0.011086578425139715,0.10551376351023861,0.22233324368107144
separated,100,400,4.0,0.05,0.9,23,dkw,1.0,1.0,1.0,0.0,0.92,0.0,1.0,0.007943851120232166,0.06310094808799416,0.18713991833755766,0.3976492030300145
separated,100,400,4.0,0.05,0.9,24,cp,1.0,1.0,1.0,0.0,1.0,0.0,1.0,0.004269079341910001,0.0176826732783657,0.10805468881453574,0.23424584200312815
separated,100,400,4.0,0.05,0.9,24,dkw,1.0,1.0,1.0,0.0,0.92,0.0,1.0,0.0025339843871069467,0.011826492193703464,0.1913368395941244,0.3948237467143946
separated,100,400,4.0,0.05,0.9,25,cp,1.0,1.0,1.0,0.0,1.0,0.0,1.0,0.00017389107973358352,0.0024981739367750944,0.10827798589413123,0.246614566135815
separated,100,400,4.0,0.05,0.9,25,dkw,1.0,1.0,1.0,0.0,0.96,0.0,1.0,0.0017352316959861902,0.015429447841863064,0.1888849248610405,0.3978675137324098
separated,100,400,4.0,0.05,0.9,26,cp,1.0,1.0,1.0,0.0,1.0,0.0,1.0,0.00010894388902879637,0.0013879055895357206,0.09557458543995655,0.21273867348576703
separated,100,400,4.0,0.05,0.9,26,dkw,1.0,1.0,1.0,0.0,0.96,0.0,1.0,0.00017389107973358352,0.0024981739367750944,0.18345294683433752,0.39143534067084695
separated,100,400,4.0,0.05,0.9,27,cp,1.0,1.0,1.0,0.0,1.0,0.0,1.0,0.009356648731631733,0.030094118314343388,0.10762640117281609,0.24437950287971733
separated,100,400,4.0,0.05,0.9,27,dkw,1.0,1.0,1.0,0.0,0.96,0.0,1.0,0.007869137533052397,0.02814223070248989,0.19256163381258493,0.3963431557298227
separated,100,400,4.0,0.05,0.9,28,cp,1.0,1.0,1.0,0.0,1.0,0.0,1.0,0.005334687491844558,0.028451339216919225,0.11440879374083907,0.24274627397071158
separated,100,400,4.0,0.05,0.9,28,dkw,1.0,1.0,1.0,0.0,0.92,0.0,1.0,0.0054198131967124,0.04164835071248185,0.19209758094391405,0.4072645426615411
separated,100,400,4.0,0.05,0.9,29,cp,1.0,1.0,1.0,0.0,1.0,0.0,1.0,0.0060564884531510675,0.04164835071248185,0.10477456238266684,0.24933696853502485
separated,100,400,4.0,0.05,0.9,29,dkw,1.0,1.0,1.0,0.0,0.92,0.0,1.0,0.012314013295710998,0.1106419599765065,0.18427351824416657,0.40333431670873154
separated,100,400,4.0,0.05,0.9,30,cp,1.0,1.0,1.0,0.0,1.0,0.0,1.0,0.001381897576440707,0.0176826732783657,0.11956122189743876,0.2560732832855548
separated,100,400,4.0,0.05,0.9,30,dkw,1.0,1.0,1.0,0.0,0.92,0.0,1.0,0.0037538791682131256,0.029280424459179888,0.197378649275189,0.40556442544934523
separated,100,400,4.0,0.05,0.9,31,cp,1.0,1.0,1.0,0.0,1.0,0.0,1.0,5.342766544736755e-05,0.0013356916361841886,0.1049289120234942,0.24478985465099323
separated,100,400,4.0,0.05,0.9,31,dkw,1.0,1.0,1.0,0.0,0.92,0.0,1.0,7.396412226257975e-05,0.0013879055895357206,0.18585671292770725,0.39661532010390965
separated,100,400,4.0,0.05,0.9,32,cp,1.0,1.0,1.0,0.0,1.0,0.0,1.0,0.00036819937398224756,0.004857707356216601,0.11184323301527088,0.27984197002457556
separated,100,400,4.0,0.05,0.9,32,dkw,1.0,1.0,1.0,0.0,0.96,0.0,1.0,0.0011180537823116676,0.011086578425139715,0.19132879903059227,0.404227652262488
separated,100,400,4.0,0.05,0.9,33,cp,1.0,1.0,1.0,0.0,1.0,0.0,1.0,0.0048313220263818965,0.016462435358671312,0.10081296024276795,0.23940546652741945
separated,100,400,4.0,0.05,0.9,33,dkw,1.0,1.0,1.0,0.0,0.96,0.0,1.0,0.004886838249963325,0.016462435358671312,0.1827469489132956,0.39365097148598027
separated,100,400,4.0,0.05,0.9,34,cp,1.0,1.0,1.0,0.0,1.0,0.0,1.0,0.003219337446284598,0.021185762346493497,0.10903911609781096,0.24616523486894404
separated,100,400,4.0,0.05,0.9,34,dkw,1.0,1.0,1.0,0.0,0.88,0.0,1.0,0.007943851120232166,0.06310094808799416,0.187217891746904,0.39959853826367286
separated,100,400,4.0,0.05,0.9,35,cp,1.0,1.0,1.0,0.0,1.0,0.0,1.0,0.0010048746304209156,0.01730478700050242,0.108606047295918,0.2531438536005294
separated,100,400,4.0,0.05,0.9,35,dkw,1.0,1.0,1.0,0.0,0.92,0.0,1.0,0.0011180537823116676,0.011086578425139715,0.18933686256834434,0.4027536710328684
separated,100,400,4.0,0.05,0.9,36,cp,1.0,1.0,1.0,0.0,1.0,0.0,1.0,0.0011180537823116676,0.011086578425139715,0.08456554836978375,0.23663375761711325
separated,100,400,4.0,0.05,0.9,36,dkw,1.0,1.0,1.0,0.0,0.96,0.0,1.0,0.00258266218984593,0.021185762346493497,0.17424440143125092,0.391799675815094
separated,100,400,4.0,0.05,0.9,37,cp,1.0,1.0,1.0,0.0,1.0,0.0,1.0,0.00036819937398224756,0.004857707356216601,0.08368693983007698,0.23357702896423926
separated,100,400,4.0,0.05,0.9,37,dkw,1.0,1.0,1.0,0.0,0.96,0.0,1.0,0.0011180537823116676,0.011086578425139715,0.1738002912068069,0.3902949644340614
separated,100,400,4.0,0.05,0.9,38,cp,1.0,1.0,1.0,0.0,1.0,0.0,1.0,0.00017389107973358352,0.0024981739367750944,0.09247489770378946,0.21534767068662208
separated,100,400,4.0,0.05,0.9,38,dkw,1.0,1.0,1.0,0.0,0.92,0.0,1.0,0.0017352316959861902,0.015429447841863064,0.18126923781647644,0.3929810628101621
separated,100,400,4.0,0.05,0.9,39,cp,1.0,1.0,1.0,0.0,1.0,0.0,1.0,0.005367850901534985,0.029280424459179888,0.10428747825291333,0.2609045272271199
separated,100,400,4.0,0.05,0.9,39,dkw,1.0,1.0,1.0,0.0,0.96,0.0,1.0,0.007943851120232166,0.06310094808799416,0.18490452366330012,0.4058145127565931
separated,100,400,4.0,0.05,0.9,40,cp,1.0,1.0,1.0,0.0,1.0,0.0,1.0,0.0018409666918676449,0.02443241192207979,0.11454945051530657,0.24398050922394732
separated,100,400,4.0,0.05,0.9,40,dkw,1.0,1.0,1.0,0.0,0.96,0.0,1.0,5.5516223581428824e-05,0.0013879055895357206,0.19273787579343676,0.4012842795980738
separated,100,400,4.0,0.05,0.9,41,cp,1.0,1.0,1.0,0.0,1.0,0.0,1.0,0.0006745906453060791,0.007659781783095787,0.11707714990260108,0.26847635085415855
separated,100,400,4.0,0.05,0.9,41,dkw,1.0,1.0,1.0,0.0,0.96,0.0,1.0,0.00258266218984593,0.021185762346493497,0.19323131190494636,0.4026008140177082
separated,100,400,4.0,0.05,0.9,42,cp,1.0,1.0,1.0,0.0,1.0,0.0,1.0,5.5516223581428824e-05,0.0013879055895357206,0.09466412697890414,0.21273867348576703
separated,100,400,4.0,0.05,0.9,42,dkw,1.0,1.0,1.0,0.0,0.96,0.0,1.0,0.0006745906453060791,0.007659781783095787,0.18227411559666185,0.39143534067084695
separated,100,400,4.0,0.05,0.9,43,cp,1.0,1.0,1.0,0.0,1.0,0.0,1.0,0.0030527024845362627,0.012967952435732899,0.10648512008749009,0.2684250495445112
separated,100,400,4.0,0.05,0.9,43,dkw,1.0,1.0,1.0,0.0,0.96,0.0,1.0,0.003617288634356801,0.014114653745513461,0.18489334783273237,0.39690342205152007
separated,100,400,4.0,0.05,0.9,44,cp,1.0,1.0,1.0,0.0,1.0,0.0,1.0,0.005538628957516525,0.0176826732783657,0.0947542433724519,0.2506695814648471
separated,100,400,4.0,0.05,0.9,44,dkw,1.0,1.0,1.0,0.0,0.96,0.0,1.0,0.0055941451810979535,0.0176826732783657,0.17760787549664628,0.39400539479858365
separated,100,400,4.0,0.05,0.9,45,cp,1.0,1.0,1.0,0.0,1.0,0.0,1.0,0.0012530151577916193,0.008326918190812438,0.08841985018093076,0.24752087550225
separated,100,400,4.0,0.05,0.9,45,dkw,1.0,1.0,1.0,0.0,0.96,0.0,1.0,0.0025339843871069467,0.011826492193703464,0.17502063227553008,0.3907053068172064
separated,100,400,4.0,0.05,0.9,46,cp,1.0,1.0,1.0,0.0,1.0,0.0,1.0,5.5516223581428824e-05,0.0013879055895357206,0.11819734701844642,0.2665470380907846
separated,100,400,4.0,0.05,0.9,46,dkw,1.0,1.0,1.0,0.0,0.92,0.0,1.0,0.00017389107973358352,0.0024981739367750944,0.19541011868221456,0.4010972820909321
separated,100,400,4.0,0.05,0.9,47,cp,1.0,1.0,1.0,0.0,1.0,0.0,1.0,0.0055941451810979535,0.0176826732783657,0.08330718350237319,0.22633669221300134
separated,100,400,4.0,0.05,0.9,47,dkw,1.0,1.0,1.0,0.0,0.96,0.0,1.0,0.0055941451810979535,0.0176826732783657,0.1730589965183803,0.38730006730509126
separated,100,400,4.0,0.05,0.9,48,cp,1.0,1.0,1.0,0.0,1.0,0.0,1.0,0.0010048746304209156,0.01730478700050242,0.11755750965326647,0.2505488926002106
separated,100,400,4.0,0.05,0.9,48,dkw,1.0,1.0,1.0,0.0,0.92,0.0,1.0,0.0017352316959861902,0.015429447841863064,0.1948144169712473,0.4026008140177082
separated,100,400,4.0,0.05,0.9,49,cp,1.0,1.0,1.0,0.0,1.0,0.0,1.0,0.0006745906453060791,0.007659781783095787,0.10379625836353337,0.27361087509085824
separated,100,400,4.0,0.05,0.9,49,dkw,1.0,1.0,1.0,0.0,0.92,0.0,1.0,0.0017352316959861902,0.015429447841863064,0.18394884414948293,0.3998194556853606
separated,100,400,4.0,0.05,0.9,50,cp,1.0,1.0,1.0,0.0,1.0,0.0,1.0,0.00258266218984593,0.021185762346493497,0.10105958685552392,0.2665470380907846
separated,100,400,4.0,0.05,0.9,50,dkw,1.0,1.0,1.0,0.0,0.96,0.0,1.0,0.0054198131967124,0.04164835071248185,0.18261750066450338,0.4010972820909321
separated,100,400,4.0,0.05,0.9,51,cp,1.0,1.0,1.0,0.0,1.0,0.0,1.0,0.00036819937398224756,0.004857707356216601,0.09112148059812662,0.21534767068662208
separated,100,400,4.0,0.05,0.9,51,dkw,1.0,1.0,1.0,0.0,0.96,0.0,1.0,0.00258266218984593,0.021185762346493497,0.17971149586773014,0.3929810628101621
separated,100,400,4.0,0.05,0.9,52,cp,1.0,1.0,1.0,0.0,1.0,0.0,1.0,0.0006361919641535207,0.005801104647893518,0.09342898211296777,0.20994810673791875
separated,100,400,4.0,0.05,0.9,52,dkw,1.0,1.0,1.0,0.0,0.92,0.0,1.0,0.00010894388902879637,0.0013879055895357206,0.1822660494028504,0.3898947364616008
separated,100,400,4.0,0.05,0.9,53,cp,1.0,1.0,1.0,0.0,1.0,0.0,1.0,0.0018253607134462958,0.0176826732783657,0.11306638197901116,0.2507022230131979
separated,100,400,4.0,0.05,0.9,53,dkw,1.0,1.0,1.0,0.0,0.92,0.0,1.0,0.0037538791682131256,0.029280424459179888,0.19129854283287748,0.4009311775435931
separated,100,400,4.0,0.05,0.9,54,cp,1.0,1.0,1.0,0.0,1.0,0.0,1.0,5.5516223581428824e-05,0.0013879055895357206,0.09874679492691374,0.23942125058081365
separated,100,400,4.0,0.05,0.9,54,dkw,1.0,1.0,1.0,0.0,0.96,0.0,1.0,0.00036819937398224756,0.004857707356216601,0.182490117291033,0.39330926168672464
separated,100,400,4.0,0.05,0.9,55,cp,1.0,1.0,1.0,0.0,1.0,0.0,1.0,7.396412226257975e-05,0.0013879055895357206,0.09256075308935237,0.23663375761711325
separated,100,400,4.0,0.05,0.9,55,dkw,1.0,1.0,1.0,0.0,0.96,0.0,1.0,0.00036819937398224756,0.004857707356216601,0.17879474917704222,0.391799675815094
separated,100,400,4.0,0.05,0.9,56,cp,1.0,1.0,1.0,0.0,1.0,0.0,1.0,0.003316654876678178,0.02026610653549954,0.12639476228063992,0.2529578718407187
separated,100,400,4.0,0.05,0.9,56,dkw,1.0,1.0,1.0,0.0,0.92,0.0,1.0,0.00022699495854578534,0.002951276737924724,0.2025429709996612,0.4072645426615411
separated,100,400,4.0,0.05,0.9,57,cp,1.0,1.0,1.0,0.0,1.0,0.0,1.0,5.5516223581428824e-05,0.0013879055895357206,0.09466412697890414,0.21273867348576703
separated,100,400,4.0,0.05,0.9,57,dkw,1.0,1.0,1.0,0.0,0.96,0.0,1.0,0.0006745906453060791,0.007659781783095787,0.18227411559666185,0.39143534067084695
separated,100,400,4.0,0.05,0.9,58,cp,1.0,1.0,1.0,0.0,1.0,0.0,1.0,0.00017389107973358352,0.0024981739367750944,0.09355617953776518,0.21273867348576703
separated,100,400,4.0,0.05,0.9,58,dkw,1.0,1.0,1.0,0.0,0.92,0.0,1.0,0.0011180537823116676,0.011086578425139715,0.18091557412185075,0.39143534067084695
separated,100,400,4.0,0.05,0.9,59,cp,1.0,1.0,1.0,0.0,1.0,0.0,1.0,0.00017389107973358352,0.0024981739367750944,0.10015143958198003,0.2419908441970281
separated,100,400,4.0,0.05,0.9,59,dkw,1.0,1.0,1.0,0.0,0.92,0.0,1.0,0.0017352316959861902,0.015429447841863064,0.18317195118810756,0.3948237467143946
separated,100,400,4.0,0.05,0.9,60,cp,1.0,1.0,1.0,0.0,1.0,0.0,1.0,0.0006190744217246503,0.007659781783095787,0.10305994507209232,0.2552030428048315
separated,100,400,4.0,0.05,0.9,60,dkw,1.0,1.0,1.0,0.0,0.92,0.0,1.0,0.0017352316959861902,0.015429447841863064,0.18394884414948293,0.3998194556853606
separated,100,400,4.0,0.05,0.9,61,cp,1.0,1.0,1.0,0.0,1.0,0.0,1.0,0.00779519219638372,0.026343391750294987,0.12302819366092525,0.25274041900838795
separated,100,400,4.0,0.05,0.9,61,dkw,1.0,1.0,1.0,0.0,0.92,0.0,1.0,0.0021397782258878273,0.018947016236178005,0.20162870797441448,0.40718947392164795
separated,100,400,4.0,0.05,0.9,62,cp,1.0,1.0,1.0,0.0,1.0,0.0,1.0,0.0029120238061552508,0.02026610653549954,0.11903812202134562,0.2487167759955815
separated,100,400,4.0,0.05,0.9,62,dkw,1.0,1.0,1.0,0.0,0.96,0.0,1.0,5.5516223581428824e-05,0.0013879055895357206,0.19958553946401636,0.3993968458906558
separated,100,400,4.0,0.05,0.9,63,cp,1.0,1.0,1.0,0.0,1.0,0.0,1.0,0.002478468163525518,0.011826492193703464,0.1150172858875216,0.265550680404232
separated,100,400,4.0,0.05,0.9,63,dkw,1.0,1.0,1.0,0.0,0.96,0.0,1.0,0.0030527024845362627,0.012967952435732899,0.19205831659991915,0.3998194556853606
separated,100,400,4.0,0.05,0.9,64,cp,1.0,1.0,1.0,0.0,1.0,0.0,1.0,5.342766544736755e-05,0.0013356916361841886,0.10887905462850314,0.257500735150507
separated,100,400,4.0,0.05,0.9,64,dkw,1.0,1.0,1.0,0.0,0.92,0.0,1.0,7.396412226257975e-05,0.0013879055895357206,0.18898408520032794,0.39810455879591045
separated,100,400,4.0,0.05,0.9,65,cp,1.0,1.0,1.0,0.0,1.0,0.0,1.0,0.0017352316959861902,0.015429447841863064,0.09357131082959828,0.24437950287971733
separated,100,400,4.0,0.05,0.9,65,dkw,1.0,1.0,1.0,0.0,0.92,0.0,1.0,0.007943851120232166,0.06310094808799416,0.17831245772060786,0.3963431557298227
separated,100,400,4.0,0.05,0.9,66,cp,1.0,1.0,1.0,0.0,1.0,0.0,1.0,0.002697599955797476,0.01730478700050242,0.10865842280772471,0.24751307428889957
separated,100,400,4.0,0.05,0.9,66,dkw,1.0,1.0,1.0,0.0,0.92,0.0,1.0,0.0030527024845362627,0.012967952435732899,0.18697862708545285,0.40005842902484157
separated,100,400,4.0,0.05,0.9,67,cp,1.0,1.0,1.0,0.0,1.0,0.0,1.0,0.0049864776993896595,0.02311615559381819,0.10945288499660863,0.24437950287971733
separated,100,400,4.0,0.05,0.9,67,dkw,1.0,1.0,1.0,0.0,0.96,0.0,1.0,0.00040414777823778004,0.0044288204922998675,0.1928270366451777,0.3963431557298227
separated,100,400,4.0,0.05,0.9,68,cp,1.0,1.0,1.0,0.0,1.0,0.0,1.0,0.0010625375587302388,0.011086578425139715,0.10401760166265132,0.2678222872143039
separated,100,400,4.0,0.05,0.9,68,dkw,1.0,1.0,1.0,0.0,0.92,0.0,1.0,0.00258266218984593,0.021185762346493497,0.18437082072755367,0.4012842795980738
separated,100,400,4.0,0.05,0.9,69,cp,1.0,1.0,1.0,0.0,1.0,0.0,1.0,0.00022699495854578534,0.002951276737924724,0.09900588948440943,0.21534767068662208
separated,100,400,4.0,0.05,0.9,69,dkw,1.0,1.0,1.0,0.0,0.96,0.0,1.0,7.396412226257975e-05,0.0013879055895357206,0.18664281686781992,0.3929810628101621
separated,100,400,4.0,0.05,0.9,70,cp,1.0,1.0,1.0,0.0,1.0,0.0,1.0,0.0060564884531510675,0.04164835071248185,0.08694177317083861,0.23891273976630567
separated,100,400,4.0,0.05,0.9,70,dkw,1.0,1.0,1.0,0.0,0.96,0.0,1.0,0.012314013295710998,0.1106419599765065,0.17477857105515945,0.39752374445513117
separated,100,400,4.0,0.05,0.9,71,cp,1.0,1.0,1.0,0.0,1.0,0.0,1.0,0.00011837485615215471,0.0024981739367750944,0.09116061871398569,0.23324280946801867
separated,100,400,4.0,0.05,0.9,71,dkw,1.0,1.0,1.0,0.0,0.92,0.0,1.0,0.0011180537823116676,0.011086578425139715,0.17711030478275397,0.3902949644340614
separated,100,400,4.0,0.05,0.9,72,cp,1.0,1.0,1.0,0.0,1.0,0.0,1.0,0.001633721639993544,0.009517662055048115,0.09155339572392794,0.20693812581832893
separated,100,400,4.0,0.05,0.9,72,dkw,1.0,1.0,1.0,0.0,0.96,0.0,1.0,0.00022699495854578534,0.002951276737924724,0.18061085686238912,0.3883592238337443
separated,100,400,4.0,0.05,0.9,73,cp,1.0,1.0,1.0,0.0,1.0,0.0,1.0,0.0006190744217246503,0.007659781783095787,0.10933007669176557,0.24795248784934099
separated,100,400,4.0,0.05,0.9,73,dkw,1.0,1.0,1.0,0.0,0.92,0.0,1.0,0.00258266218984593,0.021185762346493497,0.18932315745242229,0.3993968458906558
separated,100,400,4.0,0.05,0.9,74,cp,1.0,1.0,1.0,0.0,1.0,0.0,1.0,0.0006745906453060791,0.007659781783095787,0.10122664085455874,0.24437950287971733
separated,100,400,4.0,0.05,0.9,74,dkw,1.0,1.0,1.0,0.0,0.92,0.0,1.0,0.00258266218984593,0.021185762346493497,0.18360789244219955,0.3963431557298227
separated,100,400,4.0,0.05,0.9,75,cp,1.0,1.0,1.0,0.0,1.0,0.0,1.0,0.0008636702149844533,0.01730478700050242,0.12080158406712396,0.26519326235368124
separated,100,400,4.0,0.05,0.9,75,dkw,1.0,1.0,1.0,0.0,0.96,0.0,1.0,5.5516223581428824e-05,0.0013879055895357206,0.19557970490020257,0.40436890743098697
separated,100,400,4.0,0.05,0.9,76,cp,1.0,1.0,1.0,0.0,1.0,0.0,1.0,0.0037538791682131256,0.029280424459179888,0.08949032456559144,0.22233324368107144
separated,100,400,4.0,0.05,0.9,76,dkw,1.0,1.0,1.0,0.0,0.96,0.0,1.0,0.012314013295710998,0.1106419599765065,0.17618711865102957,0.3957870217082582
separated,100,400,4.0,0.05,0.9,77,cp,1.0,1.0,1.0,0.0,1.0,0.0,1.0,0.00258266218984593,0.021185762346493497,0.09348097622413645,0.2644850166788323
separated,100,400,4.0,0.05,0.9,77,dkw,1.0,1.0,1.0,0.0,0.92,0.0,1.0,0.0054198131967124,0.04164835071248185,0.178980010044219,0.39959853826367286
separated,100,400,4.0,0.05,0.9,78,cp,1.0,1.0,1.0,0.0,1.0,0.0,1.0,0.0009199384301591218,0.007093661650140026,0.09275605725934319,0.23357702896423926
separated,100,400,4.0,0.05,0.9,78,dkw,1.0,1.0,1.0,0.0,0.96,0.0,1.0,0.0009199384301591218,0.007093661650140026,0.179150220213761,0.3902949644340614
separated,100,400,4.0,0.05,0.9,79,cp,1.0,1.0,1.0,0.0,1.0,0.0,1.0,0.00022699495854578534,0.002951276737924724,0.08874781708326235,0.20994810673791875
separated,100,400,4.0,0.05,0.9,79,dkw,1.0,1.0,1.0,0.0,0.96,0.0,1.0,0.00010894388902879637,0.0013879055895357206,0.18101405865153933,0.3898947364616008
separated,100,400,4.0,0.05,0.9,80,cp,1.0,1.0,1.0,0.0,1.0,0.0,1.0,0.0011180537823116676,0.011086578425139715,0.10019235235695455,0.2201261117999207
separated,100,400,4.0,0.05,0.9,80,dkw,1.0,1.0,1.0,0.0,0.92,0.0,1.0,0.007943851120232166,0.06310094808799416,0.1834312664851005,0.396087967183709
separated,100,400,4.0,0.05,0.9,81,cp,1.0,1.0,1.0,0.0,1.0,0.0,1.0,0.00036819937398224756,0.004857707356216601,0.11570428743793468,0.27984197002457556
separated,100,400,4.0,0.05,0.9,81,dkw,1.0,1.0,1.0,0.0,0.96,0.0,1.0,0.0011180537823116676,0.011086578425139715,0.19300998352368887,0.404227652262488
separated,100,400,4.0,0.05,0.9,82,cp,1.0,1.0,1.0,0.0,1.0,0.0,1.0,0.001982171107304107,0.02443241192207979,0.11583369651942554,0.2506876358495471
separated,100,400,4.0,0.05,0.9,82,dkw,1.0,1.0,1.0,0.0,0.92,0.0,1.0,0.0011180537823116676,0.011086578425139715,0.1950029071242889,0.4057062457043352
separated,100,400,4.0,0.05,0.9,83,cp,1.0,1.0,1.0,0.0,1.0,0.0,1.0,0.0006745906453060791,0.007659781783095787,0.09214262816416323,0.21780307577960167
separated,100,400,4.0,0.05,0.9,83,dkw,1.0,1.0,1.0,0.0,0.96,0.0,1.0,0.0037538791682131256,0.029280424459179888,0.18004077940340393,0.39453192940991033
separated,100,400,4.0,0.05,0.9,84,cp,1.0,1.0,1.0,0.0,1.0,0.0,1.0,0.0006190744217246503,0.007659781783095787,0.10433256850428922,0.24354996288606756
separated,100,400,4.0,0.05,0.9,84,dkw,1.0,1.0,1.0,0.0,0.96,0.0,1.0,0.00258266218984593,0.021185762346493497,0.1852809924538873,0.3963431557298227
separated,100,400,4.0,0.05,0.9,85,cp,1.0,1.0,1.0,0.0,1.0,0.0,1.0,0.007888334896650737,0.06310094808799416,0.10253294689595036,0.2563538761322066
separated,100,400,4.0,0.05,0.9,85,dkw,1.0,1.0,1.0,0.0,0.92,0.0,1.0,0.012314013295710998,0.1106419599765065,0.18207169042097227,0.40031439270713864
separated,100,400,4.0,0.05,0.9,86,cp,1.0,1.0,1.0,0.0,1.0,0.0,1.0,0.0010625375587302388,0.011086578425139715,0.11253033996444362,0.26415649476170566
separated,100,400,4.0,0.05,0.9,86,dkw,1.0,1.0,1.0,0.0,0.92,0.0,1.0,0.0037538791682131256,0.029280424459179888,0.18979359533018056,0.4026008140177082
separated,100,400,4.0,0.05,0.9,87,cp,1.0,1.0,1.0,0.0,1.0,0.0,1.0,0.0011180537823116676,0.011086578425139715,0.09811842004995096,0.246614566135815
separated,100,400,4.0,0.05,0.9,87,dkw,1.0,1.0,1.0,0.0,0.96,0.0,1.0,0.0037538791682131256,0.029280424459179888,0.18226960496556266,0.3978675137324098
separated,100,400,4.0,0.05,0.9,88,cp,1.0,1.0,1.0,0.0,1.0,0.0,1.0,7.396412226257975e-05,0.0013879055895357206,0.09906889800888453,0.2419908441970281
separated,100,400,4.0,0.05,0.9,88,dkw,1.0,1.0,1.0,0.0,0.92,0.0,1.0,0.00036819937398224756,0.004857707356216601,0.18409661970038185,0.3948237467143946
separated,100,400,4.0,0.05,0.9,89,cp,1.0,1.0,1.0,0.0,1.0,0.0,1.0,0.001633721639993544,0.009517662055048115,0.10746989020514254,0.2419908441970281
separated,100,400,4.0,0.05,0.9,89,dkw,1.0,1.0,1.0,0.0,0.96,0.0,1.0,0.0009199384301591218,0.007093661650140026,0.19025940202085231,0.3948237467143946
separated,100,400,4.0,0.05,0.9,90,cp,1.0,1.0,1.0,0.0,1.0,0.0,1.0,0.0006745906453060791,0.007659781783095787,0.09152313243901325,0.21113728826777634
separated,100,400,4.0,0.05,0.9,90,dkw,1.0,1.0,1.0,0.0,0.96,0.0,1.0,0.0037538791682131256,0.029280424459179888,0.178896669251411,0.3898947364616008
separated,100,400,4.0,0.05,0.9,91,cp,1.0,1.0,1.0,0.0,1.0,0.0,1.0,0.0060564884531510675,0.04164835071248185,0.09848395519839093,0.24486299759218577
separated,100,400,4.0,0.05,0.9,91,dkw,1.0,1.0,1.0,0.0,0.92,0.0,1.0,0.012314013295710998,0.1106419599765065,0.17985004241371072,0.39720651713407296
separated,100,400,4.0,0.05,0.9,92,cp,1.0,1.0,1.0,0.0,1.0,0.0,1.0,0.00036819937398224756,0.004857707356216601,0.09994304502338268,0.2201261117999207
separated,100,400,4.0,0.05,0.9,92,dkw,1.0,1.0,1.0,0.0,0.92,0.0,1.0,0.00258266218984593,0.021185762346493497,0.185419812342674,0.396087967183709
separated,100,400,4.0,0.05,0.9,93,cp,1.0,1.0,1.0,0.0,1.0,0.0,1.0,0.001633721639993544,0.009517662055048115,0.08906540132886183,0.20693812581832893
separated,100,400,4.0,0.05,0.9,93,dkw,1.0,1.0,1.0,0.0,0.92,0.0,1.0,0.001633721639993544,0.009517662055048115,0.18076651404386276,0.3883592238337443
separated,100,400,4.0,0.05,0.9,94,cp,1.0,1.0,1.0,0.0,1.0,0.0,1.0,0.003510092419460058,0.021651530086902016,0.1163816436052387,0.2507022230131979
separated,100,400,4.0,0.05,0.9,94,dkw,1.0,1.0,1.0,0.0,0.92,0.0,1.0,0.004047849770427678,0.021185762346493497,0.19466279973452824,0.4009311775435931
separated,100,400,4.0,0.05,0.9,95,cp,1.0,1.0,1.0,0.0,1.0,0.0,1.0,0.003698362944631697,0.029280424459179888,0.09498266935741585,0.2762831636875436
separated,100,400,4.0,0.05,0.9,95,dkw,1.0,1.0,1.0,0.0,0.92,0.0,1.0,0.007943851120232166,0.06310094808799416,0.17915665581166962,0.4027536710328684
separated,100,400,4.0,0.05,0.9,96,cp,1.0,1.0,1.0,0.0,1.0,0.0,1.0,7.396412226257975e-05,0.0013879055895357206,0.09256075308935237,0.23663375761711325
separated,100,400,4.0,0.05,0.9,96,dkw,1.0,1.0,1.0,0.0,0.96,0.0,1.0,0.00036819937398224756,0.004857707356216601,0.17879474917704222,0.391799675815094
separated,100,400,4.0,0.05,0.9,97,cp,1.0,1.0,1.0,0.0,1.0,0.0,1.0,0.0025271459662645013,0.021185762346493497,0.11095931683917566,0.2628054939521792
separated,100,400,4.0,0.05,0.9,97,dkw,1.0,1.0,1.0,0.0,0.92,0.0,1.0,0.007943851120232166,0.06310094808799416,0.18791868828967254,0.4041091579416024
separated,100,400,4.0,0.05,0.9,98,cp,1.0,1.0,1.0,0.0,1.0,0.0,1.0,0.003698362944631697,0.029280424459179888,0.10584209454211456,0.27425146562115843
separated,100,400,4.0,0.05,0.9,98,dkw,1.0,1.0,1.0,0.0,0.96,0.0,1.0,0.0054198131967124,0.04164835071248185,0.18490459043386204,0.40594564853481885
separated,100,400,4.0,0.05,0.9,99,cp,1.0,1.0,1.0,0.0,1.0,0.0,1.0,0.00017389107973358352,0.0024981739367750944,0.10686722046879595,0.26226993727239833
separated,100,400,4.0,0.05,0.9,99,dkw,1.0,1.0,1.0,0.0,0.96,0.0,1.0,0.0006745906453060791,0.007659781783095787,0.18676967343917802,0.39810455879591045
separated,100,400,4.0,0.05,0.9,100,cp,0.0,1.0,1.0,0.0,1.0,0.0,1.0,0.004886838249963325,0.016462435358671312,0.09494143401372834,0.23357702896423926
separated,100,400,4.0,0.05,0.9,100,dkw,1.0,1.0,1.0,0.0,0.96,0.0,1.0,0.004886838249963325,0.016462435358671312,0.18047533657752923,0.3902949644340614
separated,100,400,4.0,0.05,0.9,101,cp,1.0,1.0,1.0,0.0,1.0,0.0,1.0,0.00017389107973358352,0.0024981739367750944,0.08666902822648727,0.21273867348576703
separated,100,400,4.0,0.05,0.9,101,dkw,1.0,1.0,1.0,0.0,0.96,0.0,1.0,0.0006745906453060791,0.007659781783095787,0.1789723135511816,0.39143534067084695
separated,100,400,4.0,0.05,0.9,102,cp,1.0,1.0,1.0,0.0,1.0,0.0,1.0,0.003698362944631697,0.029280424459179888,0.11177078115031264,0.26428007635563344
separated,100,400,4.0,0.05,0.9,102,dkw,1.0,1.0,1.0,0.0,0.92,0.0,1.0,0.012314013295710998,0.1106419599765065,0.18794289362367475,0.4047142912916578
separated,100,400,4.0,0.05,0.9,103,cp,1.0,1.0,1.0,0.0,1.0,0.0,1.0,5.342766544736755e-05,0.0013356916361841886,0.10520328505867074,0.2516491805304063
separated,100,400,4.0,0.05,0.9,103,dkw,1.0,1.0,1.0,0.0,0.96,0.0,1.0,7.396412226257975e-05,0.0013879055895357206,0.18585671292770725,0.39661532010390965
separated,100,400,4.0,0.05,0.9,104,cp,1.0,1.0,1.0,0.0,1.0,0.0,1.0,0.0055941451810979535,0.0176826732783657,0.08124245627528387,0.20002735964657314
separated,100,400,4.0,0.05,0.9,104,dkw,1.0,1.0,1.0,0.0,0.96,0.0,1.0,0.0055941451810979535,0.0176826732783657,0.17446126718985536,0.3853033688266053
separated,100,400,4.0,0.05,0.9,105,cp,1.0,1.0,1.0,0.0,1.0,0.0,1.0,7.396412226257975e-05,0.0013879055895357206,0.09906889800888453,0.2419908441970281
separated,100,400,4.0,0.05,0.9,105,dkw,1.0,1.0,1.0,0.0,0.96,0.0,1.0,0.00036819937398224756,0.004857707356216601,0.18409661970038185,0.3948237467143946
separated,100,400,4.0,0.05,0.9,106,cp,1.0,1.0,1.0,0.0,1.0,0.0,1.0,0.00036819937398224756,0.004857707356216601,0.10561959430300838,0.22233324368107144
separated,100,400,4.0,0.05,0.9,106,dkw,1.0,1.0,1.0,0.0,0.96,0.0,1.0,0.00258266218984593,0.021185762346493497,0.18912112669974426,0.3976492030300145
separated,100,400,4.0,0.05,0.9,107,cp,1.0,1.0,1.0,0.0,1.0,0.0,1.0,5.5516223581428824e-05,0.0013879055895357206,0.09655873936593844,0.23942125058081365
separated,100,400,4.0,0.05,0.9,107,dkw,1.0,1.0,1.0,0.0,0.96,0.0,1.0,0.00017389107973358352,0.0024981739367750944,0.18201178324060835,0.39330926168672464
separated,100,400,4.0,0.05,0.9,108,cp,1.0,1.0,1.0,0.0,1.0,0.0,1.0,0.00010894388902879637,0.0013879055895357206,0.11279196413474246,0.246614566135815
separated,100,400,4.0,0.05,0.9,108,dkw,1.0,1.0,1.0,0.0,0.96,0.0,1.0,0.00017389107973358352,0.0024981739367750944,0.19318483874772466,0.3978675137324098
separated,100,400,4.0,0.05,0.9,109,cp,1.0,1.0,1.0,0.0,1.0,0.0,1.0,0.0012530151577916193,0.008326918190812438,0.10208645951620694,0.23942125058081365
separated,100,400,4.0,0.05,0.9,109,dkw,1.0,1.0,1.0,0.0,0.96,0.0,1.0,0.0006361919641535207,0.005801104647893518,0.18596622206832059,0.39330926168672464
separated,100,400,4.0,0.05,0.9,110,cp,1.0,1.0,1.0,0.0,1.0,0.0,1.0,0.0011180537823116676,0.011086578425139715,0.11025349967730812,0.2507022230131979
separated,100,400,4.0,0.05,0.9,110,dkw,1.0,1.0,1.0,0.0,0.92,0.0,1.0,0.0037538791682131256,0.029280424459179888,0.18962559651265679,0.4009311775435931
separated,100,400,4.0,0.05,0.9,111,cp,1.0,1.0,1.0,0.0,1.0,0.0,1.0,0.0023313480655831587,0.02026610653549954,0.11472592943448032,0.2487167759955815
separated,100,400,4.0,0.05,0.9,111,dkw,1.0,1.0,1.0,0.0,0.92,0.0,1.0,0.00036819937398224756,0.004857707356216601,0.1952599657958064,0.3993968458906558
separated,100,400,4.0,0.05,0.9,112,cp,1.0,1.0,1.0,0.0,1.0,0.0,1.0,7.396412226257975e-05,0.0013879055895357206,0.08745242489664447,0.20693812581832893
separated,100,400,4.0,0.05,0.9,112,dkw,1.0,1.0,1.0,0.0,0.92,0.0,1.0,0.0011180537823116676,0.011086578425139715,0.1768545073998221,0.3883592238337443
separated,100,400,4.0,0.05,0.9,113,cp,1.0,1.0,1.0,0.0,1.0,0.0,1.0,0.00036819937398224756,0.004857707356216601,0.09643379595234838,0.2419908441970281
separated,100,400,4.0,0.05,0.9,113,dkw,1.0,1.0,1.0,0.0,0.92,0.0,1.0,0.0017352316959861902,0.015429447841863064,0.18150189848290374,0.3948237467143946
separated,100,400,4.0,0.05,0.9,114,cp,1.0,1.0,1.0,0.0,1.0,0.0,1.0,0.001633721639993544,0.009517662055048115,0.1056673389238896,0.2572639135013106
separated,100,400,4.0,0.05,0.9,114,dkw,1.0,1.0,1.0,0.0,0.96,0.0,1.0,0.0009199384301591218,0.007093661650140026,0.18575135233101078,0.3951307987589351
separated,100,400,4.0,0.05,0.9,115,cp,1.0,1.0,1.0,0.0,1.0,0.0,1.0,0.0003126831504008187,0.004857707356216601,0.10713595630106465,0.255229949236619
separated,100,400,4.0,0.05,0.9,115,dkw,1.0,1.0,1.0,0.0,0.92,0.0,1.0,0.0011180537823116676,0.011086578425139715,0.18913826805293568,0.4010972820909321
separated,100,400,4.0,0.05,0.9,116,cp,1.0,1.0,1.0,0.0,1.0,0.0,1.0,0.0009199384301591218,0.007093661650140026,0.08425404058899963,0.2036561162056414
separated,100,400,4.0,0.05,0.9,116,dkw,1.0,1.0,1.0,0.0,0.96,0.0,1.0,0.00040414777823778004,0.0044288204922998675,0.1762423154974736,0.38682877661873005
separated,100,400,4.0,0.05,0.9,117,cp,1.0,1.0,1.0,0.0,1.0,0.0,1.0,0.0011180537823116676,0.011086578425139715,0.0900498314342876,0.2419908441970281
separated,100,400,4.0,0.05,0.9,117,dkw,1.0,1.0,1.0,0.0,0.96,0.0,1.0,0.00258266218984593,0.021185762346493497,0.1782959613805418,0.3948237467143946
separated,100,400,4.0,0.05,0.9,118,cp,1.0,1.0,1.0,0.0,1.0,0.0,1.0,0.0031418930454778105,0.021651530086902016,0.11790156742801935,0.26415649476170566
separated,100,400,4.0,0.05,0.9,118,dkw,1.0,1.0,1.0,0.0,0.92,0.0,1.0,0.00017389107973358352,0.0024981739367750944,0.19695167259869117,0.4026008140177082
separated,100,400,4.0,0.05,0.9,119,cp,1.0,1.0,1.0,0.0,1.0,0.0,1.0,0.012314013295710998,0.1106419599765065,0.10675528870757318,0.2684250495445112
separated,100,400,4.0,0.05,0.9,119,dkw,1.0,1.0,1.0,0.0,0.92,0.0,1.0,0.012314013295710998,0.1106419599765065,0.185007960201222,0.39690342205152007
separated,100,400,4.0,0.05,0.9,120,cp,1.0,1.0,1.0,0.0,1.0,0.0,1.0,0.0017352316959861902,0.015429447841863064,0.09782153088118814,0.22233324368107144
separated,100,400,4.0,0.05,0.9,120,dkw,1.0,1.0,1.0,0.0,0.96,0.0,1.0,0.007943851120232166,0.06310094808799416,0.18196508283388732,0.3976492030300145
separated,100,400,4.0,0.05,0.9,121,cp,1.0,1.0,1.0,0.0,1.0,0.0,1.0,0.005367850901534985,0.029280424459179888,0.10697342655005165,0.24727866494331185
separated,100,400,4.0,0.05,0.9,121,dkw,1.0,1.0,1.0,0.0,0.92,0.0,1.0,0.007943851120232166,0.06310094808799416,0.18643359114597846,0.4057062457043352
separated,100,400,4.0,0.05,0.9,122,cp,1.0,1.0,1.0,0.0,1.0,0.0,1.0,0.004228340835616473,0.0152763050314918,0.10668414714223934,0.2684250495445112
separated,100,400,4.0,0.05,0.9,122,dkw,1.0,1.0,1.0,0.0,0.96,0.0,1.0,0.004886838249963325,0.016462435358671312,0.18499663396604468,0.39690342205152007
separated,100,400,4.0,0.05,0.9,123,cp,1.0,1.0,1.0,0.0,1.0,0.0,1.0,0.00036819937398224756,0.004857707356216601,0.10114174042998146,0.246614566135815
separated,100,400,4.0,0.05,0.9,123,dkw,1.0,1.0,1.0,0.0,0.92,0.0,1.0,0.0017352316959861902,0.015429447841863064,0.18551525857736764,0.3978675137324098
separated,100,400,4.0,0.05,0.9,124,cp,1.0,1.0,1.0,0.0,1.0,0.0,1.0,0.0006190744217246503,0.007659781783095787,0.1163841306823862,0.2881861258438808
separated,100,400,4.0,0.05,0.9,124,dkw,1.0,1.0,1.0,0.0,0.92,0.0,1.0,0.0006745906453060791,0.007659781783095787,0.1972901562567545,0.4116445600732562
separated,100,400,4.0,0.05,0.9,125,cp,1.0,1.0,1.0,0.0,1.0,0.0,1.0,0.0036748964326806677,0.02443241192207979,0.10377531166296546,0.2326538630765348
separated,100,400,4.0,0.05,0.9,125,dkw,1.0,1.0,1.0,0.0,0.92,0.0,1.0,0.0020609246993588083,0.010680076484131606,0.18466423448956498,0.39690342205152007
separated,100,400,4.0,0.05,0.9,126,cp,1.0,1.0,1.0,0.0,1.0,0.0,1.0,0.0011180537823116676,0.011086578425139715,0.07083698329998019,0.20002735964657314
separated,100,400,4.0,0.05,0.9,126,dkw,1.0,1.0,1.0,0.0,0.96,0.0,1.0,0.0037538791682131256,0.029280424459179888,0.16783991708305923,0.3853033688266053
separated,100,400,4.0,0.05,0.9,127,cp,1.0,1.0,1.0,0.0,1.0,0.0,1.0,7.396412226257975e-05,0.0013879055895357206,0.08544535351251248,0.20994810673791875
separated,100,400,4.0,0.05,0.9,127,dkw,1.0,1.0,1.0,0.0,0.92,0.0,1.0,0.00036819937398224756,0.004857707356216601,0.17815033785310233,0.3898947364616008
separated,100,400,4.0,0.05,0.9,128,cp,1.0,1.0,1.0,0.0,1.0,0.0,1.0,0.00036819937398224756,0.004857707356216601,0.10436826819662082,0.2244374911727508
separated,100,400,4.0,0.05,0.9,128,dkw,1.0,1.0,1.0,0.0,0.96,0.0,1.0,0.00258266218984593,0.021185762346493497,0.18945379678948662,0.39921566403372344
separated,100,400,4.0,0.05,0.9,129,cp,1.0,1.0,1.0,0.0,1.0,0.0,1.0,0.0017352316959861902,0.015429447841863064,0.0852552446680548,0.23942125058081365
separated,100,400,4.0,0.05,0.9,129,dkw,1.0,1.0,1.0,0.0,0.96,0.0,1.0,0.0054198131967124,0.04164835071248185,0.17451725972235338,0.39330926168672464
separated,100,400,4.0,0.05,0.9,130,cp,0.0,0.0,1.0,0.0,1.0,0.0,1.0,0.0054198131967124,0.04164835071248185,0.09423960017990954,0.24463979557908377
separated,100,400,4.0,0.05,0.9,130,dkw,1.0,1.0,1.0,0.0,0.96,0.0,1.0,0.012314013295710998,0.1106419599765065,0.17760787549664628,0.39400539479858365
separated,100,400,4.0,0.05,0.9,131,cp,1.0,1.0,1.0,0.0,1.0,0.0,1.0,0.0006361919641535207,0.005801104647893518,0.0874072648723693,0.23017833544748645
separated,100,400,4.0,0.05,0.9,131,dkw,1.0,1.0,1.0,0.0,0.96,0.0,1.0,0.00040414777823778004,0.0044288204922998675,0.17547311254166167,0.3887951030430741
separated,100,400,4.0,0.05,0.9,132,cp,1.0,1.0,1.0,0.0,1.0,0.0,1.0,0.0060564884531510675,0.04164835071248185,0.09489590472726736,0.24498061175234875
separated,100,400,4.0,0.05,0.9,132,dkw,1.0,1.0,1.0,0.0,0.96,0.0,1.0,0.012314013295710998,0.1106419599765065,0.17841541161213353,0.39891700301796496
separated,100,400,4.0,0.05,0.9,133,cp,1.0,1.0,1.0,0.0,1.0,0.0,1.0,0.0012530151577916193,0.008326918190812438,0.09747672852771343,0.23663375761711325
separated,100,400,4.0,0.05,0.9,133,dkw,1.0,1.0,1.0,0.0,0.96,0.0,1.0,0.0012530151577916193,0.008326918190812438,0.18277262374834025,0.391799675815094
separated,100,400,4.0,0.05,0.9,134,cp,1.0,1.0,1.0,0.0,1.0,0.0,1.0,0.00010894388902879637,0.0013879055895357206,0.09181940734401628,0.20994810673791875
separated,100,400,4.0,0.05,0.9,134,dkw,1.0,1.0,1.0,0.0,0.92,0.0,1.0,0.00036819937398224756,0.004857707356216601,0.18021915546357675,0.3898947364616008
separated,100,400,4.0,0.05,0.9,135,cp,1.0,1.0,1.0,0.0,1.0,0.0,1.0,0.0017352316959861902,0.015429447841863064,0.10807449743477766,0.25437120851322037
separated,100,400,4.0,0.05,0.9,135,dkw,1.0,1.0,1.0,0.0,0.96,0.0,1.0,0.0054198131967124,0.04164835071248185,0.1883661403277959,0.40401494155102713
separated,100,400,4.0,0.05,0.9,136,cp,1.0,1.0,1.0,0.0,1.0,0.0,1.0,0.00010894388902879637,0.0013879055895357206,0.07978525744410694,0.2036561162056414
separated,100,400,4.0,0.05,0.9,136,dkw,1.0,1.0,1.0,0.0,0.92,0.0,1.0,7.396412226257975e-05,0.0013879055895357206,0.17392978885550195,0.38682877661873005
separated,100,400,4.0,0.05,0.9,137,cp,1.0,1.0,1.0,0.0,1.0,0.0,1.0,0.0017352316959861902,0.015429447841863064,0.07975606355591974,0.21273867348576703
separated,100,400,4.0,0.05,0.9,137,dkw,1.0,1.0,1.0,0.0,0.92,0.0,1.0,0.0054198131967124,0.04164835071248185,0.17241300520726802,0.39143534067084695
separated,100,400,4.0,0.05,0.9,138,cp,1.0,1.0,1.0,0.0,1.0,0.0,1.0,0.0017352316959861902,0.015429447841863064,0.10752952625086283,0.26847635085415855
separated,100,400,4.0,0.05,0.9,138,dkw,1.0,1.0,1.0,0.0,0.96,0.0,1.0,0.0054198131967124,0.04164835071248185,0.18627425463717678,0.4026008140177082
separated,100,400,4.0,0.05,0.9,139,cp,1.0,1.0,1.0,0.0,1.0,0.0,1.0,0.004487256997984818,0.028451339216919225,0.08891109377976,0.22915197908372453
separated,100,400,4.0,0.05,0.9,139,dkw,1.0,1.0,1.0,0.0,0.96,0.0,1.0,0.0037538791682131256,0.029280424459179888,0.17669514984106197,0.39690342205152007
separated,100,400,4.0,0.05,0.9,140,cp,1.0,1.0,1.0,0.0,1.0,0.0,1.0,0.002478468163525518,0.011826492193703464,0.1000794764895657,0.23940546652741945
separated,100,400,4.0,0.05,0.9,140,dkw,1.0,1.0,1.0,0.0,0.92,0.0,1.0,0.0030527024845362627,0.012967952435732899,0.18249953187915502,0.39365097148598027
separated,100,400,4.0,0.05,0.9,141,cp,1.0,1.0,1.0,0.0,1.0,0.0,1.0,0.00022699495854578534,0.002951276737924724,0.09494537034639604,0.23663375761711325
separated,100,400,4.0,0.05,0.9,141,dkw,1.0,1.0,1.0,0.0,0.96,0.0,1.0,0.00010894388902879637,0.0013879055895357206,0.18082791701316003,0.391799675815094
separated,100,400,4.0,0.05,0.9,142,cp,1.0,1.0,1.0,0.0,1.0,0.0,1.0,0.0006361919641535207,0.005801104647893518,0.09766223437542697,0.23663375761711325
separated,100,400,4.0,0.05,0.9,142,dkw,1.0,1.0,1.0,0.0,0.96,0.0,1.0,0.00022699495854578534,0.002951276737924724,0.18224322448715202,0.391799675815094
separated,100,400,4.0,0.05,0.9,143,cp,1.0,1.0,1.0,0.0,1.0,0.0,1.0,7.396412226257975e-05,0.0013879055895357206,0.10389910076910158,0.24437950287971733
separated,100,400,4.0,0.05,0.9,143,dkw,1.0,1.0,1.0,0.0,0.92,0.0,1.0,0.0006745906453060791,0.007659781783095787,0.1865673303395966,0.3963431557298227
separated,100,400,4.0,0.05,0.9,144,cp,1.0,1.0,1.0,0.0,1.0,0.0,1.0,0.0006745906453060791,0.007659781783095787,0.09248593646207304,0.24437950287971733
separated,100,400,4.0,0.05,0.9,144,dkw,1.0,1.0,1.0,0.0,0.96,0.0,1.0,0.00258266218984593,0.021185762346493497,0.18031294227935604,0.3963431557298227
separated,100,400,4.0,0.05,0.9,145,cp,1.0,1.0,1.0,0.0,1.0,0.0,1.0,0.00040414777823778004,0.0044288204922998675,0.08529313852519156,0.23017833544748645
separated,100,400,4.0,0.05,0.9,145,dkw,1.0,1.0,1.0,0.0,0.96,0.0,1.0,0.00040414777823778004,0.0044288204922998675,0.1748422353859892,0.3887951030430741
separated,100,400,4.0,0.05,0.9,146,cp,1.0,1.0,1.0,0.0,1.0,0.0,1.0,0.0030527024845362627,0.012967952435732899,0.08081323543241554,0.20002735964657314
separated,100,400,4.0,0.05,0.9,146,dkw,1.0,1.0,1.0,0.0,0.96,0.0,1.0,0.0020609246993588083,0.010680076484131606,0.1741280748581419,0.3853033688266053
separated,100,400,4.0,0.05,0.9,147,cp,1.0,1.0,1.0,0.0,1.0,0.0,1.0,5.5516223581428824e-05,0.0013879055895357206,0.08551779487793182,0.20693812581832893
separated,100,400,4.0,0.05,0.9,147,dkw,1.0,1.0,1.0,0.0,0.96,0.0,1.0,0.00036819937398224756,0.004857707356216601,0.1765165481647891,0.3883592238337443
separated,100,400,4.0,0.05,0.9,148,cp,1.0,1.0,1.0,0.0,1.0,0.0,1.0,0.0012530151577916193,0.008326918190812438,0.11489928202290751,0.246614566135815
separated,100,400,4.0,0.05,0.9,148,dkw,1.0,1.0,1.0,0.0,0.92,0.0,1.0,0.00040414777823778004,0.0044288204922998675,0.19660139320279751,0.3978675137324098
separated,100,400,4.0,0.05,0.9,149,cp,1.0,1.0,1.0,0.0,1.0,0.0,1.0,0.0006745906453060791,0.007659781783095787,0.09857289384997467,0.2419908441970281
separated,100,400,4.0,0.05,0.9,149,dkw,1.0,1.0,1.0,0.0,0.96,0.0,1.0,0.00258266218984593,0.021185762346493497,0.1815821692047109,0.3948237467143946
separated,100,400,4.0,0.05,0.9,150,cp,1.0,1.0,1.0,0.0,1.0,0.0,1.0,5.342766544736755e-05,0.0013356916361841886,0.10129375748071016,0.2533194086223143
separated,100,400,4.0,0.05,0.9,150,dkw,1.0,1.0,1.0,0.0,0.96,0.0,1.0,5.5516223581428824e-05,0.0013879055895357206,0.18225211220030232,0.39690342205152007
separated,100,400,4.0,0.05,0.9,151,cp,1.0,1.0,1.0,0.0,1.0,0.0,1.0,5.342766544736755e-05,0.0013356916361841886,0.10326890180615006,0.2550650876998186
separated,100,400,4.0,0.05,0.9,151,dkw,1.0,1.0,1.0,0.0,0.92,0.0,1.0,7.396412226257975e-05,0.0013879055895357206,0.1852825455220102,0.39661532010390965
separated,100,400,4.0,0.05,0.9,152,cp,1.0,1.0,1.0,0.0,1.0,0.0,1.0,0.0006745906453060791,0.007659781783095787,0.10404498721419092,0.2507022230131979
separated,100,400,4.0,0.05,0.9,152,dkw,1.0,1.0,1.0,0.0,0.92,0.0,1.0,0.00258266218984593,0.021185762346493497,0.18798188409396424,0.4009311775435931
separated,100,400,4.0,0.05,0.9,153,cp,1.0,1.0,1.0,0.0,1.0,0.0,1.0,0.0008105663361722515,0.01730478700050242,0.08472277852450763,0.2189218622106971
separated,100,400,4.0,0.05,0.9,153,dkw,1.0,1.0,1.0,0.0,0.96,0.0,1.0,0.00036819937398224756,0.004857707356216601,0.1751193120688412,0.3902949644340614
separated,100,400,4.0,0.05,0.9,154,cp,1.0,1.0,1.0,0.0,1.0,0.0,1.0,0.0003126831504008187,0.004857707356216601,0.11043196179446373,0.2445280284407183
separated,100,400,4.0,0.05,0.9,154,dkw,1.0,1.0,1.0,0.0,0.96,0.0,1.0,0.0017352316959861902,0.015429447841863064,0.19089271988051743,0.3993968458906558
separated,100,400,4.0,0.05,0.9,155,cp,1.0,1.0,1.0,0.0,1.0,0.0,1.0,0.0010625375587302388,0.011086578425139715,0.09721520808031629,0.2550650876998186
separated,100,400,4.0,0.05,0.9,155,dkw,1.0,1.0,1.0,0.0,0.92,0.0,1.0,0.00258266218984593,0.021185762346493497,0.18014537819994192,0.39661532010390965
separated,100,400,4.0,0.05,0.9,156,cp,1.0,1.0,1.0,0.0,1.0,0.0,1.0,7.396412226257975e-05,0.0013879055895357206,0.10936478673762608,0.246614566135815
separated,100,400,4.0,0.05,0.9,156,dkw,1.0,1.0,1.0,0.0,0.96,0.0,1.0,0.0006745906453060791,0.007659781783095787,0.19028231708823007,0.3978675137324098
separated,100,400,4.0,0.05,0.9,157,cp,1.0,1.0,1.0,0.0,1.0,0.0,1.0,0.0037538791682131256,0.029280424459179888,0.09403170693090848,0.22223645592436547
separated,100,400,4.0,0.05,0.9,157,dkw,1.0,1.0,1.0,0.0,0.96,0.0,1.0,0.012314013295710998,0.1106419599765065,0.17904110422723246,0.39217581516250866
separated,100,400,4.0,0.05,0.9,158,cp,1.0,1.0,1.0,0.0,1.0,0.0,1.0,0.0015782054164121151,0.009517662055048115,0.10465551954084415,0.24990350145290197
separated,100,400,4.0,0.05,0.9,158,dkw,1.0,1.0,1.0,0.0,0.96,0.0,1.0,0.0020609246993588083,0.010680076484131606,0.18450106371392727,0.39690342205152007
separated,100,400,4.0,0.05,0.9,159,cp,1.0,1.0,1.0,0.0,1.0,0.0,1.0,0.001040823034676448,0.01730478700050242,0.10375951175060287,0.24647904204427928
separated,100,400,4.0,0.05,0.9,159,dkw,1.0,1.0,1.0,0.0,0.96,0.0,1.0,0.00022699495854578534,0.002951276737924724,0.18369228456731979,0.39690342205152007
separated,100,400,4.0,0.05,0.9,160,cp,1.0,1.0,1.0,0.0,1.0,0.0,1.0,0.0011180537823116676,0.011086578425139715,0.10210115390213603,0.246614566135815
separated,100,400,4.0,0.05,0.9,160,dkw,1.0,1.0,1.0,0.0,0.96,0.0,1.0,0.0037538791682131256,0.029280424459179888,0.1838964000905392,0.3978675137324098
separated,100,400,4.0,0.05,0.9,161,cp,1.0,1.0,1.0,0.0,1.0,0.0,1.0,7.396412226257975e-05,0.0013879055895357206,0.10223872328764734,0.25987498319531566
separated,100,400,4.0,0.05,0.9,161,dkw,1.0,1.0,1.0,0.0,0.96,0.0,1.0,0.00017389107973358352,0.0024981739367750944,0.18425953040588802,0.39661532010390965
separated,100,400,4.0,0.05,0.9,162,cp,1.0,1.0,1.0,0.0,1.0,0.0,1.0,0.0025339843871069467,0.011826492193703464,0.10849062121102535,0.2419908441970281
separated,100,400,4.0,0.05,0.9,162,dkw,1.0,1.0,1.0,0.0,0.96,0.0,1.0,0.0012530151577916193,0.008326918190812438,0.19085940637941012,0.3948237467143946
separated,100,400,4.0,0.05,0.9,163,cp,1.0,1.0,1.0,0.0,1.0,0.0,1.0,0.003698362944631697,0.029280424459179888,0.10222674770514004,0.2586333997099821
separated,100,400,4.0,0.05,0.9,163,dkw,1.0,1.0,1.0,0.0,0.92,0.0,1.0,0.012314013295710998,0.1106419599765065,0.18207169042097227,0.40031439270713864
separated,100,400,4.0,0.05,0.9,164,cp,1.0,1.0,1.0,0.0,1.0,0.0,1.0,0.00258266218984593,0.021185762346493497,0.09184002379073707,0.2192371802730153
separated,100,400,4.0,0.05,0.9,164,dkw,1.0,1.0,1.0,0.0,0.96,0.0,1.0,0.012314013295710998,0.1106419599765065,0.17760787549664628,0.39400539479858365
separated,100,400,4.0,0.05,0.9,165,cp,1.0,1.0,1.0,0.0,1.0,0.0,1.0,0.0010048746304209156,0.01730478700050242,0.11613137446603215,0.2519594487118675
separated,100,400,4.0,0.05,0.9,165,dkw,1.0,1.0,1.0,0.0,0.92,0.0,1.0,0.0017352316959861902,0.015429447841863064,0.19329419783483515,0.404227652262488
separated,100,400,4.0,0.05,0.9,166,cp,1.0,1.0,1.0,0.0,1.0,0.0,1.0,0.0006190744217246503,0.007659781783095787,0.11874203258735032,0.25601031317028256
separated,100,400,4.0,0.05,0.9,166,dkw,1.0,1.0,1.0,0.0,0.96,0.0,1.0,0.00258266218984593,0.021185762346493497,0.19523615239391423,0.4041091579416024
separated,100,400,4.0,0.05,0.9,167,cp,1.0,1.0,1.0,0.0,1.0,0.0,1.0,0.00258266218984593,0.021185762346493497,0.09786814850764651,0.22256042505096352
separated,100,400,4.0,0.05,0.9,167,dkw,1.0,1.0,1.0,0.0,0.92,0.0,1.0,0.012314013295710998,0.1106419599765065,0.1812976358043035,0.39545216849777076
separated,100,400,4.0,0.05,0.9,168,cp,1.0,1.0,1.0,0.0,1.0,0.0,1.0,0.0017352316959861902,0.015429447841863064,0.0979247767857924,0.2665470380907846
separated,100,400,4.0,0.05,0.9,168,dkw,1.0,1.0,1.0,0.0,0.92,0.0,1.0,0.0037538791682131256,0.029280424459179888,0.18286166366129955,0.4010972820909321
separated,100,400,4.0,0.05,0.9,169,cp,1.0,1.0,1.0,0.0,1.0,0.0,1.0,0.00573536328236965,0.03120265710962078,0.09463043898477093,0.22233324368107144
separated,100,400,4.0,0.05,0.9,169,dkw,1.0,1.0,1.0,0.0,0.96,0.0,1.0,0.005364296973130971,0.04164835071248185,0.18041221420058753,0.3976492030300145
separated,100,400,4.0,0.05,0.9,170,cp,1.0,1.0,1.0,0.0,1.0,0.0,1.0,0.005538628957516525,0.0176826732783657,0.10126385213556625,0.24975021049202017
separated,100,400,4.0,0.05,0.9,170,dkw,1.0,1.0,1.0,0.0,0.92,0.0,1.0,0.0055941451810979535,0.0176826732783657,0.18275847691813343,0.39365097148598027
separated,100,400,4.0,0.05,0.9,171,cp,1.0,1.0,1.0,0.0,1.0,0.0,1.0,0.004147956120428806,0.02443241192207979,0.1175696955926021,0.24054564275315693
separated,100,400,4.0,0.05,0.9,171,dkw,1.0,1.0,1.0,0.0,0.96,0.0,1.0,0.0020609246993588083,0.010680076484131606,0.1957076524823238,0.4012842795980738
separated,100,400,4.0,0.05,0.9,172,cp,1.0,1.0,1.0,0.0,1.0,0.0,1.0,0.0017352316959861902,0.015429447841863064,0.09263779033947209,0.21490119833014343
separated,100,400,4.0,0.05,0.9,172,dkw,1.0,1.0,1.0,0.0,0.96,0.0,1.0,0.007943851120232166,0.06310094808799416,0.179011485247566,0.39143534067084695
separated,100,400,4.0,0.05,0.9,173,cp,1.0,1.0,1.0,0.0,1.0,0.0,1.0,0.00017389107973358352,0.0024981739367750944,0.09623207882696962,0.21534767068662208
separated,100,400,4.0,0.05,0.9,173,dkw,1.0,1.0,1.0,0.0,0.92,0.0,1.0,0.0017352316959861902,0.015429447841863064,0.1829392905216802,0.3929810628101621
separated,100,400,4.0,0.05,0.9,174,cp,1.0,1.0,1.0,0.0,1.0,0.0,1.0,0.00011837485615215471,0.0024981739367750944,0.1001193553355694,0.24118873803676255
separated,100,400,4.0,0.05,0.9,174,dkw,1.0,1.0,1.0,0.0,0.96,0.0,1.0,0.0017352316959861902,0.015429447841863064,0.18317195118810756,0.3948237467143946
separated,100,400,4.0,0.05,0.9,175,cp,1.0,1.0,1.0,0.0,1.0,0.0,1.0,0.00363322331286684,0.028451339216919225,0.12327768391551858,0.2414751973112913
separated,100,400,4.0,0.05,0.9,175,dkw,1.0,1.0,1.0,0.0,0.92,0.0,1.0,0.0011180537823116676,0.011086578425139715,0.2005868230153384,0.4087190183368744
separated,100,400,4.0,0.05,0.9,176,cp,1.0,1.0,1.0,0.0,1.0,0.0,1.0,0.0017352316959861902,0.015429447841863064,0.10078849416761138,0.28206619527796817
separated,100,400,4.0,0.05,0.9,176,dkw,1.0,1.0,1.0,0.0,0.96,0.0,1.0,0.00258266218984593,0.021185762346493497,0.18292345400024382,0.40292770562777247
separated,100,400,4.0,0.05,0.9,177,cp,1.0,1.0,1.0,0.0,1.0,0.0,1.0,0.001982171107304107,0.02443241192207979,0.11433229398802562,0.2602566595596437
separated,100,400,4.0,0.05,0.9,177,dkw,1.0,1.0,1.0,0.0,0.92,0.0,1.0,0.0017352316959861902,0.015429447841863064,0.1913037010368842,0.4027536710328684
separated,100,400,4.0,0.05,0.9,178,cp,1.0,1.0,1.0,0.0,1.0,0.0,1.0,0.006230820437536621,0.0176826732783657,0.1055444401511108,0.2387213858222157
separated,100,400,4.0,0.05,0.9,178,dkw,1.0,1.0,1.0,0.0,0.96,0.0,1.0,0.0055941451810979535,0.0176826732783657,0.18649699840459405,0.3951307987589351
separated,100,400,4.0,0.05,0.9,179,cp,1.0,1.0,1.0,0.0,1.0,0.0,1.0,7.396412226257975e-05,0.0013879055895357206,0.10936478673762608,0.246614566135815
separated,100,400,4.0,0.05,0.9,179,dkw,1.0,1.0,1.0,0.0,0.92,0.0,1.0,0.0006745906453060791,0.007659781783095787,0.19028231708823007,0.3978675137324098
separated,100,400,4.0,0.05,0.9,180,cp,1.0,1.0,1.0,0.0,1.0,0.0,1.0,7.396412226257975e-05,0.0013879055895357206,0.09530532019529744,0.23942125058081365
separated,100,400,4.0,0.05,0.9,180,dkw,1.0,1.0,1.0,0.0,0.96,0.0,1.0,0.0006745906453060791,0.007659781783095787,0.18084057488907176,0.39330926168672464
separated,100,400,4.0,0.05,0.9,181,cp,1.0,1.0,1.0,0.0,1.0,0.0,1.0,7.396412226257975e-05,0.0013879055895357206,0.09530532019529744,0.23942125058081365
separated,100,400,4.0,0.05,0.9,181,dkw,1.0,1.0,1.0,0.0,0.92,0.0,1.0,0.0006745906453060791,0.007659781783095787,0.18084057488907176,0.39330926168672464
separated,100,400,4.0,0.05,0.9,182,cp,1.0,1.0,1.0,0.0,1.0,0.0,1.0,0.0025339843871069467,0.011826492193703464,0.09926215311953378,0.23663375761711325
separated,100,400,4.0,0.05,0.9,182,dkw,1.0,1.0,1.0,0.0,0.92,0.0,1.0,0.0020609246993588083,0.010680076484131606,0.18370858706673773,0.391799675815094
separated,100,400,4.0,0.05,0.9,183,cp,1.0,1.0,1.0,0.0,1.0,0.0,1.0,5.5516223581428824e-05,0.0013879055895357206,0.09222296477133718,0.21273867348576703
separated,100,400,4.0,0.05,0.9,183,dkw,1.0,1.0,1.0,0.0,0.92,0.0,1.0,0.00036819937398224756,0.004857707356216601,0.18183849453607173,0.39143534067084695
separated,100,400,4.0,0.05,0.9,184,cp,1.0,1.0,1.0,0.0,1.0,0.0,1.0,7.396412226257975e-05,0.0013879055895357206,0.11165787731026523,0.2487167759955815
separated,100,400,4.0,0.05,0.9,184,dkw,1.0,1.0,1.0,0.0,0.96,0.0,1.0,0.0011180537823116676,0.011086578425139715,0.19231201190479358,0.3993968458906558
separated,100,400,4.0,0.05,0.9,185,cp,1.0,1.0,1.0,0.0,1.0,0.0,1.0,0.0003486315546563512,0.0044288204922998675,0.09683981727295386,0.236060606012358
separated,100,400,4.0,0.05,0.9,185,dkw,1.0,1.0,1.0,0.0,0.92,0.0,1.0,5.5516223581428824e-05,0.0013879055895357206,0.1814414383259502,0.391799675815094
separated,100,400,4.0,0.05,0.9,186,cp,1.0,1.0,1.0,0.0,1.0,0.0,1.0,0.00022699495854578534,0.002951276737924724,0.09405727340304637,0.21273867348576703
separated,100,400,4.0,0.05,0.9,186,dkw,1.0,1.0,1.0,0.0,0.92,0.0,1.0,5.5516223581428824e-05,0.0013879055895357206,0.18387654634928238,0.39143534067084695
separated,100,400,4.0,0.05,0.9,187,cp,1.0,1.0,1.0,0.0,1.0,0.0,1.0,0.0011974989342101905,0.008326918190812438,0.10440813459382646,0.2559064963648514
separated,100,400,4.0,0.05,0.9,187,dkw,1.0,1.0,1.0,0.0,0.96,0.0,1.0,0.0009199384301591218,0.007093661650140026,0.18513318206213625,0.3951307987589351
separated,100,400,4.0,0.05,0.9,188,cp,1.0,1.0,1.0,0.0,1.0,0.0,1.0,0.0003126831504008187,0.004857707356216601,0.0909968794834048,0.236060606012358
separated,100,400,4.0,0.05,0.9,188,dkw,1.0,1.0,1.0,0.0,0.96,0.0,1.0,0.0011180537823116676,0.011086578425139715,0.17746765050266539,0.391799675815094
separated,100,400,4.0,0.05,0.9,189,cp,1.0,1.0,1.0,0.0,1.0,0.0,1.0,0.00010894388902879637,0.0013879055895357206,0.10148778322606258,0.23942125058081365
separated,100,400,4.0,0.05,0.9,189,dkw,1.0,1.0,1.0,0.0,0.96,0.0,1.0,0.00036819937398224756,0.004857707356216601,0.18414119831323858,0.39330926168672464
separated,100,400,4.0,0.05,0.9,190,cp,1.0,1.0,1.0,0.0,1.0,0.0,1.0,0.00040414777823778004,0.0044288204922998675,0.10657345748654518,0.21780307577960167
separated,100,400,4.0,0.05,0.9,190,dkw,1.0,1.0,1.0,0.0,0.96,0.0,1.0,7.396412226257975e-05,0.0013879055895357206,0.19197459840181755,0.39453192940991033
separated,100,400,4.0,0.05,0.9,191,cp,1.0,1.0,1.0,0.0,1.0,0.0,1.0,0.0017352316959861902,0.015429447841863064,0.08833104531719466,0.21780307577960167
separated,100,400,4.0,0.05,0.9,191,dkw,1.0,1.0,1.0,0.0,0.96,0.0,1.0,0.007943851120232166,0.06310094808799416,0.17613691495909564,0.39453192940991033
separated,100,400,4.0,0.05,0.9,192,cp,1.0,1.0,1.0,0.0,1.0,0.0,1.0,0.00010894388902879637,0.0013879055895357206,0.111615179010002,0.275857744006045
separated,100,400,4.0,0.05,0.9,192,dkw,1.0,1.0,1.0,0.0,0.92,0.0,1.0,5.5516223581428824e-05,0.0013879055895357206,0.19060334633161471,0.4012842795980738
separated,100,400,4.0,0.05,0.9,193,cp,1.0,1.0,1.0,0.0,1.0,0.0,1.0,0.00036819937398224756,0.004857707356216601,0.11808632479131992,0.2779259872229288
separated,100,400,4.0,0.05,0.9,193,dkw,1.0,1.0,1.0,0.0,0.92,0.0,1.0,0.0017352316959861902,0.015429447841863064,0.19301785803198981,0.4027536710328684
separated,100,400,4.0,0.05,0.9,194,cp,1.0,1.0,1.0,0.0,1.0,0.0,1.0,0.0021397782258878273,0.018947016236178005,0.10940234952915329,0.2244374911727508
separated,100,400,4.0,0.05,0.9,194,dkw,1.0,1.0,1.0,0.0,0.92,0.0,1.0,0.0037538791682131256,0.029280424459179888,0.19112680033839283,0.39921566403372344
separated,100,400,4.0,0.05,0.9,195,cp,1.0,1.0,1.0,0.0,1.0,0.0,1.0,0.0016797154724047614,0.015429447841863064,0.10141449749478149,0.2540917642442717
separated,100,400,4.0,0.05,0.9,195,dkw,1.0,1.0,1.0,0.0,0.92,0.0,1.0,0.0054198131967124,0.04164835071248185,0.18196621452304554,0.39810455879591045
separated,100,400,4.0,0.05,0.9,196,cp,1.0,1.0,1.0,0.0,1.0,0.0,1.0,0.0006361919641535207,0.005801104647893518,0.09189339710824523,0.23357702896423926
separated,100,400,4.0,0.05,0.9,196,dkw,1.0,1.0,1.0,0.0,0.96,0.0,1.0,0.00022699495854578534,0.002951276737924724,0.17853438501923058,0.3902949644340614
separated,100,400,4.0,0.05,0.9,197,cp,1.0,1.0,1.0,0.0,1.0,0.0,1.0,0.0006361919641535207,0.005801104647893518,0.09879952435286093,0.21273867348576703
separated,100,400,4.0,0.05,0.9,197,dkw,1.0,1.0,1.0,0.0,0.96,0.0,1.0,5.5516223581428824e-05,0.0013879055895357206,0.18600606505279174,0.39143534067084695
separated,100,400,4.0,0.05,0.9,198,cp,1.0,1.0,1.0,0.0,1.0,0.0,1.0,0.0023313480655831587,0.02026610653549954,0.12263519548160996,0.2283772416306673
separated,100,400,4.0,0.05,0.9,198,dkw,1.0,1.0,1.0,0.0,0.96,0.0,1.0,0.0011180537823116676,0.011086578425139715,0.20515622201444692,0.4023643707948683
separated,100,400,4.0,0.05,0.9,199,cp,1.0,1.0,1.0,0.0,1.0,0.0,1.0,0.0006745906453060791,0.007659781783095787,0.09857289384997467,0.2419908441970281
separated,100,400,4.0,0.05,0.9,199,dkw,1.0,1.0,1.0,0.0,0.92,0.0,1.0,0.00258266218984593,0.021185762346493497,0.1815821692047109,0.3948237467143946
separated,100,400,4.0,0.05,0.9,200,cp,1.0,1.0,1.0,0.0,1.0,0.0,1.0,0.00010894388902879637,0.0013879055895357206,0.09980517496200969,0.23942125058081365
separated,100,400,4.0,0.05,0.9,200,dkw,1.0,1.0,1.0,0.0,0.92,0.0,1.0,7.396412226257975e-05,0.0013879055895357206,0.18360589872646593,0.39330926168672464
separated,100,400,4.0,0.05,0.9,201,cp,1.0,1.0,1.0,0.0,1.0,0.0,1.0,0.0009199384301591218,0.007093661650140026,0.07856549665266863,0.20002735964657314
separated,100,400,4.0,0.05,0.9,201,dkw,1.0,1.0,1.0,0.0,0.92,0.0,1.0,0.0009199384301591218,0.007093661650140026,0.1731507022072452,0.3853033688266053
separated,100,400,4.0,0.05,0.9,202,cp,1.0,1.0,1.0,0.0,1.0,0.0,1.0,0.0006921914800200968,0.01730478700050242,0.10929871844728285,0.25179407189859626
separated,100,400,4.0,0.05,0.9,202,dkw,1.0,1.0,1.0,0.0,0.92,0.0,1.0,7.396412226257975e-05,0.0013879055895357206,0.18808593993309913,0.3998194556853606
separated,100,400,4.0,0.05,0.9,203,cp,1.0,1.0,1.0,0.0,1.0,0.0,1.0,0.0017352316959861902,0.015429447841863064,0.10059083526354419,0.2644850166788323
separated,100,400,4.0,0.05,0.9,203,dkw,1.0,1.0,1.0,0.0,0.92,0.0,1.0,0.0037538791682131256,0.029280424459179888,0.1824459350022681,0.39959853826367286
separated,100,400,4.0,0.05,0.9,204,cp,1.0,1.0,1.0,0.0,1.0,0.0,1.0,0.0009199384301591218,0.007093661650140026,0.10085051435895098,0.25438644441211855
separated,100,400,4.0,0.05,0.9,204,dkw,1.0,1.0,1.0,0.0,0.96,0.0,1.0,0.00022699495854578534,0.002951276737924724,0.18209630445695793,0.39365097148598027
separated,100,400,4.0,0.05,0.9,205,cp,1.0,1.0,1.0,0.0,1.0,0.0,1.0,0.005634196411359573,0.024674535038923584,0.11646764726094883,0.24795248784934099
separated,100,400,4.0,0.05,0.9,205,dkw,1.0,1.0,1.0,0.0,0.96,0.0,1.0,0.001520703804163177,0.018947016236178005,0.1988355128217673,0.3993968458906558
separated,100,400,4.0,0.05,0.9,206,cp,1.0,1.0,1.0,0.0,1.0,0.0,1.0,0.0025339843871069467,0.011826492193703464,0.11036831787800405,0.25987498319531566
separated,100,400,4.0,0.05,0.9,206,dkw,1.0,1.0,1.0,0.0,0.92,0.0,1.0,0.0020609246993588083,0.010680076484131606,0.18971578196932248,0.39661532010390965
separated,100,400,4.0,0.05,0.9,207,cp,0.0,1.0,1.0,0.0,1.0,0.0,1.0,0.00017389107973358352,0.0024981739367750944,0.1084029303807164,0.2487167759955815
separated,100,400,4.0,0.05,0.9,207,dkw,0.0,1.0,1.0,0.0,0.96,0.0,1.0,0.0011180537823116676,0.011086578425139715,0.1906159117700249,0.3993968458906558
separated,100,400,4.0,0.05,0.9,208,cp,1.0,1.0,1.0,0.0,1.0,0.0,1.0,0.0060564884531510675,0.04164835071248185,0.0949783942700153,0.24578198462127188
separated,100,400,4.0,0.05,0.9,208,dkw,1.0,1.0,1.0,0.0,0.96,0.0,1.0,0.012314013295710998,0.1106419599765065,0.17841541161213353,0.39891700301796496
separated,100,400,4.0,0.05,0.9,209,cp,1.0,1.0,1.0,0.0,1.0,0.0,1.0,0.0009199384301591218,0.007093661650140026,0.1050950070670158,0.2572639135013106
separated,100,400,4.0,0.05,0.9,209,dkw,1.0,1.0,1.0,0.0,0.96,0.0,1.0,0.00022699495854578534,0.002951276737924724,0.18515812932666628,0.3951307987589351
separated,100,400,4.0,0.05,0.9,210,cp,1.0,1.0,1.0,0.0,1.0,0.0,1.0,0.00010894388902879637,0.0013879055895357206,0.10346129762596995,0.25987498319531566
separated,100,400,4.0,0.05,0.9,210,dkw,1.0,1.0,1.0,0.0,0.92,0.0,1.0,7.396412226257975e-05,0.0013879055895357206,0.1852825455220102,0.39661532010390965
separated,100,400,4.0,0.05,0.9,211,cp,1.0,1.0,1.0,0.0,1.0,0.0,1.0,0.00036819937398224756,0.004857707356216601,0.11374674542554575,0.281625704349024
separated,100,400,4.0,0.05,0.9,211,dkw,1.0,1.0,1.0,0.0,0.92,0.0,1.0,0.0011180537823116676,0.011086578425139715,0.19331988866216337,0.4057062457043352
separated,100,400,4.0,0.05,0.9,212,cp,1.0,1.0,1.0,0.0,1.0,0.0,1.0,0.002502826800547515,0.02026610653549954,0.10566210207040137,0.21780307577960167
separated,100,400,4.0,0.05,0.9,212,dkw,1.0,1.0,1.0,0.0,0.92,0.0,1.0,0.00017389107973358352,0.0024981739367750944,0.1909374543048621,0.39453192940991033
separated,100,400,4.0,0.05,0.9,213,cp,1.0,1.0,1.0,0.0,1.0,0.0,1.0,0.00538858674547908,0.033323473387854796,0.10646325299390917,0.22644931664881318
separated,100,400,4.0,0.05,0.9,213,dkw,1.0,1.0,1.0,0.0,0.92,0.0,1.0,1.844789868115093e-05,0.0004611974670287733,0.1896300662619993,0.4007873774677916
separated,100,400,4.0,0.05,0.9,214,cp,1.0,1.0,1.0,0.0,1.0,0.0,1.0,0.00036819937398224756,0.004857707356216601,0.09101980554759502,0.23663375761711325
separated,100,400,4.0,0.05,0.9,214,dkw,1.0,1.0,1.0,0.0,0.96,0.0,1.0,0.0011180537823116676,0.011086578425139715,0.17746765050266539,0.391799675815094
separated,100,400,4.0,0.05,0.9,215,cp,1.0,1.0,1.0,0.0,1.0,0.0,1.0,0.0017352316959861902,0.015429447841863064,0.07975606355591974,0.21273867348576703
separated,100,400,4.0,0.05,0.9,215,dkw,1.0,1.0,1.0,0.0,0.92,0.0,1.0,0.0054198131967124,0.04164835071248185,0.17241300520726802,0.39143534067084695
separated,100,400,4.0,0.05,0.9,216,cp,1.0,1.0,1.0,0.0,1.0,0.0,1.0,0.0035460408237155904,0.021651530086902016,0.1017041500165562,0.23942125058081365
separated,100,400,4.0,0.05,0.9,216,dkw,1.0,1.0,1.0,0.0,0.96,0.0,1.0,5.5516223581428824e-05,0.0013879055895357206,0.1851640793381939,0.39330926168672464
separated,100,400,4.0,0.05,0.9,217,cp,1.0,1.0,1.0,0.0,1.0,0.0,1.0,0.00258266218984593,0.021185762346493497,0.09515107478111236,0.25987498319531566
separated,100,400,4.0,0.05,0.9,217,dkw,1.0,1.0,1.0,0.0,0.92,0.0,1.0,0.0054198131967124,0.04164835071248185,0.17830153263264528,0.39661532010390965
separated,100,400,4.0,0.05,0.9,218,cp,1.0,1.0,1.0,0.0,1.0,0.0,1.0,0.012314013295710998,0.1106419599765065,0.0763014871765427,0.22193205525059834
separated,100,400,4.0,0.05,0.9,218,dkw,1.0,1.0,1.0,0.0,0.96,0.0,1.0,0.012314013295710998,0.1106419599765065,0.16937586117011072,0.38580983304522287
separated,100,400,4.0,0.05,0.9,219,cp,1.0,1.0,1.0,0.0,1.0,0.0,1.0,0.0009199384301591218,0.007093661650140026,0.0914739386640099,0.23357702896423926
separated,100,400,4.0,0.05,0.9,219,dkw,1.0,1.0,1.0,0.0,0.96,0.0,1.0,0.0012530151577916193,0.008326918190812438,0.17905691221024359,0.3902949644340614
separated,100,400,4.0,0.05,0.9,220,cp,1.0,1.0,1.0,0.0,1.0,0.0,1.0,0.0012530151577916193,0.008326918190812438,0.10446243127928483,0.2572639135013106
separated,100,400,4.0,0.05,0.9,220,dkw,1.0,1.0,1.0,0.0,0.96,0.0,1.0,0.0009199384301591218,0.007093661650140026,0.18513318206213625,0.3951307987589351
separated,100,400,4.0,0.05,0.9,221,cp,1.0,1.0,1.0,0.0,1.0,0.0,1.0,0.0001714787349643565,0.002951276737924724,0.10507062002854191,0.2377262770062719
separated,100,400,4.0,0.05,0.9,221,dkw,1.0,1.0,1.0,0.0,0.92,0.0,1.0,7.396412226257975e-05,0.0013879055895357206,0.18733063519599832,0.3948237467143946
separated,100,400,4.0,0.05,0.9,222,cp,1.0,1.0,1.0,0.0,1.0,0.0,1.0,0.00040414777823778004,0.0044288204922998675,0.10327959767990386,0.21534767068662208
separated,100,400,4.0,0.05,0.9,222,dkw,1.0,1.0,1.0,0.0,0.96,0.0,1.0,0.00017389107973358352,0.0024981739367750944,0.18881799723842596,0.3929810628101621
separated,100,400,4.0,0.05,0.9,223,cp,1.0,1.0,1.0,0.0,1.0,0.0,1.0,0.0010048746304209156,0.01730478700050242,0.11642491821924023,0.2553628991852306
separated,100,400,4.0,0.05,0.9,223,dkw,1.0,1.0,1.0,0.0,0.92,0.0,1.0,0.0017352316959861902,0.015429447841863064,0.19329419783483515,0.404227652262488
separated,100,400,4.0,0.05,0.9,224,cp,1.0,1.0,1.0,0.0,1.0,0.0,1.0,0.0017352316959861902,0.015429447841863064,0.09626886590311522,0.246614566135815
separated,100,400,4.0,0.05,0.9,224,dkw,1.0,1.0,1.0,0.0,0.92,0.0,1.0,0.0054198131967124,0.04164835071248185,0.1804074908018319,0.3978675137324098
separated,100,400,4.0,0.05,0.9,225,cp,1.0,1.0,1.0,0.0,1.0,0.0,1.0,0.0006190744217246503,0.007659781783095787,0.0995483704526701,0.24236530003034185
separated,100,400,4.0,0.05,0.9,225,dkw,1.0,1.0,1.0,0.0,0.92,0.0,1.0,0.00258266218984593,0.021185762346493497,0.18396756559792293,0.3978675137324098
separated,100,400,4.0,0.05,0.9,226,cp,1.0,1.0,1.0,0.0,1.0,0.0,1.0,0.00022699495854578534,0.002951276737924724,0.09494537034639604,0.23663375761711325
separated,100,400,4.0,0.05,0.9,226,dkw,1.0,1.0,1.0,0.0,0.92,0.0,1.0,0.00010894388902879637,0.0013879055895357206,0.18082791701316003,0.391799675815094
separated,100,400,4.0,0.05,0.9,227,cp,1.0,1.0,1.0,0.0,1.0,0.0,1.0,0.00036819937398224756,0.004857707356216601,0.08794653487664363,0.23357702896423926
separated,100,400,4.0,0.05,0.9,227,dkw,1.0,1.0,1.0,0.0,0.92,0.0,1.0,0.0011180537823116676,0.011086578425139715,0.17544721329214513,0.3902949644340614
separated,100,400,4.0,0.05,0.9,228,cp,1.0,1.0,1.0,0.0,1.0,0.0,1.0,0.0055941451810979535,0.0176826732783657,0.08945803468143451,0.23017833544748645
separated,100,400,4.0,0.05,0.9,228,dkw,1.0,1.0,1.0,0.0,0.96,0.0,1.0,0.0055941451810979535,0.0176826732783657,0.1767625885408749,0.3887951030430741
separated,100,400,4.0,0.05,0.9,229,cp,1.0,1.0,1.0,0.0,1.0,0.0,1.0,0.0011180537823116676,0.011086578425139715,0.10522813304443518,0.26847635085415855
separated,100,400,4.0,0.05,0.9,229,dkw,1.0,1.0,1.0,0.0,0.92,0.0,1.0,0.0037538791682131256,0.029280424459179888,0.18650058972418995,0.4026008140177082
separated,100,400,4.0,0.05,0.9,230,cp,1.0,1.0,1.0,0.0,1.0,0.0,1.0,0.006181220463061861,0.026343391750294987,0.11071639541389967,0.2644850166788323
separated,100,400,4.0,0.05,0.9,230,dkw,1.0,1.0,1.0,0.0,0.96,0.0,1.0,0.0021397782258878273,0.018947016236178005,0.1903872769938699,0.39959853826367286
separated,100,400,4.0,0.05,0.9,231,cp,1.0,1.0,1.0,0.0,1.0,0.0,1.0,0.0008105663361722515,0.01730478700050242,0.10188921049752996,0.2354554225365315
separated,100,400,4.0,0.05,0.9,231,dkw,1.0,1.0,1.0,0.0,0.96,0.0,1.0,0.0011180537823116676,0.011086578425139715,0.18692698830710697,0.3978675137324098
separated,100,400,4.0,0.05,0.9,232,cp,1.0,1.0,1.0,0.0,1.0,0.0,1.0,0.0016797154724047614,0.015429447841863064,0.10340529615408832,0.2675503040125322
separated,100,400,4.0,0.05,0.9,232,dkw,1.0,1.0,1.0,0.0,0.92,0.0,1.0,0.0054198131967124,0.04164835071248185,0.18468455222783808,0.4026008140177082
separated,100,400,4.0,0.05,0.9,233,cp,1.0,1.0,1.0,0.0,1.0,0.0,1.0,0.000725754829815779,0.0176826732783657,0.11207814647263808,0.2598180228265774
separated,100,400,4.0,0.05,0.9,233,dkw,1.0,1.0,1.0,0.0,0.92,0.0,1.0,0.0006745906453060791,0.007659781783095787,0.19047486154338955,0.39959853826367286
separated,100,400,4.0,0.05,0.9,234,cp,1.0,1.0,1.0,0.0,1.0,0.0,1.0,0.0006745906453060791,0.007659781783095787,0.09857289384997467,0.2419908441970281
separated,100,400,4.0,0.05,0.9,234,dkw,1.0,1.0,1.0,0.0,0.92,0.0,1.0,0.00258266218984593,0.021185762346493497,0.1815821692047109,0.3948237467143946
separated,100,400,4.0,0.05,0.9,235,cp,1.0,1.0,1.0,0.0,1.0,0.0,1.0,0.004487256997984818,0.028451339216919225,0.11575230846680931,0.2369671996698557
separated,100,400,4.0,0.05,0.9,235,dkw,1.0,1.0,1.0,0.0,0.92,0.0,1.0,0.0037538791682131256,0.029280424459179888,0.194204619832966,0.41027463835293787
separated,100,400,4.0,0.05,0.9,236,cp,1.0,1.0,1.0,0.0,1.0,0.0,1.0,0.0014651875805817482,0.018947016236178005,0.12362439028816155,0.2768115324102446
separated,100,400,4.0,0.05,0.9,236,dkw,1.0,1.0,1.0,0.0,0.96,0.0,1.0,0.00017389107973358352,0.0024981739367750944,0.19771079056847404,0.4058145127565931
separated,100,400,4.0,0.05,0.9,237,cp,1.0,1.0,1.0,0.0,1.0,0.0,1.0,0.0006361919641535207,0.005801104647893518,0.09591297775802314,0.23663375761711325
separated,100,400,4.0,0.05,0.9,237,dkw,1.0,1.0,1.0,0.0,0.96,0.0,1.0,0.00022699495854578534,0.002951276737924724,0.18160085638448506,0.391799675815094
separated,100,400,4.0,0.05,0.9,238,cp,1.0,1.0,1.0,0.0,1.0,0.0,1.0,0.00017389107973358352,0.0024981739367750944,0.09444501165449967,0.23663375761711325
separated,100,400,4.0,0.05,0.9,238,dkw,1.0,1.0,1.0,0.0,0.96,0.0,1.0,0.0011180537823116676,0.011086578425139715,0.17913335389538554,0.391799675815094
separated,100,400,4.0,0.05,0.9,239,cp,1.0,1.0,1.0,0.0,1.0,0.0,1.0,5.5516223581428824e-05,0.0013879055895357206,0.08711952158225333,0.23357702896423926
separated,100,400,4.0,0.05,0.9,239,dkw,1.0,1.0,1.0,0.0,0.92,0.0,1.0,7.396412226257975e-05,0.0013879055895357206,0.1762174447985064,0.3902949644340614
separated,100,400,4.0,0.05,0.9,240,cp,1.0,1.0,1.0,0.0,1.0,0.0,1.0,0.002732025515633527,0.02443241192207979,0.11192688002047657,0.2463189755248818
separated,100,400,4.0,0.05,0.9,240,dkw,1.0,1.0,1.0,0.0,0.92,0.0,1.0,0.0037538791682131256,0.029280424459179888,0.18970966378118306,0.4027536710328684
separated,100,400,4.0,0.05,0.9,241,cp,1.0,1.0,1.0,0.0,1.0,0.0,1.0,5.5516223581428824e-05,0.0013879055895357206,0.095229172312127,0.21064310105222195
separated,100,400,4.0,0.05,0.9,241,dkw,1.0,1.0,1.0,0.0,0.92,0.0,1.0,0.0011180537823116676,0.011086578425139715,0.18226783140533967,0.3898947364616008
separated,100,400,4.0,0.05,0.9,242,cp,1.0,1.0,1.0,0.0,1.0,0.0,1.0,0.00258266218984593,0.021185762346493497,0.10327134643144475,0.22562447504792482
separated,100,400,4.0,0.05,0.9,242,dkw,1.0,1.0,1.0,0.0,0.96,0.0,1.0,0.012314013295710998,0.1106419599765065,0.185007960201222,0.39690342205152007
separated,100,400,4.0,0.05,0.9,243,cp,1.0,1.0,1.0,0.0,1.0,0.0,1.0,0.00036819937398224756,0.004857707356216601,0.111443823841091,0.28418372870860775
separated,100,400,4.0,0.05,0.9,243,dkw,1.0,1.0,1.0,0.0,0.96,0.0,1.0,0.0006745906453060791,0.007659781783095787,0.18951514063913358,0.40436890743098697
separated,100,400,4.0,0.05,0.9,244,cp,1.0,1.0,1.0,0.0,1.0,0.0,1.0,0.0006745906453060791,0.007659781783095787,0.10613595292364436,0.275857744006045
separated,100,400,4.0,0.05,0.9,244,dkw,1.0,1.0,1.0,0.0,0.92,0.0,1.0,0.0017352316959861902,0.015429447841863064,0.18594015708362413,0.4012842795980738
separated,100,400,4.0,0.05,0.9,245,cp,1.0,1.0,1.0,0.0,1.0,0.0,1.0,0.0055941451810979535,0.0176826732783657,0.08985323648324962,0.24752087550225
separated,100,400,4.0,0.05,0.9,245,dkw,1.0,1.0,1.0,0.0,0.92,0.0,1.0,0.0055941451810979535,0.0176826732783657,0.17534445285285472,0.3907053068172064
separated,100,400,4.0,0.05,0.9,246,cp,1.0,1.0,1.0,0.0,1.0,0.0,1.0,0.0003126831504008187,0.004857707356216601,0.10740806137961552,0.2620325762003909
separated,100,400,4.0,0.05,0.9,246,dkw,1.0,1.0,1.0,0.0,0.92,0.0,1.0,0.0011180537823116676,0.011086578425139715,0.18913826805293568,0.4010972820909321
separated,100,400,4.0,0.05,0.9,247,cp,1.0,1.0,1.0,0.0,1.0,0.0,1.0,7.396412226257975e-05,0.0013879055895357206,0.08845594307887358,0.20994810673791875
separated,100,400,4.0,0.05,0.9,247,dkw,1.0,1.0,1.0,0.0,0.92,0.0,1.0,0.0006745906453060791,0.007659781783095787,0.178574445877069,0.3898947364616008
separated,100,400,4.0,0.05,0.9,248,cp,1.0,1.0,1.0,0.0,1.0,0.0,1.0,0.0006745906453060791,0.007659781783095787,0.09861115471423929,0.2201261117999207
separated,100,400,4.0,0.05,0.9,248,dkw,1.0,1.0,1.0,0.0,0.92,0.0,1.0,0.0037538791682131256,0.029280424459179888,0.18371602650948693,0.396087967183709
separated,100,400,4.0,0.05,0.9,249,cp,1.0,1.0,1.0,0.0,1.0,0.0,1.0,0.0020609246993588083,0.010680076484131606,0.0949703108866086,0.20994810673791875
separated,100,400,4.0,0.05,0.9,249,dkw,1.0,1.0,1.0,0.0,0.96,0.0,1.0,0.0009199384301591218,0.007093661650140026,0.1842287071885071,0.3898947364616008
separated,100,400,4.0,0.05,0.9,250,cp,1.0,1.0,1.0,0.0,1.0,0.0,1.0,5.342766544736755e-05,0.0013356916361841886,0.11934069166868584,0.26415649476170566
separated,100,400,4.0,0.05,0.9,250,dkw,1.0,1.0,1.0,0.0,0.96,0.0,1.0,7.396412226257975e-05,0.0013879055895357206,0.1979959823402285,0.4026008140177082
separated,100,400,4.0,0.05,0.9,251,cp,1.0,1.0,1.0,0.0,1.0,0.0,1.0,0.0001714787349643565,0.002951276737924724,0.10592508200465957,0.24478985465099323
separated,100,400,4.0,0.05,0.9,251,dkw,1.0,1.0,1.0,0.0,0.92,0.0,1.0,0.00010894388902879637,0.0013879055895357206,0.18679434635772943,0.39661532010390965
separated,100,400,4.0,0.05,0.9,252,cp,1.0,1.0,1.0,0.0,1.0,0.0,1.0,0.0006361919641535207,0.005801104647893518,0.10790210308949062,0.27114976655200673
separated,100,400,4.0,0.05,0.9,252,dkw,1.0,1.0,1.0,0.0,0.92,0.0,1.0,0.0006361919641535207,0.005801104647893518,0.1867424816390923,0.3983591771654793
separated,100,400,4.0,0.05,0.9,253,cp,1.0,1.0,1.0,0.0,1.0,0.0,1.0,0.0017352316959861902,0.015429447841863064,0.08342377181508909,0.21780307577960167
separated,100,400,4.0,0.05,0.9,253,dkw,1.0,1.0,1.0,0.0,0.92,0.0,1.0,0.007943851120232166,0.06310094808799416,0.17465889845335064,0.39453192940991033
separated,100,400,4.0,0.05,0.9,254,cp,1.0,1.0,1.0,0.0,1.0,0.0,1.0,0.005538628957516525,0.0176826732783657,0.11578830949928914,0.2620056697686034
separated,100,400,4.0,0.05,0.9,254,dkw,1.0,1.0,1.0,0.0,0.96,0.0,1.0,0.0055941451810979535,0.0176826732783657,0.19249200502117955,0.3998194556853606
separated,100,400,4.0,0.05,0.9,255,cp,1.0,1.0,1.0,0.0,1.0,0.0,1.0,0.0011974989342101905,0.008326918190812438,0.09343576557993927,0.23641921873983007
separated,100,400,4.0,0.05,0.9,255,dkw,1.0,1.0,1.0,0.0,0.92,0.0,1.0,0.0025339843871069467,0.011826492193703464,0.17854981523600866,0.39217581516250866
separated,100,400,4.0,0.05,0.9,256,cp,1.0,1.0,1.0,0.0,1.0,0.0,1.0,0.0011180537823116676,0.011086578425139715,0.0866501496207104,0.21273867348576703
separated,100,400,4.0,0.05,0.9,256,dkw,1.0,1.0,1.0,0.0,0.92,0.0,1.0,0.0054198131967124,0.04164835071248185,0.17591715666577637,0.39143534067084695
separated,100,400,4.0,0.05,0.9,257,cp,1.0,1.0,1.0,0.0,1.0,0.0,1.0,0.0037538791682131256,0.029280424459179888,0.09197210386290224,0.27114976655200673
separated,100,400,4.0,0.05,0.9,257,dkw,1.0,1.0,1.0,0.0,0.96,0.0,1.0,0.0054198131967124,0.04164835071248185,0.17688388618921327,0.3983591771654793
separated,100,400,4.0,0.05,0.9,258,cp,1.0,1.0,1.0,0.0,1.0,0.0,1.0,0.00017389107973358352,0.0024981739367750944,0.10015143958198003,0.2419908441970281
separated,100,400,4.0,0.05,0.9,258,dkw,1.0,1.0,1.0,0.0,0.92,0.0,1.0,0.0017352316959861902,0.015429447841863064,0.18317195118810756,0.3948237467143946
separated,100,400,4.0,0.05,0.9,259,cp,1.0,1.0,1.0,0.0,1.0,0.0,1.0,0.00022699495854578534,0.002951276737924724,0.0908455253968464,0.23357702896423926
separated,100,400,4.0,0.05,0.9,259,dkw,1.0,1.0,1.0,0.0,0.92,0.0,1.0,5.5516223581428824e-05,0.0013879055895357206,0.1777393174431049,0.3902949644340614
separated,100,400,4.0,0.05,0.9,260,cp,1.0,1.0,1.0,0.0,1.0,0.0,1.0,7.396412226257975e-05,0.0013879055895357206,0.10389910076910158,0.24437950287971733
separated,100,400,4.0,0.05,0.9,260,dkw,1.0,1.0,1.0,0.0,0.96,0.0,1.0,0.0006745906453060791,0.007659781783095787,0.1865673303395966,0.3963431557298227
separated,100,400,4.0,0.05,0.9,261,cp,1.0,1.0,1.0,0.0,1.0,0.0,1.0,0.006726330762523931,0.026343391750294987,0.12309509781539414,0.269713823349332
separated,100,400,4.0,0.05,0.9,261,dkw,1.0,1.0,1.0,0.0,0.88,0.0,1.0,0.006029711010214855,0.029280424459179888,0.1989498237278309,0.40718947392164795
separated,100,400,4.0,0.05,0.9,262,cp,1.0,1.0,1.0,0.0,1.0,0.0,1.0,7.396412226257975e-05,0.0013879055895357206,0.09928926047280498,0.21534767068662208
separated,100,400,4.0,0.05,0.9,262,dkw,1.0,1.0,1.0,0.0,0.96,0.0,1.0,0.0017352316959861902,0.015429447841863064,0.18462647484149153,0.3929810628101621
separated,100,400,4.0,0.05,0.9,263,cp,1.0,1.0,1.0,0.0,1.0,0.0,1.0,0.0009199384301591218,0.007093661650140026,0.08135549938777631,0.22633669221300134
separated,100,400,4.0,0.05,0.9,263,dkw,1.0,1.0,1.0,0.0,0.96,0.0,1.0,0.0012530151577916193,0.008326918190812438,0.17235923788010715,0.38730006730509126
separated,100,400,4.0,0.05,0.9,264,cp,1.0,1.0,1.0,0.0,1.0,0.0,1.0,0.0017352316959861902,0.015429447841863064,0.08342377181508909,0.21780307577960167
separated,100,400,4.0,0.05,0.9,264,dkw,1.0,1.0,1.0,0.0,0.96,0.0,1.0,0.007943851120232166,0.06310094808799416,0.17465889845335064,0.39453192940991033
separated,100,400,4.0,0.05,0.9,265,cp,0.0,1.0,1.0,0.0,1.0,0.0,1.0,0.0012530151577916193,0.008326918190812438,0.11323775824949851,0.24437950287971733
separated,100,400,4.0,0.05,0.9,265,dkw,1.0,1.0,1.0,0.0,0.92,0.0,1.0,0.00022699495854578534,0.002951276737924724,0.19418573016705412,0.3963431557298227
separated,100,400,4.0,0.05,0.9,266,cp,1.0,1.0,1.0,0.0,1.0,0.0,1.0,0.0011180537823116676,0.011086578425139715,0.08741860186896781,0.23942125058081365
separated,100,400,4.0,0.05,0.9,266,dkw,1.0,1.0,1.0,0.0,0.96,0.0,1.0,0.00258266218984593,0.021185762346493497,0.17627317286921634,0.39330926168672464
separated,100,400,4.0,0.05,0.9,267,cp,1.0,1.0,1.0,0.0,1.0,0.0,1.0,0.013289434022049944,0.04164835071248185,0.12273440829347118,0.26351882705555896
separated,100,400,4.0,0.05,0.9,267,dkw,1.0,1.0,1.0,0.0,0.92,0.0,1.0,0.01842126963651028,0.1106419599765065,0.1978633714225495,0.40887844720542565
separated,100,400,4.0,0.05,0.9,268,cp,1.0,1.0,1.0,0.0,1.0,0.0,1.0,0.0055941451810979535,0.0176826732783657,0.08945803468143451,0.23017833544748645
separated,100,400,4.0,0.05,0.9,268,dkw,1.0,1.0,1.0,0.0,0.96,0.0,1.0,0.004886838249963325,0.016462435358671312,0.1767569285285228,0.3887951030430741
separated,100,400,4.0,0.05,0.9,269,cp,1.0,1.0,1.0,0.0,1.0,0.0,1.0,0.00010894388902879637,0.0013879055895357206,0.09821973346874056,0.21534767068662208
separated,100,400,4.0,0.05,0.9,269,dkw,1.0,1.0,1.0,0.0,0.96,0.0,1.0,0.00036819937398224756,0.004857707356216601,0.1855466638945822,0.3929810628101621
separated,100,400,4.0,0.05,0.9,270,cp,1.0,1.0,1.0,0.0,1.0,0.0,1.0,0.0022885623786279385,0.02443241192207979,0.10752239295836521,0.23582049090434332
separated,100,400,4.0,0.05,0.9,270,dkw,1.0,1.0,1.0,0.0,0.92,0.0,1.0,0.0037538791682131256,0.029280424459179888,0.18750828375968825,0.39959853826367286
separated,100,400,4.0,0.05,0.9,271,cp,1.0,1.0,1.0,0.0,1.0,0.0,1.0,0.001633721639993544,0.009517662055048115,0.09342251957923432,0.23357702896423926
separated,100,400,4.0,0.05,0.9,271,dkw,1.0,1.0,1.0,0.0,0.92,0.0,1.0,0.001633721639993544,0.009517662055048115,0.17962521416247518,0.3902949644340614
separated,100,400,4.0,0.05,0.9,272,cp,1.0,1.0,1.0,0.0,1.0,0.0,1.0,0.0055941451810979535,0.0176826732783657,0.08676262271705218,0.2036561162056414
separated,100,400,4.0,0.05,0.9,272,dkw,1.0,1.0,1.0,0.0,0.96,0.0,1.0,0.0055941451810979535,0.0176826732783657,0.1781928933996619,0.38682877661873005
separated,100,400,4.0,0.05,0.9,273,cp,1.0,1.0,1.0,0.0,1.0,0.0,1.0,0.00036819937398224756,0.004857707356216601,0.09752451233872737,0.21780307577960167
separated,100,400,4.0,0.05,0.9,273,dkw,1.0,1.0,1.0,0.0,0.92,0.0,1.0,0.00258266218984593,0.021185762346493497,0.18339432232121194,0.39453192940991033
separated,100,400,4.0,0.05,0.9,274,cp,1.0,1.0,1.0,0.0,1.0,0.0,1.0,0.00036819937398224756,0.004857707356216601,0.09212154495499178,0.21273867348576703
separated,100,400,4.0,0.05,0.9,274,dkw,1.0,1.0,1.0,0.0,0.96,0.0,1.0,0.00258266218984593,0.021185762346493497,0.17932545641317893,0.39143534067084695
separated,100,400,4.0,0.05,0.9,275,cp,1.0,1.0,1.0,0.0,1.0,0.0,1.0,0.0017352316959861902,0.015429447841863064,0.09656472210241684,0.2419908441970281
separated,100,400,4.0,0.05,0.9,275,dkw,1.0,1.0,1.0,0.0,0.92,0.0,1.0,0.0054198131967124,0.04164835071248185,0.17973145034462285,0.3948237467143946
separated,100,400,4.0,0.05,0.9,276,cp,1.0,1.0,1.0,0.0,1.0,0.0,1.0,0.005334687491844558,0.028451339216919225,0.10137016781272885,0.23200828421118858
separated,100,400,4.0,0.05,0.9,276,dkw,1.0,1.0,1.0,0.0,0.96,0.0,1.0,0.005364296973130971,0.04164835071248185,0.18488813680995123,0.4055343079370485
separated,100,400,4.0,0.05,0.9,277,cp,1.0,1.0,1.0,0.0,1.0,0.0,1.0,0.0054198131967124,0.04164835071248185,0.10060232942332839,0.2511619396585948
separated,100,400,4.0,0.05,0.9,277,dkw,1.0,1.0,1.0,0.0,0.92,0.0,1.0,0.012314013295710998,0.1106419599765065,0.1812976358043035,0.39545216849777076
separated,100,400,4.0,0.05,0.9,278,cp,1.0,1.0,1.0,0.0,1.0,0.0,1.0,0.00010894388902879637,0.0013879055895357206,0.09980517496200969,0.23942125058081365
separated,100,400,4.0,0.05,0.9,278,dkw,1.0,1.0,1.0,0.0,0.96,0.0,1.0,7.396412226257975e-05,0.0013879055895357206,0.18360589872646593,0.39330926168672464
separated,100,400,4.0,0.05,0.9,279,cp,1.0,1.0,1.0,0.0,1.0,0.0,1.0,0.0055941451810979535,0.0176826732783657,0.08124245627528387,0.20002735964657314
separated,100,400,4.0,0.05,0.9,279,dkw,1.0,1.0,1.0,0.0,0.96,0.0,1.0,0.0055941451810979535,0.0176826732783657,0.17446126718985536,0.3853033688266053
separated,100,400,4.0,0.05,0.9,280,cp,1.0,1.0,1.0,0.0,1.0,0.0,1.0,0.0007106393787012478,0.01730478700050242,0.10894078858877951,0.25023827034114476
separated,100,400,4.0,0.05,0.9,280,dkw,1.0,1.0,1.0,0.0,0.92,0.0,1.0,0.00036819937398224756,0.004857707356216601,0.18713606882672656,0.4014908864230341
separated,100,400,4.0,0.05,0.9,281,cp,1.0,1.0,1.0,0.0,1.0,0.0,1.0,0.0011180537823116676,0.011086578425139715,0.10189072416150038,0.2244374911727508
separated,100,400,4.0,0.05,0.9,281,dkw,1.0,1.0,1.0,0.0,0.96,0.0,1.0,0.0054198131967124,0.04164835071248185,0.18601936473701539,0.39921566403372344
separated,100,400,4.0,0.05,0.9,282,cp,1.0,1.0,1.0,0.0,1.0,0.0,1.0,0.005184593051542206,0.02311615559381819,0.12543840879654813,0.2779589196901968
separated,100,400,4.0,0.05,0.9,282,dkw,1.0,1.0,1.0,0.0,0.92,0.0,1.0,0.0054198131967124,0.04164835071248185,0.20179556623979789,0.4117239051307313
separated,100,400,4.0,0.05,0.9,283,cp,1.0,1.0,1.0,0.0,1.0,0.0,1.0,0.003219337446284598,0.021185762346493497,0.11666673327458421,0.27261447685417006
separated,100,400,4.0,0.05,0.9,283,dkw,1.0,1.0,1.0,0.0,0.92,0.0,1.0,0.007943851120232166,0.06310094808799416,0.19484694261434649,0.41326163187822207
separated,100,400,4.0,0.05,0.9,284,cp,1.0,1.0,1.0,0.0,1.0,0.0,1.0,0.00334920342930805,0.02443241192207979,0.11350363659624467,0.2513176458068145
separated,100,400,4.0,0.05,0.9,284,dkw,1.0,1.0,1.0,0.0,0.96,0.0,1.0,0.0054198131967124,0.04164835071248185,0.1925437410882907,0.4086773596246881
separated,100,400,4.0,0.05,0.9,285,cp,1.0,1.0,1.0,0.0,1.0,0.0,1.0,0.0009199384301591218,0.007093661650140026,0.1179138320635468,0.275857744006045
separated,100,400,4.0,0.05,0.9,285,dkw,1.0,1.0,1.0,0.0,0.92,0.0,1.0,0.0006361919641535207,0.005801104647893518,0.1941880099179948,0.4012842795980738
separated,100,400,4.0,0.05,0.9,286,cp,1.0,1.0,1.0,0.0,1.0,0.0,1.0,0.00036819937398224756,0.004857707356216601,0.0768984873246826,0.22633669221300134
separated,100,400,4.0,0.05,0.9,286,dkw,1.0,1.0,1.0,0.0,0.96,0.0,1.0,0.0011180537823116676,0.011086578425139715,0.1697600078660716,0.38730006730509126
separated,100,400,4.0,0.05,0.9,287,cp,1.0,1.0,1.0,0.0,1.0,0.0,1.0,0.00036819937398224756,0.004857707356216601,0.08659759264189892,0.23663375761711325
separated,100,400,4.0,0.05,0.9,287,dkw,1.0,1.0,1.0,0.0,0.96,0.0,1.0,0.0011180537823116676,0.011086578425139715,0.1758181454330202,0.391799675815094
separated,100,400,4.0,0.05,0.9,288,cp,1.0,1.0,1.0,0.0,1.0,0.0,1.0,0.0031561730802364086,0.028451339216919225,0.1094166391449014,0.23460896135596054
separated,100,400,4.0,0.05,0.9,288,dkw,1.0,1.0,1.0,0.0,0.92,0.0,1.0,0.00022699495854578534,0.002951276737924724,0.18980362373035475,0.3998194556853606
separated,100,400,4.0,0.05,0.9,289,cp,1.0,1.0,1.0,0.0,1.0,0.0,1.0,0.001633721639993544,0.009517662055048115,0.09342251957923432,0.23357702896423926
separated,100,400,4.0,0.05,0.9,289,dkw,1.0,1.0,1.0,0.0,0.96,0.0,1.0,0.001633721639993544,0.009517662055048115,0.17962521416247518,0.3902949644340614
separated,100,400,4.0,0.05,0.9,290,cp,1.0,1.0,1.0,0.0,1.0,0.0,1.0,0.001040823034676448,0.01730478700050242,0.09558482280400195,0.23242314753146542
separated,100,400,4.0,0.05,0.9,290,dkw,1.0,1.0,1.0,0.0,0.96,0.0,1.0,0.0006361919641535207,0.005801104647893518,0.1808022163146331,0.39365097148598027
separated,100,400,4.0,0.05,0.9,291,cp,1.0,1.0,1.0,0.0,1.0,0.0,1.0,0.0011180537823116676,0.011086578425139715,0.08953044463520206,0.21534767068662208
separated,100,400,4.0,0.05,0.9,291,dkw,1.0,1.0,1.0,0.0,0.96,0.0,1.0,0.0037538791682131256,0.029280424459179888,0.17798359407663594,0.3929810628101621
separated,100,400,4.0,0.05,0.9,292,cp,1.0,1.0,1.0,0.0,1.0,0.0,1.0,0.0008105663361722515,0.01730478700050242,0.1123690624775272,0.2531438536005294
separated,100,400,4.0,0.05,0.9,292,dkw,1.0,1.0,1.0,0.0,0.92,0.0,1.0,0.0006745906453060791,0.007659781783095787,0.1910018337142629,0.4027536710328684
separated,100,400,4.0,0.05,0.9,293,cp,1.0,1.0,1.0,0.0,1.0,0.0,1.0,0.005538628957516525,0.0176826732783657,0.0947542433724519,0.2506695814648471
separated,100,400,4.0,0.05,0.9,293,dkw,1.0,1.0,1.0,0.0,0.96,0.0,1.0,0.0055941451810979535,0.0176826732783657,0.17760787549664628,0.39400539479858365
separated,100,400,4.0,0.05,0.9,294,cp,1.0,1.0,1.0,0.0,1.0,0.0,1.0,0.001982171107304107,0.02443241192207979,0.10536952410580071,0.24054564275315693
separated,100,400,4.0,0.05,0.9,294,dkw,1.0,1.0,1.0,0.0,0.96,0.0,1.0,0.0006745906453060791,0.007659781783095787,0.1873216435009418,0.4012842795980738
separated,100,400,4.0,0.05,0.9,295,cp,1.0,1.0,1.0,0.0,1.0,0.0,1.0,0.0003126831504008187,0.004857707356216601,0.10699803832085199,0.2576332971815807
separated,100,400,4.0,0.05,0.9,295,dkw,1.0,1.0,1.0,0.0,0.92,0.0,1.0,0.0006745906453060791,0.007659781783095787,0.1873216435009418,0.4012842795980738
separated,100,400,4.0,0.05,0.9,296,cp,1.0,1.0,1.0,0.0,1.0,0.0,1.0,0.005538628957516525,0.0176826732783657,0.10085006237698221,0.23940546652741945
separated,100,400,4.0,0.05,0.9,296,dkw,1.0,1.0,1.0,0.0,0.96,0.0,1.0,0.0055941451810979535,0.0176826732783657,0.18275847691813343,0.39365097148598027
separated,100,400,4.0,0.05,0.9,297,cp,1.0,1.0,1.0,0.0,1.0,0.0,1.0,0.002807541525580057,0.028451339216919225,0.10738658314425735,0.23460896135596054
separated,100,400,4.0,0.05,0.9,297,dkw,1.0,1.0,1.0,0.0,0.96,0.0,1.0,7.396412226257975e-05,0.0013879055895357206,0.18808593993309913,0.3998194556853606
separated,100,400,4.0,0.05,0.9,298,cp,1.0,1.0,1.0,0.0,1.0,0.0,1.0,0.00040414777823778004,0.0044288204922998675,0.08529313852519156,0.23017833544748645
separated,100,400,4.0,0.05,0.9,298,dkw,1.0,1.0,1.0,0.0,0.96,0.0,1.0,0.00040414777823778004,0.0044288204922998675,0.1748422353859892,0.3887951030430741
separated,100,400,4.0,0.05,0.9,299,cp,1.0,1.0,1.0,0.0,1.0,0.0,1.0,0.005364296973130971,0.04164835071248185,0.08807894288258866,0.2632171993169862
separated,100,400,4.0,0.05,0.9,299,dkw,1.0,1.0,1.0,0.0,0.96,0.0,1.0,0.012314013295710998,0.1106419599765065,0.17477857105515945,0.39752374445513117
crossing,100,400,4.0,0.05,0.0,0,cp,1.0,1.0,1.0,0.0,0.0,0.0,0.0,0.012216199691171537,0.045523681005445404,0.1988833463730095,0.22145080802081363
crossing,100,400,4.0,0.05,0.0,0,dkw,1.0,1.0,1.0,0.0,0.0,0.0,0.0,0.014002293141031493,0.08316548437573729,0.24155823889739061,0.28336916486668434
crossing,100,400,4.0,0.05,0.0,1,cp,1.0,1.0,1.0,0.0,0.0,0.0,0.0,0.017721248071759656,0.09683427142838308,0.18210706825144413,0.202510544207822
crossing,100,400,4.0,0.05,0.0,1,dkw,1.0,1.0,1.0,0.0,0.0,0.0,0.0,0.017035063665147492,0.09683427142838308,0.2151724497359692,0.23223375152487413
crossing,100,400,4.0,0.05,0.0,2,cp,1.0,1.0,1.0,0.0,0.0,0.0,0.0,0.01225391811995246,0.06948618691543856,0.18753676635675132,0.2170117953959162
crossing,100,400,4.0,0.05,0.0,2,dkw,1.0,1.0,1.0,0.0,0.0,0.0,0.0,0.01731765873245911,0.09683427142838308,0.22706512736421577,0.2726542272444721
crossing,100,400,4.0,0.05,0.0,3,cp,1.0,1.0,1.0,0.0,0.0,0.0,0.0,0.00604608062358043,0.045523681005445404,0.2039267953192943,0.23075925665322583
crossing,100,400,4.0,0.05,0.0,3,dkw,1.0,1.0,1.0,0.0,0.0,0.0,0.0,0.011934709352730855,0.06948618691543856,0.24723515758904926,0.2943913120238086
crossing,100,400,4.0,0.05,0.0,4,cp,1.0,1.0,1.0,0.0,0.0,0.0,0.0,0.015045460716957582,0.08316548437573729,0.1763409300532843,0.21696052930270515
crossing,100,400,4.0,0.05,0.0,4,dkw,1.0,1.0,1.0,0.0,0.0,0.0,0.0,0.01965483929600358,0.09683427142838308,0.21451556346414877,0.2533230933739037
crossing,100,400,4.0,0.05,0.0,5,cp,1.0,1.0,1.0,0.0,0.0,0.0,0.0,0.01046527478768675,0.06948618691543856,0.19269920976698487,0.2159135866937617
crossing,100,400,4.0,0.05,0.0,5,dkw,1.0,1.0,1.0,0.0,0.0,0.0,0.0,0.016915797779864912,0.09683427142838308,0.2250526161206451,0.2604003975928697
crossing,100,400,4.0,0.05,0.0,6,cp,1.0,1.0,1.0,0.0,0.0,0.0,0.0,0.00984401784992765,0.06948618691543856,0.20136767234437516,0.2357780297887634
crossing,100,400,4.0,0.05,0.0,6,dkw,1.0,1.0,1.0,0.0,0.0,0.0,0.0,0.008922839529973354,0.06948618691543856,0.2291204109704692,0.2487808136006434
crossing,100,400,4.0,0.05,0.0,7,cp,1.0,1.0,1.0,0.0,0.0,0.0,0.0,0.01164954120349721,0.06948618691543856,0.2006025605736862,0.22196238768005588
crossing,100,400,4.0,0.05,0.0,7,dkw,1.0,1.0,1.0,0.0,0.0,0.0,0.0,0.017120079707648964,0.09683427142838308,0.23269314998023538,0.2715768365874468
crossing,100,400,4.0,0.05,0.0,8,cp,1.0,1.0,1.0,0.0,0.0,0.0,0.0,0.01702899356464583,0.06948618691543856,0.20158172820019793,0.22869716588006733
crossing,100,400,4.0,0.05,0.0,8,dkw,1.0,1.0,1.0,0.0,0.0,0.0,0.0,0.019739180638680628,0.09683427142838308,0.23116916876408333,0.2618523792230967
crossing,100,400,4.0,0.05,0.0,9,cp,1.0,1.0,1.0,0.0,0.0,0.0,0.0,0.02231044562795117,0.05878190040811415,0.20787519700024873,0.23401580077597617
crossing,100,400,4.0,0.05,0.0,9,dkw,1.0,1.0,1.0,0.0,0.0,0.0,0.0,0.031125859384929178,0.06948618691543856,0.23031069426656017,0.2514317813058101
crossing,100,400,4.0,0.05,0.0,10,cp,1.0,1.0,1.0,0.0,0.0,0.0,0.0,0.019433048125859574,0.09683427142838308,0.19145628142509083,0.2280434682083503
crossing,100,400,4.0,0.05,0.0,10,dkw,1.0,1.0,1.0,0.0,0.0,0.0,0.0,0.02204961840282392,0.09683427142838308,0.2114353473476835,0.24428065737095095
crossing,100,400,4.0,0.05,0.0,11,cp,1.0,1.0,1.0,0.0,0.0,0.0,0.0,0.01824557569697365,0.09683427142838308,0.17074207119519064,0.19939679317962422
crossing,100,400,4.0,0.05,0.0,11,dkw,1.0,1.0,1.0,0.0,0.0,0.0,0.0,0.01448612708494394,0.08316548437573729,0.19723838143391886,0.21746839282290154
crossing,100,400,4.0,0.05,0.0,12,cp,1.0,1.0,1.0,0.0,0.0,0.0,0.0,0.01731765873245911,0.09683427142838308,0.18106328229431232,0.20192359918321734
crossing,100,400,4.0,0.05,0.0,12,dkw,1.0,1.0,1.0,0.0,0.0,0.0,0.0,0.01683382478854666,0.09683427142838308,0.2197588757101465,0.23781168321475266
crossing,100,400,4.0,0.05,0.0,13,cp,1.0,1.0,1.0,0.0,0.0,0.0,0.0,0.006077950623278783,0.05878190040811415,0.1974008180106307,0.22167692546719764
crossing,100,400,4.0,0.05,0.0,13,dkw,1.0,1.0,1.0,0.0,0.0,0.0,0.0,0.012510701128602966,0.08316548437573729,0.23790494225222417,0.26736024003036357
crossing,100,400,4.0,0.05,0.0,14,cp,1.0,1.0,1.0,0.0,0.0,0.0,0.0,0.013692598582408544,0.08316548437573729,0.19827940697782234,0.23347682810536824
crossing,100,400,4.0,0.05,0.0,14,dkw,1.0,1.0,1.0,0.0,0.0,0.0,0.0,0.016382987276363198,0.09683427142838308,0.22923006103551954,0.24584337075156393
crossing,100,400,4.0,0.05,0.0,15,cp,1.0,1.0,1.0,0.0,0.0,0.0,0.0,0.017720461109157114,0.09683427142838308,0.18689518299590877,0.2180920772950677
crossing,100,400,4.0,0.05,0.0,15,dkw,1.0,1.0,1.0,0.0,0.0,0.0,0.0,0.02233402334100002,0.10910957078160166,0.21919115626535693,0.25326820562325003
crossing,100,400,4.0,0.05,0.0,16,cp,1.0,1.0,1.0,0.0,0.0,0.0,0.0,0.022082291203638593,0.08316548437573729,0.19155669818159599,0.21850212648558143
crossing,100,400,4.0,0.05,0.0,16,dkw,1.0,1.0,1.0,0.0,0.0,0.0,0.0,0.017120079707648964,0.09683427142838308,0.21616855840070548,0.2437306657494278
crossing,100,400,4.0,0.05,0.0,17,cp,1.0,1.0,1.0,0.0,0.0,0.0,0.0,0.021176094366259578,0.08316548437573729,0.20548114482163787,0.238182533029334
crossing,100,400,4.0,0.05,0.0,17,dkw,1.0,1.0,1.0,0.0,0.0,0.0,0.0,0.02689920746009513,0.10910957078160166,0.2364470600318797,0.26679850576831227
crossing,100,400,4.0,0.05,0.0,18,cp,1.0,1.0,1.0,0.0,0.0,0.0,0.0,0.00973916371961492,0.06948618691543856,0.18459923908932535,0.22637660374789575
crossing,100,400,4.0,0.05,0.0,18,dkw,1.0,1.0,1.0,0.0,0.0,0.0,0.0,0.012708280153413111,0.08316548437573729,0.21259822195794648,0.24200101213626124
crossing,100,400,4.0,0.05,0.0,19,cp,1.0,1.0,1.0,0.0,0.0,0.0,0.0,0.0283605814789431,0.06948618691543856,0.20935075204802708,0.2363271806087378
crossing,100,400,4.0,0.05,0.0,19,dkw,1.0,1.0,1.0,0.0,0.0,0.0,0.0,0.03699234727533335,0.08316548437573729,0.24318765345693932,0.2694711511805437
crossing,100,400,4.0,0.05,0.0,20,cp,1.0,1.0,1.0,0.0,0.0,0.0,0.0,0.023662132031624185,0.09683427142838308,0.18635620140779902,0.2054797591608376
crossing,100,400,4.0,0.05,0.0,20,dkw,1.0,1.0,1.0,0.0,0.0,0.0,0.0,0.020538357830373895,0.09683427142838308,0.22429346491469848,0.2525016690329297
crossing,100,400,4.0,0.05,0.0,21,cp,1.0,1.0,1.0,0.0,0.0,0.0,0.0,0.024069186998974434,0.06718096450910327,0.21412763117736194,0.2465754405724534
crossing,100,400,4.0,0.05,0.0,21,dkw,1.0,1.0,1.0,0.0,0.0,0.0,0.0,0.02886187367670648,0.08004679670371673,0.23586776506542176,0.254395221993874
crossing,100,400,4.0,0.05,0.0,22,cp,1.0,1.0,1.0,0.0,0.0,0.0,0.0,0.02328321440535697,0.10910957078160166,0.16965697225793386,0.1987434233006753
crossing,100,400,4.0,0.05,0.0,22,dkw,1.0,1.0,1.0,0.0,0.0,0.0,0.0,0.02328321440535697,0.10910957078160166,0.20566960746100602,0.23807384389099506
crossing,100,400,4.0,0.05,0.0,23,cp,1.0,1.0,1.0,0.0,0.0,0.0,0.0,0.007964353797439965,0.05878190040811415,0.2027656851346065,0.24063397127491487
crossing,100,400,4.0,0.05,0.0,23,dkw,1.0,1.0,1.0,0.0,0.0,0.0,0.0,0.010676085168924694,0.06948618691543856,0.24258346683145632,0.2677029640843063
crossing,100,400,4.0,0.05,0.0,24,cp,1.0,1.0,1.0,0.0,0.0,0.0,0.0,0.02246365120527971,0.10910957078160166,0.18403426385312027,0.21367603023812376
crossing,100,400,4.0,0.05,0.0,24,dkw,1.0,1.0,1.0,0.0,0.0,0.0,0.0,0.01789817824525703,0.09683427142838308,0.21016547085833742,0.23299660458616034
crossing,100,400,4.0,0.05,0.0,25,cp,1.0,1.0,1.0,0.0,0.0,0.0,0.0,0.021661300325345797,0.05878190040811415,0.2071484920977075,0.23614962899673475
crossing,100,400,4.0,0.05,0.0,25,dkw,1.0,1.0,1.0,0.0,0.0,0.0,0.0,0.024168440856176896,0.05878190040811415,0.22687140592049412,0.24597343989701126
crossing,100,400,4.0,0.05,0.0,26,cp,1.0,1.0,1.0,0.0,0.0,0.0,0.0,0.02697792470178689,0.09683427142838308,0.1846652618993752,0.2189099855838278
crossing,100,400,4.0,0.05,0.0,26,dkw,1.0,1.0,1.0,0.0,0.0,0.0,0.0,0.0163436171319654,0.08316548437573729,0.21131105730151353,0.23791013560923246
crossing,100,400,4.0,0.05,0.0,27,cp,1.0,1.0,1.0,0.0,0.0,0.0,0.0,0.007964353797439965,0.05878190040811415,0.20373132032485125,0.24008386300400586
crossing,100,400,4.0,0.05,0.0,27,dkw,1.0,1.0,1.0,0.0,0.0,0.0,0.0,0.00744132412956529,0.05878190040811415,0.22980166747440642,0.25584798400156183
crossing,100,400,4.0,0.05,0.0,28,cp,1.0,1.0,1.0,0.0,0.0,0.0,0.0,0.016664986973238573,0.08316548437573729,0.17028182499178054,0.2083608502625643
crossing,100,400,4.0,0.05,0.0,28,dkw,1.0,1.0,1.0,0.0,0.0,0.0,0.0,0.015995927369201253,0.08316548437573729,0.19765753951304213,0.22495634724982083
crossing,100,400,4.0,0.05,0.0,29,cp,1.0,1.0,1.0,0.0,0.0,0.0,0.0,0.009369783280884716,0.06948618691543856,0.1891992008312298,0.2288896395197364
crossing,100,400,4.0,0.05,0.0,29,dkw,1.0,1.0,1.0,0.0,0.0,0.0,0.0,0.011693903634018349,0.08316548437573729,0.22058601439165992,0.24105097339348458
crossing,100,400,4.0,0.05,0.0,30,cp,1.0,1.0,1.0,0.0,0.0,0.0,0.0,0.024986527608328025,0.06948618691543856,0.20763863551549191,0.24643372909709182
crossing,100,400,4.0,0.05,0.0,30,dkw,1.0,1.0,1.0,0.0,0.0,0.0,0.0,0.031157781782595147,0.06948618691543856,0.23306937178464973,0.25308700206978674
crossing,100,400,4.0,0.05,0.0,31,cp,1.0,1.0,1.0,0.0,0.0,0.0,0.0,0.0301804728291783,0.06240183665354959,0.20665467777867114,0.23308743463090176
crossing,100,400,4.0,0.05,0.0,31,dkw,1.0,1.0,1.0,0.0,0.0,0.0,0.0,0.03286413121170882,0.06948618691543856,0.24025572924855956,0.2677029640843063
crossing,100,400,4.0,0.05,0.0,32,cp,1.0,1.0,1.0,0.0,0.0,0.0,0.0,0.014285926448040444,0.08316548437573729,0.19279944893973486,0.2103940201324928
crossing,100,400,4.0,0.05,0.0,32,dkw,1.0,1.0,1.0,0.0,0.0,0.0,0.0,0.017035063665147492,0.09683427142838308,0.22791651232388635,0.25815823698033324
crossing,100,400,4.0,0.05,0.0,33,cp,1.0,1.0,1.0,0.0,0.0,0.0,0.0,0.014615748576911019,0.08316548437573729,0.18576562523148318,0.20934822649786444
crossing,100,400,4.0,0.05,0.0,33,dkw,1.0,1.0,1.0,0.0,0.0,0.0,0.0,0.017172265223205255,0.08316548437573729,0.22636237419235639,0.2421314712111025
crossing,100,400,4.0,0.05,0.0,34,cp,1.0,1.0,1.0,0.0,0.0,0.0,0.0,0.020085489829402167,0.08316548437573729,0.18764044202108793,0.20875080286866854
crossing,100,400,4.0,0.05,0.0,34,dkw,1.0,1.0,1.0,0.0,0.0,0.0,0.0,0.014042164588832416,0.08316548437573729,0.22723346188514745,0.24947674636477363
crossing,100,400,4.0,0.05,0.0,35,cp,1.0,1.0,1.0,0.0,0.0,0.0,0.0,0.017721248071759656,0.09683427142838308,0.18071058506534118,0.20290795334121658
crossing,100,400,4.0,0.05,0.0,35,dkw,1.0,1.0,1.0,0.0,0.0,0.0,0.0,0.014203532017632324,0.08316548437573729,0.205449311535001,0.22106482441045316
crossing,100,400,4.0,0.05,0.0,36,cp,1.0,1.0,1.0,0.0,0.0,0.0,0.0,0.006782487925555132,0.05878190040811415,0.19946129036379198,0.2342668714393773
crossing,100,400,4.0,0.05,0.0,36,dkw,1.0,1.0,1.0,0.0,0.0,0.0,0.0,0.013769435477084105,0.08316548437573729,0.24184519731361728,0.27887089710522933
crossing,100,400,4.0,0.05,0.0,37,cp,1.0,1.0,1.0,0.0,0.0,0.0,0.0,0.012733292848915294,0.08316548437573729,0.19340562529047797,0.2323457470525075
crossing,100,400,4.0,0.05,0.0,37,dkw,1.0,1.0,1.0,0.0,0.0,0.0,0.0,0.01317063722495714,0.08316548437573729,0.21867368502218018,0.24228578038920467
crossing,100,400,4.0,0.05,0.0,38,cp,1.0,1.0,1.0,0.0,0.0,0.0,0.0,0.029339495118819347,0.10910957078160166,0.19319197358358317,0.22278435238088168
crossing,100,400,4.0,0.05,0.0,38,dkw,1.0,1.0,1.0,0.0,0.0,0.0,0.0,0.026947324678665893,0.09683427142838308,0.22168574279546313,0.24608847235757525
crossing,100,400,4.0,0.05,0.0,39,cp,1.0,1.0,1.0,0.0,0.0,0.0,0.0,0.01917514877948057,0.09683427142838308,0.1895402062072492,0.21934783094264365
crossing,100,400,4.0,0.05,0.0,39,dkw,1.0,1.0,1.0,0.0,0.0,0.0,0.0,0.02327083235074174,0.09683427142838308,0.21624371595555802,0.24601574301618645
crossing,100,400,4.0,0.05,0.0,40,cp,1.0,1.0,1.0,0.0,0.0,0.0,0.0,0.021405547125394647,0.10910957078160166,0.19073332472740737,0.21795890110204963
crossing,100,400,4.0,0.05,0.0,40,dkw,1.0,1.0,1.0,0.0,0.0,0.0,0.0,0.021164982849228253,0.10910957078160166,0.22316374292576138,0.2503527632886137
crossing,100,400,4.0,0.05,0.0,41,cp,1.0,1.0,1.0,0.0,0.0,0.0,0.0,0.022222011374575305,0.09683427142838308,0.18718317171304272,0.21858715070315693
crossing,100,400,4.0,0.05,0.0,41,dkw,1.0,1.0,1.0,0.0,0.0,0.0,0.0,0.020961323931658553,0.09683427142838308,0.2190119246516111,0.24277814468387993
crossing,100,400,4.0,0.05,0.0,42,cp,1.0,1.0,1.0,0.0,0.0,0.0,0.0,0.02437763388471816,0.10910957078160166,0.1837645405936928,0.216392743787012
crossing,100,400,4.0,0.05,0.0,42,dkw,1.0,1.0,1.0,0.0,0.0,0.0,0.0,0.02224928765945314,0.10910957078160166,0.223204459400408,0.2502602903105216
crossing,100,400,4.0,0.05,0.0,43,cp,1.0,1.0,1.0,0.0,0.0,0.0,0.0,0.02636127005841401,0.06948618691543856,0.19894021191713296,0.23244371675978814
crossing,100,400,4.0,0.05,0.0,43,dkw,1.0,1.0,1.0,0.0,0.0,0.0,0.0,0.02576536895925141,0.12023074069810574,0.23673862963118417,0.27762748657165426
crossing,100,400,4.0,0.05,0.0,44,cp,1.0,1.0,1.0,0.0,0.0,0.0,0.0,0.02406830967019408,0.09683427142838308,0.18732703471900122,0.2246469276884493
crossing,100,400,4.0,0.05,0.0,44,dkw,1.0,1.0,1.0,0.0,0.0,0.0,0.0,0.01789817824525703,0.09683427142838308,0.21171484211377772,0.24592913428400787
crossing,100,400,4.0,0.05,0.0,45,cp,1.0,1.0,1.0,0.0,0.0,0.0,0.0,0.008522231445472645,0.06948618691543856,0.19932749951752965,0.2307495995960751
crossing,100,400,4.0,0.05,0.0,45,dkw,1.0,1.0,1.0,0.0,0.0,0.0,0.0,0.011872599468355277,0.08316548437573729,0.2330748648905581,0.24597405558391633
crossing,100,400,4.0,0.05,0.0,46,cp,1.0,1.0,1.0,0.0,0.0,0.0,0.0,0.014291163544325872,0.06948618691543856,0.2038847340961166,0.2308213732810992
crossing,100,400,4.0,0.05,0.0,46,dkw,1.0,1.0,1.0,0.0,0.0,0.0,0.0,0.015394418291674428,0.08316548437573729,0.23155886286373872,0.24608847235757525
crossing,100,400,4.0,0.05,0.0,47,cp,1.0,1.0,1.0,0.0,0.0,0.0,0.0,0.01451985290163199,0.08316548437573729,0.18896103432640018,0.21813001027693513
crossing,100,400,4.0,0.05,0.0,47,dkw,1.0,1.0,1.0,0.0,0.0,0.0,0.0,0.017310794264361332,0.08316548437573729,0.21538338387012013,0.22876517050463807
crossing,100,400,4.0,0.05,0.0,48,cp,1.0,1.0,1.0,0.0,0.0,0.0,0.0,0.01731765873245911,0.09683427142838308,0.18855402967786755,0.20917747756106675
crossing,100,400,4.0,0.05,0.0,48,dkw,1.0,1.0,1.0,0.0,0.0,0.0,0.0,0.016873696236347584,0.09683427142838308,0.22158101201747157,0.23734933681684867
crossing,100,400,4.0,0.05,0.0,49,cp,1.0,1.0,1.0,0.0,0.0,0.0,0.0,0.01340505197670133,0.08316548437573729,0.1921087006739472,0.2165356660810991
crossing,100,400,4.0,0.05,0.0,49,dkw,1.0,1.0,1.0,0.0,0.0,0.0,0.0,0.013270106540714642,0.08316548437573729,0.22178919211866924,0.2464554332372702
crossing,100,400,4.0,0.05,0.0,50,cp,1.0,1.0,1.0,0.0,0.0,0.0,0.0,0.02187395080632704,0.10910957078160166,0.18279775931526526,0.20342559243163683
crossing,100,400,4.0,0.05,0.0,50,dkw,1.0,1.0,1.0,0.0,0.0,0.0,0.0,0.017035063665147492,0.09683427142838308,0.21651453634442835,0.24138406451218092
crossing,100,400,4.0,0.05,0.0,51,cp,1.0,1.0,1.0,0.0,0.0,0.0,0.0,0.01682330764848841,0.08316548437573729,0.1799067600186945,0.20647827502588656
crossing,100,400,4.0,0.05,0.0,51,dkw,1.0,1.0,1.0,0.0,0.0,0.0,0.0,0.014889716424244486,0.08316548437573729,0.2244570296981547,0.2614832692989482
crossing,100,400,4.0,0.05,0.0,52,cp,1.0,1.0,1.0,0.0,0.0,0.0,0.0,0.015950252253274653,0.09683427142838308,0.19620943443254624,0.220694026728314
crossing,100,400,4.0,0.05,0.0,52,dkw,1.0,1.0,1.0,0.0,0.0,0.0,0.0,0.019482376498543154,0.09683427142838308,0.23243678099080584,0.25657888146388613
crossing,100,400,4.0,0.05,0.0,53,cp,1.0,1.0,1.0,0.0,0.0,0.0,0.0,0.00713228647844292,0.05878190040811415,0.20011914285062596,0.23882394280032937
crossing,100,400,4.0,0.05,0.0,53,dkw,1.0,1.0,1.0,0.0,0.0,0.0,0.0,0.006970919049643012,0.05878190040811415,0.2381528019948343,0.26380040084089224
crossing,100,400,4.0,0.05,0.0,54,cp,1.0,1.0,1.0,0.0,0.0,0.0,0.0,0.005805252775643716,0.045523681005445404,0.20599692288481797,0.23635758375516502
crossing,100,400,4.0,0.05,0.0,54,dkw,1.0,1.0,1.0,0.0,0.0,0.0,0.0,0.015675546441629874,0.06948618691543856,0.2523253580885386,0.2942396991485426
crossing,100,400,4.0,0.05,0.0,55,cp,1.0,1.0,1.0,0.0,0.0,0.0,0.0,0.01714909654882448,0.08316548437573729,0.19707941142869337,0.22150940836275468
crossing,100,400,4.0,0.05,0.0,55,dkw,1.0,1.0,1.0,0.0,0.0,0.0,0.0,0.025949781393734505,0.09683427142838308,0.22263851612601454,0.24827298908672502
crossing,100,400,4.0,0.05,0.0,56,cp,1.0,1.0,1.0,0.0,0.0,0.0,0.0,0.013824702723745492,0.08316548437573729,0.1933488630812601,0.21948413907539172
crossing,100,400,4.0,0.05,0.0,56,dkw,1.0,1.0,1.0,0.0,0.0,0.0,0.0,0.020748454817002354,0.10910957078160166,0.22071107682277413,0.25251931023473007
crossing,100,400,4.0,0.05,0.0,57,cp,1.0,1.0,1.0,0.0,0.0,0.0,0.0,0.023814135941464733,0.08316548437573729,0.18982664836167681,0.21924480182179606
crossing,100,400,4.0,0.05,0.0,57,dkw,1.0,1.0,1.0,0.0,0.0,0.0,0.0,0.014770578547894484,0.08316548437573729,0.22452368970129083,0.2436225926002793
crossing,100,400,4.0,0.05,0.0,58,cp,1.0,1.0,1.0,0.0,0.0,0.0,0.0,0.010239021375807074,0.05878190040811415,0.18542510418596805,0.21648561806552202
crossing,100,400,4.0,0.05,0.0,58,dkw,1.0,1.0,1.0,0.0,0.0,0.0,0.0,0.01824557569697365,0.09683427142838308,0.2328366324971101,0.2780296977345401
crossing,100,400,4.0,0.05,0.0,59,cp,0.0,1.0,1.0,0.0,0.0,0.0,0.0,0.020934156344313597,0.10910957078160166,0.1842556975044589,0.2265188786828295
crossing,100,400,4.0,0.05,0.0,59,dkw,1.0,1.0,1.0,0.0,0.0,0.0,0.0,0.025184849446453494,0.12023074069810574,0.21083266010352036,0.24252320739525535
crossing,100,400,4.0,0.05,0.0,60,cp,1.0,1.0,1.0,0.0,0.0,0.0,0.0,0.01965483929600358,0.09683427142838308,0.17585446957880851,0.20304588910230725
crossing,100,400,4.0,0.05,0.0,60,dkw,1.0,1.0,1.0,0.0,0.0,0.0,0.0,0.01824557569697365,0.09683427142838308,0.2068187689419542,0.23643066694837656
crossing,100,400,4.0,0.05,0.0,61,cp,1.0,1.0,1.0,0.0,0.0,0.0,0.0,0.01877103557967129,0.045523681005445404,0.21224581395706654,0.23945321246094342
crossing,100,400,4.0,0.05,0.0,61,dkw,1.0,1.0,1.0,0.0,0.0,0.0,0.0,0.02399554842173278,0.06948618691543856,0.2506215846266023,0.2825635596481048
crossing,100,400,4.0,0.05,0.0,62,cp,1.0,1.0,1.0,0.0,0.0,0.0,0.0,0.01789817824525703,0.09683427142838308,0.19090053848596894,0.21315985707684004
crossing,100,400,4.0,0.05,0.0,62,dkw,1.0,1.0,1.0,0.0,0.0,0.0,0.0,0.018129792284143385,0.08316548437573729,0.2294428401673614,0.250082062639963
crossing,100,400,4.0,0.05,0.0,63,cp,1.0,1.0,1.0,0.0,0.0,0.0,0.0,0.02233402334100002,0.10910957078160166,0.1733103876798514,0.21180679887921317
crossing,100,400,4.0,0.05,0.0,63,dkw,1.0,1.0,1.0,0.0,0.0,0.0,0.0,0.020761393509927707,0.10910957078160166,0.20103907288396125,0.21771979242952344
crossing,100,400,4.0,0.05,0.0,64,cp,1.0,1.0,1.0,0.0,0.0,0.0,0.0,0.019076822383802407,0.09683427142838308,0.19269590759502414,0.21616986759556645
crossing,100,400,4.0,0.05,0.0,64,dkw,1.0,1.0,1.0,0.0,0.0,0.0,0.0,0.016925859852248915,0.09683427142838308,0.23107202514653713,0.24561599265726308
crossing,100,400,4.0,0.05,0.0,65,cp,1.0,1.0,1.0,0.0,0.0,0.0,0.0,0.020247027004353307,0.09683427142838308,0.18321441027832858,0.20414563785551443
crossing,100,400,4.0,0.05,0.0,65,dkw,1.0,1.0,1.0,0.0,0.0,0.0,0.0,0.01731765873245911,0.09683427142838308,0.210571536428467,0.23013272322955913
crossing,100,400,4.0,0.05,0.0,66,cp,1.0,1.0,1.0,0.0,0.0,0.0,0.0,0.015042616028951277,0.05878190040811415,0.2003248374757505,0.22329380328645337
crossing,100,400,4.0,0.05,0.0,66,dkw,1.0,1.0,1.0,0.0,0.0,0.0,0.0,0.02026930171542789,0.06948618691543856,0.23334450095389045,0.2417747150154103
crossing,100,400,4.0,0.05,0.0,67,cp,1.0,1.0,1.0,0.0,0.0,0.0,0.0,0.0112180916568835,0.05878190040811415,0.19751799103174103,0.2164458677423463
crossing,100,400,4.0,0.05,0.0,67,dkw,1.0,1.0,1.0,0.0,0.0,0.0,0.0,0.014084266132349744,0.08316548437573729,0.22897868766425578,0.2639573061355461
crossing,100,400,4.0,0.05,0.0,68,cp,1.0,1.0,1.0,0.0,0.0,0.0,0.0,0.017120079707648964,0.09683427142838308,0.18707283447635042,0.2153761598500844
crossing,100,400,4.0,0.05,0.0,68,dkw,1.0,1.0,1.0,0.0,0.0,0.0,0.0,0.020003796870720424,0.09683427142838308,0.2127741451001179,0.2391733587589564
crossing,100,400,4.0,0.05,0.0,69,cp,1.0,1.0,1.0,0.0,0.0,0.0,0.0,0.012024765295627076,0.06948618691543856,0.187921074567924,0.21457699803098107
crossing,100,400,4.0,0.05,0.0,69,dkw,1.0,1.0,1.0,0.0,0.0,0.0,0.0,0.012638220731506602,0.06948618691543856,0.21847954687920768,0.23262584286010712
crossing,100,400,4.0,0.05,0.0,70,cp,1.0,1.0,1.0,0.0,0.0,0.0,0.0,0.018635104499582344,0.08316548437573729,0.1926007955555101,0.22895104896635432
crossing,100,400,4.0,0.05,0.0,70,dkw,1.0,1.0,1.0,0.0,0.0,0.0,0.0,0.014952336281767366,0.08316548437573729,0.2195275480096485,0.23662832332240602
crossing,100,400,4.0,0.05,0.0,71,cp,1.0,1.0,1.0,0.0,0.0,0.0,0.0,0.023151084497974095,0.09683427142838308,0.19771317235626845,0.22775753883209493
crossing,100,400,4.0,0.05,0.0,71,dkw,1.0,1.0,1.0,0.0,0.0,0.0,0.0,0.02274941197856447,0.09683427142838308,0.22881780965589218,0.24585301216386746
crossing,100,400,4.0,0.05,0.0,72,cp,1.0,1.0,1.0,0.0,0.0,0.0,0.0,0.009937881719911843,0.05878190040811415,0.20093330390378777,0.22815589223218646
crossing,100,400,4.0,0.05,0.0,72,dkw,1.0,1.0,1.0,0.0,0.0,0.0,0.0,0.017317130235833936,0.06948618691543856,0.23707981285564736,0.26182521906325146
crossing,100,400,4.0,0.05,0.0,73,cp,1.0,1.0,1.0,0.0,0.0,0.0,0.0,0.01873348656212719,0.041685779824987,0.2210609742346225,0.2432561709634461
crossing,100,400,4.0,0.05,0.0,73,dkw,1.0,1.0,1.0,0.0,0.0,0.0,0.0,0.022658316562758664,0.06948618691543856,0.26730960442325535,0.3093630593263433
crossing,100,400,4.0,0.05,0.0,74,cp,1.0,1.0,1.0,0.0,0.0,0.0,0.0,0.02022961904203725,0.10910957078160166,0.18769475339448022,0.21760936689274907
crossing,100,400,4.0,0.05,0.0,74,dkw,1.0,1.0,1.0,0.0,0.0,0.0,0.0,0.020748454817002354,0.10910957078160166,0.21791310739404526,0.23959949913367623
crossing,100,400,4.0,0.05,0.0,75,cp,1.0,1.0,1.0,0.0,0.0,0.0,0.0,0.017133404700911084,0.09683427142838308,0.196018799318307,0.22823808321506334
crossing,100,400,4.0,0.05,0.0,75,dkw,1.0,1.0,1.0,0.0,0.0,0.0,0.0,0.016689442204799558,0.09683427142838308,0.22860142535447459,0.25001849994098135
crossing,100,400,4.0,0.05,0.0,76,cp,1.0,1.0,1.0,0.0,0.0,0.0,0.0,0.012539195745670495,0.06948618691543856,0.20076473087929267,0.223256728289292
crossing,100,400,4.0,0.05,0.0,76,dkw,1.0,1.0,1.0,0.0,0.0,0.0,0.0,0.01708795307452323,0.08316548437573729,0.22741804778776875,0.24471374586720535
crossing,100,400,4.0,0.05,0.0,77,cp,1.0,1.0,1.0,0.0,0.0,0.0,0.0,0.003082514609830984,0.028545808724175337,0.20812658671208822,0.22861929179367302
crossing,100,400,4.0,0.05,0.0,77,dkw,1.0,1.0,1.0,0.0,0.0,0.0,0.0,0.009813445703756698,0.05878190040811415,0.2481672335009457,0.2918027412773365
crossing,100,400,4.0,0.05,0.0,78,cp,1.0,1.0,1.0,0.0,0.0,0.0,0.0,0.007612329140079787,0.05878190040811415,0.20738440554390786,0.2363140420737193
crossing,100,400,4.0,0.05,0.0,78,dkw,1.0,1.0,1.0,0.0,0.0,0.0,0.0,0.011973938104615953,0.06948618691543856,0.23917231919108914,0.2532103976412139
crossing,100,400,4.0,0.05,0.0,79,cp,1.0,1.0,1.0,0.0,0.0,0.0,0.0,0.00973916371961492,0.06948618691543856,0.192636403604191,0.22520517367652365
crossing,100,400,4.0,0.05,0.0,79,dkw,1.0,1.0,1.0,0.0,0.0,0.0,0.0,0.013111869492713656,0.08316548437573729,0.2234672088030112,0.2551670319912968
crossing,100,400,4.0,0.05,0.0,80,cp,1.0,1.0,1.0,0.0,0.0,0.0,0.0,0.008199384953932624,0.05878190040811415,0.1985711606383531,0.22313139900070544
crossing,100,400,4.0,0.05,0.0,80,dkw,1.0,1.0,1.0,0.0,0.0,0.0,0.0,0.013811272814401233,0.08316548437573729,0.23771425545876018,0.2808641773885054
crossing,100,400,4.0,0.05,0.0,81,cp,1.0,1.0,1.0,0.0,0.0,0.0,0.0,0.010239021375807074,0.05878190040811415,0.18421395060597373,0.21812105699700246
crossing,100,400,4.0,0.05,0.0,81,dkw,1.0,1.0,1.0,0.0,0.0,0.0,0.0,0.018890288563531425,0.09683427142838308,0.22820354335672569,0.27963126502739044
crossing,100,400,4.0,0.05,0.0,82,cp,1.0,1.0,1.0,0.0,0.0,0.0,0.0,0.020003796870720424,0.09683427142838308,0.1912537652659764,0.2262518402638637
crossing,100,400,4.0,0.05,0.0,82,dkw,1.0,1.0,1.0,0.0,0.0,0.0,0.0,0.02327083235074174,0.09683427142838308,0.21733715865826855,0.24601349921587956
crossing,100,400,4.0,0.05,0.0,83,cp,1.0,1.0,1.0,0.0,0.0,0.0,0.0,0.014280909984485425,0.08316548437573729,0.17641927723404868,0.21372933944852546
crossing,100,400,4.0,0.05,0.0,83,dkw,1.0,1.0,1.0,0.0,0.0,0.0,0.0,0.016873696236347584,0.09683427142838308,0.21494546137101658,0.24296294496168291
crossing,100,400,4.0,0.05,0.0,84,cp,1.0,1.0,1.0,0.0,0.0,0.0,0.0,0.02877667656823083,0.09683427142838308,0.18512110756152958,0.21083379925441958
crossing,100,400,4.0,0.05,0.0,84,dkw,1.0,1.0,1.0,0.0,0.0,0.0,0.0,0.02424252013885022,0.10910957078160166,0.2216234381349401,0.25043338852403263
crossing,100,400,4.0,0.05,0.0,85,cp,1.0,1.0,1.0,0.0,0.0,0.0,0.0,0.01629905594323682,0.09683427142838308,0.18777654844782382,0.21215769016031616
crossing,100,400,4.0,0.05,0.0,85,dkw,1.0,1.0,1.0,0.0,0.0,0.0,0.0,0.017120079707648964,0.09683427142838308,0.2244879340369545,0.23253191002644247
crossing,100,400,4.0,0.05,0.0,86,cp,1.0,1.0,1.0,0.0,0.0,0.0,0.0,0.020844235310407404,0.09683427142838308,0.18104476746140744,0.22023317079854265
crossing,100,400,4.0,0.05,0.0,86,dkw,1.0,1.0,1.0,0.0,0.0,0.0,0.0,0.02208484394042118,0.10910957078160166,0.20749469176819882,0.23883109623718446
crossing,100,400,4.0,0.05,0.0,87,cp,0.0,1.0,1.0,0.0,0.0,0.0,0.0,0.0119742907240751,0.06948618691543856,0.1888257663647629,0.21635838998856494
crossing,100,400,4.0,0.05,0.0,87,dkw,1.0,1.0,1.0,0.0,0.0,0.0,0.0,0.013444287875323787,0.08316548437573729,0.23128992419119743,0.26736024003036357
crossing,100,400,4.0,0.05,0.0,88,cp,1.0,1.0,1.0,0.0,0.0,0.0,0.0,0.01929179500208908,0.09683427142838308,0.18846167379488044,0.22039350328377988
crossing,100,400,4.0,0.05,0.0,88,dkw,1.0,1.0,1.0,0.0,0.0,0.0,0.0,0.017278422833836654,0.09683427142838308,0.22045052194423875,0.2425054142525831
crossing,100,400,4.0,0.05,0.0,89,cp,1.0,1.0,1.0,0.0,0.0,0.0,0.0,0.013784831275944568,0.08316548437573729,0.19610625086917716,0.21348907041367693
crossing,100,400,4.0,0.05,0.0,89,dkw,1.0,1.0,1.0,0.0,0.0,0.0,0.0,0.02107565533377958,0.10910957078160166,0.23868682508993921,0.2649590985079677
crossing,100,400,4.0,0.05,0.0,90,cp,1.0,1.0,1.0,0.0,0.0,0.0,0.0,0.027853379301838656,0.12023074069810574,0.17812379103944373,0.20586909715850304
crossing,100,400,4.0,0.05,0.0,90,dkw,1.0,1.0,1.0,0.0,0.0,0.0,0.0,0.026894073568345406,0.12023074069810574,0.20991070321161648,0.2375579988347239
crossing,100,400,4.0,0.05,0.0,91,cp,1.0,1.0,1.0,0.0,0.0,0.0,0.0,0.006333113875758252,0.05878190040811415,0.20415826262052397,0.23083986751053792
crossing,100,400,4.0,0.05,0.0,91,dkw,1.0,1.0,1.0,0.0,0.0,0.0,0.0,0.016277452770051878,0.09683427142838308,0.24848109037915111,0.2807697930405262
crossing,100,400,4.0,0.05,0.0,92,cp,1.0,1.0,1.0,0.0,0.0,0.0,0.0,0.024265888695004224,0.09683427142838308,0.18910308602160228,0.21373546041836988
crossing,100,400,4.0,0.05,0.0,92,dkw,1.0,1.0,1.0,0.0,0.0,0.0,0.0,0.016873696236347584,0.09683427142838308,0.21893337109858627,0.2398858826684359
crossing,100,400,4.0,0.05,0.0,93,cp,1.0,1.0,1.0,0.0,0.0,0.0,0.0,0.010676085168924694,0.06948618691543856,0.20594698454004934,0.24044746685720086
crossing,100,400,4.0,0.05,0.0,93,dkw,1.0,1.0,1.0,0.0,0.0,0.0,0.0,0.017241731515451022,0.08316548437573729,0.24250861357328327,0.25718481825219275
crossing,100,400,4.0,0.05,0.0,94,cp,1.0,1.0,1.0,0.0,0.0,0.0,0.0,0.025298028529176522,0.12023074069810574,0.19151663208132588,0.2229121982280493
crossing,100,400,4.0,0.05,0.0,94,dkw,1.0,1.0,1.0,0.0,0.0,0.0,0.0,0.024803025844891885,0.12023074069810574,0.228233260135042,0.23935570072378615
crossing,100,400,4.0,0.05,0.0,95,cp,1.0,1.0,1.0,0.0,0.0,0.0,0.0,0.003756917632508221,0.028545808724175337,0.20907540762499635,0.2326207969120213
crossing,100,400,4.0,0.05,0.0,95,dkw,1.0,1.0,1.0,0.0,0.0,0.0,0.0,0.00894086824706746,0.06948618691543856,0.25579190746502833,0.2988601188792293
crossing,100,400,4.0,0.05,0.0,96,cp,1.0,1.0,1.0,0.0,0.0,0.0,0.0,0.010369365074318992,0.06948618691543856,0.18692311329371855,0.2245027950933116
crossing,100,400,4.0,0.05,0.0,96,dkw,1.0,1.0,1.0,0.0,0.0,0.0,0.0,0.01676601606949543,0.09683427142838308,0.22425936162795818,0.25929643110918676
crossing,100,400,4.0,0.05,0.0,97,cp,1.0,1.0,1.0,0.0,0.0,0.0,0.0,0.01436743948981777,0.08316548437573729,0.1840222648904021,0.21765316783503452
crossing,100,400,4.0,0.05,0.0,97,dkw,1.0,1.0,1.0,0.0,0.0,0.0,0.0,0.015859860808964284,0.08316548437573729,0.21253920596240575,0.228545109994645
crossing,100,400,4.0,0.05,0.0,98,cp,1.0,1.0,1.0,0.0,0.0,0.0,0.0,0.01744728022442619,0.09683427142838308,0.18876828893181113,0.21851399874153632
crossing,100,400,4.0,0.05,0.0,98,dkw,1.0,1.0,1.0,0.0,0.0,0.0,0.0,0.020003796870720424,0.09683427142838308,0.2177134620192789,0.240682695205527
crossing,100,400,4.0,0.05,0.0,99,cp,1.0,1.0,1.0,0.0,0.0,0.0,0.0,0.016673840680570626,0.06948618691543856,0.20147238138414156,0.2343257058663627
crossing,100,400,4.0,0.05,0.0,99,dkw,1.0,1.0,1.0,0.0,0.0,0.0,0.0,0.017008240913935723,0.08316548437573729,0.23081481724343378,0.24997211642269462
crossing,100,400,4.0,0.05,0.0,100,cp,1.0,1.0,1.0,0.0,0.0,0.0,0.0,0.011556140201080216,0.06948618691543856,0.1967691053316134,0.2285370679746359
crossing,100,400,4.0,0.05,0.0,100,dkw,1.0,1.0,1.0,0.0,0.0,0.0,0.0,0.02006825161323734,0.10910957078160166,0.2378717866826169,0.27608861203423885
crossing,100,400,4.0,0.05,0.0,101,cp,1.0,1.0,1.0,0.0,0.0,0.0,0.0,0.006981133102330812,0.045523681005445404,0.20487903756108078,0.23250279614317643
crossing,100,400,4.0,0.05,0.0,101,dkw,1.0,1.0,1.0,0.0,0.0,0.0,0.0,0.008327412811187934,0.06948618691543856,0.23953617836737945,0.2806054732277147
crossing,100,400,4.0,0.05,0.0,102,cp,1.0,1.0,1.0,0.0,0.0,0.0,0.0,0.01965483929600358,0.09683427142838308,0.18419121343814107,0.20777425485151918
crossing,100,400,4.0,0.05,0.0,102,dkw,1.0,1.0,1.0,0.0,0.0,0.0,0.0,0.01824557569697365,0.09683427142838308,0.21692910742579496,0.23734933681684867
crossing,100,400,4.0,0.05,0.0,103,cp,1.0,1.0,1.0,0.0,0.0,0.0,0.0,0.024041065993366254,0.10910957078160166,0.18753444332123273,0.2166346353425358
crossing,100,400,4.0,0.05,0.0,103,dkw,1.0,1.0,1.0,0.0,0.0,0.0,0.0,0.02166364059554587,0.09683427142838308,0.2246292706452031,0.23863982423092478
crossing,100,400,4.0,0.05,0.0,104,cp,1.0,1.0,1.0,0.0,0.0,0.0,0.0,0.014802635291464288,0.06542634259244262,0.19979694978420606,0.22259757368754357
crossing,100,400,4.0,0.05,0.0,104,dkw,1.0,1.0,1.0,0.0,0.0,0.0,0.0,0.020003796870720424,0.09683427142838308,0.24873568105962512,0.2864618805827841
crossing,100,400,4.0,0.05,0.0,105,cp,1.0,1.0,1.0,0.0,0.0,0.0,0.0,0.008526839047011223,0.05878190040811415,0.20446448589485614,0.2397140218490909
crossing,100,400,4.0,0.05,0.0,105,dkw,1.0,1.0,1.0,0.0,0.0,0.0,0.0,0.01323329140477813,0.08316548437573729,0.24615566675704742,0.27714010323350524
crossing,100,400,4.0,0.05,0.0,106,cp,1.0,1.0,1.0,0.0,0.0,0.0,0.0,0.018899179658585955,0.05878190040811415,0.19660868277222235,0.21938992883692876
crossing,100,400,4.0,0.05,0.0,106,dkw,1.0,1.0,1.0,0.0,0.0,0.0,0.0,0.016617199884290678,0.08316548437573729,0.23282374506718187,0.26551197103494717
crossing,100,400,4.0,0.05,0.0,107,cp,1.0,1.0,1.0,0.0,0.0,0.0,0.0,0.004661744576835773,0.045523681005445404,0.21325649015646783,0.24079085240651787
crossing,100,400,4.0,0.05,0.0,107,dkw,1.0,1.0,1.0,0.0,0.0,0.0,0.0,0.008092347546303821,0.05878190040811415,0.25591830205398386,0.29146042123950944
crossing,100,400,4.0,0.05,0.0,108,cp,1.0,1.0,1.0,0.0,0.0,0.0,0.0,0.015072926182241682,0.06948618691543856,0.19715928809403643,0.2221553090898264
crossing,100,400,4.0,0.05,0.0,108,dkw,1.0,1.0,1.0,0.0,0.0,0.0,0.0,0.01628530104890992,0.06948618691543856,0.22129701475817196,0.2461910273516844
crossing,100,400,4.0,0.05,0.0,109,cp,1.0,1.0,1.0,0.0,0.0,0.0,0.0,0.02568898381104252,0.09683427142838308,0.1978858812512045,0.2281103387377713
crossing,100,400,4.0,0.05,0.0,109,dkw,1.0,1.0,1.0,0.0,0.0,0.0,0.0,0.022218754111103422,0.09683427142838308,0.22634813420680763,0.25232165479690016
crossing,100,400,4.0,0.05,0.0,110,cp,1.0,1.0,1.0,0.0,0.0,0.0,0.0,0.020462199897900053,0.10910957078160166,0.1906525590210403,0.21332239573957384
crossing,100,400,4.0,0.05,0.0,110,dkw,1.0,1.0,1.0,0.0,0.0,0.0,0.0,0.02152655335461042,0.10910957078160166,0.2256620969433743,0.244478603072944
crossing,100,400,4.0,0.05,0.0,111,cp,1.0,1.0,1.0,0.0,0.0,0.0,0.0,0.01836886819135415,0.09683427142838308,0.18605965360955273,0.21220356695743603
crossing,100,400,4.0,0.05,0.0,111,dkw,1.0,1.0,1.0,0.0,0.0,0.0,0.0,0.01836886819135415,0.09683427142838308,0.22314038102033568,0.2511038127498322
crossing,100,400,4.0,0.05,0.0,112,cp,1.0,1.0,1.0,0.0,0.0,0.0,0.0,0.009234126676104454,0.045523681005445404,0.20976754327674166,0.2339767572526097
crossing,100,400,4.0,0.05,0.0,112,dkw,1.0,1.0,1.0,0.0,0.0,0.0,0.0,0.021917492374843858,0.058825261586128885,0.23908860919165584,0.24972485603312689
crossing,100,400,4.0,0.05,0.0,113,cp,1.0,1.0,1.0,0.0,0.0,0.0,0.0,0.010712622998280257,0.06948618691543856,0.18784185992781563,0.22012298720311496
crossing,100,400,4.0,0.05,0.0,113,dkw,1.0,1.0,1.0,0.0,0.0,0.0,0.0,0.01384709025202179,0.08316548437573729,0.22283378111703872,0.25916184913382523
crossing,100,400,4.0,0.05,0.0,114,cp,1.0,1.0,1.0,0.0,0.0,0.0,0.0,0.009430025519474798,0.06948618691543856,0.1930980600172483,0.2266769783140138
crossing,100,400,4.0,0.05,0.0,114,dkw,1.0,1.0,1.0,0.0,0.0,0.0,0.0,0.010052424786730334,0.06948618691543856,0.23248518177596697,0.26072104522088024
crossing,100,400,4.0,0.05,0.0,115,cp,1.0,1.0,1.0,0.0,0.0,0.0,0.0,0.017706826182858727,0.08316548437573729,0.17897677211749127,0.20438513728113916
crossing,100,400,4.0,0.05,0.0,115,dkw,1.0,1.0,1.0,0.0,0.0,0.0,0.0,0.015414044049458479,0.08316548437573729,0.21902360752311345,0.2558135451397419
crossing,100,400,4.0,0.05,0.0,116,cp,1.0,1.0,1.0,0.0,0.0,0.0,0.0,0.017133404700911084,0.09683427142838308,0.18613049702231085,0.22464116573754406
crossing,100,400,4.0,0.05,0.0,116,dkw,1.0,1.0,1.0,0.0,0.0,0.0,0.0,0.016689442204799558,0.09683427142838308,0.20878239831060555,0.22933119108254674
crossing,100,400,4.0,0.05,0.0,117,cp,1.0,1.0,1.0,0.0,0.0,0.0,0.0,0.008284166902695636,0.05878190040811415,0.2038379684497597,0.22958712144280047
crossing,100,400,4.0,0.05,0.0,117,dkw,1.0,1.0,1.0,0.0,0.0,0.0,0.0,0.014952336281767366,0.08316548437573729,0.23808080819459815,0.26736024003036357
crossing,100,400,4.0,0.05,0.0,118,cp,1.0,1.0,1.0,0.0,0.0,0.0,0.0,0.02493397059654305,0.06948618691543856,0.19840989846504709,0.24088716029364277
crossing,100,400,4.0,0.05,0.0,118,dkw,1.0,1.0,1.0,0.0,0.0,0.0,0.0,0.02422815022080335,0.08316548437573729,0.2328519470055577,0.25558257350394975
crossing,100,400,4.0,0.05,0.0,119,cp,1.0,1.0,1.0,0.0,0.0,0.0,0.0,0.007968422378380824,0.05878190040811415,0.18818605251162027,0.21824081180014737
crossing,100,400,4.0,0.05,0.0,119,dkw,1.0,1.0,1.0,0.0,0.0,0.0,0.0,0.014288548060133794,0.08316548437573729,0.23243603317434902,0.27375842406526124
crossing,100,400,4.0,0.05,0.0,120,cp,1.0,1.0,1.0,0.0,0.0,0.0,0.0,0.011189121476295609,0.05878190040811415,0.18028538168095276,0.2118696593457825
crossing,100,400,4.0,0.05,0.0,120,dkw,1.0,1.0,1.0,0.0,0.0,0.0,0.0,0.015995927369201253,0.08316548437573729,0.21650447275117857,0.2555227432440966
crossing,100,400,4.0,0.05,0.0,121,cp,1.0,1.0,1.0,0.0,0.0,0.0,0.0,0.019044475767937493,0.06948618691543856,0.19530862578832456,0.23801366763516912
crossing,100,400,4.0,0.05,0.0,121,dkw,1.0,1.0,1.0,0.0,0.0,0.0,0.0,0.01022500608780642,0.06948618691543856,0.2280235286669049,0.2496078025632345
crossing,100,400,4.0,0.05,0.0,122,cp,1.0,1.0,1.0,0.0,0.0,0.0,0.0,0.00935143038522053,0.06948618691543856,0.19488408071944346,0.22694163854936034
crossing,100,400,4.0,0.05,0.0,122,dkw,1.0,1.0,1.0,0.0,0.0,0.0,0.0,0.012264317657301587,0.08316548437573729,0.2353035210602803,0.27105579077316994
crossing,100,400,4.0,0.05,0.0,123,cp,1.0,1.0,1.0,0.0,0.0,0.0,0.0,0.008503878549808459,0.06948618691543856,0.19409339191428165,0.22319266135310872
crossing,100,400,4.0,0.05,0.0,123,dkw,1.0,1.0,1.0,0.0,0.0,0.0,0.0,0.013288799666211033,0.08316548437573729,0.23564618574116092,0.2555227432440966
crossing,100,400,4.0,0.05,0.0,124,cp,1.0,1.0,1.0,0.0,0.0,0.0,0.0,0.02883059049691285,0.10910957078160166,0.18366266277988122,0.2207825238847917
crossing,100,400,4.0,0.05,0.0,124,dkw,1.0,1.0,1.0,0.0,0.0,0.0,0.0,0.02107565533377958,0.10910957078160166,0.2100333948348538,0.2324362163447974
crossing,100,400,4.0,0.05,0.0,125,cp,1.0,1.0,1.0,0.0,0.0,0.0,0.0,0.009019631837275867,0.05878190040811415,0.1902339316764589,0.21798556774279382
crossing,100,400,4.0,0.05,0.0,125,dkw,1.0,1.0,1.0,0.0,0.0,0.0,0.0,0.015046736304844304,0.08316548437573729,0.2323003215430014,0.27887089710522933
crossing,100,400,4.0,0.05,0.0,126,cp,1.0,1.0,1.0,0.0,0.0,0.0,0.0,0.009770244114598987,0.05878190040811415,0.20507472788501055,0.2335401877243073
crossing,100,400,4.0,0.05,0.0,126,dkw,1.0,1.0,1.0,0.0,0.0,0.0,0.0,0.016210138018154848,0.06948618691543856,0.23158392809404557,0.24424773351444268
crossing,100,400,4.0,0.05,0.0,127,cp,1.0,1.0,1.0,0.0,0.0,0.0,0.0,0.015675546441629874,0.06948618691543856,0.20374567250388217,0.23233000689241623
crossing,100,400,4.0,0.05,0.0,127,dkw,1.0,1.0,1.0,0.0,0.0,0.0,0.0,0.02133948408055648,0.06948618691543856,0.22970147872870755,0.24784693000451347
crossing,100,400,4.0,0.05,0.0,128,cp,1.0,1.0,1.0,0.0,0.0,0.0,0.0,0.018924204664549277,0.08316548437573729,0.19211983884780345,0.21630987302729265
crossing,100,400,4.0,0.05,0.0,128,dkw,1.0,1.0,1.0,0.0,0.0,0.0,0.0,0.02327083235074174,0.09683427142838308,0.22167406565416833,0.24607277249619341
crossing,100,400,4.0,0.05,0.0,129,cp,1.0,1.0,1.0,0.0,0.0,0.0,0.0,0.005908067737169338,0.045523681005445404,0.20162672921105573,0.22767184688391884
crossing,100,400,4.0,0.05,0.0,129,dkw,1.0,1.0,1.0,0.0,0.0,0.0,0.0,0.013005824295083132,0.08316548437573729,0.24815209556000528,0.29171411884452386
crossing,100,400,4.0,0.05,0.0,130,cp,1.0,1.0,1.0,0.0,0.0,0.0,0.0,0.020538357830373895,0.09683427142838308,0.16964431263073357,0.2008779479803251
crossing,100,400,4.0,0.05,0.0,130,dkw,1.0,1.0,1.0,0.0,0.0,0.0,0.0,0.020538357830373895,0.09683427142838308,0.1970015450643951,0.22554758302607203
crossing,100,400,4.0,0.05,0.0,131,cp,1.0,1.0,1.0,0.0,0.0,0.0,0.0,0.00802546586069802,0.05878190040811415,0.20053210488025586,0.22048782942630496
crossing,100,400,4.0,0.05,0.0,131,dkw,1.0,1.0,1.0,0.0,0.0,0.0,0.0,0.01773773467045565,0.09683427142838308,0.23586948024629892,0.27330389366368246
crossing,100,400,4.0,0.05,0.0,132,cp,1.0,1.0,1.0,0.0,0.0,0.0,0.0,0.013855014430545234,0.05878190040811415,0.1973357887965841,0.22037354331785364
crossing,100,400,4.0,0.05,0.0,132,dkw,1.0,1.0,1.0,0.0,0.0,0.0,0.0,0.02327083235074174,0.09683427142838308,0.23110075441682845,0.270577572703516
crossing,100,400,4.0,0.05,0.0,133,cp,1.0,1.0,1.0,0.0,0.0,0.0,0.0,0.011154080806392262,0.06948618691543856,0.1938834639485277,0.21162755431184144
crossing,100,400,4.0,0.05,0.0,133,dkw,1.0,1.0,1.0,0.0,0.0,0.0,0.0,0.0163436171319654,0.08316548437573729,0.2282048091236325,0.2587865831671246
crossing,100,400,4.0,0.05,0.0,134,cp,1.0,1.0,1.0,0.0,0.0,0.0,0.0,0.020538357830373895,0.09683427142838308,0.16601064994880577,0.20378029547276294
crossing,100,400,4.0,0.05,0.0,134,dkw,1.0,1.0,1.0,0.0,0.0,0.0,0.0,0.020538357830373895,0.09683427142838308,0.20010545582565784,0.231224876918651
crossing,100,400,4.0,0.05,0.0,135,cp,1.0,1.0,1.0,0.0,0.0,0.0,0.0,0.007208358103999419,0.05878190040811415,0.19338594012530985,0.21648271104027317
crossing,100,400,4.0,0.05,0.0,135,dkw,1.0,1.0,1.0,0.0,0.0,0.0,0.0,0.017172265223205255,0.08316548437573729,0.23430039247246925,0.25788636649150937
crossing,100,400,4.0,0.05,0.0,136,cp,1.0,1.0,1.0,0.0,0.0,0.0,0.0,0.012802675174367223,0.04760672167190627,0.2049293045078838,0.2351916991344682
crossing,100,400,4.0,0.05,0.0,136,dkw,1.0,1.0,1.0,0.0,0.0,0.0,0.0,0.015688450456451983,0.08316548437573729,0.25594728989992155,0.30630902649759767
crossing,100,400,4.0,0.05,0.0,137,cp,1.0,1.0,1.0,0.0,0.0,0.0,0.0,0.016915797779864912,0.09683427142838308,0.18159219034973925,0.2093453725380997
crossing,100,400,4.0,0.05,0.0,137,dkw,1.0,1.0,1.0,0.0,0.0,0.0,0.0,0.018473742392366325,0.09683427142838308,0.20961305389464852,0.23553876475859858
crossing,100,400,4.0,0.05,0.0,138,cp,1.0,1.0,1.0,0.0,0.0,0.0,0.0,0.009999984635588788,0.06948618691543856,0.19106865652553723,0.2294358759457813
crossing,100,400,4.0,0.05,0.0,138,dkw,1.0,1.0,1.0,0.0,0.0,0.0,0.0,0.019123772080171193,0.09683427142838308,0.22761987702231384,0.2635515003839519
crossing,100,400,4.0,0.05,0.0,139,cp,1.0,1.0,1.0,0.0,0.0,0.0,0.0,0.01384709025202179,0.08316548437573729,0.18236960859963372,0.2224751313964881
crossing,100,400,4.0,0.05,0.0,139,dkw,1.0,1.0,1.0,0.0,0.0,0.0,0.0,0.017720461109157114,0.09683427142838308,0.2093344892933024,0.2378581622764604
crossing,100,400,4.0,0.05,0.0,140,cp,1.0,1.0,1.0,0.0,0.0,0.0,0.0,0.009430025519474798,0.06948618691543856,0.189344754608612,0.2242876643335333
crossing,100,400,4.0,0.05,0.0,140,dkw,1.0,1.0,1.0,0.0,0.0,0.0,0.0,0.013811272814401233,0.08316548437573729,0.21642445354126877,0.2370112414228855
crossing,100,400,4.0,0.05,0.0,141,cp,1.0,1.0,1.0,0.0,0.0,0.0,0.0,0.019973758865935064,0.10910957078160166,0.1970330464106122,0.2235471158201615
crossing,100,400,4.0,0.05,0.0,141,dkw,1.0,1.0,1.0,0.0,0.0,0.0,0.0,0.026477527397180314,0.12023074069810574,0.22767882363325737,0.2441183389384704
crossing,100,400,4.0,0.05,0.0,142,cp,1.0,1.0,1.0,0.0,0.0,0.0,0.0,0.02099439858290368,0.10910957078160166,0.19158202926737933,0.2224337977970684
crossing,100,400,4.0,0.05,0.0,142,dkw,1.0,1.0,1.0,0.0,0.0,0.0,0.0,0.020444214494147333,0.10910957078160166,0.2271885826438931,0.2402412353665015
crossing,100,400,4.0,0.05,0.0,143,cp,1.0,1.0,1.0,0.0,0.0,0.0,0.0,0.016873696236347584,0.09683427142838308,0.18877354891710343,0.20706739950070974
crossing,100,400,4.0,0.05,0.0,143,dkw,1.0,1.0,1.0,0.0,0.0,0.0,0.0,0.01744728022442619,0.09683427142838308,0.23033770213792124,0.2511038127498322
crossing,100,400,4.0,0.05,0.0,144,cp,1.0,1.0,1.0,0.0,0.0,0.0,0.0,0.009536294965852881,0.06948618691543856,0.20405817915776717,0.23299761476015157
crossing,100,400,4.0,0.05,0.0,144,dkw,1.0,1.0,1.0,0.0,0.0,0.0,0.0,0.011652332079845486,0.06948618691543856,0.2367209235887725,0.2529612403529668
crossing,100,400,4.0,0.05,0.0,145,cp,1.0,1.0,1.0,0.0,0.0,0.0,0.0,0.016030506135859685,0.08316548437573729,0.20050226531709142,0.22326025901032187
crossing,100,400,4.0,0.05,0.0,145,dkw,1.0,1.0,1.0,0.0,0.0,0.0,0.0,0.022484837948948996,0.09683427142838308,0.23308765016947375,0.2533230933739037
crossing,100,400,4.0,0.05,0.0,146,cp,1.0,1.0,1.0,0.0,0.0,0.0,0.0,0.018890288563531425,0.09683427142838308,0.17349113201347963,0.19594495841677173
crossing,100,400,4.0,0.05,0.0,146,dkw,1.0,1.0,1.0,0.0,0.0,0.0,0.0,0.01731765873245911,0.09683427142838308,0.2089449414049953,0.22911483541923439
crossing,100,400,4.0,0.05,0.0,147,cp,1.0,1.0,1.0,0.0,0.0,0.0,0.0,0.011609994447529392,0.05878190040811415,0.2082297517351156,0.23100881877274115
crossing,100,400,4.0,0.05,0.0,147,dkw,1.0,1.0,1.0,0.0,0.0,0.0,0.0,0.0192667848946952,0.05878190040811415,0.24296129209139525,0.26511675916790733
crossing,100,400,4.0,0.05,0.0,148,cp,1.0,1.0,1.0,0.0,0.0,0.0,0.0,0.005749204211171222,0.05878190040811415,0.1968833789912098,0.22784958206833483
crossing,100,400,4.0,0.05,0.0,148,dkw,1.0,1.0,1.0,0.0,0.0,0.0,0.0,0.008545980093325786,0.06948618691543856,0.23316937314590283,0.25998216247325384
crossing,100,400,4.0,0.05,0.0,149,cp,1.0,1.0,1.0,0.0,0.0,0.0,0.0,0.007064570373310106,0.05878190040811415,0.20041912557284253,0.23644092705366004
crossing,100,400,4.0,0.05,0.0,149,dkw,1.0,1.0,1.0,0.0,0.0,0.0,0.0,0.00984401784992765,0.06948618691543856,0.23319901722644654,0.2580093270664893
crossing,100,400,4.0,0.05,0.0,150,cp,1.0,1.0,1.0,0.0,0.0,0.0,0.0,0.004905446478273499,0.045523681005445404,0.2078473402664319,0.23778826638058415
crossing,100,400,4.0,0.05,0.0,150,dkw,1.0,1.0,1.0,0.0,0.0,0.0,0.0,0.00647101010541514,0.05878190040811415,0.24548738472476775,0.28473003488599113
crossing,100,400,4.0,0.05,0.0,151,cp,0.0,1.0,1.0,0.0,0.0,0.0,0.0,0.007885646965807847,0.045523681005445404,0.1957707684320348,0.22792025945413286
crossing,100,400,4.0,0.05,0.0,151,dkw,1.0,1.0,1.0,0.0,0.0,0.0,0.0,0.013065783094644411,0.08316548437573729,0.2437293244805533,0.29408250547351483
crossing,100,400,4.0,0.05,0.0,152,cp,1.0,1.0,1.0,0.0,0.0,0.0,0.0,0.0065367830512446014,0.05878190040811415,0.20129986474742456,0.23423634795918613
crossing,100,400,4.0,0.05,0.0,152,dkw,1.0,1.0,1.0,0.0,0.0,0.0,0.0,0.011940287105319726,0.08316548437573729,0.24496695528145568,0.2751451892833619
crossing,100,400,4.0,0.05,0.0,153,cp,1.0,1.0,1.0,0.0,0.0,0.0,0.0,0.005954154135238583,0.045523681005445404,0.1945931827841336,0.22202284149734092
crossing,100,400,4.0,0.05,0.0,153,dkw,1.0,1.0,1.0,0.0,0.0,0.0,0.0,0.016873696236347584,0.09683427142838308,0.24407537738236754,0.2920776908075535
crossing,100,400,4.0,0.05,0.0,154,cp,1.0,1.0,1.0,0.0,0.0,0.0,0.0,0.04237395895923985,0.12023074069810574,0.19418623700247292,0.228358336921333
crossing,100,400,4.0,0.05,0.0,154,dkw,1.0,1.0,1.0,0.0,0.0,0.0,0.0,0.047499462076282285,0.12023074069810574,0.21987298226730886,0.24550839301130567
crossing,100,400,4.0,0.05,0.0,155,cp,1.0,1.0,1.0,0.0,0.0,0.0,0.0,0.01104082011478828,0.06948618691543856,0.18610182671953987,0.21638260377064722
crossing,100,400,4.0,0.05,0.0,155,dkw,1.0,1.0,1.0,0.0,0.0,0.0,0.0,0.013270106540714642,0.08316548437573729,0.22720607988651564,0.25972274290711744
crossing,100,400,4.0,0.05,0.0,156,cp,1.0,1.0,1.0,0.0,0.0,0.0,0.0,0.01731765873245911,0.09683427142838308,0.18285271781628798,0.21490530425331023
crossing,100,400,4.0,0.05,0.0,156,dkw,1.0,1.0,1.0,0.0,0.0,0.0,0.0,0.016873696236347584,0.09683427142838308,0.20720434445474065,0.22575015739080728
crossing,100,400,4.0,0.05,0.0,157,cp,1.0,1.0,1.0,0.0,0.0,0.0,0.0,0.021920629665151802,0.09683427142838308,0.19514987959502908,0.22421653336571756
crossing,100,400,4.0,0.05,0.0,157,dkw,1.0,1.0,1.0,0.0,0.0,0.0,0.0,0.02327083235074174,0.09683427142838308,0.2276833668888616,0.24694102467286483
crossing,100,400,4.0,0.05,0.0,158,cp,1.0,1.0,1.0,0.0,0.0,0.0,0.0,0.011154080806392262,0.06948618691543856,0.19676195804777488,0.2147390169210175
crossing,100,400,4.0,0.05,0.0,158,dkw,1.0,1.0,1.0,0.0,0.0,0.0,0.0,0.0163436171319654,0.08316548437573729,0.23298106920700412,0.2555227432440966
crossing,100,400,4.0,0.05,0.0,159,cp,1.0,1.0,1.0,0.0,0.0,0.0,0.0,0.01140052899160756,0.05878190040811415,0.20735557693784945,0.23244914328195965
crossing,100,400,4.0,0.05,0.0,159,dkw,1.0,1.0,1.0,0.0,0.0,0.0,0.0,0.017878034543244062,0.06948618691543856,0.23671094472848486,0.2598315891887901
crossing,100,400,4.0,0.05,0.0,160,cp,1.0,1.0,1.0,0.0,0.0,0.0,0.0,0.026894073568345406,0.12023074069810574,0.18176852439036023,0.2133873247854179
crossing,100,400,4.0,0.05,0.0,160,dkw,1.0,1.0,1.0,0.0,0.0,0.0,0.0,0.027362826479525912,0.12023074069810574,0.216843293692706,0.2441183389384704
crossing,100,400,4.0,0.05,0.0,161,cp,1.0,1.0,1.0,0.0,0.0,0.0,0.0,0.017706826182858727,0.08316548437573729,0.170738052294569,0.19629205935704253
crossing,100,400,4.0,0.05,0.0,161,dkw,1.0,1.0,1.0,0.0,0.0,0.0,0.0,0.015414044049458479,0.08316548437573729,0.20598342648778759,0.2310983042557379
crossing,100,400,4.0,0.05,0.0,162,cp,1.0,1.0,1.0,0.0,0.0,0.0,0.0,0.011150385774015628,0.05878190040811415,0.19801313915204488,0.2285948328655087
crossing,100,400,4.0,0.05,0.0,162,dkw,1.0,1.0,1.0,0.0,0.0,0.0,0.0,0.021098559850556954,0.10910957078160166,0.23531562523748784,0.2781083490930968
crossing,100,400,4.0,0.05,0.0,163,cp,1.0,1.0,1.0,0.0,0.0,0.0,0.0,0.020538357830373895,0.09683427142838308,0.18108124205527357,0.20374095421090987
crossing,100,400,4.0,0.05,0.0,163,dkw,1.0,1.0,1.0,0.0,0.0,0.0,0.0,0.020538357830373895,0.09683427142838308,0.21700841151197636,0.25001849994098135
crossing,100,400,4.0,0.05,0.0,164,cp,1.0,1.0,1.0,0.0,0.0,0.0,0.0,0.010520470876992299,0.06948618691543856,0.18552112227851977,0.22324628211352204
crossing,100,400,4.0,0.05,0.0,164,dkw,1.0,1.0,1.0,0.0,0.0,0.0,0.0,0.015045460716957582,0.08316548437573729,0.2130924503075837,0.2458064121678885
crossing,100,400,4.0,0.05,0.0,165,cp,1.0,1.0,1.0,0.0,0.0,0.0,0.0,0.010682626141434406,0.06948618691543856,0.19886641159792562,0.2290823681756453
crossing,100,400,4.0,0.05,0.0,165,dkw,1.0,1.0,1.0,0.0,0.0,0.0,0.0,0.013409411861807037,0.08316548437573729,0.23270523901890613,0.2605395703140775
crossing,100,400,4.0,0.05,0.0,166,cp,1.0,1.0,1.0,0.0,0.0,0.0,0.0,0.012862937920865212,0.06948618691543856,0.18894442912549358,0.2261147088313753
crossing,100,400,4.0,0.05,0.0,166,dkw,1.0,1.0,1.0,0.0,0.0,0.0,0.0,0.012708280153413111,0.08316548437573729,0.22273792791588376,0.24878803192108512
crossing,100,400,4.0,0.05,0.0,167,cp,1.0,1.0,1.0,0.0,0.0,0.0,0.0,0.013930283132385299,0.08316548437573729,0.19715498293676625,0.23189438509636373
crossing,100,400,4.0,0.05,0.0,167,dkw,1.0,1.0,1.0,0.0,0.0,0.0,0.0,0.014677247338903264,0.08316548437573729,0.23289039253408816,0.24961036495949684
crossing,100,400,4.0,0.05,0.0,168,cp,1.0,1.0,1.0,0.0,0.0,0.0,0.0,0.006058045746491003,0.045523681005445404,0.20046776736556743,0.22502688689725298
crossing,100,400,4.0,0.05,0.0,168,dkw,1.0,1.0,1.0,0.0,0.0,0.0,0.0,0.014391792327199155,0.08316548437573729,0.2483793304119683,0.2894213039430377
crossing,100,400,4.0,0.05,0.0,169,cp,1.0,1.0,1.0,0.0,0.0,0.0,0.0,0.020544172889218303,0.10910957078160166,0.1855215163350535,0.2184303612706251
crossing,100,400,4.0,0.05,0.0,169,dkw,1.0,1.0,1.0,0.0,0.0,0.0,0.0,0.02210211750171972,0.10910957078160166,0.21151344306181113,0.23457791873928246
crossing,100,400,4.0,0.05,0.0,170,cp,1.0,1.0,1.0,0.0,0.0,0.0,0.0,0.008305430151563148,0.05878190040811415,0.1924401878634854,0.22078973101646993
crossing,100,400,4.0,0.05,0.0,170,dkw,1.0,1.0,1.0,0.0,0.0,0.0,0.0,0.016873696236347584,0.09683427142838308,0.22469509825054446,0.26741382495344657
crossing,100,400,4.0,0.05,0.0,171,cp,1.0,1.0,1.0,0.0,0.0,0.0,0.0,0.013968568952913152,0.06948618691543856,0.17748551233859236,0.2128721394240568
crossing,100,400,4.0,0.05,0.0,171,dkw,1.0,1.0,1.0,0.0,0.0,0.0,0.0,0.015414044049458479,0.08316548437573729,0.21946223949362928,0.2624769330464534
crossing,100,400,4.0,0.05,0.0,172,cp,1.0,1.0,1.0,0.0,0.0,0.0,0.0,0.014565770200434574,0.08316548437573729,0.1980702682496332,0.22534215236402788
crossing,100,400,4.0,0.05,0.0,172,dkw,1.0,1.0,1.0,0.0,0.0,0.0,0.0,0.02327083235074174,0.09683427142838308,0.22311906216343239,0.24621853180447628
crossing,100,400,4.0,0.05,0.0,173,cp,1.0,1.0,1.0,0.0,0.0,0.0,0.0,0.00473323700654439,0.045523681005445404,0.20536227804386617,0.2288196818236513
crossing,100,400,4.0,0.05,0.0,173,dkw,1.0,1.0,1.0,0.0,0.0,0.0,0.0,0.010668736802121843,0.06948618691543856,0.24062703900488505,0.2770596900332407
crossing,100,400,4.0,0.05,0.0,174,cp,1.0,1.0,1.0,0.0,0.0,0.0,0.0,0.004679915711162983,0.045523681005445404,0.20032630405627105,0.23285303823488857
crossing,100,400,4.0,0.05,0.0,174,dkw,1.0,1.0,1.0,0.0,0.0,0.0,0.0,0.007730564957071171,0.05878190040811415,0.23558241374128808,0.2540646157235272
crossing,100,400,4.0,0.05,0.0,175,cp,1.0,1.0,1.0,0.0,0.0,0.0,0.0,0.009131545986598506,0.05878190040811415,0.18814399178048963,0.21963721126040114
crossing,100,400,4.0,0.05,0.0,175,dkw,1.0,1.0,1.0,0.0,0.0,0.0,0.0,0.015045460716957582,0.08316548437573729,0.22631169409331744,0.27008083914160613
crossing,100,400,4.0,0.05,0.0,176,cp,1.0,1.0,1.0,0.0,0.0,0.0,0.0,0.013016370458749956,0.06948618691543856,0.19291035899227998,0.22742122775570478
crossing,100,400,4.0,0.05,0.0,176,dkw,1.0,1.0,1.0,0.0,0.0,0.0,0.0,0.02187395080632704,0.10910957078160166,0.23317923301918453,0.270609204687952
crossing,100,400,4.0,0.05,0.0,177,cp,1.0,1.0,1.0,0.0,0.0,0.0,0.0,0.022084995304068506,0.06948618691543856,0.20266294329663181,0.22832254026206988
crossing,100,400,4.0,0.05,0.0,177,dkw,1.0,1.0,1.0,0.0,0.0,0.0,0.0,0.028516530668363602,0.06948618691543856,0.2303768256218663,0.24654779934751148
crossing,100,400,4.0,0.05,0.0,178,cp,1.0,1.0,1.0,0.0,0.0,0.0,0.0,0.01102160251856505,0.045523681005445404,0.2070707105729428,0.22622674549796207
crossing,100,400,4.0,0.05,0.0,178,dkw,1.0,1.0,1.0,0.0,0.0,0.0,0.0,0.012115330449579744,0.045523681005445404,0.24125562792135555,0.26366119888067113
crossing,100,400,4.0,0.05,0.0,179,cp,1.0,1.0,1.0,0.0,0.0,0.0,0.0,0.01448612708494394,0.08316548437573729,0.1858356896680499,0.20195628908087415
crossing,100,400,4.0,0.05,0.0,179,dkw,1.0,1.0,1.0,0.0,0.0,0.0,0.0,0.014288548060133794,0.08316548437573729,0.23053720669603361,0.2555227432440966
crossing,100,400,4.0,0.05,0.0,180,cp,1.0,1.0,1.0,0.0,0.0,0.0,0.0,0.019482376498543154,0.09683427142838308,0.19147723409766082,0.21932427160196188
crossing,100,400,4.0,0.05,0.0,180,dkw,1.0,1.0,1.0,0.0,0.0,0.0,0.0,0.02274941197856447,0.09683427142838308,0.21710548111182187,0.2456819251206238
crossing,100,400,4.0,0.05,0.0,181,cp,1.0,1.0,1.0,0.0,0.0,0.0,0.0,0.01286981322264406,0.06948618691543856,0.20357004813737783,0.2258100503918341
crossing,100,400,4.0,0.05,0.0,181,dkw,1.0,1.0,1.0,0.0,0.0,0.0,0.0,0.012837901645380189,0.08316548437573729,0.2321481820366973,0.25444848010429627
crossing,100,400,4.0,0.05,0.0,182,cp,1.0,1.0,1.0,0.0,0.0,0.0,0.0,0.012064636743427998,0.06948618691543856,0.1909592397799676,0.20651643229333094
crossing,100,400,4.0,0.05,0.0,182,dkw,1.0,1.0,1.0,0.0,0.0,0.0,0.0,0.012311020214729377,0.06948618691543856,0.22845013159497637,0.2478548340594306
crossing,100,400,4.0,0.05,0.0,183,cp,1.0,1.0,1.0,0.0,0.0,0.0,0.0,0.014026160994309457,0.05878190040811415,0.20907866168766098,0.2393364806240128
crossing,100,400,4.0,0.05,0.0,183,dkw,1.0,1.0,1.0,0.0,0.0,0.0,0.0,0.02280600304694451,0.06948618691543856,0.23440284264850042,0.25837627405947394
crossing,100,400,4.0,0.05,0.0,184,cp,1.0,1.0,1.0,0.0,0.0,0.0,0.0,0.011841137373245643,0.04185042596109789,0.22171448820581738,0.24285406244446917
crossing,100,400,4.0,0.05,0.0,184,dkw,1.0,1.0,1.0,0.0,0.0,0.0,0.0,0.017564825395498376,0.049639648412025394,0.2624745925374736,0.30018126404127643
crossing,100,400,4.0,0.05,0.0,185,cp,1.0,1.0,1.0,0.0,0.0,0.0,0.0,0.009679204920053641,0.06948618691543856,0.18795435462700177,0.22082071570694922
crossing,100,400,4.0,0.05,0.0,185,dkw,1.0,1.0,1.0,0.0,0.0,0.0,0.0,0.013930283132385299,0.08316548437573729,0.21855208229319303,0.2464554332372702
crossing,100,400,4.0,0.05,0.0,186,cp,1.0,1.0,1.0,0.0,0.0,0.0,0.0,0.01055813132866701,0.06948618691543856,0.20003872650602883,0.2340517049887897
crossing,100,400,4.0,0.05,0.0,186,dkw,1.0,1.0,1.0,0.0,0.0,0.0,0.0,0.012730637079562785,0.08316548437573729,0.24230155543103934,0.2747018061877533
crossing,100,400,4.0,0.05,0.0,187,cp,1.0,1.0,1.0,0.0,0.0,0.0,0.0,0.02328321440535697,0.10910957078160166,0.17406876225950885,0.2039053077076114
crossing,100,400,4.0,0.05,0.0,187,dkw,1.0,1.0,1.0,0.0,0.0,0.0,0.0,0.02328321440535697,0.10910957078160166,0.20204984833355877,0.22759456762248353
crossing,100,400,4.0,0.05,0.0,188,cp,1.0,1.0,1.0,0.0,0.0,0.0,0.0,0.00550090409443611,0.045523681005445404,0.20919297922165167,0.23877338794277891
crossing,100,400,4.0,0.05,0.0,188,dkw,1.0,1.0,1.0,0.0,0.0,0.0,0.0,0.009881065414511645,0.05878190040811415,0.25143212496928025,0.28608233865015575
crossing,100,400,4.0,0.05,0.0,189,cp,1.0,1.0,1.0,0.0,0.0,0.0,0.0,0.01660400793669811,0.09683427142838308,0.19321147913769476,0.22741487074235234
crossing,100,400,4.0,0.05,0.0,189,dkw,1.0,1.0,1.0,0.0,0.0,0.0,0.0,0.01763340325677392,0.09683427142838308,0.21942062647708216,0.2409672024987145
crossing,100,400,4.0,0.05,0.0,190,cp,1.0,1.0,1.0,0.0,0.0,0.0,0.0,0.02176601370024335,0.05878190040811415,0.21257025609907942,0.24144926996895627
crossing,100,400,4.0,0.05,0.0,190,dkw,1.0,1.0,1.0,0.0,0.0,0.0,0.0,0.02995686668870096,0.06948618691543856,0.24805186240918103,0.2633035963671527
crossing,100,400,4.0,0.05,0.0,191,cp,1.0,1.0,1.0,0.0,0.0,0.0,0.0,0.014225897516880321,0.08316548437573729,0.19690619737289283,0.21810695689517257
crossing,100,400,4.0,0.05,0.0,191,dkw,1.0,1.0,1.0,0.0,0.0,0.0,0.0,0.017120079707648964,0.09683427142838308,0.23255009423634146,0.2541346178744077
crossing,100,400,4.0,0.05,0.0,192,cp,1.0,1.0,1.0,0.0,0.0,0.0,0.0,0.02257148777385134,0.08316548437573729,0.2039582859081945,0.2314603751695643
crossing,100,400,4.0,0.05,0.0,192,dkw,1.0,1.0,1.0,0.0,0.0,0.0,0.0,0.023421959464359557,0.10910957078160166,0.23977297468676312,0.26209183502342903
crossing,100,400,4.0,0.05,0.0,193,cp,1.0,1.0,1.0,0.0,0.0,0.0,0.0,0.013774411551190656,0.03723635987812823,0.2118626925024514,0.24144926996895627
crossing,100,400,4.0,0.05,0.0,193,dkw,1.0,1.0,1.0,0.0,0.0,0.0,0.0,0.01018381531415388,0.06948618691543856,0.2573574820592398,0.2880701280967208
crossing,100,400,4.0,0.05,0.0,194,cp,1.0,1.0,1.0,0.0,0.0,0.0,0.0,0.011273752160201512,0.06948618691543856,0.20307451372501767,0.22377974624711072
crossing,100,400,4.0,0.05,0.0,194,dkw,1.0,1.0,1.0,0.0,0.0,0.0,0.0,0.019218086755308752,0.08316548437573729,0.23879177756213,0.27105579077316994
crossing,100,400,4.0,0.05,0.0,195,cp,1.0,1.0,1.0,0.0,0.0,0.0,0.0,0.027626317504449417,0.08316548437573729,0.20299277814729827,0.23125975152787526
crossing,100,400,4.0,0.05,0.0,195,dkw,1.0,1.0,1.0,0.0,0.0,0.0,0.0,0.02728630284393937,0.08316548437573729,0.23636108114686838,0.24334330449795522
crossing,100,400,4.0,0.05,0.0,196,cp,1.0,1.0,1.0,0.0,0.0,0.0,0.0,0.014280909984485425,0.08316548437573729,0.18108019344527,0.21432585500227347
crossing,100,400,4.0,0.05,0.0,196,dkw,1.0,1.0,1.0,0.0,0.0,0.0,0.0,0.014889716424244486,0.08316548437573729,0.21517497733241547,0.24054903024925628
crossing,100,400,4.0,0.05,0.0,197,cp,1.0,1.0,1.0,0.0,0.0,0.0,0.0,0.037408938394079,0.09683427142838308,0.17657489334026447,0.21968126112597391
crossing,100,400,4.0,0.05,0.0,197,dkw,1.0,1.0,1.0,0.0,0.0,0.0,0.0,0.02484744994351426,0.09683427142838308,0.21311414672169512,0.22722583087735604
crossing,100,400,4.0,0.05,0.0,198,cp,1.0,1.0,1.0,0.0,0.0,0.0,0.0,0.00758991759770145,0.05878190040811415,0.19134405976515192,0.2265941778973236
crossing,100,400,4.0,0.05,0.0,198,dkw,1.0,1.0,1.0,0.0,0.0,0.0,0.0,0.017720461109157114,0.09683427142838308,0.23384725924583796,0.27963126502739044
crossing,100,400,4.0,0.05,0.0,199,cp,1.0,1.0,1.0,0.0,0.0,0.0,0.0,0.02323412735800496,0.10910957078160166,0.1948993237103305,0.2181761352561835
crossing,100,400,4.0,0.05,0.0,199,dkw,1.0,1.0,1.0,0.0,0.0,0.0,0.0,0.02152655335461042,0.10910957078160166,0.22968836283943617,0.2502451509909408
crossing,100,400,4.0,0.05,0.0,200,cp,1.0,1.0,1.0,0.0,0.0,0.0,0.0,0.018707948841789786,0.08316548437573729,0.16498469556712592,0.18129075155807844
crossing,100,400,4.0,0.05,0.0,200,dkw,1.0,1.0,1.0,0.0,0.0,0.0,0.0,0.017706826182858727,0.08316548437573729,0.2033510899487969,0.23195484577656683
crossing,100,400,4.0,0.05,0.0,201,cp,1.0,1.0,1.0,0.0,0.0,0.0,0.0,0.01744728022442619,0.09683427142838308,0.18831745722422608,0.21962765838090892
crossing,100,400,4.0,0.05,0.0,201,dkw,1.0,1.0,1.0,0.0,0.0,0.0,0.0,0.01917514877948057,0.09683427142838308,0.21379919577598014,0.2379443950821658
crossing,100,400,4.0,0.05,0.0,202,cp,1.0,1.0,1.0,0.0,0.0,0.0,0.0,0.004124053089342019,0.045523681005445404,0.20580057957521988,0.22622294062504855
crossing,100,400,4.0,0.05,0.0,202,dkw,1.0,1.0,1.0,0.0,0.0,0.0,0.0,0.01083092692227851,0.06948618691543856,0.24616123971621756,0.2859725008085544
crossing,100,400,4.0,0.05,0.0,203,cp,1.0,1.0,1.0,0.0,0.0,0.0,0.0,0.02070641946828682,0.047678925829108376,0.19974252964693742,0.2343213066701998
crossing,100,400,4.0,0.05,0.0,203,dkw,1.0,1.0,1.0,0.0,0.0,0.0,0.0,0.012738817283102999,0.05878190040811415,0.250680607844953,0.29146042123950944
crossing,100,400,4.0,0.05,0.0,204,cp,1.0,1.0,1.0,0.0,0.0,0.0,0.0,0.007566561425786627,0.05878190040811415,0.19740179475123082,0.21668123133711925
crossing,100,400,4.0,0.05,0.0,204,dkw,1.0,1.0,1.0,0.0,0.0,0.0,0.0,0.015642210744851157,0.08316548437573729,0.23451157053775198,0.27283182589064753
crossing,100,400,4.0,0.05,0.0,205,cp,1.0,1.0,1.0,0.0,0.0,0.0,0.0,0.014889716424244486,0.08316548437573729,0.1828371673387967,0.20598759313053383
crossing,100,400,4.0,0.05,0.0,205,dkw,1.0,1.0,1.0,0.0,0.0,0.0,0.0,0.014203532017632324,0.08316548437573729,0.20865160688046516,0.22156874929568637
crossing,100,400,4.0,0.05,0.0,206,cp,1.0,1.0,1.0,0.0,0.0,0.0,0.0,0.0066949421024010735,0.05878190040811415,0.19578567483887624,0.2349029549382975
crossing,100,400,4.0,0.05,0.0,206,dkw,1.0,1.0,1.0,0.0,0.0,0.0,0.0,0.009406673473885803,0.06948618691543856,0.2281299726950624,0.25606172530052407
crossing,100,400,4.0,0.05,0.0,207,cp,1.0,1.0,1.0,0.0,0.0,0.0,0.0,0.005215285409462061,0.045523681005445404,0.199967085048341,0.215367757858144
crossing,100,400,4.0,0.05,0.0,207,dkw,1.0,1.0,1.0,0.0,0.0,0.0,0.0,0.015066646597741862,0.08316548437573729,0.24158444224566558,0.27887089710522933
crossing,100,400,4.0,0.05,0.0,208,cp,1.0,1.0,1.0,0.0,0.0,0.0,0.0,0.014042164588832416,0.08316548437573729,0.1857259684642893,0.20613233593825264
crossing,100,400,4.0,0.05,0.0,208,dkw,1.0,1.0,1.0,0.0,0.0,0.0,0.0,0.014615748576911019,0.08316548437573729,0.21967129044415085,0.2328938526207801
crossing,100,400,4.0,0.05,0.0,209,cp,1.0,1.0,1.0,0.0,0.0,0.0,0.0,0.02549885735646732,0.08316548437573729,0.18836850087817958,0.22450646433721966
crossing,100,400,4.0,0.05,0.0,209,dkw,1.0,1.0,1.0,0.0,0.0,0.0,0.0,0.020667450261283676,0.08316548437573729,0.21569396881557495,0.24078657952021387
crossing,100,400,4.0,0.05,0.0,210,cp,1.0,1.0,1.0,0.0,0.0,0.0,0.0,0.018495309517271165,0.09683427142838308,0.19363961043346914,0.2267158510701654
crossing,100,400,4.0,0.05,0.0,210,dkw,1.0,1.0,1.0,0.0,0.0,0.0,0.0,0.025803628210827913,0.12023074069810574,0.22714042070757126,0.25388975193469915
crossing,100,400,4.0,0.05,0.0,211,cp,1.0,1.0,1.0,0.0,0.0,0.0,0.0,0.007257427351972332,0.05878190040811415,0.1988145468712945,0.23336440428036237
crossing,100,400,4.0,0.05,0.0,211,dkw,1.0,1.0,1.0,0.0,0.0,0.0,0.0,0.008522231445472645,0.06948618691543856,0.23521948666737785,0.2726393532129817
crossing,100,400,4.0,0.05,0.0,212,cp,0.0,1.0,1.0,0.0,0.0,0.0,0.0,0.012393650965119513,0.049622241976431836,0.22286562913128513,0.24620194827130393
crossing,100,400,4.0,0.05,0.0,212,dkw,1.0,1.0,1.0,0.0,0.0,0.0,0.0,0.007552029331573125,0.045523681005445404,0.2580723176452203,0.27223269027994124
crossing,100,400,4.0,0.05,0.0,213,cp,1.0,1.0,1.0,0.0,0.0,0.0,0.0,0.01324670885051364,0.08316548437573729,0.19263210545990844,0.21450739223063053
crossing,100,400,4.0,0.05,0.0,213,dkw,1.0,1.0,1.0,0.0,0.0,0.0,0.0,0.017172265223205255,0.08316548437573729,0.22257839244614952,0.24703699150159064
crossing,100,400,4.0,0.05,0.0,214,cp,1.0,1.0,1.0,0.0,0.0,0.0,0.0,0.022338581707665103,0.06948618691543856,0.1953980482585689,0.2337229752439448
crossing,100,400,4.0,0.05,0.0,214,dkw,1.0,1.0,1.0,0.0,0.0,0.0,0.0,0.014719338133131848,0.08316548437573729,0.22980995948214505,0.2479391796083391
crossing,100,400,4.0,0.05,0.0,215,cp,1.0,1.0,1.0,0.0,0.0,0.0,0.0,0.01812771117444105,0.08316548437573729,0.19681221056540124,0.22850817806422896
crossing,100,400,4.0,0.05,0.0,215,dkw,1.0,1.0,1.0,0.0,0.0,0.0,0.0,0.02334932113128702,0.10910957078160166,0.23676026562492164,0.2640984586699159
crossing,100,400,4.0,0.05,0.0,216,cp,1.0,1.0,1.0,0.0,0.0,0.0,0.0,0.010256234409206344,0.06948618691543856,0.2068708163013703,0.23732484516510793
crossing,100,400,4.0,0.05,0.0,216,dkw,1.0,1.0,1.0,0.0,0.0,0.0,0.0,0.0118691351824597,0.06948618691543856,0.2439048875025459,0.26124513395487575
crossing,100,400,4.0,0.05,0.0,217,cp,1.0,1.0,1.0,0.0,0.0,0.0,0.0,0.017562106781590384,0.05878190040811415,0.19866598475546085,0.21812105699700246
crossing,100,400,4.0,0.05,0.0,217,dkw,1.0,1.0,1.0,0.0,0.0,0.0,0.0,0.01917514877948057,0.09683427142838308,0.2429239403072674,0.27963126502739044
crossing,100,400,4.0,0.05,0.0,218,cp,1.0,1.0,1.0,0.0,0.0,0.0,0.0,0.02072680956145895,0.10910957078160166,0.1853761718945669,0.2180989745466017
crossing,100,400,4.0,0.05,0.0,218,dkw,1.0,1.0,1.0,0.0,0.0,0.0,0.0,0.020282847065347425,0.10910957078160166,0.2104691123605656,0.22550690672356888
crossing,100,400,4.0,0.05,0.0,219,cp,1.0,1.0,1.0,0.0,0.0,0.0,0.0,0.023232766001232145,0.09683427142838308,0.19361841193415594,0.22939335228860153
crossing,100,400,4.0,0.05,0.0,219,dkw,1.0,1.0,1.0,0.0,0.0,0.0,0.0,0.018274468168277217,0.09683427142838308,0.22102093348427945,0.2398858826684359
crossing,100,400,4.0,0.05,0.0,220,cp,1.0,1.0,1.0,0.0,0.0,0.0,0.0,0.018918831574092906,0.09683427142838308,0.17611927649832895,0.2131180252856359
crossing,100,400,4.0,0.05,0.0,220,dkw,1.0,1.0,1.0,0.0,0.0,0.0,0.0,0.02328321440535697,0.10910957078160166,0.21696923208771235,0.2588895494622072
crossing,100,400,4.0,0.05,0.0,221,cp,1.0,1.0,1.0,0.0,0.0,0.0,0.0,0.01268574375981566,0.045523681005445404,0.20659144573541646,0.23841887901132153
crossing,100,400,4.0,0.05,0.0,221,dkw,1.0,1.0,1.0,0.0,0.0,0.0,0.0,0.007964353797439965,0.05878190040811415,0.24966454751903522,0.2906611591150795
crossing,100,400,4.0,0.05,0.0,222,cp,1.0,1.0,1.0,0.0,0.0,0.0,0.0,0.03132818591210182,0.1303854875283446,0.18447777708928167,0.21053847473697285
crossing,100,400,4.0,0.05,0.0,222,dkw,1.0,1.0,1.0,0.0,0.0,0.0,0.0,0.030400268947587277,0.1303854875283446,0.21485247612933414,0.23923615054698688
crossing,100,400,4.0,0.05,0.0,223,cp,1.0,1.0,1.0,0.0,0.0,0.0,0.0,0.015172088532336798,0.08316548437573729,0.19897583011554396,0.2360513388315183
crossing,100,400,4.0,0.05,0.0,223,dkw,1.0,1.0,1.0,0.0,0.0,0.0,0.0,0.012733292848915294,0.08316548437573729,0.23197309827908527,0.25174050460953484
crossing,100,400,4.0,0.05,0.0,224,cp,1.0,1.0,1.0,0.0,0.0,0.0,0.0,0.010747869854998366,0.06948618691543856,0.18758199612778134,0.21055050343668053
crossing,100,400,4.0,0.05,0.0,224,dkw,1.0,1.0,1.0,0.0,0.0,0.0,0.0,0.014002293141031493,0.08316548437573729,0.22971748038013368,0.2634073133004349
crossing,100,400,4.0,0.05,0.0,225,cp,1.0,1.0,1.0,0.0,0.0,0.0,0.0,0.016011236987265195,0.09683427142838308,0.18471779987216574,0.22310295236146943
crossing,100,400,4.0,0.05,0.0,225,dkw,1.0,1.0,1.0,0.0,0.0,0.0,0.0,0.02027755956601526,0.10910957078160166,0.20922638585446868,0.2324389124453612
crossing,100,400,4.0,0.05,0.0,226,cp,1.0,1.0,1.0,0.0,0.0,0.0,0.0,0.017172265223205255,0.08316548437573729,0.1920910279461694,0.22348939888458896
crossing,100,400,4.0,0.05,0.0,226,dkw,1.0,1.0,1.0,0.0,0.0,0.0,0.0,0.02043930070322657,0.08316548437573729,0.22344789175777016,0.24648871637391911
crossing,100,400,4.0,0.05,0.0,227,cp,1.0,1.0,1.0,0.0,0.0,0.0,0.0,0.007885646965807847,0.045523681005445404,0.19640591017475956,0.22892194199336002
crossing,100,400,4.0,0.05,0.0,227,dkw,1.0,1.0,1.0,0.0,0.0,0.0,0.0,0.02187395080632704,0.10910957078160166,0.23807257566676632,0.2887058752032712
crossing,100,400,4.0,0.05,0.0,228,cp,1.0,1.0,1.0,0.0,0.0,0.0,0.0,0.024724900226912136,0.06948618691543856,0.19514741793972767,0.22949097469423008
crossing,100,400,4.0,0.05,0.0,228,dkw,1.0,1.0,1.0,0.0,0.0,0.0,0.0,0.014812100082679767,0.06948618691543856,0.2265190854512874,0.2385933801741238
crossing,100,400,4.0,0.05,0.0,229,cp,1.0,1.0,1.0,0.0,0.0,0.0,0.0,0.019384194020402794,0.08316548437573729,0.1998489560960804,0.21982906262271462
crossing,100,400,4.0,0.05,0.0,229,dkw,1.0,1.0,1.0,0.0,0.0,0.0,0.0,0.02107565533377958,0.10910957078160166,0.23011302746618148,0.26119441777579944
crossing,100,400,4.0,0.05,0.0,230,cp,1.0,1.0,1.0,0.0,0.0,0.0,0.0,0.002960063221900537,0.028545808724175337,0.2081368033386655,0.23888075730870606
crossing,100,400,4.0,0.05,0.0,230,dkw,1.0,1.0,1.0,0.0,0.0,0.0,0.0,0.00713228647844292,0.05878190040811415,0.24676221406437193,0.2806292344579817
crossing,100,400,4.0,0.05,0.0,231,cp,1.0,1.0,1.0,0.0,0.0,0.0,0.0,0.013130382568280757,0.06948618691543856,0.2118271193151852,0.2413521198023929
crossing,100,400,4.0,0.05,0.0,231,dkw,1.0,1.0,1.0,0.0,0.0,0.0,0.0,0.017008240913935723,0.08316548437573729,0.24759803081268433,0.26736024003036357
crossing,100,400,4.0,0.05,0.0,232,cp,1.0,1.0,1.0,0.0,0.0,0.0,0.0,0.03101650363723905,0.06948618691543856,0.20918581797505392,0.2341091672277913
crossing,100,400,4.0,0.05,0.0,232,dkw,1.0,1.0,1.0,0.0,0.0,0.0,0.0,0.03454337435514305,0.08316548437573729,0.2367260864447985,0.2601045465762726
crossing,100,400,4.0,0.05,0.0,233,cp,1.0,1.0,1.0,0.0,0.0,0.0,0.0,0.013085050418542837,0.06948618691543856,0.1734413972360697,0.21283515746067544
crossing,100,400,4.0,0.05,0.0,233,dkw,1.0,1.0,1.0,0.0,0.0,0.0,0.0,0.014203532017632324,0.08316548437573729,0.22578944201818543,0.2686040385866398
crossing,100,400,4.0,0.05,0.0,234,cp,1.0,1.0,1.0,0.0,0.0,0.0,0.0,0.0057322094798609126,0.028545808724175337,0.20277318232465313,0.23546874505180082
crossing,100,400,4.0,0.05,0.0,234,dkw,1.0,1.0,1.0,0.0,0.0,0.0,0.0,0.009369783280884716,0.06948618691543856,0.25429771733734424,0.3093630593263433
crossing,100,400,4.0,0.05,0.0,235,cp,1.0,1.0,1.0,0.0,0.0,0.0,0.0,0.010914168933585447,0.05878190040811415,0.1988369043506626,0.23278819164648823
crossing,100,400,4.0,0.05,0.0,235,dkw,1.0,1.0,1.0,0.0,0.0,0.0,0.0,0.012927229160828864,0.08316548437573729,0.23897473728531424,0.26429213660809314
crossing,100,400,4.0,0.05,0.0,236,cp,1.0,1.0,1.0,0.0,0.0,0.0,0.0,0.01745535300733403,0.09683427142838308,0.20007357531072437,0.2233222856132404
crossing,100,400,4.0,0.05,0.0,236,dkw,1.0,1.0,1.0,0.0,0.0,0.0,0.0,0.019447792550074398,0.09683427142838308,0.23376349022387244,0.2449164799603506
crossing,100,400,4.0,0.05,0.0,237,cp,1.0,1.0,1.0,0.0,0.0,0.0,0.0,0.02287778557829488,0.09683427142838308,0.18819115167056313,0.22426168322485363
crossing,100,400,4.0,0.05,0.0,237,dkw,1.0,1.0,1.0,0.0,0.0,0.0,0.0,0.017133404700911084,0.09683427142838308,0.21728570688274224,0.23196938414465385
crossing,100,400,4.0,0.05,0.0,238,cp,1.0,1.0,1.0,0.0,0.0,0.0,0.0,0.01448612708494394,0.08316548437573729,0.18515912461033274,0.20392074530082316
crossing,100,400,4.0,0.05,0.0,238,dkw,1.0,1.0,1.0,0.0,0.0,0.0,0.0,0.014002293141031493,0.08316548437573729,0.2231586268917938,0.23712038255454165
crossing,100,400,4.0,0.05,0.0,239,cp,1.0,1.0,1.0,0.0,0.0,0.0,0.0,0.023247285905781935,0.09683427142838308,0.18920249393701613,0.2175558596539191
crossing,100,400,4.0,0.05,0.0,239,dkw,1.0,1.0,1.0,0.0,0.0,0.0,0.0,0.020462199897900053,0.10910957078160166,0.21889484593931705,0.23474825301469737
crossing,100,400,4.0,0.05,0.0,240,cp,1.0,1.0,1.0,0.0,0.0,0.0,0.0,0.0069351487434877405,0.04760672167190627,0.2161982387582936,0.2391832218036536
crossing,100,400,4.0,0.05,0.0,240,dkw,1.0,1.0,1.0,0.0,0.0,0.0,0.0,0.006131084308735959,0.045523681005445404,0.26958209162974,0.3215784993012385
crossing,100,400,4.0,0.05,0.0,241,cp,1.0,1.0,1.0,0.0,0.0,0.0,0.0,0.00973916371961492,0.06948618691543856,0.1867955369648835,0.22707856655469016
crossing,100,400,4.0,0.05,0.0,241,dkw,1.0,1.0,1.0,0.0,0.0,0.0,0.0,0.01586523621077318,0.09683427142838308,0.23224144571328853,0.2572038581975733
crossing,100,400,4.0,0.05,0.0,242,cp,1.0,1.0,1.0,0.0,0.0,0.0,0.0,0.024001986666227503,0.08316548437573729,0.20595437804493053,0.2324736583584669
crossing,100,400,4.0,0.05,0.0,242,dkw,1.0,1.0,1.0,0.0,0.0,0.0,0.0,0.022803523888833964,0.10910957078160166,0.24079352933859496,0.2588895494622072
crossing,100,400,4.0,0.05,0.0,243,cp,1.0,1.0,1.0,0.0,0.0,0.0,0.0,0.018890288563531425,0.09683427142838308,0.18411055662447187,0.20830672632627506
crossing,100,400,4.0,0.05,0.0,243,dkw,1.0,1.0,1.0,0.0,0.0,0.0,0.0,0.017721248071759656,0.09683427142838308,0.21667711476962367,0.2409636495896621
crossing,100,400,4.0,0.05,0.0,244,cp,1.0,1.0,1.0,0.0,0.0,0.0,0.0,0.029188991744699105,0.09683427142838308,0.19377391455086154,0.2230467143930695
crossing,100,400,4.0,0.05,0.0,244,dkw,1.0,1.0,1.0,0.0,0.0,0.0,0.0,0.022381000821071254,0.09683427142838308,0.2254887827009287,0.24481042571508893
crossing,100,400,4.0,0.05,0.0,245,cp,1.0,1.0,1.0,0.0,0.0,0.0,0.0,0.007680130987025127,0.05878190040811415,0.19812961590367437,0.23280500104095136
crossing,100,400,4.0,0.05,0.0,245,dkw,1.0,1.0,1.0,0.0,0.0,0.0,0.0,0.014090983663057737,0.06948618691543856,0.22645489424075577,0.25063743997831783
crossing,100,400,4.0,0.05,0.0,246,cp,0.0,1.0,1.0,0.0,0.0,0.0,0.0,0.017706826182858727,0.08316548437573729,0.1798694074634467,0.20279736833338058
crossing,100,400,4.0,0.05,0.0,246,dkw,1.0,1.0,1.0,0.0,0.0,0.0,0.0,0.01682330764848841,0.08316548437573729,0.2114340798540691,0.22995992874931992
crossing,100,400,4.0,0.05,0.0,247,cp,1.0,1.0,1.0,0.0,0.0,0.0,0.0,0.006834388863251095,0.045523681005445404,0.20507674651847196,0.2396254404246183
crossing,100,400,4.0,0.05,0.0,247,dkw,1.0,1.0,1.0,0.0,0.0,0.0,0.0,0.008449461005646731,0.05878190040811415,0.2396636224795645,0.25718041122343427
crossing,100,400,4.0,0.05,0.0,248,cp,1.0,1.0,1.0,0.0,0.0,0.0,0.0,0.016873696236347584,0.09683427142838308,0.17663744968943987,0.2045210260053587
crossing,100,400,4.0,0.05,0.0,248,dkw,1.0,1.0,1.0,0.0,0.0,0.0,0.0,0.01744728022442619,0.09683427142838308,0.20368126133364112,0.2297578246476144
crossing,100,400,4.0,0.05,0.0,249,cp,1.0,1.0,1.0,0.0,0.0,0.0,0.0,0.003048313902428863,0.028545808724175337,0.2028822695806328,0.23342212879773472
crossing,100,400,4.0,0.05,0.0,249,dkw,1.0,1.0,1.0,0.0,0.0,0.0,0.0,0.00892442583782341,0.06948618691543856,0.24972608519575004,0.2988601188792293
crossing,100,400,4.0,0.05,0.0,250,cp,1.0,1.0,1.0,0.0,0.0,0.0,0.0,0.006658051909399987,0.05878190040811415,0.19434320643978473,0.23320567163476913
crossing,100,400,4.0,0.05,0.0,250,dkw,1.0,1.0,1.0,0.0,0.0,0.0,0.0,0.006254462570099441,0.05878190040811415,0.22329399949127735,0.2523197485992904
crossing,100,400,4.0,0.05,0.0,251,cp,1.0,1.0,1.0,0.0,0.0,0.0,0.0,0.009214836094400927,0.06948618691543856,0.1893988542542374,0.22547346778826194
crossing,100,400,4.0,0.05,0.0,251,dkw,1.0,1.0,1.0,0.0,0.0,0.0,0.0,0.011991865353637858,0.08316548437573729,0.2216441531979866,0.24260293909864622
crossing,100,400,4.0,0.05,0.0,252,cp,1.0,1.0,1.0,0.0,0.0,0.0,0.0,0.013016370458749956,0.06948618691543856,0.19512908853701283,0.2260778856427353
crossing,100,400,4.0,0.05,0.0,252,dkw,1.0,1.0,1.0,0.0,0.0,0.0,0.0,0.021349623181113046,0.10910957078160166,0.23074239014588396,0.27403522096549277
crossing,100,400,4.0,0.05,0.0,253,cp,1.0,1.0,1.0,0.0,0.0,0.0,0.0,0.009931315840902878,0.06948618691543856,0.19314423789595253,0.22547802888488827
crossing,100,400,4.0,0.05,0.0,253,dkw,1.0,1.0,1.0,0.0,0.0,0.0,0.0,0.012708280153413111,0.08316548437573729,0.22872876980477858,0.26798379013360685
crossing,100,400,4.0,0.05,0.0,254,cp,1.0,1.0,1.0,0.0,0.0,0.0,0.0,0.02431456395922221,0.058825261586128885,0.21110557127787177,0.2283538686101314
crossing,100,400,4.0,0.05,0.0,254,dkw,1.0,1.0,1.0,0.0,0.0,0.0,0.0,0.033031111408640776,0.06948618691543856,0.24942699536543964,0.28338768544154347
crossing,100,400,4.0,0.05,0.0,255,cp,1.0,1.0,1.0,0.0,0.0,0.0,0.0,0.010092075267070882,0.05878190040811415,0.20060926557225664,0.22302608146978575
crossing,100,400,4.0,0.05,0.0,255,dkw,1.0,1.0,1.0,0.0,0.0,0.0,0.0,0.01711268132819708,0.06948618691543856,0.22976859135389563,0.2507357996789474
crossing,100,400,4.0,0.05,0.0,256,cp,1.0,1.0,1.0,0.0,0.0,0.0,0.0,0.01641482632656574,0.09683427142838308,0.19013271054563055,0.22557136192984573
crossing,100,400,4.0,0.05,0.0,256,dkw,1.0,1.0,1.0,0.0,0.0,0.0,0.0,0.020502071345700975,0.10910957078160166,0.22393921071234474,0.2504403850823046
crossing,100,400,4.0,0.05,0.0,257,cp,1.0,1.0,1.0,0.0,0.0,0.0,0.0,0.019651779610539058,0.09683427142838308,0.193049326779114,0.22694404965878168
crossing,100,400,4.0,0.05,0.0,257,dkw,1.0,1.0,1.0,0.0,0.0,0.0,0.0,0.02121757016854102,0.10910957078160166,0.22196121102414282,0.25319876451258894
crossing,100,400,4.0,0.05,0.0,258,cp,1.0,1.0,1.0,0.0,0.0,0.0,0.0,0.020538357830373895,0.09683427142838308,0.17300934293804715,0.19437486738389687
crossing,100,400,4.0,0.05,0.0,258,dkw,1.0,1.0,1.0,0.0,0.0,0.0,0.0,0.020538357830373895,0.09683427142838308,0.20906595698566616,0.23824233330236777
crossing,100,400,4.0,0.05,0.0,259,cp,1.0,1.0,1.0,0.0,0.0,0.0,0.0,0.022917021476917335,0.09683427142838308,0.1857859593870436,0.21256841858531217
crossing,100,400,4.0,0.05,0.0,259,dkw,1.0,1.0,1.0,0.0,0.0,0.0,0.0,0.016873696236347584,0.09683427142838308,0.2127099918640938,0.23467784927840096
crossing,100,400,4.0,0.05,0.0,260,cp,1.0,1.0,1.0,0.0,0.0,0.0,0.0,0.011146442730743894,0.06948618691543856,0.18515415229083984,0.21525288114683006
crossing,100,400,4.0,0.05,0.0,260,dkw,1.0,1.0,1.0,0.0,0.0,0.0,0.0,0.013444287875323787,0.08316548437573729,0.2247371710692048,0.2640147310882331
crossing,100,400,4.0,0.05,0.0,261,cp,1.0,1.0,1.0,0.0,0.0,0.0,0.0,0.005224241565583947,0.045523681005445404,0.20937416091044972,0.23310922189945027
crossing,100,400,4.0,0.05,0.0,261,dkw,1.0,1.0,1.0,0.0,0.0,0.0,0.0,0.014001869629523695,0.08316548437573729,0.2475258086203179,0.27887089710522933
crossing,100,400,4.0,0.05,0.0,262,cp,1.0,1.0,1.0,0.0,0.0,0.0,0.0,0.020194938813058755,0.08316548437573729,0.1904893736735918,0.21209160305274255
crossing,100,400,4.0,0.05,0.0,262,dkw,1.0,1.0,1.0,0.0,0.0,0.0,0.0,0.017172265223205255,0.08316548437573729,0.22543503905060822,0.24260293909864622
crossing,100,400,4.0,0.05,0.0,263,cp,1.0,1.0,1.0,0.0,0.0,0.0,0.0,0.029096046231125605,0.08316548437573729,0.18933038708974126,0.23225394309710157
crossing,100,400,4.0,0.05,0.0,263,dkw,1.0,1.0,1.0,0.0,0.0,0.0,0.0,0.029689059392394794,0.09683427142838308,0.22971513607469146,0.24660240893972513
crossing,100,400,4.0,0.05,0.0,264,cp,1.0,1.0,1.0,0.0,0.0,0.0,0.0,0.018124987688388983,0.08316548437573729,0.19234021492139378,0.2164834045227364
crossing,100,400,4.0,0.05,0.0,264,dkw,1.0,1.0,1.0,0.0,0.0,0.0,0.0,0.024406155585954145,0.08316548437573729,0.221970920313542,0.2365943733456808
crossing,100,400,4.0,0.05,0.0,265,cp,1.0,1.0,1.0,0.0,0.0,0.0,0.0,0.01939013788912658,0.05878190040811415,0.20345104785083357,0.2291041296342725
crossing,100,400,4.0,0.05,0.0,265,dkw,1.0,1.0,1.0,0.0,0.0,0.0,0.0,0.023884980669715068,0.05878190040811415,0.22695930286879956,0.24617083438075993
crossing,100,400,4.0,0.05,0.0,266,cp,1.0,1.0,1.0,0.0,0.0,0.0,0.0,0.00984401784992765,0.06948618691543856,0.20041313491053547,0.23719875917631422
crossing,100,400,4.0,0.05,0.0,266,dkw,1.0,1.0,1.0,0.0,0.0,0.0,0.0,0.011890952364019465,0.08316548437573729,0.23194357951943595,0.2518629154517806
crossing,100,400,4.0,0.05,0.0,267,cp,1.0,1.0,1.0,0.0,0.0,0.0,0.0,0.02442731098429409,0.10910957078160166,0.18963140538071202,0.2258136962424393
crossing,100,400,4.0,0.05,0.0,267,dkw,1.0,1.0,1.0,0.0,0.0,0.0,0.0,0.026486536525027526,0.12023074069810574,0.21971641619438326,0.2409328625163813
crossing,100,400,4.0,0.05,0.0,268,cp,1.0,1.0,1.0,0.0,0.0,0.0,0.0,0.0060034744731733754,0.045523681005445404,0.19739201644678517,0.22132746122154445
crossing,100,400,4.0,0.05,0.0,268,dkw,1.0,1.0,1.0,0.0,0.0,0.0,0.0,0.01683382478854666,0.09683427142838308,0.24209028363898707,0.2807697930405262
crossing,100,400,4.0,0.05,0.0,269,cp,1.0,1.0,1.0,0.0,0.0,0.0,0.0,0.010997483214229404,0.06948618691543856,0.19960654552173693,0.22314107543643247
crossing,100,400,4.0,0.05,0.0,269,dkw,1.0,1.0,1.0,0.0,0.0,0.0,0.0,0.018661453771695743,0.08316548437573729,0.23871507485013704,0.26903126486084694
crossing,100,400,4.0,0.05,0.0,270,cp,1.0,1.0,1.0,0.0,0.0,0.0,0.0,0.01466021475614177,0.08316548437573729,0.19065362781999043,0.22424140099982648
crossing,100,400,4.0,0.05,0.0,270,dkw,1.0,1.0,1.0,0.0,0.0,0.0,0.0,0.026280768385470124,0.10910957078160166,0.21382262990231637,0.23677679278424146
crossing,100,400,4.0,0.05,0.0,271,cp,1.0,1.0,1.0,0.0,0.0,0.0,0.0,0.017270740944633874,0.08316548437573729,0.17224262449501102,0.20499387750883258
crossing,100,400,4.0,0.05,0.0,271,dkw,1.0,1.0,1.0,0.0,0.0,0.0,0.0,0.014889716424244486,0.08316548437573729,0.20057162935847045,0.21371657115063458
crossing,100,400,4.0,0.05,0.0,272,cp,1.0,1.0,1.0,0.0,0.0,0.0,0.0,0.016939153951779737,0.09683427142838308,0.18459346678816602,0.22295444849984725
crossing,100,400,4.0,0.05,0.0,272,dkw,1.0,1.0,1.0,0.0,0.0,0.0,0.0,0.016939153951779737,0.09683427142838308,0.20903075183484549,0.23857677804498267
crossing,100,400,4.0,0.05,0.0,273,cp,0.0,1.0,1.0,0.0,0.0,0.0,0.0,0.014889716424244486,0.08316548437573729,0.17538949152975658,0.1994748659985658
crossing,100,400,4.0,0.05,0.0,273,dkw,1.0,1.0,1.0,0.0,0.0,0.0,0.0,0.014084266132349744,0.08316548437573729,0.21090118396778432,0.22521471773254143
crossing,100,400,4.0,0.05,0.0,274,cp,1.0,1.0,1.0,0.0,0.0,0.0,0.0,0.009119171385417,0.030530348697945464,0.20041524681935288,0.21924435089026567
crossing,100,400,4.0,0.05,0.0,274,dkw,1.0,1.0,1.0,0.0,0.0,0.0,0.0,0.01440094995671235,0.05878190040811415,0.24466652715302714,0.29146042123950944
crossing,100,400,4.0,0.05,0.0,275,cp,1.0,1.0,1.0,0.0,0.0,0.0,0.0,0.015029388263933024,0.06948618691543856,0.19639278202262303,0.22419158400471295
crossing,100,400,4.0,0.05,0.0,275,dkw,1.0,1.0,1.0,0.0,0.0,0.0,0.0,0.013956290947326803,0.08316548437573729,0.23101205769108288,0.243791207206767
crossing,100,400,4.0,0.05,0.0,276,cp,1.0,1.0,1.0,0.0,0.0,0.0,0.0,0.02254562419659796,0.10910957078160166,0.18904356250182214,0.21358836068058384
crossing,100,400,4.0,0.05,0.0,276,dkw,1.0,1.0,1.0,0.0,0.0,0.0,0.0,0.02210211750171972,0.10910957078160166,0.2210995583574758,0.24191434073349716
crossing,100,400,4.0,0.05,0.0,277,cp,1.0,1.0,1.0,0.0,0.0,0.0,0.0,0.02328321440535697,0.10910957078160166,0.18210938060196694,0.21028104486892807
crossing,100,400,4.0,0.05,0.0,277,dkw,1.0,1.0,1.0,0.0,0.0,0.0,0.0,0.02328321440535697,0.10910957078160166,0.21568956767111236,0.24165638602529116
crossing,100,400,4.0,0.05,0.0,278,cp,1.0,1.0,1.0,0.0,0.0,0.0,0.0,0.020131243591523042,0.08316548437573729,0.19074058266050772,0.2173233331236537
crossing,100,400,4.0,0.05,0.0,278,dkw,1.0,1.0,1.0,0.0,0.0,0.0,0.0,0.018461772857822155,0.06948618691543856,0.2205765862915372,0.24644697977532326
crossing,100,400,4.0,0.05,0.0,279,cp,1.0,1.0,1.0,0.0,0.0,0.0,0.0,0.007887745359482508,0.045523681005445404,0.1822141793016479,0.22077837694434538
crossing,100,400,4.0,0.05,0.0,279,dkw,1.0,1.0,1.0,0.0,0.0,0.0,0.0,0.01965483929600358,0.09683427142838308,0.23081539413563854,0.2864618805827841
crossing,100,400,4.0,0.05,0.0,280,cp,1.0,1.0,1.0,0.0,0.0,0.0,0.0,0.016873696236347584,0.09683427142838308,0.18746648051249573,0.2131435723980898
crossing,100,400,4.0,0.05,0.0,280,dkw,1.0,1.0,1.0,0.0,0.0,0.0,0.0,0.017120079707648964,0.09683427142838308,0.21954450969009667,0.23507893669565694
crossing,100,400,4.0,0.05,0.0,281,cp,1.0,1.0,1.0,0.0,0.0,0.0,0.0,0.027607047534675244,0.10910957078160166,0.17675576846186325,0.20960130798889748
crossing,100,400,4.0,0.05,0.0,281,dkw,1.0,1.0,1.0,0.0,0.0,0.0,0.0,0.02328321440535697,0.10910957078160166,0.20732564017042157,0.23018333626497112
crossing,100,400,4.0,0.05,0.0,282,cp,1.0,1.0,1.0,0.0,0.0,0.0,0.0,0.013956290947326803,0.08316548437573729,0.18976818361617773,0.22904224748617463
crossing,100,400,4.0,0.05,0.0,282,dkw,1.0,1.0,1.0,0.0,0.0,0.0,0.0,0.014388183558057844,0.08316548437573729,0.21731230822016304,0.23892232490237575
crossing,100,400,4.0,0.05,0.0,283,cp,1.0,1.0,1.0,0.0,0.0,0.0,0.0,0.009785250117684165,0.06948618691543856,0.19199676683748648,0.22097274950445978
crossing,100,400,4.0,0.05,0.0,283,dkw,1.0,1.0,1.0,0.0,0.0,0.0,0.0,0.00967370600418277,0.06948618691543856,0.22681159537974588,0.25909663157813845
crossing,100,400,4.0,0.05,0.0,284,cp,1.0,1.0,1.0,0.0,0.0,0.0,0.0,0.013065783094644411,0.08316548437573729,0.1919501959421032,0.22449414983405025
crossing,100,400,4.0,0.05,0.0,284,dkw,1.0,1.0,1.0,0.0,0.0,0.0,0.0,0.0161478312780848,0.09683427142838308,0.23122418355010585,0.2625389576850188
crossing,100,400,4.0,0.05,0.0,285,cp,1.0,1.0,1.0,0.0,0.0,0.0,0.0,0.0221532057167204,0.06948618691543856,0.19990101389389564,0.22803527998469575
crossing,100,400,4.0,0.05,0.0,285,dkw,1.0,1.0,1.0,0.0,0.0,0.0,0.0,0.021688746317451053,0.10910957078160166,0.23890750548291695,0.27221809833858823
crossing,100,400,4.0,0.05,0.0,286,cp,1.0,1.0,1.0,0.0,0.0,0.0,0.0,0.013111869492713656,0.08316548437573729,0.19096019653184715,0.21617972448403983
crossing,100,400,4.0,0.05,0.0,286,dkw,1.0,1.0,1.0,0.0,0.0,0.0,0.0,0.017035063665147492,0.09683427142838308,0.21999815841101383,0.24772984393733755
crossing,100,400,4.0,0.05,0.0,287,cp,1.0,1.0,1.0,0.0,0.0,0.0,0.0,0.017172265223205255,0.08316548437573729,0.1893320283889427,0.22393667412753315
crossing,100,400,4.0,0.05,0.0,287,dkw,1.0,1.0,1.0,0.0,0.0,0.0,0.0,0.02043930070322657,0.08316548437573729,0.21188890794295087,0.24636903480235384
crossing,100,400,4.0,0.05,0.0,288,cp,1.0,1.0,1.0,0.0,0.0,0.0,0.0,0.01744728022442619,0.09683427142838308,0.181349604730443,0.21330417909488797
crossing,100,400,4.0,0.05,0.0,288,dkw,1.0,1.0,1.0,0.0,0.0,0.0,0.0,0.020003796870720424,0.09683427142838308,0.20849208000293903,0.240671918639922
crossing,100,400,4.0,0.05,0.0,289,cp,1.0,1.0,1.0,0.0,0.0,0.0,0.0,0.03086359557023938,0.08316548437573729,0.20710198408596256,0.23644564758828923
crossing,100,400,4.0,0.05,0.0,289,dkw,1.0,1.0,1.0,0.0,0.0,0.0,0.0,0.03339283369323907,0.08316548437573729,0.2362970524465407,0.2575993600294428
crossing,100,400,4.0,0.05,0.0,290,cp,1.0,1.0,1.0,0.0,0.0,0.0,0.0,0.014285139485437904,0.08316548437573729,0.18652086606503473,0.21938841830410266
crossing,100,400,4.0,0.05,0.0,290,dkw,1.0,1.0,1.0,0.0,0.0,0.0,0.0,0.02187395080632704,0.10910957078160166,0.2192207166288008,0.2588389647896887
crossing,100,400,4.0,0.05,0.0,291,cp,1.0,1.0,1.0,0.0,0.0,0.0,0.0,0.016097817066635985,0.09683427142838308,0.1913969401777996,0.21666950649286054
crossing,100,400,4.0,0.05,0.0,291,dkw,1.0,1.0,1.0,0.0,0.0,0.0,0.0,0.01744728022442619,0.09683427142838308,0.2195220806791805,0.2329030256229283
crossing,100,400,4.0,0.05,0.0,292,cp,1.0,1.0,1.0,0.0,0.0,0.0,0.0,0.01682330764848841,0.08316548437573729,0.17619515926029133,0.20128636970254127
crossing,100,400,4.0,0.05,0.0,292,dkw,1.0,1.0,1.0,0.0,0.0,0.0,0.0,0.014889716424244486,0.08316548437573729,0.20655642987450207,0.2252008678270811
crossing,100,400,4.0,0.05,0.0,293,cp,1.0,1.0,1.0,0.0,0.0,0.0,0.0,0.01600374444841115,0.08316548437573729,0.18931389773886526,0.21924390641570735
crossing,100,400,4.0,0.05,0.0,293,dkw,1.0,1.0,1.0,0.0,0.0,0.0,0.0,0.014615748576911019,0.08316548437573729,0.21520598124690513,0.23354715908399704
crossing,100,400,4.0,0.05,0.0,294,cp,1.0,1.0,1.0,0.0,0.0,0.0,0.0,0.01744728022442619,0.09683427142838308,0.18574828758366402,0.2171428836599717
crossing,100,400,4.0,0.05,0.0,294,dkw,1.0,1.0,1.0,0.0,0.0,0.0,0.0,0.020003796870720424,0.09683427142838308,0.21023645680923997,0.2397714084179422
crossing,100,400,4.0,0.05,0.0,295,cp,1.0,1.0,1.0,0.0,0.0,0.0,0.0,0.013088259650545999,0.045523681005445404,0.21429929858650443,0.24086404274462758
crossing,100,400,4.0,0.05,0.0,295,dkw,1.0,1.0,1.0,0.0,0.0,0.0,0.0,0.019786615378856825,0.05878190040811415,0.24629513936254546,0.2580328148015276
crossing,100,400,4.0,0.05,0.0,296,cp,1.0,1.0,1.0,0.0,0.0,0.0,0.0,0.008362746564627672,0.05878190040811415,0.2001414505575833,0.23097035324698068
crossing,100,400,4.0,0.05,0.0,296,dkw,1.0,1.0,1.0,0.0,0.0,0.0,0.0,0.012411363784251022,0.06948618691543856,0.22631676763572525,0.2388642016243161
crossing,100,400,4.0,0.05,0.0,297,cp,1.0,1.0,1.0,0.0,0.0,0.0,0.0,0.01377872397212943,0.08316548437573729,0.19627968067834664,0.2251561316063324
crossing,100,400,4.0,0.05,0.0,297,dkw,1.0,1.0,1.0,0.0,0.0,0.0,0.0,0.020561244912403524,0.09683427142838308,0.22411851680029166,0.24043786389708133
crossing,100,400,4.0,0.05,0.0,298,cp,1.0,1.0,1.0,0.0,0.0,0.0,0.0,0.01656977351304953,0.09683427142838308,0.1861477198514383,0.22967921735151597
crossing,100,400,4.0,0.05,0.0,298,dkw,1.0,1.0,1.0,0.0,0.0,0.0,0.0,0.016606663706050618,0.09683427142838308,0.20997194399786395,0.24020843520653623
crossing,100,400,4.0,0.05,0.0,299,cp,1.0,1.0,1.0,0.0,0.0,0.0,0.0,0.015066646597741862,0.08316548437573729,0.1904663737794695,0.21726075743769502
crossing,100,400,4.0,0.05,0.0,299,dkw,1.0,1.0,1.0,0.0,0.0,0.0,0.0,0.01615226443873897,0.06948618691543856,0.22451360679155472,0.24317340421660893
crossing,100,400,4.0,0.05,0.3,0,cp,1.0,1.0,1.0,0.0,0.0,0.0,0.0,0.010669410791381242,0.06948618691543856,0.2011188734926221,0.2314659753231853
crossing,100,400,4.0,0.05,0.3,0,dkw,1.0,1.0,1.0,0.0,0.0,0.0,0.0,0.017642806334219427,0.09683427142838308,0.23747113158227875,0.2679961035161993
crossing,100,400,4.0,0.05,0.3,1,cp,1.0,1.0,1.0,0.0,0.0,0.0,0.0,0.005749204211171222,0.05878190040811415,0.19823729053828246,0.22799617363394076
crossing,100,400,4.0,0.05,0.3,1,dkw,1.0,1.0,1.0,0.0,0.0,0.0,0.0,0.008545980093325786,0.06948618691543856,0.23207331763315722,0.26121896037489706
crossing,100,400,4.0,0.05,0.3,2,cp,1.0,1.0,1.0,0.0,0.0,0.0,0.0,0.008565779296705328,0.05878190040811415,0.2020970578655156,0.2323408236023468
crossing,100,400,4.0,0.05,0.3,2,dkw,1.0,1.0,1.0,0.0,0.0,0.0,0.0,0.014001869629523695,0.08316548437573729,0.2433469158965287,0.27887089710522933
crossing,100,400,4.0,0.05,0.3,3,cp,1.0,1.0,1.0,0.0,0.0,0.0,0.0,0.022457173137973505,0.05878190040811415,0.2029169950025805,0.23398285364175608
crossing,100,400,4.0,0.05,0.3,3,dkw,1.0,1.0,1.0,0.0,0.0,0.0,0.0,0.01906696843889162,0.09683427142838308,0.2412655380717358,0.2762654988538841
crossing,100,400,4.0,0.05,0.3,4,cp,1.0,1.0,1.0,0.0,0.0,0.0,0.0,0.01448612708494394,0.08316548437573729,0.18644667625476782,0.20660706203095947
crossing,100,400,4.0,0.05,0.3,4,dkw,1.0,1.0,1.0,0.0,0.0,0.0,0.0,0.014042164588832416,0.08316548437573729,0.2191257952644699,0.2323990758156959
crossing,100,400,4.0,0.05,0.3,5,cp,1.0,1.0,1.0,0.0,0.0,0.0,0.0,0.015093945795780843,0.06948618691543856,0.20864878390840857,0.242523880134202
crossing,100,400,4.0,0.05,0.3,5,dkw,1.0,1.0,1.0,0.0,0.0,0.0,0.0,0.01746505087497522,0.06948618691543856,0.2298170629135537,0.24980087692847264
crossing,100,400,4.0,0.05,0.3,6,cp,1.0,1.0,1.0,0.0,0.0,0.0,0.0,0.009369783280884716,0.06948618691543856,0.1925408944608272,0.23040960231410335
crossing,100,400,4.0,0.05,0.3,6,dkw,1.0,1.0,1.0,0.0,0.0,0.0,0.0,0.012137866130129873,0.08316548437573729,0.2271988036595745,0.2519877644401773
crossing,100,400,4.0,0.05,0.3,7,cp,1.0,1.0,1.0,0.0,0.0,0.0,0.0,0.02378610355613259,0.10910957078160166,0.19124448595640017,0.22014287568227742
crossing,100,400,4.0,0.05,0.3,7,dkw,1.0,1.0,1.0,0.0,0.0,0.0,0.0,0.024717119327851214,0.09683427142838308,0.21492688694064707,0.24282420029933915
crossing,100,400,4.0,0.05,0.3,8,cp,1.0,1.0,1.0,0.0,0.0,0.0,0.0,0.02043930070322657,0.08316548437573729,0.18664017158981583,0.22191545916241162
crossing,100,400,4.0,0.05,0.3,8,dkw,1.0,1.0,1.0,0.0,0.0,0.0,0.0,0.02043930070322657,0.08316548437573729,0.21720956985313108,0.24614456921107175
crossing,100,400,4.0,0.05,0.3,9,cp,1.0,1.0,1.0,0.0,0.0,0.0,0.0,0.007722282387568575,0.05878190040811415,0.18816815590466401,0.21925853867489686
crossing,100,400,4.0,0.05,0.3,9,dkw,1.0,1.0,1.0,0.0,0.0,0.0,0.0,0.013161692808012168,0.08316548437573729,0.22388683867504475,0.2617460888327628
crossing,100,400,4.0,0.05,0.3,10,cp,1.0,1.0,1.0,0.0,0.0,0.0,0.0,0.02095642176095307,0.05878190040811415,0.2050244916631582,0.23350563599564367
crossing,100,400,4.0,0.05,0.3,10,dkw,1.0,1.0,1.0,0.0,0.0,0.0,0.0,0.028056259912375144,0.06240183665354959,0.22858373858446612,0.24733132646014355
crossing,100,400,4.0,0.05,0.3,11,cp,1.0,1.0,1.0,0.0,0.0,0.0,0.0,0.010197454344967698,0.06948618691543856,0.19629792941639973,0.2156619046479321
crossing,100,400,4.0,0.05,0.3,11,dkw,1.0,1.0,1.0,0.0,0.0,0.0,0.0,0.01744728022442619,0.09683427142838308,0.2261507801671911,0.2583408508335251
crossing,100,400,4.0,0.05,0.3,12,cp,1.0,1.0,1.0,0.0,0.0,0.0,0.0,0.010341076722194682,0.05878190040811415,0.20671613255385968,0.2369269534885089
crossing,100,400,4.0,0.05,0.3,12,dkw,1.0,1.0,1.0,0.0,0.0,0.0,0.0,0.010122277601491387,0.06948618691543856,0.23301094033207234,0.2512218957539806
crossing,100,400,4.0,0.05,0.3,13,cp,1.0,1.0,1.0,0.0,0.0,0.0,0.0,0.02697792470178689,0.09683427142838308,0.19247805812239616,0.21821570698005088
crossing,100,400,4.0,0.05,0.3,13,dkw,1.0,1.0,1.0,0.0,0.0,0.0,0.0,0.02013445451297382,0.09683427142838308,0.2278335591215531,0.24850605684631888
crossing,100,400,4.0,0.05,0.3,14,cp,1.0,1.0,1.0,0.0,0.0,0.0,0.0,0.007731728524616967,0.047262269089711983,0.20939258372015213,0.2305946807096102
crossing,100,400,4.0,0.05,0.3,14,dkw,1.0,1.0,1.0,0.0,0.0,0.0,0.0,0.02072680289476925,0.06948618691543856,0.2499681374408879,0.28993662727390923
crossing,100,400,4.0,0.05,0.3,15,cp,1.0,1.0,1.0,0.0,0.0,0.0,0.0,0.01683382478854666,0.09683427142838308,0.18672630844960772,0.21129491531803413
crossing,100,400,4.0,0.05,0.3,15,dkw,1.0,1.0,1.0,0.0,0.0,0.0,0.0,0.01744728022442619,0.09683427142838308,0.22249658819968776,0.23824233330236777
crossing,100,400,4.0,0.05,0.3,16,cp,1.0,1.0,1.0,0.0,0.0,0.0,0.0,0.009004812521291605,0.06948618691543856,0.20333747310874492,0.23427251237992608
crossing,100,400,4.0,0.05,0.3,16,dkw,1.0,1.0,1.0,0.0,0.0,0.0,0.0,0.013293949790037089,0.08316548437573729,0.2428482217887323,0.2645080582910282
crossing,100,400,4.0,0.05,0.3,17,cp,1.0,1.0,1.0,0.0,0.0,0.0,0.0,0.01499637366960557,0.08316548437573729,0.20186295339978977,0.22272653889734084
crossing,100,400,4.0,0.05,0.3,17,dkw,1.0,1.0,1.0,0.0,0.0,0.0,0.0,0.02152655335461042,0.10910957078160166,0.23778429098239878,0.2588895494622072
crossing,100,400,4.0,0.05,0.3,18,cp,1.0,1.0,1.0,0.0,0.0,0.0,0.0,0.01750798063204208,0.05878190040811415,0.199330778156631,0.22749959078944093
crossing,100,400,4.0,0.05,0.3,18,dkw,1.0,1.0,1.0,0.0,0.0,0.0,0.0,0.01647297254194191,0.09683427142838308,0.23893497052941548,0.2785469082228895
crossing,100,400,4.0,0.05,0.3,19,cp,1.0,1.0,1.0,0.0,0.0,0.0,0.0,0.009520167298411913,0.06948618691543856,0.19689710598739119,0.22815895423751276
crossing,100,400,4.0,0.05,0.3,19,dkw,1.0,1.0,1.0,0.0,0.0,0.0,0.0,0.017133404700911084,0.09683427142838308,0.23698071859101172,0.2691499271041291
crossing,100,400,4.0,0.05,0.3,20,cp,1.0,1.0,1.0,0.0,0.0,0.0,0.0,0.013945377034588757,0.08316548437573729,0.19671986608181982,0.21710293488078458
crossing,100,400,4.0,0.05,0.3,20,dkw,1.0,1.0,1.0,0.0,0.0,0.0,0.0,0.020003796870720424,0.09683427142838308,0.23042610812579856,0.26141585169344117
crossing,100,400,4.0,0.05,0.3,21,cp,1.0,1.0,1.0,0.0,0.0,0.0,0.0,0.0068224554156433425,0.05878190040811415,0.19802279085272617,0.22616718008402426
crossing,100,400,4.0,0.05,0.3,21,dkw,1.0,1.0,1.0,0.0,0.0,0.0,0.0,0.01098465199523458,0.06948618691543856,0.23855605049864598,0.2769804215497737
crossing,100,400,4.0,0.05,0.3,22,cp,1.0,1.0,1.0,0.0,0.0,0.0,0.0,0.016660825319463536,0.05878190040811415,0.19708768793793896,0.2262799766033427
crossing,100,400,4.0,0.05,0.3,22,dkw,1.0,1.0,1.0,0.0,0.0,0.0,0.0,0.020663438774500883,0.10910957078160166,0.23712891130008665,0.28111296650363515
crossing,100,400,4.0,0.05,0.3,23,cp,1.0,1.0,1.0,0.0,0.0,0.0,0.0,0.010986422240464254,0.05878190040811415,0.2091593477610624,0.23331488105880605
crossing,100,400,4.0,0.05,0.3,23,dkw,1.0,1.0,1.0,0.0,0.0,0.0,0.0,0.012267878426972155,0.05878190040811415,0.2430283288271064,0.2580328148015276
crossing,100,400,4.0,0.05,0.3,24,cp,1.0,1.0,1.0,0.0,0.0,0.0,0.0,0.009450741654367023,0.035308106421865326,0.218459289864524,0.2392088096705356
crossing,100,400,4.0,0.05,0.3,24,dkw,1.0,1.0,1.0,0.0,0.0,0.0,0.0,0.020968337749604774,0.06948618691543856,0.25822038597652197,0.2988601188792293
crossing,100,400,4.0,0.05,0.3,25,cp,1.0,1.0,1.0,0.0,0.0,0.0,0.0,0.011649319047815777,0.045523681005445404,0.21310706353449813,0.24468621810251157
crossing,100,400,4.0,0.05,0.3,25,dkw,1.0,1.0,1.0,0.0,0.0,0.0,0.0,0.015092150542842759,0.08316548437573729,0.25147616149440877,0.280838150336965
crossing,100,400,4.0,0.05,0.3,26,cp,1.0,1.0,1.0,0.0,0.0,0.0,0.0,0.006471265672713655,0.05878190040811415,0.19848547805733063,0.23162894560224212
crossing,100,400,4.0,0.05,0.3,26,dkw,1.0,1.0,1.0,0.0,0.0,0.0,0.0,0.006338621471730894,0.05878190040811415,0.23981617927504842,0.2694913035795846
crossing,100,400,4.0,0.05,0.3,27,cp,1.0,1.0,1.0,0.0,0.0,0.0,0.0,0.021349623181113046,0.10910957078160166,0.1825906650202542,0.20923708485705106
crossing,100,400,4.0,0.05,0.3,27,dkw,1.0,1.0,1.0,0.0,0.0,0.0,0.0,0.020663438774500883,0.10910957078160166,0.21200534516930644,0.22587374412051264
crossing,100,400,4.0,0.05,0.3,28,cp,1.0,1.0,1.0,0.0,0.0,0.0,0.0,0.015974034705827655,0.06948618691543856,0.2055307923907897,0.22586286361821611
crossing,100,400,4.0,0.05,0.3,28,dkw,1.0,1.0,1.0,0.0,0.0,0.0,0.0,0.018954636255683416,0.08316548437573729,0.2375762554439596,0.2647259218702967
crossing,100,400,4.0,0.05,0.3,29,cp,1.0,1.0,1.0,0.0,0.0,0.0,0.0,0.008855745773225543,0.05878190040811415,0.19078363225590375,0.22462623717371655
crossing,100,400,4.0,0.05,0.3,29,dkw,1.0,1.0,1.0,0.0,0.0,0.0,0.0,0.009629069206361291,0.06948618691543856,0.22331515316199674,0.24395741808756932
crossing,100,400,4.0,0.05,0.3,30,cp,1.0,1.0,1.0,0.0,0.0,0.0,0.0,0.010381201553222624,0.05878190040811415,0.20021909661084877,0.23477704077253791
crossing,100,400,4.0,0.05,0.3,30,dkw,1.0,1.0,1.0,0.0,0.0,0.0,0.0,0.012733292848915294,0.08316548437573729,0.23697798863234035,0.27283182589064753
crossing,100,400,4.0,0.05,0.3,31,cp,1.0,1.0,1.0,0.0,0.0,0.0,0.0,0.00548472955344264,0.045523681005445404,0.21005816710953262,0.23759231343975185
crossing,100,400,4.0,0.05,0.3,31,dkw,1.0,1.0,1.0,0.0,0.0,0.0,0.0,0.008613799650934183,0.05878190040811415,0.24709605722066924,0.27883654692861026
crossing,100,400,4.0,0.05,0.3,32,cp,1.0,1.0,1.0,0.0,0.0,0.0,0.0,0.020075910843720384,0.09683427142838308,0.18212206829377753,0.21436200368573655
crossing,100,400,4.0,0.05,0.3,32,dkw,1.0,1.0,1.0,0.0,0.0,0.0,0.0,0.022315613235824254,0.09683427142838308,0.20573712742761782,0.2244908289522427
crossing,100,400,4.0,0.05,0.3,33,cp,1.0,1.0,1.0,0.0,0.0,0.0,0.0,0.008714383566760605,0.06948618691543856,0.19973761390207956,0.2307752010764076
crossing,100,400,4.0,0.05,0.3,33,dkw,1.0,1.0,1.0,0.0,0.0,0.0,0.0,0.01649204822216196,0.09683427142838308,0.2339959272782903,0.26481541853304846
crossing,100,400,4.0,0.05,0.3,34,cp,1.0,1.0,1.0,0.0,0.0,0.0,0.0,0.01615293610616615,0.08316548437573729,0.1812075424530329,0.21043227996829428
crossing,100,400,4.0,0.05,0.3,34,dkw,1.0,1.0,1.0,0.0,0.0,0.0,0.0,0.020369801746212078,0.09683427142838308,0.2258252590491599,0.2636966044780329
crossing,100,400,4.0,0.05,0.3,35,cp,1.0,1.0,1.0,0.0,0.0,0.0,0.0,0.015414044049458479,0.08316548437573729,0.18048798294852872,0.204390367968864
crossing,100,400,4.0,0.05,0.3,35,dkw,1.0,1.0,1.0,0.0,0.0,0.0,0.0,0.014042164588832416,0.08316548437573729,0.21450629436682336,0.24236423145516173
crossing,100,400,4.0,0.05,0.3,36,cp,1.0,1.0,1.0,0.0,0.0,0.0,0.0,0.008409385802506185,0.06948618691543856,0.19711016114973468,0.22530246690631028
crossing,100,400,4.0,0.05,0.3,36,dkw,1.0,1.0,1.0,0.0,0.0,0.0,0.0,0.013430544080856692,0.08316548437573729,0.2222306380749566,0.23768372992624637
crossing,100,400,4.0,0.05,0.3,37,cp,1.0,1.0,1.0,0.0,0.0,0.0,0.0,0.02065871166888679,0.09683427142838308,0.18438647583827217,0.2141390987049112
crossing,100,400,4.0,0.05,0.3,37,dkw,1.0,1.0,1.0,0.0,0.0,0.0,0.0,0.02060677033570538,0.09683427142838308,0.2241903488233485,0.24743261432935892
crossing,100,400,4.0,0.05,0.3,38,cp,1.0,1.0,1.0,0.0,0.0,0.0,0.0,0.01129338542164516,0.06948618691543856,0.19829299235338904,0.2169995155197919
crossing,100,400,4.0,0.05,0.3,38,dkw,1.0,1.0,1.0,0.0,0.0,0.0,0.0,0.014997442525340519,0.06948618691543856,0.23366162055522469,0.24804443879114746
crossing,100,400,4.0,0.05,0.3,39,cp,1.0,1.0,1.0,0.0,0.0,0.0,0.0,0.03569136987244961,0.10910957078160166,0.18042044393780907,0.21582566582657114
crossing,100,400,4.0,0.05,0.3,39,dkw,1.0,1.0,1.0,0.0,0.0,0.0,0.0,0.026894073568345406,0.12023074069810574,0.21733518606561944,0.2517088610977855
crossing,100,400,4.0,0.05,0.3,40,cp,1.0,1.0,1.0,0.0,0.0,0.0,0.0,0.012706827797187799,0.06948618691543856,0.18904761396602016,0.2190997597714784
crossing,100,400,4.0,0.05,0.3,40,dkw,1.0,1.0,1.0,0.0,0.0,0.0,0.0,0.02187395080632704,0.10910957078160166,0.225494951783742,0.26724800958132633
crossing,100,400,4.0,0.05,0.3,41,cp,1.0,1.0,1.0,0.0,0.0,0.0,0.0,0.023554893668595735,0.09683427142838308,0.1968256609901256,0.23189502811884344
crossing,100,400,4.0,0.05,0.3,41,dkw,1.0,1.0,1.0,0.0,0.0,0.0,0.0,0.02180128823545495,0.10910957078160166,0.23299309254843542,0.2551108054041744
crossing,100,400,4.0,0.05,0.3,42,cp,1.0,1.0,1.0,0.0,0.0,0.0,0.0,0.024877481241161573,0.12023074069810574,0.18509139048831905,0.21237085327645688
crossing,100,400,4.0,0.05,0.3,42,dkw,1.0,1.0,1.0,0.0,0.0,0.0,0.0,0.025451065229240174,0.12023074069810574,0.2206360967970459,0.23062702082114905
crossing,100,400,4.0,0.05,0.3,43,cp,1.0,1.0,1.0,0.0,0.0,0.0,0.0,0.020544172889218303,0.10910957078160166,0.18376734356025856,0.20740334834908625
crossing,100,400,4.0,0.05,0.3,43,dkw,1.0,1.0,1.0,0.0,0.0,0.0,0.0,0.022803523888833964,0.10910957078160166,0.22066924136684432,0.23887330225000658
crossing,100,400,4.0,0.05,0.3,44,cp,1.0,1.0,1.0,0.0,0.0,0.0,0.0,0.025441023956247966,0.08316548437573729,0.19048701467724644,0.22111779351345084
crossing,100,400,4.0,0.05,0.3,44,dkw,1.0,1.0,1.0,0.0,0.0,0.0,0.0,0.021666007053929275,0.09683427142838308,0.21626352585972275,0.2365389569095363
crossing,100,400,4.0,0.05,0.3,45,cp,1.0,1.0,1.0,0.0,0.0,0.0,0.0,0.017721248071759656,0.09683427142838308,0.18113414869613273,0.20401709206891072
crossing,100,400,4.0,0.05,0.3,45,dkw,1.0,1.0,1.0,0.0,0.0,0.0,0.0,0.01683382478854666,0.09683427142838308,0.21407259410262414,0.2354853945994726
crossing,100,400,4.0,0.05,0.3,46,cp,1.0,1.0,1.0,0.0,0.0,0.0,0.0,0.03310927754935477,0.12023074069810574,0.19027333025767346,0.22135525755538038
crossing,100,400,4.0,0.05,0.3,46,dkw,1.0,1.0,1.0,0.0,0.0,0.0,0.0,0.0249195827846789,0.12023074069810574,0.2229746712510968,0.23925201864954004
crossing,100,400,4.0,0.05,0.3,47,cp,1.0,1.0,1.0,0.0,0.0,0.0,0.0,0.010418651196796027,0.05878190040811415,0.20345715756509875,0.23246747554712188
crossing,100,400,4.0,0.05,0.3,47,dkw,1.0,1.0,1.0,0.0,0.0,0.0,0.0,0.01579761968197574,0.06948618691543856,0.22875348954908203,0.2426355735691107
crossing,100,400,4.0,0.05,0.3,48,cp,1.0,1.0,1.0,0.0,0.0,0.0,0.0,0.043154248225758314,0.1303854875283446,0.17984519375947436,0.21419420596616845
crossing,100,400,4.0,0.05,0.3,48,dkw,1.0,1.0,1.0,0.0,0.0,0.0,0.0,0.02692103409205856,0.12023074069810574,0.21142479642039444,0.24011354240105465
crossing,100,400,4.0,0.05,0.3,49,cp,1.0,1.0,1.0,0.0,0.0,0.0,0.0,0.03121790669766368,0.12023074069810574,0.17668102702790947,0.2091574794415157
crossing,100,400,4.0,0.05,0.3,49,dkw,1.0,1.0,1.0,0.0,0.0,0.0,0.0,0.02624936070178763,0.12023074069810574,0.20646450206470604,0.22433445464927976
crossing,100,400,4.0,0.05,0.3,50,cp,1.0,1.0,1.0,0.0,0.0,0.0,0.0,0.005742783968855103,0.05878190040811415,0.2043326715546294,0.23472830171090237
crossing,100,400,4.0,0.05,0.3,50,dkw,1.0,1.0,1.0,0.0,0.0,0.0,0.0,0.008409385802506185,0.06948618691543856,0.2393830697344779,0.2621809067400535
crossing,100,400,4.0,0.05,0.3,51,cp,1.0,1.0,1.0,0.0,0.0,0.0,0.0,0.02614353563367653,0.10910957078160166,0.18669658637871844,0.21871727250669337
crossing,100,400,4.0,0.05,0.3,51,dkw,1.0,1.0,1.0,0.0,0.0,0.0,0.0,0.02152655335461042,0.10910957078160166,0.20890671861745386,0.23395719633138867
crossing,100,400,4.0,0.05,0.3,52,cp,0.0,1.0,1.0,0.0,0.0,0.0,0.0,0.023503709872836925,0.0616015165254985,0.21682483227217536,0.24042836170451753
crossing,100,400,4.0,0.05,0.3,52,dkw,0.0,1.0,1.0,0.0,0.0,0.0,0.0,0.024715663332269107,0.0616015165254985,0.24466486672207968,0.2566714578932634
crossing,100,400,4.0,0.05,0.3,53,cp,1.0,1.0,1.0,0.0,0.0,0.0,0.0,0.012210488479978276,0.05886654227057586,0.20926481363663632,0.23908578712630768
crossing,100,400,4.0,0.05,0.3,53,dkw,1.0,1.0,1.0,0.0,0.0,0.0,0.0,0.01006824242727055,0.06948618691543856,0.2501176376903407,0.29008143098415917
crossing,100,400,4.0,0.05,0.3,54,cp,1.0,1.0,1.0,0.0,0.0,0.0,0.0,0.027607047534675244,0.10910957078160166,0.17487301339276307,0.19914831308793113
crossing,100,400,4.0,0.05,0.3,54,dkw,1.0,1.0,1.0,0.0,0.0,0.0,0.0,0.02328321440535697,0.10910957078160166,0.20446070776239933,0.23019656348975437
crossing,100,400,4.0,0.05,0.3,55,cp,1.0,1.0,1.0,0.0,0.0,0.0,0.0,0.01836886819135415,0.09683427142838308,0.18005330146644843,0.21248758061276485
crossing,100,400,4.0,0.05,0.3,55,dkw,1.0,1.0,1.0,0.0,0.0,0.0,0.0,0.01698087869216663,0.09683427142838308,0.20741802699813075,0.22400730693310383
crossing,100,400,4.0,0.05,0.3,56,cp,1.0,1.0,1.0,0.0,0.0,0.0,0.0,0.0394625168398912,0.12023074069810574,0.1887625787791797,0.2212555195653238
crossing,100,400,4.0,0.05,0.3,56,dkw,1.0,1.0,1.0,0.0,0.0,0.0,0.0,0.030723227456921173,0.12023074069810574,0.22453492623593366,0.2342257937997902
crossing,100,400,4.0,0.05,0.3,57,cp,1.0,1.0,1.0,0.0,0.0,0.0,0.0,0.016873696236347584,0.09683427142838308,0.18159854991887633,0.2086438901861305
crossing,100,400,4.0,0.05,0.3,57,dkw,1.0,1.0,1.0,0.0,0.0,0.0,0.0,0.01744728022442619,0.09683427142838308,0.20881563846622575,0.23090854313634823
crossing,100,400,4.0,0.05,0.3,58,cp,1.0,1.0,1.0,0.0,0.0,0.0,0.0,0.02271203193113565,0.09683427142838308,0.18747803721751166,0.2107196832792873
crossing,100,400,4.0,0.05,0.3,58,dkw,1.0,1.0,1.0,0.0,0.0,0.0,0.0,0.02328321440535697,0.10910957078160166,0.22794151753161246,0.2561138065821451
crossing,100,400,4.0,0.05,0.3,59,cp,1.0,1.0,1.0,0.0,0.0,0.0,0.0,0.010769650277571142,0.06948618691543856,0.18355285756254658,0.2220906018879636
crossing,100,400,4.0,0.05,0.3,59,dkw,1.0,1.0,1.0,0.0,0.0,0.0,0.0,0.015046736304844304,0.08316548437573729,0.21951736949598047,0.25393961603904264
crossing,100,400,4.0,0.05,0.3,60,cp,1.0,1.0,1.0,0.0,0.0,0.0,0.0,0.016606663706050618,0.09683427142838308,0.19474128901411844,0.23566901405259727
crossing,100,400,4.0,0.05,0.3,60,dkw,1.0,1.0,1.0,0.0,0.0,0.0,0.0,0.02956873986635965,0.10910957078160166,0.2315285054400616,0.2508779720064379
crossing,100,400,4.0,0.05,0.3,61,cp,1.0,1.0,1.0,0.0,0.0,0.0,0.0,0.008716824877396246,0.05878190040811415,0.20757900339410632,0.23811157639885028
crossing,100,400,4.0,0.05,0.3,61,dkw,1.0,1.0,1.0,0.0,0.0,0.0,0.0,0.011755003124629343,0.06948618691543856,0.24216284143881756,0.273907727436729
crossing,100,400,4.0,0.05,0.3,62,cp,1.0,1.0,1.0,0.0,0.0,0.0,0.0,0.020502071345700975,0.10910957078160166,0.1917598556291657,0.21301176923176013
crossing,100,400,4.0,0.05,0.3,62,dkw,1.0,1.0,1.0,0.0,0.0,0.0,0.0,0.020748454817002354,0.10910957078160166,0.2268838783270772,0.24762715868332064
crossing,100,400,4.0,0.05,0.3,63,cp,1.0,1.0,1.0,0.0,0.0,0.0,0.0,0.02410879763948316,0.06948618691543856,0.20740555178523296,0.24031719700080534
crossing,100,400,4.0,0.05,0.3,63,dkw,1.0,1.0,1.0,0.0,0.0,0.0,0.0,0.03138173452158548,0.06948618691543856,0.23538113426423377,0.24804487856411916
crossing,100,400,4.0,0.05,0.3,64,cp,1.0,1.0,1.0,0.0,0.0,0.0,0.0,0.009224765147959146,0.06948618691543856,0.19687923493589743,0.23105030086959244
crossing,100,400,4.0,0.05,0.3,64,dkw,1.0,1.0,1.0,0.0,0.0,0.0,0.0,0.012979816480141628,0.08316548437573729,0.22326243897880046,0.2408808828139205
crossing,100,400,4.0,0.05,0.3,65,cp,1.0,1.0,1.0,0.0,0.0,0.0,0.0,0.032828517905011574,0.08004679670371673,0.20689785950107972,0.24368522623063804
crossing,100,400,4.0,0.05,0.3,65,dkw,1.0,1.0,1.0,0.0,0.0,0.0,0.0,0.032828517905011574,0.08004679670371673,0.23388005870302617,0.2506080975196866
crossing,100,400,4.0,0.05,0.3,66,cp,1.0,1.0,1.0,0.0,0.0,0.0,0.0,0.015270577103757321,0.08316548437573729,0.19662078043673265,0.22794914797171617
crossing,100,400,4.0,0.05,0.3,66,dkw,1.0,1.0,1.0,0.0,0.0,0.0,0.0,0.014952336281767366,0.08316548437573729,0.2260395363430177,0.2518629154517806
crossing,100,400,4.0,0.05,0.3,67,cp,1.0,1.0,1.0,0.0,0.0,0.0,0.0,0.015172064955921787,0.05878190040811415,0.2099870072780623,0.23466607492568314
crossing,100,400,4.0,0.05,0.3,67,dkw,1.0,1.0,1.0,0.0,0.0,0.0,0.0,0.02298162682330214,0.06948618691543856,0.23970050034658869,0.26175245138487047
crossing,100,400,4.0,0.05,0.3,68,cp,1.0,1.0,1.0,0.0,0.0,0.0,0.0,0.012027530982161265,0.06948618691543856,0.19423158955851064,0.22198964135872368
crossing,100,400,4.0,0.05,0.3,68,dkw,1.0,1.0,1.0,0.0,0.0,0.0,0.0,0.02165472652597349,0.10910957078160166,0.2291162588374213,0.26687771545492245
crossing,100,400,4.0,0.05,0.3,69,cp,1.0,1.0,1.0,0.0,0.0,0.0,0.0,0.02328321440535697,0.10910957078160166,0.17236450094031724,0.20165508979189095
crossing,100,400,4.0,0.05,0.3,69,dkw,1.0,1.0,1.0,0.0,0.0,0.0,0.0,0.02328321440535697,0.10910957078160166,0.20509163684284168,0.22575015739080728
crossing,100,400,4.0,0.05,0.3,70,cp,1.0,1.0,1.0,0.0,0.0,0.0,0.0,0.020663438774500883,0.10910957078160166,0.18443403111439,0.20835676596038966
crossing,100,400,4.0,0.05,0.3,70,dkw,1.0,1.0,1.0,0.0,0.0,0.0,0.0,0.020544172889218303,0.10910957078160166,0.21716808534023746,0.23245890311638895
crossing,100,400,4.0,0.05,0.3,71,cp,1.0,1.0,1.0,0.0,0.0,0.0,0.0,0.008242559237971205,0.05878190040811415,0.1887099854263981,0.2224121051058261
crossing,100,400,4.0,0.05,0.3,71,dkw,1.0,1.0,1.0,0.0,0.0,0.0,0.0,0.010117668500294295,0.06948618691543856,0.2253979353470943,0.260065269442665
crossing,100,400,4.0,0.05,0.3,72,cp,1.0,1.0,1.0,0.0,0.0,0.0,0.0,0.006238630471451776,0.045523681005445404,0.20670690888103038,0.22919424472215016
crossing,100,400,4.0,0.05,0.3,72,dkw,1.0,1.0,1.0,0.0,0.0,0.0,0.0,0.013850220310669861,0.08316548437573729,0.24805116095922744,0.28540936103750225
crossing,100,400,4.0,0.05,0.3,73,cp,1.0,1.0,1.0,0.0,0.0,0.0,0.0,0.025567411112800795,0.10910957078160166,0.18573261252950193,0.21813740562936645
crossing,100,400,4.0,0.05,0.3,73,dkw,1.0,1.0,1.0,0.0,0.0,0.0,0.0,0.02124357798348252,0.10910957078160166,0.21072420821058419,0.23920915245152596
crossing,100,400,4.0,0.05,0.3,74,cp,1.0,1.0,1.0,0.0,0.0,0.0,0.0,0.018890288563531425,0.09683427142838308,0.17605633345128172,0.20037865850201764
crossing,100,400,4.0,0.05,0.3,74,dkw,1.0,1.0,1.0,0.0,0.0,0.0,0.0,0.01731765873245911,0.09683427142838308,0.20010374112177431,0.21676723912544427
crossing,100,400,4.0,0.05,0.3,75,cp,1.0,1.0,1.0,0.0,0.0,0.0,0.0,0.010239021375807074,0.05878190040811415,0.18168096558221283,0.22037354331785364
crossing,100,400,4.0,0.05,0.3,75,dkw,1.0,1.0,1.0,0.0,0.0,0.0,0.0,0.020538357830373895,0.09683427142838308,0.2158118712126678,0.270577572703516
crossing,100,400,4.0,0.05,0.3,76,cp,1.0,1.0,1.0,0.0,0.0,0.0,0.0,0.006782487925555132,0.05878190040811415,0.19320911913533256,0.2293765634032363
crossing,100,400,4.0,0.05,0.3,76,dkw,1.0,1.0,1.0,0.0,0.0,0.0,0.0,0.009369783280884716,0.06948618691543856,0.22826988311105814,0.2721263704350244
crossing,100,400,4.0,0.05,0.3,77,cp,1.0,1.0,1.0,0.0,0.0,0.0,0.0,0.007255267249008331,0.045523681005445404,0.20862547576804613,0.2397590843887123
crossing,100,400,4.0,0.05,0.3,77,dkw,1.0,1.0,1.0,0.0,0.0,0.0,0.0,0.008164958938815534,0.045523681005445404,0.24338814004057444,0.2614425007066573
crossing,100,400,4.0,0.05,0.3,78,cp,1.0,1.0,1.0,0.0,0.0,0.0,0.0,0.01698087869216663,0.09683427142838308,0.18608354867115767,0.21398796024204253
crossing,100,400,4.0,0.05,0.3,78,dkw,1.0,1.0,1.0,0.0,0.0,0.0,0.0,0.016497044748254183,0.09683427142838308,0.21340106160513256,0.2259075517173983
crossing,100,400,4.0,0.05,0.3,79,cp,1.0,1.0,1.0,0.0,0.0,0.0,0.0,0.007651428596814256,0.045523681005445404,0.210795853693644,0.22882102331774767
crossing,100,400,4.0,0.05,0.3,79,dkw,1.0,1.0,1.0,0.0,0.0,0.0,0.0,0.01664512783660023,0.08316548437573729,0.25113911180453774,0.2901945863982692
crossing,100,400,4.0,0.05,0.3,80,cp,1.0,1.0,1.0,0.0,0.0,0.0,0.0,0.022515160524323136,0.09683427142838308,0.1823478543417155,0.2161441683202343
crossing,100,400,4.0,0.05,0.3,80,dkw,1.0,1.0,1.0,0.0,0.0,0.0,0.0,0.018473742392366325,0.09683427142838308,0.2065885763377854,0.23487189748575377
crossing,100,400,4.0,0.05,0.3,81,cp,1.0,1.0,1.0,0.0,0.0,0.0,0.0,0.02208484394042118,0.10910957078160166,0.17720324404655746,0.21769721230797145
crossing,100,400,4.0,0.05,0.3,81,dkw,1.0,1.0,1.0,0.0,0.0,0.0,0.0,0.021689310474442246,0.10910957078160166,0.21524617591965498,0.24433093348387847
crossing,100,400,4.0,0.05,0.3,82,cp,1.0,1.0,1.0,0.0,0.0,0.0,0.0,0.008305430151563148,0.05878190040811415,0.1900603362507197,0.2257315958739321
crossing,100,400,4.0,0.05,0.3,82,dkw,1.0,1.0,1.0,0.0,0.0,0.0,0.0,0.01683382478854666,0.09683427142838308,0.22889224073901615,0.27730153809628133
crossing,100,400,4.0,0.05,0.3,83,cp,1.0,1.0,1.0,0.0,0.0,0.0,0.0,0.011616320829620108,0.06948618691543856,0.19345331014759992,0.21131773913157392
crossing,100,400,4.0,0.05,0.3,83,dkw,1.0,1.0,1.0,0.0,0.0,0.0,0.0,0.016804334603220023,0.06948618691543856,0.23568731657497533,0.2597543225735302
crossing,100,400,4.0,0.05,0.3,84,cp,1.0,1.0,1.0,0.0,0.0,0.0,0.0,0.023844537555073177,0.0616015165254985,0.20764583817730933,0.22659082098059746
crossing,100,400,4.0,0.05,0.3,84,dkw,1.0,1.0,1.0,0.0,0.0,0.0,0.0,0.025894363869971366,0.0616015165254985,0.23759231771046152,0.26563233568875694
crossing,100,400,4.0,0.05,0.3,85,cp,1.0,1.0,1.0,0.0,0.0,0.0,0.0,0.031882940443637146,0.09683427142838308,0.19294796336682052,0.23289771948546045
crossing,100,400,4.0,0.05,0.3,85,dkw,1.0,1.0,1.0,0.0,0.0,0.0,0.0,0.02851707913939888,0.10910957078160166,0.2277103101688579,0.2419969550374268
crossing,100,400,4.0,0.05,0.3,86,cp,1.0,1.0,1.0,0.0,0.0,0.0,0.0,0.004595615415473922,0.045523681005445404,0.2033496096647762,0.22762250251944105
crossing,100,400,4.0,0.05,0.3,86,dkw,1.0,1.0,1.0,0.0,0.0,0.0,0.0,0.012724355831475614,0.06948618691543856,0.24529109933531734,0.2880701280967208
crossing,100,400,4.0,0.05,0.3,87,cp,1.0,1.0,1.0,0.0,0.0,0.0,0.0,0.01776812100464206,0.08316548437573729,0.1888732430523717,0.2112049531653709
crossing,100,400,4.0,0.05,0.3,87,dkw,1.0,1.0,1.0,0.0,0.0,0.0,0.0,0.014042164588832416,0.08316548437573729,0.2192348584926653,0.24645963213241123
crossing,100,400,4.0,0.05,0.3,88,cp,1.0,1.0,1.0,0.0,0.0,0.0,0.0,0.021857495128508705,0.0721640750791146,0.19648118285000277,0.229091790091211
crossing,100,400,4.0,0.05,0.3,88,dkw,1.0,1.0,1.0,0.0,0.0,0.0,0.0,0.025800787717040405,0.10910957078160166,0.24495159135615538,0.2839229250683464
crossing,100,400,4.0,0.05,0.3,89,cp,1.0,1.0,1.0,0.0,0.0,0.0,0.0,0.01225391811995246,0.06948618691543856,0.18221153672052803,0.2162302108676991
crossing,100,400,4.0,0.05,0.3,89,dkw,1.0,1.0,1.0,0.0,0.0,0.0,0.0,0.01731765873245911,0.09683427142838308,0.2189883918225405,0.2615086937285429
crossing,100,400,4.0,0.05,0.3,90,cp,1.0,1.0,1.0,0.0,0.0,0.0,0.0,0.02124357798348252,0.10910957078160166,0.18379336685193506,0.21861719081406683
crossing,100,400,4.0,0.05,0.3,90,dkw,1.0,1.0,1.0,0.0,0.0,0.0,0.0,0.020839988644181975,0.10910957078160166,0.2125061574304612,0.22700192586932288
crossing,100,400,4.0,0.05,0.3,91,cp,1.0,1.0,1.0,0.0,0.0,0.0,0.0,0.014512152435982624,0.08316548437573729,0.1954567382861661,0.2147078237847122
crossing,100,400,4.0,0.05,0.3,91,dkw,1.0,1.0,1.0,0.0,0.0,0.0,0.0,0.018473742392366325,0.09683427142838308,0.23080490555344635,0.2449164799603506
crossing,100,400,4.0,0.05,0.3,92,cp,1.0,1.0,1.0,0.0,0.0,0.0,0.0,0.02943987505597532,0.08316548437573729,0.2012501196665472,0.2272124809247147
crossing,100,400,4.0,0.05,0.3,92,dkw,1.0,1.0,1.0,0.0,0.0,0.0,0.0,0.0383634199200106,0.09683427142838308,0.2308743235745335,0.2573678606709691
crossing,100,400,4.0,0.05,0.3,93,cp,1.0,1.0,1.0,0.0,0.0,0.0,0.0,0.014615748576911019,0.08316548437573729,0.19323307434895462,0.22182085329529966
crossing,100,400,4.0,0.05,0.3,93,dkw,1.0,1.0,1.0,0.0,0.0,0.0,0.0,0.017172265223205255,0.08316548437573729,0.2214233214972886,0.24032365741129458
crossing,100,400,4.0,0.05,0.3,94,cp,1.0,1.0,1.0,0.0,0.0,0.0,0.0,0.020961323931658553,0.09683427142838308,0.18836404012135177,0.21816976650435016
crossing,100,400,4.0,0.05,0.3,94,dkw,1.0,1.0,1.0,0.0,0.0,0.0,0.0,0.02327083235074174,0.09683427142838308,0.21922096407938063,0.24606983384081582
crossing,100,400,4.0,0.05,0.3,95,cp,1.0,1.0,1.0,0.0,0.0,0.0,0.0,0.0065902759906977205,0.05878190040811415,0.20109936791652103,0.23025520328106297
crossing,100,400,4.0,0.05,0.3,95,dkw,1.0,1.0,1.0,0.0,0.0,0.0,0.0,0.011074477936112402,0.06948618691543856,0.2306218502680546,0.2565330094599367
crossing,100,400,4.0,0.05,0.3,96,cp,1.0,1.0,1.0,0.0,0.0,0.0,0.0,0.01340505197670133,0.08316548437573729,0.19289098941624006,0.22341581539079858
crossing,100,400,4.0,0.05,0.3,96,dkw,1.0,1.0,1.0,0.0,0.0,0.0,0.0,0.01659223842722449,0.09683427142838308,0.21597829933117985,0.23469212118176008
crossing,100,400,4.0,0.05,0.3,97,cp,1.0,1.0,1.0,0.0,0.0,0.0,0.0,0.016939153951779737,0.09683427142838308,0.18411831959104358,0.2229516093096886
crossing,100,400,4.0,0.05,0.3,97,dkw,1.0,1.0,1.0,0.0,0.0,0.0,0.0,0.0213035367830438,0.10910957078160166,0.2140933581769003,0.23947594140720985
crossing,100,400,4.0,0.05,0.3,98,cp,1.0,1.0,1.0,0.0,0.0,0.0,0.0,0.01768957137632762,0.09683427142838308,0.1808419613579308,0.2143422705252841
crossing,100,400,4.0,0.05,0.3,98,dkw,1.0,1.0,1.0,0.0,0.0,0.0,0.0,0.01676165441181308,0.09683427142838308,0.21341277540978573,0.22614244810482087
crossing,100,400,4.0,0.05,0.3,99,cp,1.0,1.0,1.0,0.0,0.0,0.0,0.0,0.007197954762354582,0.05878190040811415,0.19371280031633173,0.21912446526849116
crossing,100,400,4.0,0.05,0.3,99,dkw,1.0,1.0,1.0,0.0,0.0,0.0,0.0,0.01300032537921226,0.08316548437573729,0.22889376205374867,0.26768612707876366
crossing,100,400,4.0,0.05,0.3,100,cp,1.0,1.0,1.0,0.0,0.0,0.0,0.0,0.018237728567329903,0.09683427142838308,0.19258540454312875,0.2260668935520992
crossing,100,400,4.0,0.05,0.3,100,dkw,1.0,1.0,1.0,0.0,0.0,0.0,0.0,0.017133404700911084,0.09683427142838308,0.22871204935151493,0.2566864286646484
crossing,100,400,4.0,0.05,0.3,101,cp,1.0,1.0,1.0,0.0,0.0,0.0,0.0,0.020405463568279388,0.09683427142838308,0.20326246582948762,0.23323159842725905
crossing,100,400,4.0,0.05,0.3,101,dkw,1.0,1.0,1.0,0.0,0.0,0.0,0.0,0.030227306730940318,0.09683427142838308,0.23212245663599337,0.2519210078550076
crossing,100,400,4.0,0.05,0.3,102,cp,1.0,1.0,1.0,0.0,0.0,0.0,0.0,0.007885646965807847,0.045523681005445404,0.1967885584696265,0.23197322715986485
crossing,100,400,4.0,0.05,0.3,102,dkw,1.0,1.0,1.0,0.0,0.0,0.0,0.0,0.015388385373693993,0.08316548437573729,0.24252719676547724,0.2979712226315479
crossing,100,400,4.0,0.05,0.3,103,cp,1.0,1.0,1.0,0.0,0.0,0.0,0.0,0.014889716424244486,0.08316548437573729,0.18283669911931916,0.202149891422303
crossing,100,400,4.0,0.05,0.3,103,dkw,1.0,1.0,1.0,0.0,0.0,0.0,0.0,0.014042164588832416,0.08316548437573729,0.21369798100923018,0.2338836756432845
crossing,100,400,4.0,0.05,0.3,104,cp,1.0,1.0,1.0,0.0,0.0,0.0,0.0,0.02475824963842104,0.06240183665354959,0.21413539876091356,0.23555542292681297
crossing,100,400,4.0,0.05,0.3,104,dkw,1.0,1.0,1.0,0.0,0.0,0.0,0.0,0.02741509029328038,0.06240183665354959,0.2475510340006719,0.28226637153205825
crossing,100,400,4.0,0.05,0.3,105,cp,1.0,1.0,1.0,0.0,0.0,0.0,0.0,0.014081229070611838,0.06948618691543856,0.17905523025675726,0.19830204111848904
crossing,100,400,4.0,0.05,0.3,105,dkw,1.0,1.0,1.0,0.0,0.0,0.0,0.0,0.012508599239539524,0.06948618691543856,0.2244852747877475,0.2597543225735302
crossing,100,400,4.0,0.05,0.3,106,cp,1.0,1.0,1.0,0.0,0.0,0.0,0.0,0.026366120887673126,0.06948618691543856,0.19798281450267383,0.22373741894217902
crossing,100,400,4.0,0.05,0.3,106,dkw,1.0,1.0,1.0,0.0,0.0,0.0,0.0,0.03285019321261613,0.12023074069810574,0.24213291476468526,0.2734217502691822
crossing,100,400,4.0,0.05,0.3,107,cp,1.0,1.0,1.0,0.0,0.0,0.0,0.0,0.014402023438286529,0.08316548437573729,0.186890281041441,0.21753807044082174
crossing,100,400,4.0,0.05,0.3,107,dkw,1.0,1.0,1.0,0.0,0.0,0.0,0.0,0.013376151738345166,0.08316548437573729,0.228284115449961,0.2555227432440966
crossing,100,400,4.0,0.05,0.3,108,cp,1.0,1.0,1.0,0.0,0.0,0.0,0.0,0.012106738286945327,0.06948618691543856,0.18853714117514997,0.20871932239413638
crossing,100,400,4.0,0.05,0.3,108,dkw,1.0,1.0,1.0,0.0,0.0,0.0,0.0,0.01366468289944674,0.06948618691543856,0.23068004223810937,0.25384737864106016
crossing,100,400,4.0,0.05,0.3,109,cp,1.0,1.0,1.0,0.0,0.0,0.0,0.0,0.02503884866996148,0.12023074069810574,0.1883091650710277,0.2099425687674371
crossing,100,400,4.0,0.05,0.3,109,dkw,1.0,1.0,1.0,0.0,0.0,0.0,0.0,0.020544172889218303,0.10910957078160166,0.22650012133373332,0.2502451509909408
crossing,100,400,4.0,0.05,0.3,110,cp,1.0,1.0,1.0,0.0,0.0,0.0,0.0,0.020186259627038634,0.06948618691543856,0.2033951479386944,0.23453050296519673
crossing,100,400,4.0,0.05,0.3,110,dkw,1.0,1.0,1.0,0.0,0.0,0.0,0.0,0.01585179645027092,0.08316548437573729,0.2329566698798934,0.2581874632339865
crossing,100,400,4.0,0.05,0.3,111,cp,1.0,1.0,1.0,0.0,0.0,0.0,0.0,0.011440105488982168,0.05878190040811415,0.20214060334833536,0.2193239955266414
crossing,100,400,4.0,0.05,0.3,111,dkw,1.0,1.0,1.0,0.0,0.0,0.0,0.0,0.020050756775283972,0.08316548437573729,0.2380707288886611,0.26864122100827803
crossing,100,400,4.0,0.05,0.3,112,cp,1.0,1.0,1.0,0.0,0.0,0.0,0.0,0.0066949421024010735,0.05878190040811415,0.20062356924018224,0.23749413628690108
crossing,100,400,4.0,0.05,0.3,112,dkw,1.0,1.0,1.0,0.0,0.0,0.0,0.0,0.006632044094458483,0.05878190040811415,0.23139749878960944,0.25524488849332505
crossing,100,400,4.0,0.05,0.3,113,cp,1.0,1.0,1.0,0.0,0.0,0.0,0.0,0.017133404700911084,0.09683427142838308,0.19371386783433298,0.2244074382403019
crossing,100,400,4.0,0.05,0.3,113,dkw,1.0,1.0,1.0,0.0,0.0,0.0,0.0,0.016430870998424583,0.09683427142838308,0.2290944509261738,0.2419292647531477
crossing,100,400,4.0,0.05,0.3,114,cp,1.0,1.0,1.0,0.0,0.0,0.0,0.0,0.017743540472725975,0.06948618691543856,0.20293011564154628,0.22432546125130848
crossing,100,400,4.0,0.05,0.3,114,dkw,1.0,1.0,1.0,0.0,0.0,0.0,0.0,0.02327083235074174,0.09683427142838308,0.24190298774786448,0.27181833876248906
crossing,100,400,4.0,0.05,0.3,115,cp,1.0,1.0,1.0,0.0,0.0,0.0,0.0,0.004744424228407072,0.045523681005445404,0.2092794084266179,0.23389079458187656
crossing,100,400,4.0,0.05,0.3,115,dkw,1.0,1.0,1.0,0.0,0.0,0.0,0.0,0.011074477936112402,0.06948618691543856,0.2497449331683926,0.283069673472217
crossing,100,400,4.0,0.05,0.3,116,cp,1.0,1.0,1.0,0.0,0.0,0.0,0.0,0.03143444709723857,0.10910957078160166,0.19651478094047475,0.23363124104230393
crossing,100,400,4.0,0.05,0.3,116,dkw,1.0,1.0,1.0,0.0,0.0,0.0,0.0,0.031970122107153644,0.09683427142838308,0.2198662115102877,0.24165252889052669
crossing,100,400,4.0,0.05,0.3,117,cp,1.0,1.0,1.0,0.0,0.0,0.0,0.0,0.01448612708494394,0.08316548437573729,0.188537307380481,0.20784871247120418
crossing,100,400,4.0,0.05,0.3,117,dkw,1.0,1.0,1.0,0.0,0.0,0.0,0.0,0.014002293141031493,0.08316548437573729,0.22535567780450452,0.24334330449795522
crossing,100,400,4.0,0.05,0.3,118,cp,1.0,1.0,1.0,0.0,0.0,0.0,0.0,0.005755157064027874,0.028545808724175337,0.1954918190763771,0.2279947894460732
crossing,100,400,4.0,0.05,0.3,118,dkw,1.0,1.0,1.0,0.0,0.0,0.0,0.0,0.014680137666103623,0.08316548437573729,0.2415702950255592,0.2955549648658405
crossing,100,400,4.0,0.05,0.3,119,cp,1.0,1.0,1.0,0.0,0.0,0.0,0.0,0.02187395080632704,0.10910957078160166,0.17775878725921004,0.20746614671863728
crossing,100,400,4.0,0.05,0.3,119,dkw,1.0,1.0,1.0,0.0,0.0,0.0,0.0,0.021349623181113046,0.10910957078160166,0.20322451745325118,0.23470718655263023
crossing,100,400,4.0,0.05,0.3,120,cp,1.0,1.0,1.0,0.0,0.0,0.0,0.0,0.0070274323481301915,0.05878190040811415,0.18689951821273895,0.2286727398531163
crossing,100,400,4.0,0.05,0.3,120,dkw,1.0,1.0,1.0,0.0,0.0,0.0,0.0,0.009328015177123955,0.06948618691543856,0.2197661905896703,0.2514844005578047
crossing,100,400,4.0,0.05,0.3,121,cp,0.0,1.0,1.0,0.0,0.0,0.0,0.0,0.014258385548844042,0.06948618691543856,0.1984823458465093,0.2224716489064562
crossing,100,400,4.0,0.05,0.3,121,dkw,0.0,1.0,1.0,0.0,0.0,0.0,0.0,0.020802145984693533,0.08316548437573729,0.219401318834783,0.23793539978051026
crossing,100,400,4.0,0.05,0.3,122,cp,1.0,1.0,1.0,0.0,0.0,0.0,0.0,0.030879884072297838,0.06240183665354959,0.21072893962681088,0.23288141933619066
crossing,100,400,4.0,0.05,0.3,122,dkw,1.0,1.0,1.0,0.0,0.0,0.0,0.0,0.039128520528911956,0.08316548437573729,0.24415202881518674,0.2614832692989482
crossing,100,400,4.0,0.05,0.3,123,cp,1.0,1.0,1.0,0.0,0.0,0.0,0.0,0.016650074520966694,0.05878190040811415,0.20820271758504522,0.22997381502899306
crossing,100,400,4.0,0.05,0.3,123,dkw,1.0,1.0,1.0,0.0,0.0,0.0,0.0,0.027542468671124656,0.08316548437573729,0.24689757551389474,0.2794075270195658
crossing,100,400,4.0,0.05,0.3,124,cp,1.0,1.0,1.0,0.0,0.0,0.0,0.0,0.021672078715318482,0.08316548437573729,0.19774810288103079,0.22061101416072015
crossing,100,400,4.0,0.05,0.3,124,dkw,1.0,1.0,1.0,0.0,0.0,0.0,0.0,0.02129756861162143,0.09683427142838308,0.2284005713170231,0.2548874646597341
crossing,100,400,4.0,0.05,0.3,125,cp,1.0,1.0,1.0,0.0,0.0,0.0,0.0,0.008836934963052757,0.05878190040811415,0.19630695849589547,0.22283719481384007
crossing,100,400,4.0,0.05,0.3,125,dkw,1.0,1.0,1.0,0.0,0.0,0.0,0.0,0.017133404700911084,0.09683427142838308,0.23699614268599592,0.28162497863678904
crossing,100,400,4.0,0.05,0.3,126,cp,1.0,1.0,1.0,0.0,0.0,0.0,0.0,0.03434011112852646,0.10910957078160166,0.18384230220710024,0.2215602252234754
crossing,100,400,4.0,0.05,0.3,126,dkw,1.0,1.0,1.0,0.0,0.0,0.0,0.0,0.028848807277823928,0.12023074069810574,0.21572774649257706,0.2360687161094444
crossing,100,400,4.0,0.05,0.3,127,cp,1.0,1.0,1.0,0.0,0.0,0.0,0.0,0.015028560086969596,0.08316548437573729,0.2012835092744816,0.23031541138549416
crossing,100,400,4.0,0.05,0.3,127,dkw,1.0,1.0,1.0,0.0,0.0,0.0,0.0,0.02120465391827355,0.08316548437573729,0.23197784713794448,0.2519877644401773
crossing,100,400,4.0,0.05,0.3,128,cp,1.0,1.0,1.0,0.0,0.0,0.0,0.0,0.023344922425718374,0.09683427142838308,0.1957967667253444,0.22627442476212434
crossing,100,400,4.0,0.05,0.3,128,dkw,1.0,1.0,1.0,0.0,0.0,0.0,0.0,0.023488183704489397,0.09683427142838308,0.21315502170189882,0.24573465228451807
crossing,100,400,4.0,0.05,0.3,129,cp,1.0,1.0,1.0,0.0,0.0,0.0,0.0,0.009707663892591135,0.06948618691543856,0.20220155082501912,0.2208280503974368
crossing,100,400,4.0,0.05,0.3,129,dkw,1.0,1.0,1.0,0.0,0.0,0.0,0.0,0.018838368739188094,0.09683427142838308,0.23275330586325918,0.266751416863383
crossing,100,400,4.0,0.05,0.3,130,cp,1.0,1.0,1.0,0.0,0.0,0.0,0.0,0.016915797779864912,0.09683427142838308,0.18879889401766964,0.2179674597501573
crossing,100,400,4.0,0.05,0.3,130,dkw,1.0,1.0,1.0,0.0,0.0,0.0,0.0,0.01789817824525703,0.09683427142838308,0.22092965817769525,0.23419045514262682
crossing,100,400,4.0,0.05,0.3,131,cp,1.0,1.0,1.0,0.0,0.0,0.0,0.0,0.008962710977774277,0.06948618691543856,0.20356806700793825,0.2373195115456767
crossing,100,400,4.0,0.05,0.3,131,dkw,1.0,1.0,1.0,0.0,0.0,0.0,0.0,0.008768614916774024,0.06948618691543856,0.23341646081713918,0.25544178203232515
crossing,100,400,4.0,0.05,0.3,132,cp,1.0,1.0,1.0,0.0,0.0,0.0,0.0,0.006503104722916197,0.05878190040811415,0.1925849293190827,0.23009439606150273
crossing,100,400,4.0,0.05,0.3,132,dkw,1.0,1.0,1.0,0.0,0.0,0.0,0.0,0.00579214717832373,0.05878190040811415,0.2251240829878998,0.2518945957634078
crossing,100,400,4.0,0.05,0.3,133,cp,1.0,1.0,1.0,0.0,0.0,0.0,0.0,0.012566164348972508,0.045523681005445404,0.2128626420621733,0.24105321868484975
crossing,100,400,4.0,0.05,0.3,133,dkw,1.0,1.0,1.0,0.0,0.0,0.0,0.0,0.012641836686741716,0.05878190040811415,0.2471592001047474,0.27141563846869154
crossing,100,400,4.0,0.05,0.3,134,cp,1.0,1.0,1.0,0.0,0.0,0.0,0.0,0.007685827311069207,0.05878190040811415,0.1935727864878509,0.21564635042494762
crossing,100,400,4.0,0.05,0.3,134,dkw,1.0,1.0,1.0,0.0,0.0,0.0,0.0,0.014288548060133794,0.08316548437573729,0.23720792542813432,0.2780017452941275
crossing,100,400,4.0,0.05,0.3,135,cp,1.0,1.0,1.0,0.0,0.0,0.0,0.0,0.0344975711067728,0.10910957078160166,0.18958599357819905,0.22194870275840906
crossing,100,400,4.0,0.05,0.3,135,dkw,1.0,1.0,1.0,0.0,0.0,0.0,0.0,0.03059256935955058,0.09683427142838308,0.20908900584046614,0.23960087124891827
crossing,100,400,4.0,0.05,0.3,136,cp,1.0,1.0,1.0,0.0,0.0,0.0,0.0,0.014002293141031493,0.08316548437573729,0.1881703124265849,0.20851254003341413
crossing,100,400,4.0,0.05,0.3,136,dkw,1.0,1.0,1.0,0.0,0.0,0.0,0.0,0.015066646597741862,0.08316548437573729,0.22706982724495803,0.24880722758607154
crossing,100,400,4.0,0.05,0.3,137,cp,1.0,1.0,1.0,0.0,0.0,0.0,0.0,0.017720461109157114,0.09683427142838308,0.18084193575898752,0.21857066837376393
crossing,100,400,4.0,0.05,0.3,137,dkw,1.0,1.0,1.0,0.0,0.0,0.0,0.0,0.02233402334100002,0.10910957078160166,0.20949079327826944,0.24770317685931698
crossing,100,400,4.0,0.05,0.3,138,cp,1.0,1.0,1.0,0.0,0.0,0.0,0.0,0.01836886819135415,0.09683427142838308,0.18158333374788677,0.21521851299154748
crossing,100,400,4.0,0.05,0.3,138,dkw,1.0,1.0,1.0,0.0,0.0,0.0,0.0,0.017199827699582382,0.09683427142838308,0.2095096974381307,0.22891187633795174
crossing,100,400,4.0,0.05,0.3,139,cp,1.0,1.0,1.0,0.0,0.0,0.0,0.0,0.01824557569697365,0.09683427142838308,0.1743639658676044,0.19924162996012074
crossing,100,400,4.0,0.05,0.3,139,dkw,1.0,1.0,1.0,0.0,0.0,0.0,0.0,0.01731765873245911,0.09683427142838308,0.20141462910319535,0.2168012322774704
crossing,100,400,4.0,0.05,0.3,140,cp,1.0,1.0,1.0,0.0,0.0,0.0,0.0,0.017706826182858727,0.08316548437573729,0.17588882868657088,0.2083088357308483
crossing,100,400,4.0,0.05,0.3,140,dkw,1.0,1.0,1.0,0.0,0.0,0.0,0.0,0.015414044049458479,0.08316548437573729,0.2142597021711766,0.25030836848783133
crossing,100,400,4.0,0.05,0.3,141,cp,1.0,1.0,1.0,0.0,0.0,0.0,0.0,0.01448612708494394,0.08316548437573729,0.17868967650548512,0.2048785453956372
crossing,100,400,4.0,0.05,0.3,141,dkw,1.0,1.0,1.0,0.0,0.0,0.0,0.0,0.014084266132349744,0.08316548437573729,0.21312087151771045,0.22587514406752884
crossing,100,400,4.0,0.05,0.3,142,cp,1.0,1.0,1.0,0.0,0.0,0.0,0.0,0.005241891047415002,0.045523681005445404,0.20068396030492047,0.2203852155096513
crossing,100,400,4.0,0.05,0.3,142,dkw,1.0,1.0,1.0,0.0,0.0,0.0,0.0,0.008761292714265788,0.05878190040811415,0.24069724829719752,0.281716658259607
crossing,100,400,4.0,0.05,0.3,143,cp,1.0,1.0,1.0,0.0,0.0,0.0,0.0,0.015680453573876697,0.09683427142838308,0.1959477028578083,0.22563341610051596
crossing,100,400,4.0,0.05,0.3,143,dkw,1.0,1.0,1.0,0.0,0.0,0.0,0.0,0.020324948608864753,0.10910957078160166,0.22804859641674205,0.23923615054698688
crossing,100,400,4.0,0.05,0.3,144,cp,1.0,1.0,1.0,0.0,0.0,0.0,0.0,0.013968568952913152,0.06948618691543856,0.17549000954188007,0.2141119563966879
crossing,100,400,4.0,0.05,0.3,144,dkw,1.0,1.0,1.0,0.0,0.0,0.0,0.0,0.019318059255711104,0.09683427142838308,0.22047175574644104,0.26321859097765476
crossing,100,400,4.0,0.05,0.3,145,cp,1.0,1.0,1.0,0.0,0.0,0.0,0.0,0.030112322588081993,0.09683427142838308,0.1856786345300026,0.2188725262749882
crossing,100,400,4.0,0.05,0.3,145,dkw,1.0,1.0,1.0,0.0,0.0,0.0,0.0,0.02294748514919216,0.10910957078160166,0.2259968759610753,0.2532680320525337
crossing,100,400,4.0,0.05,0.3,146,cp,1.0,1.0,1.0,0.0,0.0,0.0,0.0,0.015642210744851157,0.08316548437573729,0.19279292910570447,0.21612320036037302
crossing,100,400,4.0,0.05,0.3,146,dkw,1.0,1.0,1.0,0.0,0.0,0.0,0.0,0.019218086755308752,0.08316548437573729,0.22867505089753995,0.2500790542797195
crossing,100,400,4.0,0.05,0.3,147,cp,1.0,1.0,1.0,0.0,0.0,0.0,0.0,0.010520470876992299,0.06948618691543856,0.18909728011986326,0.22109650368002515
crossing,100,400,4.0,0.05,0.3,147,dkw,1.0,1.0,1.0,0.0,0.0,0.0,0.0,0.01171884134192809,0.06948618691543856,0.22431203442480793,0.2645334491926309
crossing,100,400,4.0,0.05,0.3,148,cp,1.0,1.0,1.0,0.0,0.0,0.0,0.0,0.012024765295627076,0.06948618691543856,0.18519537941417055,0.21516922947199912
crossing,100,400,4.0,0.05,0.3,148,dkw,1.0,1.0,1.0,0.0,0.0,0.0,0.0,0.013089118752337446,0.06948618691543856,0.20967176697748122,0.23427815072129365
crossing,100,400,4.0,0.05,0.3,149,cp,1.0,1.0,1.0,0.0,0.0,0.0,0.0,0.020535871851632213,0.09683427142838308,0.1991163825216943,0.2217148503651013
crossing,100,400,4.0,0.05,0.3,149,dkw,1.0,1.0,1.0,0.0,0.0,0.0,0.0,0.022803523888833964,0.10910957078160166,0.22654258064976812,0.25308676143629094
crossing,100,400,4.0,0.05,0.3,150,cp,1.0,1.0,1.0,0.0,0.0,0.0,0.0,0.013803878045122776,0.08316548437573729,0.19143662992998783,0.22855471582678355
crossing,100,400,4.0,0.05,0.3,150,dkw,1.0,1.0,1.0,0.0,0.0,0.0,0.0,0.020779209157829808,0.10910957078160166,0.22011685275036605,0.25783759422560204
crossing,100,400,4.0,0.05,0.3,151,cp,1.0,1.0,1.0,0.0,0.0,0.0,0.0,0.004343666086076507,0.045523681005445404,0.2004701883451807,0.2354275808806059
crossing,100,400,4.0,0.05,0.3,151,dkw,1.0,1.0,1.0,0.0,0.0,0.0,0.0,0.00713228647844292,0.05878190040811415,0.24510649336831428,0.29146042123950944
crossing,100,400,4.0,0.05,0.3,152,cp,1.0,1.0,1.0,0.0,0.0,0.0,0.0,0.0032127834415018276,0.024835868694923824,0.21488806982801997,0.23778959990594573
crossing,100,400,4.0,0.05,0.3,152,dkw,1.0,1.0,1.0,0.0,0.0,0.0,0.0,0.005951983175554383,0.045523681005445404,0.2573554328814774,0.31120493007188443
crossing,100,400,4.0,0.05,0.3,153,cp,1.0,1.0,1.0,0.0,0.0,0.0,0.0,0.031662563161819014,0.10910957078160166,0.1873465908210821,0.2263156505471749
crossing,100,400,4.0,0.05,0.3,153,dkw,1.0,1.0,1.0,0.0,0.0,0.0,0.0,0.024837609793360648,0.12023074069810574,0.21511624771121704,0.23925201864954004
crossing,100,400,4.0,0.05,0.3,154,cp,1.0,1.0,1.0,0.0,0.0,0.0,0.0,0.01533483439666625,0.06948618691543856,0.19594537273796853,0.2200828529922083
crossing,100,400,4.0,0.05,0.3,154,dkw,1.0,1.0,1.0,0.0,0.0,0.0,0.0,0.019397461493606417,0.08316548437573729,0.2330347269979677,0.2611868580863205
crossing,100,400,4.0,0.05,0.3,155,cp,1.0,1.0,1.0,0.0,0.0,0.0,0.0,0.013436516204054063,0.06948618691543856,0.18555482732095616,0.2045090471385521
crossing,100,400,4.0,0.05,0.3,155,dkw,1.0,1.0,1.0,0.0,0.0,0.0,0.0,0.012226004172227906,0.06948618691543856,0.22662811656522686,0.26378116319682315
crossing,100,400,4.0,0.05,0.3,156,cp,1.0,1.0,1.0,0.0,0.0,0.0,0.0,0.0019711687968134296,0.028545808724175337,0.2073108695345974,0.23261419831065155
crossing,100,400,4.0,0.05,0.3,156,dkw,1.0,1.0,1.0,0.0,0.0,0.0,0.0,0.00622913687558273,0.05878190040811415,0.25086191751166065,0.29676508744643304
crossing,100,400,4.0,0.05,0.3,157,cp,1.0,1.0,1.0,0.0,0.0,0.0,0.0,0.015194737377800839,0.06948618691543856,0.1896425068730639,0.21975794125663417
crossing,100,400,4.0,0.05,0.3,157,dkw,1.0,1.0,1.0,0.0,0.0,0.0,0.0,0.018461772857822155,0.06948618691543856,0.21758744964628712,0.2469883755041229
crossing,100,400,4.0,0.05,0.3,158,cp,0.0,1.0,1.0,0.0,0.0,0.0,0.0,0.029608684665877988,0.08316548437573729,0.2035916362039192,0.22687869903669833
crossing,100,400,4.0,0.05,0.3,158,dkw,1.0,1.0,1.0,0.0,0.0,0.0,0.0,0.03239929521505443,0.08316548437573729,0.23648296839612612,0.25972274290711744
crossing,100,400,4.0,0.05,0.3,159,cp,1.0,1.0,1.0,0.0,0.0,0.0,0.0,0.019387164863869797,0.06948618691543856,0.20839545158136866,0.24021301740528922
crossing,100,400,4.0,0.05,0.3,159,dkw,1.0,1.0,1.0,0.0,0.0,0.0,0.0,0.02399554842173278,0.06948618691543856,0.23984530024558687,0.25384737864106016
crossing,100,400,4.0,0.05,0.3,160,cp,1.0,1.0,1.0,0.0,0.0,0.0,0.0,0.004676156331805625,0.045523681005445404,0.19420088992841691,0.22740046377873135
crossing,100,400,4.0,0.05,0.3,160,dkw,1.0,1.0,1.0,0.0,0.0,0.0,0.0,0.00579214717832373,0.05878190040811415,0.23931544929618212,0.28299093863579894
crossing,100,400,4.0,0.05,0.3,161,cp,1.0,1.0,1.0,0.0,0.0,0.0,0.0,0.014785027624033886,0.05878190040811415,0.2006335142082367,0.24191186047188995
crossing,100,400,4.0,0.05,0.3,161,dkw,1.0,1.0,1.0,0.0,0.0,0.0,0.0,0.010718186712442021,0.06948618691543856,0.2290754635982962,0.25819814809547037
crossing,100,400,4.0,0.05,0.3,162,cp,1.0,1.0,1.0,0.0,0.0,0.0,0.0,0.005119915856557338,0.045523681005445404,0.19810254503848668,0.23678049394427358
crossing,100,400,4.0,0.05,0.3,162,dkw,1.0,1.0,1.0,0.0,0.0,0.0,0.0,0.007612329140079787,0.05878190040811415,0.23508052658004852,0.25328204256880194
crossing,100,400,4.0,0.05,0.3,163,cp,1.0,1.0,1.0,0.0,0.0,0.0,0.0,0.007964353797439965,0.05878190040811415,0.20539281465976672,0.240391899573154
crossing,100,400,4.0,0.05,0.3,163,dkw,1.0,1.0,1.0,0.0,0.0,0.0,0.0,0.010676085168924694,0.06948618691543856,0.24276096194112962,0.2603991754922704
crossing,100,400,4.0,0.05,0.3,164,cp,1.0,1.0,1.0,0.0,0.0,0.0,0.0,0.018083768086106778,0.08316548437573729,0.1835342001022134,0.21628430448995567
crossing,100,400,4.0,0.05,0.3,164,dkw,1.0,1.0,1.0,0.0,0.0,0.0,0.0,0.017624604032772745,0.08316548437573729,0.2173372132851742,0.24158280906106022
crossing,100,400,4.0,0.05,0.3,165,cp,1.0,1.0,1.0,0.0,0.0,0.0,0.0,0.020958234170964915,0.049622241976431836,0.21906854733812575,0.24537194055070732
crossing,100,400,4.0,0.05,0.3,165,dkw,1.0,1.0,1.0,0.0,0.0,0.0,0.0,0.026139961690930292,0.0616015165254985,0.25271191174701707,0.2775445084706931
crossing,100,400,4.0,0.05,0.3,166,cp,1.0,1.0,1.0,0.0,0.0,0.0,0.0,0.009406673473885803,0.06948618691543856,0.1967378791062818,0.23428437179467032
crossing,100,400,4.0,0.05,0.3,166,dkw,1.0,1.0,1.0,0.0,0.0,0.0,0.0,0.012696402655914207,0.08316548437573729,0.23167021622804942,0.2620547734340266
crossing,100,400,4.0,0.05,0.3,167,cp,1.0,1.0,1.0,0.0,0.0,0.0,0.0,0.009999984635588788,0.06948618691543856,0.19106561666209246,0.2307752010764076
crossing,100,400,4.0,0.05,0.3,167,dkw,1.0,1.0,1.0,0.0,0.0,0.0,0.0,0.01704116429413058,0.09683427142838308,0.23067644850550445,0.2726542272444721
crossing,100,400,4.0,0.05,0.3,168,cp,1.0,1.0,1.0,0.0,0.0,0.0,0.0,0.006131084308735959,0.045523681005445404,0.20451782527119028,0.2272778278160607
crossing,100,400,4.0,0.05,0.3,168,dkw,1.0,1.0,1.0,0.0,0.0,0.0,0.0,0.018129792284143385,0.08316548437573729,0.24274752376481207,0.2889009318178091
crossing,100,400,4.0,0.05,0.3,169,cp,1.0,1.0,1.0,0.0,0.0,0.0,0.0,0.02787419865570584,0.08316548437573729,0.19492682102599662,0.22110149478179497
crossing,100,400,4.0,0.05,0.3,169,dkw,1.0,1.0,1.0,0.0,0.0,0.0,0.0,0.018565526694382592,0.09683427142838308,0.2399266855129034,0.26812218240620994
crossing,100,400,4.0,0.05,0.3,170,cp,1.0,1.0,1.0,0.0,0.0,0.0,0.0,0.016664986973238573,0.08316548437573729,0.17447528935161113,0.20925455266778092
crossing,100,400,4.0,0.05,0.3,170,dkw,1.0,1.0,1.0,0.0,0.0,0.0,0.0,0.020538357830373895,0.09683427142838308,0.20809027893686521,0.24416999836537023
crossing,100,400,4.0,0.05,0.3,171,cp,1.0,1.0,1.0,0.0,0.0,0.0,0.0,0.015517234904492189,0.05878190040811415,0.21353197017961859,0.24275789293130084
crossing,100,400,4.0,0.05,0.3,171,dkw,1.0,1.0,1.0,0.0,0.0,0.0,0.0,0.021567200389716226,0.08316548437573729,0.25141145277098564,0.27887089710522933
crossing,100,400,4.0,0.05,0.3,172,cp,1.0,1.0,1.0,0.0,0.0,0.0,0.0,0.027417684782744832,0.06240183665354959,0.206889068984933,0.23199520239229432
crossing,100,400,4.0,0.05,0.3,172,dkw,1.0,1.0,1.0,0.0,0.0,0.0,0.0,0.028808778635171096,0.06240183665354959,0.23355857532305882,0.2519920780724519
crossing,100,400,4.0,0.05,0.3,173,cp,1.0,1.0,1.0,0.0,0.0,0.0,0.0,0.023875402113706697,0.10910957078160166,0.18215860715559842,0.2046395788168005
crossing,100,400,4.0,0.05,0.3,173,dkw,1.0,1.0,1.0,0.0,0.0,0.0,0.0,0.0209460338418125,0.10910957078160166,0.21051159948030637,0.23469212118176008
crossing,100,400,4.0,0.05,0.3,174,cp,1.0,1.0,1.0,0.0,0.0,0.0,0.0,0.00713228647844292,0.05878190040811415,0.19705239861672466,0.2330906217874552
crossing,100,400,4.0,0.05,0.3,174,dkw,1.0,1.0,1.0,0.0,0.0,0.0,0.0,0.00713228647844292,0.05878190040811415,0.22746098203863774,0.24623701568162937
crossing,100,400,4.0,0.05,0.3,175,cp,1.0,1.0,1.0,0.0,0.0,0.0,0.0,0.0076192457449509865,0.05878190040811415,0.19510496644601522,0.22090673203190375
crossing,100,400,4.0,0.05,0.3,175,dkw,1.0,1.0,1.0,0.0,0.0,0.0,0.0,0.014084266132349744,0.08316548437573729,0.23701684927202776,0.2793273592101178
crossing,100,400,4.0,0.05,0.3,176,cp,1.0,1.0,1.0,0.0,0.0,0.0,0.0,0.017720461109157114,0.09683427142838308,0.18486751447222297,0.21858415491347372
crossing,100,400,4.0,0.05,0.3,176,dkw,1.0,1.0,1.0,0.0,0.0,0.0,0.0,0.01836886819135415,0.09683427142838308,0.21035164356429298,0.23466438099892872
crossing,100,400,4.0,0.05,0.3,177,cp,1.0,1.0,1.0,0.0,0.0,0.0,0.0,0.01686261146521988,0.06948618691543856,0.20399511142782598,0.23148054457111478
crossing,100,400,4.0,0.05,0.3,177,dkw,1.0,1.0,1.0,0.0,0.0,0.0,0.0,0.02327083235074174,0.09683427142838308,0.23613258442874183,0.2637419426182597
crossing,100,400,4.0,0.05,0.3,178,cp,1.0,1.0,1.0,0.0,0.0,0.0,0.0,0.010563360256151826,0.06948618691543856,0.20593164390437635,0.23103506737871415
crossing,100,400,4.0,0.05,0.3,178,dkw,1.0,1.0,1.0,0.0,0.0,0.0,0.0,0.014967356474308451,0.08316548437573729,0.24254576928408714,0.27105579077316994
crossing,100,400,4.0,0.05,0.3,179,cp,1.0,1.0,1.0,0.0,0.0,0.0,0.0,0.01115067223169637,0.06948618691543856,0.19177706062526745,0.22116131962155816
crossing,100,400,4.0,0.05,0.3,179,dkw,1.0,1.0,1.0,0.0,0.0,0.0,0.0,0.017509567975062975,0.09683427142838308,0.2319121468403539,0.26950721489800045
crossing,100,400,4.0,0.05,0.3,180,cp,1.0,1.0,1.0,0.0,0.0,0.0,0.0,0.02267966196927687,0.08316548437573729,0.19393878469278072,0.2288691722367988
crossing,100,400,4.0,0.05,0.3,180,dkw,1.0,1.0,1.0,0.0,0.0,0.0,0.0,0.014952336281767366,0.08316548437573729,0.22608092367142685,0.24457357872751234
crossing,100,400,4.0,0.05,0.3,181,cp,1.0,1.0,1.0,0.0,0.0,0.0,0.0,0.02341832815122491,0.10910957078160166,0.181674076260149,0.20997342353259135
crossing,100,400,4.0,0.05,0.3,181,dkw,1.0,1.0,1.0,0.0,0.0,0.0,0.0,0.023887081062405415,0.10910957078160166,0.2105897034928068,0.23689538522647763
crossing,100,400,4.0,0.05,0.3,182,cp,1.0,1.0,1.0,0.0,0.0,0.0,0.0,0.020961323931658553,0.09683427142838308,0.1945675831538927,0.22434990107929476
crossing,100,400,4.0,0.05,0.3,182,dkw,1.0,1.0,1.0,0.0,0.0,0.0,0.0,0.02327083235074174,0.09683427142838308,0.22486961094434677,0.24850605684631888
crossing,100,400,4.0,0.05,0.3,183,cp,1.0,1.0,1.0,0.0,0.0,0.0,0.0,0.017035063665147492,0.09683427142838308,0.18484477434297544,0.20755928708407811
crossing,100,400,4.0,0.05,0.3,183,dkw,1.0,1.0,1.0,0.0,0.0,0.0,0.0,0.016915797779864912,0.09683427142838308,0.2218116329460178,0.2414614542818022
crossing,100,400,4.0,0.05,0.3,184,cp,1.0,1.0,1.0,0.0,0.0,0.0,0.0,0.010520470876992299,0.06948618691543856,0.187334198639798,0.22417561731444013
crossing,100,400,4.0,0.05,0.3,184,dkw,1.0,1.0,1.0,0.0,0.0,0.0,0.0,0.016985240349848982,0.09683427142838308,0.22418232765229867,0.2525846582880157
crossing,100,400,4.0,0.05,0.3,185,cp,1.0,1.0,1.0,0.0,0.0,0.0,0.0,0.009598825595173761,0.06948618691543856,0.19628546007250516,0.2315853597072154
crossing,100,400,4.0,0.05,0.3,185,dkw,1.0,1.0,1.0,0.0,0.0,0.0,0.0,0.01285230316689936,0.08316548437573729,0.22840069266346752,0.2573263711796884
crossing,100,400,4.0,0.05,0.3,186,cp,1.0,1.0,1.0,0.0,0.0,0.0,0.0,0.013089118752337446,0.06948618691543856,0.18558661425489537,0.21331489724460218
crossing,100,400,4.0,0.05,0.3,186,dkw,1.0,1.0,1.0,0.0,0.0,0.0,0.0,0.01615226443873897,0.06948618691543856,0.21447670553981918,0.2440363453632901
crossing,100,400,4.0,0.05,0.3,187,cp,1.0,1.0,1.0,0.0,0.0,0.0,0.0,0.010558920121591537,0.05878190040811415,0.1819743927870489,0.21595785887396757
crossing,100,400,4.0,0.05,0.3,187,dkw,1.0,1.0,1.0,0.0,0.0,0.0,0.0,0.01633270740949373,0.08316548437573729,0.22829995619463817,0.27887089710522933
crossing,100,400,4.0,0.05,0.3,188,cp,1.0,1.0,1.0,0.0,0.0,0.0,0.0,0.03035835821286478,0.09683427142838308,0.1993800665756956,0.23987083574471912
crossing,100,400,4.0,0.05,0.3,188,dkw,1.0,1.0,1.0,0.0,0.0,0.0,0.0,0.03306439999832752,0.09683427142838308,0.2181252690233346,0.24701034630474894
crossing,100,400,4.0,0.05,0.3,189,cp,1.0,1.0,1.0,0.0,0.0,0.0,0.0,0.02204961840282392,0.09683427142838308,0.19487283888581913,0.22995228234677834
crossing,100,400,4.0,0.05,0.3,189,dkw,1.0,1.0,1.0,0.0,0.0,0.0,0.0,0.02327083235074174,0.09683427142838308,0.22233262335925186,0.2460541078842713
crossing,100,400,4.0,0.05,0.3,190,cp,1.0,1.0,1.0,0.0,0.0,0.0,0.0,0.025894417473919577,0.09683427142838308,0.19144787185255288,0.209931678927753
crossing,100,400,4.0,0.05,0.3,190,dkw,1.0,1.0,1.0,0.0,0.0,0.0,0.0,0.02537821666677832,0.10910957078160166,0.2262867299965577,0.24649310237295186
crossing,100,400,4.0,0.05,0.3,191,cp,1.0,1.0,1.0,0.0,0.0,0.0,0.0,0.025358946844920256,0.06948618691543856,0.19951719789964983,0.2275571239975922
crossing,100,400,4.0,0.05,0.3,191,dkw,1.0,1.0,1.0,0.0,0.0,0.0,0.0,0.03754358624595883,0.08316548437573729,0.22427094445491164,0.24678547870161716
crossing,100,400,4.0,0.05,0.3,192,cp,1.0,1.0,1.0,0.0,0.0,0.0,0.0,0.014940325680665332,0.08316548437573729,0.19587910709811474,0.21543254987381028
crossing,100,400,4.0,0.05,0.3,192,dkw,1.0,1.0,1.0,0.0,0.0,0.0,0.0,0.024837609793360648,0.12023074069810574,0.23989938495660418,0.2667034647631678
crossing,100,400,4.0,0.05,0.3,193,cp,1.0,1.0,1.0,0.0,0.0,0.0,0.0,0.009328015177123955,0.06948618691543856,0.19176356629937152,0.22890592875027505
crossing,100,400,4.0,0.05,0.3,193,dkw,1.0,1.0,1.0,0.0,0.0,0.0,0.0,0.009534186787128071,0.06948618691543856,0.2214620099801997,0.25085717401010554
crossing,100,400,4.0,0.05,0.3,194,cp,1.0,1.0,1.0,0.0,0.0,0.0,0.0,0.005615681439703204,0.05878190040811415,0.2009887786015604,0.23182977995167103
crossing,100,400,4.0,0.05,0.3,194,dkw,1.0,1.0,1.0,0.0,0.0,0.0,0.0,0.009077462537887063,0.06948618691543856,0.23123622244699057,0.25113711057619287
crossing,100,400,4.0,0.05,0.3,195,cp,1.0,1.0,1.0,0.0,0.0,0.0,0.0,0.013636197117927651,0.08316548437573729,0.1827111896032026,0.21372933944852546
crossing,100,400,4.0,0.05,0.3,195,dkw,1.0,1.0,1.0,0.0,0.0,0.0,0.0,0.017035063665147492,0.09683427142838308,0.2118140260059729,0.23387585057383475
crossing,100,400,4.0,0.05,0.3,196,cp,1.0,1.0,1.0,0.0,0.0,0.0,0.0,0.015444688398575778,0.08316548437573729,0.18468580833130793,0.21390248730433636
crossing,100,400,4.0,0.05,0.3,196,dkw,1.0,1.0,1.0,0.0,0.0,0.0,0.0,0.015046736304844304,0.08316548437573729,0.2192440100737373,0.2575993600294428
crossing,100,400,4.0,0.05,0.3,197,cp,1.0,1.0,1.0,0.0,0.0,0.0,0.0,0.00973916371961492,0.06948618691543856,0.19560846649593755,0.22763035065129072
crossing,100,400,4.0,0.05,0.3,197,dkw,1.0,1.0,1.0,0.0,0.0,0.0,0.0,0.010520470876992299,0.06948618691543856,0.2290519500609409,0.24894264715778824
crossing,100,400,4.0,0.05,0.3,198,cp,1.0,1.0,1.0,0.0,0.0,0.0,0.0,0.02023575581918424,0.045523681005445404,0.2106490466060235,0.23616312038877957
crossing,100,400,4.0,0.05,0.3,198,dkw,1.0,1.0,1.0,0.0,0.0,0.0,0.0,0.02144274190495525,0.08316548437573729,0.2615686790643774,0.3009678051715386
crossing,100,400,4.0,0.05,0.3,199,cp,1.0,1.0,1.0,0.0,0.0,0.0,0.0,0.0071640266389497945,0.05878190040811415,0.1909569379211858,0.2247891644692649
crossing,100,400,4.0,0.05,0.3,199,dkw,1.0,1.0,1.0,0.0,0.0,0.0,0.0,0.010117668500294295,0.06948618691543856,0.22272669535344128,0.2510896238510777
crossing,100,400,4.0,0.05,0.3,200,cp,1.0,1.0,1.0,0.0,0.0,0.0,0.0,0.020071997443479064,0.05900359984060333,0.21239333881535238,0.24480143301741275
crossing,100,400,4.0,0.05,0.3,200,dkw,1.0,1.0,1.0,0.0,0.0,0.0,0.0,0.015855478388149456,0.06829277268038769,0.2440249974466049,0.2606433234873283
crossing,100,400,4.0,0.05,0.3,201,cp,1.0,1.0,1.0,0.0,0.0,0.0,0.0,0.015755580901370716,0.05878190040811415,0.21089301461257517,0.23943255419070153
crossing,100,400,4.0,0.05,0.3,201,dkw,1.0,1.0,1.0,0.0,0.0,0.0,0.0,0.016761376988780323,0.06948618691543856,0.24649587586441224,0.2713190125922343
crossing,100,400,4.0,0.05,0.3,202,cp,1.0,1.0,1.0,0.0,0.0,0.0,0.0,0.026406988606607264,0.10910957078160166,0.1771914256452005,0.2029339366347338
crossing,100,400,4.0,0.05,0.3,202,dkw,1.0,1.0,1.0,0.0,0.0,0.0,0.0,0.022518663672884815,0.10910957078160166,0.2045835687824886,0.23465795134100453
crossing,100,400,4.0,0.05,0.3,203,cp,0.0,1.0,1.0,0.0,0.0,0.0,0.0,0.02396258842459353,0.06948618691543856,0.2107001496289747,0.2437649335469808
crossing,100,400,4.0,0.05,0.3,203,dkw,1.0,1.0,1.0,0.0,0.0,0.0,0.0,0.027508974453520837,0.09683427142838308,0.23800093430098934,0.26262221293161714
crossing,100,400,4.0,0.05,0.3,204,cp,1.0,1.0,1.0,0.0,0.0,0.0,0.0,0.011675786819512906,0.06948618691543856,0.19263743192740318,0.21411451329845033
crossing,100,400,4.0,0.05,0.3,204,dkw,1.0,1.0,1.0,0.0,0.0,0.0,0.0,0.01448612708494394,0.08316548437573729,0.2303298744136721,0.259393776215434
crossing,100,400,4.0,0.05,0.3,205,cp,1.0,1.0,1.0,0.0,0.0,0.0,0.0,0.008829757776777143,0.05878190040811415,0.19026094213808825,0.22150406795435051
crossing,100,400,4.0,0.05,0.3,205,dkw,1.0,1.0,1.0,0.0,0.0,0.0,0.0,0.017035063665147492,0.09683427142838308,0.23549023896440516,0.28162497863678904
crossing,100,400,4.0,0.05,0.3,206,cp,1.0,1.0,1.0,0.0,0.0,0.0,0.0,0.013367574524489906,0.08316548437573729,0.20359060009979021,0.22800242684357513
crossing,100,400,4.0,0.05,0.3,206,dkw,1.0,1.0,1.0,0.0,0.0,0.0,0.0,0.019806304654069264,0.09683427142838308,0.23512200040034703,0.26098863894464663
crossing,100,400,4.0,0.05,0.3,207,cp,1.0,1.0,1.0,0.0,0.0,0.0,0.0,0.0163436171319654,0.08316548437573729,0.19189946953131268,0.22014047595609187
crossing,100,400,4.0,0.05,0.3,207,dkw,1.0,1.0,1.0,0.0,0.0,0.0,0.0,0.02043930070322657,0.08316548437573729,0.22741487964480672,0.24629324553647158
crossing,100,400,4.0,0.05,0.3,208,cp,1.0,1.0,1.0,0.0,0.0,0.0,0.0,0.016857500429585837,0.06948618691543856,0.1982049757760323,0.2208981971252294
crossing,100,400,4.0,0.05,0.3,208,dkw,1.0,1.0,1.0,0.0,0.0,0.0,0.0,0.013037661572709034,0.08316548437573729,0.23900622645109984,0.2694711511805437
crossing,100,400,4.0,0.05,0.3,209,cp,1.0,1.0,1.0,0.0,0.0,0.0,0.0,0.014429120521235368,0.05878190040811415,0.19865186354755335,0.21830800282890495
crossing,100,400,4.0,0.05,0.3,209,dkw,1.0,1.0,1.0,0.0,0.0,0.0,0.0,0.017721248071759656,0.09683427142838308,0.24422220797469815,0.2775537268398083
crossing,100,400,4.0,0.05,0.3,210,cp,1.0,1.0,1.0,0.0,0.0,0.0,0.0,0.005119915856557338,0.045523681005445404,0.1983149699755149,0.2361547235166619
crossing,100,400,4.0,0.05,0.3,210,dkw,1.0,1.0,1.0,0.0,0.0,0.0,0.0,0.00713228647844292,0.05878190040811415,0.23878296247510714,0.2750994564286232
crossing,100,400,4.0,0.05,0.3,211,cp,1.0,1.0,1.0,0.0,0.0,0.0,0.0,0.013636197117927651,0.08316548437573729,0.18003022343762853,0.2187284904686579
crossing,100,400,4.0,0.05,0.3,211,dkw,1.0,1.0,1.0,0.0,0.0,0.0,0.0,0.01653691619605511,0.09683427142838308,0.21017324894188374,0.23056804194972869
crossing,100,400,4.0,0.05,0.3,212,cp,0.0,1.0,1.0,0.0,0.0,0.0,0.0,0.01106191138881576,0.05878190040811415,0.19253830932991634,0.2166459984807091
crossing,100,400,4.0,0.05,0.3,212,dkw,1.0,1.0,1.0,0.0,0.0,0.0,0.0,0.013439497912839105,0.06948618691543856,0.23183063555462496,0.2597543225735302
crossing,100,400,4.0,0.05,0.3,213,cp,1.0,1.0,1.0,0.0,0.0,0.0,0.0,0.013811272814401233,0.08316548437573729,0.19073528580753685,0.22392871392865593
crossing,100,400,4.0,0.05,0.3,213,dkw,1.0,1.0,1.0,0.0,0.0,0.0,0.0,0.013930283132385299,0.08316548437573729,0.2243044719595613,0.23989040700269987
crossing,100,400,4.0,0.05,0.3,214,cp,1.0,1.0,1.0,0.0,0.0,0.0,0.0,0.0219092738018397,0.09683427142838308,0.1924375404296497,0.22234796697827464
crossing,100,400,4.0,0.05,0.3,214,dkw,1.0,1.0,1.0,0.0,0.0,0.0,0.0,0.026060713959406588,0.09683427142838308,0.21408633106341837,0.2435102456451036
crossing,100,400,4.0,0.05,0.3,215,cp,1.0,1.0,1.0,0.0,0.0,0.0,0.0,0.005852601617505244,0.05878190040811415,0.20041945190500143,0.2321848619773883
crossing,100,400,4.0,0.05,0.3,215,dkw,1.0,1.0,1.0,0.0,0.0,0.0,0.0,0.010805331092941446,0.06948618691543856,0.241796390410169,0.2677029640843063
crossing,100,400,4.0,0.05,0.3,216,cp,1.0,1.0,1.0,0.0,0.0,0.0,0.0,0.01815428084162075,0.09683427142838308,0.18696724459414354,0.21692214877961974
crossing,100,400,4.0,0.05,0.3,216,dkw,1.0,1.0,1.0,0.0,0.0,0.0,0.0,0.017721248071759656,0.09683427142838308,0.2194186152499683,0.25290119549421897
crossing,100,400,4.0,0.05,0.3,217,cp,1.0,1.0,1.0,0.0,0.0,0.0,0.0,0.014042164588832416,0.08316548437573729,0.18421117124321376,0.21494336698905203
crossing,100,400,4.0,0.05,0.3,217,dkw,1.0,1.0,1.0,0.0,0.0,0.0,0.0,0.012311020214729377,0.06948618691543856,0.20930003883759674,0.2316193744152657
crossing,100,400,4.0,0.05,0.3,218,cp,1.0,1.0,1.0,0.0,0.0,0.0,0.0,0.010090353462544608,0.06948618691543856,0.18966918324739623,0.22194069403232353
crossing,100,400,4.0,0.05,0.3,218,dkw,1.0,1.0,1.0,0.0,0.0,0.0,0.0,0.010629671572297312,0.06948618691543856,0.22185456250280564,0.2602184555572341
crossing,100,400,4.0,0.05,0.3,219,cp,1.0,1.0,1.0,0.0,0.0,0.0,0.0,0.00648565894672819,0.045523681005445404,0.19830352673535082,0.22728322477995055
crossing,100,400,4.0,0.05,0.3,219,dkw,1.0,1.0,1.0,0.0,0.0,0.0,0.0,0.013811272814401233,0.08316548437573729,0.23888771087049562,0.2897807484123625
crossing,100,400,4.0,0.05,0.3,220,cp,1.0,1.0,1.0,0.0,0.0,0.0,0.0,0.01543545930063934,0.06948618691543856,0.19786684344337288,0.22225871983457623
crossing,100,400,4.0,0.05,0.3,220,dkw,1.0,1.0,1.0,0.0,0.0,0.0,0.0,0.02327083235074174,0.09683427142838308,0.23093277219767686,0.26262221293161714
crossing,100,400,4.0,0.05,0.3,221,cp,1.0,1.0,1.0,0.0,0.0,0.0,0.0,0.01242243480858074,0.08316548437573729,0.20132845917782988,0.22970504896309862
crossing,100,400,4.0,0.05,0.3,221,dkw,1.0,1.0,1.0,0.0,0.0,0.0,0.0,0.018833969416346116,0.09683427142838308,0.22690644598287896,0.2438596127450834
crossing,100,400,4.0,0.05,0.3,222,cp,1.0,1.0,1.0,0.0,0.0,0.0,0.0,0.010521257839594839,0.06948618691543856,0.18824754685815626,0.21212018111615305
crossing,100,400,4.0,0.05,0.3,222,dkw,1.0,1.0,1.0,0.0,0.0,0.0,0.0,0.013551564349837735,0.08316548437573729,0.23088993929902057,0.2637187928785388
crossing,100,400,4.0,0.05,0.3,223,cp,1.0,1.0,1.0,0.0,0.0,0.0,0.0,0.008568501717642013,0.05878190040811415,0.2044124624931753,0.21796017593630046
crossing,100,400,4.0,0.05,0.3,223,dkw,1.0,1.0,1.0,0.0,0.0,0.0,0.0,0.018171482195668043,0.08316548437573729,0.24597264938522567,0.27887089710522933
crossing,100,400,4.0,0.05,0.3,224,cp,1.0,1.0,1.0,0.0,0.0,0.0,0.0,0.018481042377433907,0.06409060786063925,0.20663606323679812,0.2343398056300492
crossing,100,400,4.0,0.05,0.3,224,dkw,1.0,1.0,1.0,0.0,0.0,0.0,0.0,0.019649805513406747,0.06948618691543856,0.25310352740876024,0.293501779357573
crossing,100,400,4.0,0.05,0.3,225,cp,1.0,1.0,1.0,0.0,0.0,0.0,0.0,0.016714215010799012,0.05878190040811415,0.2110243344112118,0.23637304963319372
crossing,100,400,4.0,0.05,0.3,225,dkw,1.0,1.0,1.0,0.0,0.0,0.0,0.0,0.01813225200704943,0.06948618691543856,0.24780874531204733,0.2769804215497737
crossing,100,400,4.0,0.05,0.3,226,cp,1.0,1.0,1.0,0.0,0.0,0.0,0.0,0.014605831560486261,0.08316548437573729,0.19668308052079042,0.2222781292368411
crossing,100,400,4.0,0.05,0.3,226,dkw,1.0,1.0,1.0,0.0,0.0,0.0,0.0,0.020654597354445428,0.10910957078160166,0.23066294667447476,0.2646320458994923
crossing,100,400,4.0,0.05,0.3,227,cp,1.0,1.0,1.0,0.0,0.0,0.0,0.0,0.02187395080632704,0.10910957078160166,0.18267460407066255,0.20573690462465
crossing,100,400,4.0,0.05,0.3,227,dkw,1.0,1.0,1.0,0.0,0.0,0.0,0.0,0.0209460338418125,0.10910957078160166,0.20882424624417573,0.23026608937151272
crossing,100,400,4.0,0.05,0.3,228,cp,1.0,1.0,1.0,0.0,0.0,0.0,0.0,0.023362753437191422,0.10910957078160166,0.18411432613899834,0.2195836401640095
crossing,100,400,4.0,0.05,0.3,228,dkw,1.0,1.0,1.0,0.0,0.0,0.0,0.0,0.02251520160177935,0.10910957078160166,0.21320253029439382,0.23026725015282112
crossing,100,400,4.0,0.05,0.3,229,cp,1.0,1.0,1.0,0.0,0.0,0.0,0.0,0.010197454344967698,0.06948618691543856,0.1970346821034122,0.2175804908608195
crossing,100,400,4.0,0.05,0.3,229,dkw,1.0,1.0,1.0,0.0,0.0,0.0,0.0,0.01789817824525703,0.09683427142838308,0.23137562499628003,0.2649358020871996
crossing,100,400,4.0,0.05,0.3,230,cp,1.0,1.0,1.0,0.0,0.0,0.0,0.0,0.018461772857822155,0.06948618691543856,0.18948626931387388,0.2208029388640882
crossing,100,400,4.0,0.05,0.3,230,dkw,1.0,1.0,1.0,0.0,0.0,0.0,0.0,0.018461772857822155,0.06948618691543856,0.21815819855003546,0.24647565004350724
crossing,100,400,4.0,0.05,0.3,231,cp,1.0,1.0,1.0,0.0,0.0,0.0,0.0,0.016873696236347584,0.09683427142838308,0.1884165588660602,0.21523500552205987
crossing,100,400,4.0,0.05,0.3,231,dkw,1.0,1.0,1.0,0.0,0.0,0.0,0.0,0.017120079707648964,0.09683427142838308,0.20876038993350504,0.23469212118176008
crossing,100,400,4.0,0.05,0.3,232,cp,1.0,1.0,1.0,0.0,0.0,0.0,0.0,0.023498981908798844,0.09683427142838308,0.19092973740174435,0.21904621904781718
crossing,100,400,4.0,0.05,0.3,232,dkw,1.0,1.0,1.0,0.0,0.0,0.0,0.0,0.02327083235074174,0.09683427142838308,0.2310309596977004,0.24582754054894174
crossing,100,400,4.0,0.05,0.3,233,cp,1.0,1.0,1.0,0.0,0.0,0.0,0.0,0.02328321440535697,0.10910957078160166,0.178146058221429,0.20503029950714102
crossing,100,400,4.0,0.05,0.3,233,dkw,1.0,1.0,1.0,0.0,0.0,0.0,0.0,0.02328321440535697,0.10910957078160166,0.20418514089096573,0.23236818489244593
crossing,100,400,4.0,0.05,0.3,234,cp,1.0,1.0,1.0,0.0,0.0,0.0,0.0,0.020346109317894642,0.09683427142838308,0.1900835086162,0.21246391575515838
crossing,100,400,4.0,0.05,0.3,234,dkw,1.0,1.0,1.0,0.0,0.0,0.0,0.0,0.022410604802063836,0.09683427142838308,0.2186002234922798,0.2498741503483648
crossing,100,400,4.0,0.05,0.3,235,cp,1.0,1.0,1.0,0.0,0.0,0.0,0.0,0.004598543572833966,0.045523681005445404,0.20039410715460282,0.2213764271373776
crossing,100,400,4.0,0.05,0.3,235,dkw,1.0,1.0,1.0,0.0,0.0,0.0,0.0,0.01324670885051364,0.08316548437573729,0.2423109382659742,0.2794584714831626
crossing,100,400,4.0,0.05,0.3,236,cp,1.0,1.0,1.0,0.0,0.0,0.0,0.0,0.01416651109382363,0.05878190040811415,0.21375568958127736,0.23319912084680583
crossing,100,400,4.0,0.05,0.3,236,dkw,1.0,1.0,1.0,0.0,0.0,0.0,0.0,0.022779512499818737,0.06948618691543856,0.2467112981959177,0.2731833021056413
crossing,100,400,4.0,0.05,0.3,237,cp,1.0,1.0,1.0,0.0,0.0,0.0,0.0,0.01824557569697365,0.09683427142838308,0.18099708902267747,0.2057952408989066
crossing,100,400,4.0,0.05,0.3,237,dkw,1.0,1.0,1.0,0.0,0.0,0.0,0.0,0.017035063665147492,0.09683427142838308,0.20893554129059413,0.22571268002356548
crossing,100,400,4.0,0.05,0.3,238,cp,1.0,1.0,1.0,0.0,0.0,0.0,0.0,0.018940605259159395,0.09683427142838308,0.19002464959642637,0.22568215100178118
crossing,100,400,4.0,0.05,0.3,238,dkw,1.0,1.0,1.0,0.0,0.0,0.0,0.0,0.020512214109348864,0.10910957078160166,0.22626617464288007,0.2379554494566002
crossing,100,400,4.0,0.05,0.3,239,cp,1.0,1.0,1.0,0.0,0.0,0.0,0.0,0.025217606812759488,0.09683427142838308,0.19132524385521993,0.21441477698092348
crossing,100,400,4.0,0.05,0.3,239,dkw,1.0,1.0,1.0,0.0,0.0,0.0,0.0,0.02210211750171972,0.10910957078160166,0.22545925127633634,0.25326820562325003
crossing,100,400,4.0,0.05,0.3,240,cp,1.0,1.0,1.0,0.0,0.0,0.0,0.0,0.01958825772988536,0.09683427142838308,0.18011188560026703,0.21246391575515838
crossing,100,400,4.0,0.05,0.3,240,dkw,1.0,1.0,1.0,0.0,0.0,0.0,0.0,0.01824557569697365,0.09683427142838308,0.21364988852200187,0.2528144399231807
crossing,100,400,4.0,0.05,0.3,241,cp,1.0,1.0,1.0,0.0,0.0,0.0,0.0,0.018890288563531425,0.09683427142838308,0.18531564074183293,0.1990606075650725
crossing,100,400,4.0,0.05,0.3,241,dkw,1.0,1.0,1.0,0.0,0.0,0.0,0.0,0.01731765873245911,0.09683427142838308,0.2254170997333972,0.2511038127498322
crossing,100,400,4.0,0.05,0.3,242,cp,1.0,1.0,1.0,0.0,0.0,0.0,0.0,0.011252024059723632,0.05878190040811415,0.1981355470523306,0.2162045117751541
crossing,100,400,4.0,0.05,0.3,242,dkw,1.0,1.0,1.0,0.0,0.0,0.0,0.0,0.012106738286945327,0.06948618691543856,0.23732574553274696,0.2720001535370286
crossing,100,400,4.0,0.05,0.3,243,cp,1.0,1.0,1.0,0.0,0.0,0.0,0.0,0.00662722599726826,0.05878190040811415,0.1934262123789376,0.23456589115317045
crossing,100,400,4.0,0.05,0.3,243,dkw,1.0,1.0,1.0,0.0,0.0,0.0,0.0,0.009406673473885803,0.06948618691543856,0.22601875869277951,0.2551141709261295
crossing,100,400,4.0,0.05,0.3,244,cp,1.0,1.0,1.0,0.0,0.0,0.0,0.0,0.0075978463714134305,0.05878190040811415,0.19796125111015195,0.22517984680856018
crossing,100,400,4.0,0.05,0.3,244,dkw,1.0,1.0,1.0,0.0,0.0,0.0,0.0,0.010117668500294295,0.06948618691543856,0.231863180313988,0.25384737864106016
crossing,100,400,4.0,0.05,0.3,245,cp,1.0,1.0,1.0,0.0,0.0,0.0,0.0,0.017046912024337238,0.08316548437573729,0.1881056295046372,0.21599691825460776
crossing,100,400,4.0,0.05,0.3,245,dkw,1.0,1.0,1.0,0.0,0.0,0.0,0.0,0.019318059255711104,0.09683427142838308,0.22954343743455963,0.26321859097765476
crossing,100,400,4.0,0.05,0.3,246,cp,1.0,1.0,1.0,0.0,0.0,0.0,0.0,0.00984401784992765,0.06948618691543856,0.19963962813368755,0.2373781860962223
crossing,100,400,4.0,0.05,0.3,246,dkw,1.0,1.0,1.0,0.0,0.0,0.0,0.0,0.010676085168924694,0.06948618691543856,0.22948441694073204,0.2525982056331173
crossing,100,400,4.0,0.05,0.3,247,cp,1.0,1.0,1.0,0.0,0.0,0.0,0.0,0.02428892915761186,0.06948618691543856,0.20124281990113616,0.23707134478667735
crossing,100,400,4.0,0.05,0.3,247,dkw,1.0,1.0,1.0,0.0,0.0,0.0,0.0,0.022331824107825228,0.09683427142838308,0.23729210434881953,0.2615086937285429
crossing,100,400,4.0,0.05,0.3,248,cp,1.0,1.0,1.0,0.0,0.0,0.0,0.0,0.016031643316806385,0.09683427142838308,0.19382538448314932,0.22197373908401297
crossing,100,400,4.0,0.05,0.3,248,dkw,1.0,1.0,1.0,0.0,0.0,0.0,0.0,0.016564075387002934,0.09683427142838308,0.22422586095104702,0.24128300853636026
crossing,100,400,4.0,0.05,0.3,249,cp,1.0,1.0,1.0,0.0,0.0,0.0,0.0,0.006445976581938937,0.045523681005445404,0.21229794283395934,0.23646681933993174
crossing,100,400,4.0,0.05,0.3,249,dkw,1.0,1.0,1.0,0.0,0.0,0.0,0.0,0.013698153611948982,0.06948618691543856,0.24903936892696538,0.2851546348285893
crossing,100,400,4.0,0.05,0.3,250,cp,1.0,1.0,1.0,0.0,0.0,0.0,0.0,0.008066300268614808,0.045523681005445404,0.21199850382347982,0.2422834444869031
crossing,100,400,4.0,0.05,0.3,250,dkw,1.0,1.0,1.0,0.0,0.0,0.0,0.0,0.01708888942459877,0.08316548437573729,0.25223940133649303,0.28336916486668434
crossing,100,400,4.0,0.05,0.3,251,cp,1.0,1.0,1.0,0.0,0.0,0.0,0.0,0.02697792470178689,0.09683427142838308,0.19262015679503486,0.2243205551032641
crossing,100,400,4.0,0.05,0.3,251,dkw,1.0,1.0,1.0,0.0,0.0,0.0,0.0,0.022298922980730863,0.09683427142838308,0.23209437252584003,0.2449164799603506
crossing,100,400,4.0,0.05,0.3,252,cp,1.0,1.0,1.0,0.0,0.0,0.0,0.0,0.02576986719439795,0.08316548437573729,0.19242217788728105,0.23341311332117765
crossing,100,400,4.0,0.05,0.3,252,dkw,1.0,1.0,1.0,0.0,0.0,0.0,0.0,0.019693547714299823,0.09683427142838308,0.231808945861309,0.2504797562521401
crossing,100,400,4.0,0.05,0.3,253,cp,1.0,1.0,1.0,0.0,0.0,0.0,0.0,0.00713228647844292,0.05878190040811415,0.2023197201625989,0.23832957570404123
crossing,100,400,4.0,0.05,0.3,253,dkw,1.0,1.0,1.0,0.0,0.0,0.0,0.0,0.006813952420385139,0.05878190040811415,0.2446185043206491,0.26997995381635603
crossing,100,400,4.0,0.05,0.3,254,cp,1.0,1.0,1.0,0.0,0.0,0.0,0.0,0.01683382478854666,0.09683427142838308,0.18926207877333495,0.20969198776611353
crossing,100,400,4.0,0.05,0.3,254,dkw,1.0,1.0,1.0,0.0,0.0,0.0,0.0,0.018473742392366325,0.09683427142838308,0.22702583057220746,0.25001849994098135
crossing,100,400,4.0,0.05,0.3,255,cp,1.0,1.0,1.0,0.0,0.0,0.0,0.0,0.017035063665147492,0.09683427142838308,0.1797865404563706,0.2043369180339445
crossing,100,400,4.0,0.05,0.3,255,dkw,1.0,1.0,1.0,0.0,0.0,0.0,0.0,0.01744728022442619,0.09683427142838308,0.21046649564964512,0.22981018911440143
crossing,100,400,4.0,0.05,0.3,256,cp,1.0,1.0,1.0,0.0,0.0,0.0,0.0,0.017243853742582117,0.06948618691543856,0.19934098899662367,0.2238409495772541
crossing,100,400,4.0,0.05,0.3,256,dkw,1.0,1.0,1.0,0.0,0.0,0.0,0.0,0.020748454817002354,0.10910957078160166,0.23512592001401175,0.27297346332630607
crossing,100,400,4.0,0.05,0.3,257,cp,1.0,1.0,1.0,0.0,0.0,0.0,0.0,0.02328321440535697,0.10910957078160166,0.16779010656665697,0.19163754385486176
crossing,100,400,4.0,0.05,0.3,257,dkw,1.0,1.0,1.0,0.0,0.0,0.0,0.0,0.02328321440535697,0.10910957078160166,0.1979852827023694,0.21789057908227083
crossing,100,400,4.0,0.05,0.3,258,cp,1.0,1.0,1.0,0.0,0.0,0.0,0.0,0.0163436171319654,0.08316548437573729,0.19008703143133,0.21452954445611738
crossing,100,400,4.0,0.05,0.3,258,dkw,1.0,1.0,1.0,0.0,0.0,0.0,0.0,0.02043930070322657,0.08316548437573729,0.23126476084847744,0.24947674636477363
crossing,100,400,4.0,0.05,0.3,259,cp,1.0,1.0,1.0,0.0,0.0,0.0,0.0,0.012306419200818914,0.08316548437573729,0.19575103269892874,0.21767094849325108
crossing,100,400,4.0,0.05,0.3,259,dkw,1.0,1.0,1.0,0.0,0.0,0.0,0.0,0.01789817824525703,0.09683427142838308,0.22357127478633618,0.2491225118239916
crossing,100,400,4.0,0.05,0.3,260,cp,1.0,1.0,1.0,0.0,0.0,0.0,0.0,0.00713228647844292,0.05878190040811415,0.20239694810610476,0.23782429689972467
crossing,100,400,4.0,0.05,0.3,260,dkw,1.0,1.0,1.0,0.0,0.0,0.0,0.0,0.010324060511564516,0.06948618691543856,0.24016659798511156,0.2597543225735302
crossing,100,400,4.0,0.05,0.3,261,cp,1.0,1.0,1.0,0.0,0.0,0.0,0.0,0.011693903634018349,0.08316548437573729,0.19312914330702852,0.223579017783336
crossing,100,400,4.0,0.05,0.3,261,dkw,1.0,1.0,1.0,0.0,0.0,0.0,0.0,0.01652663217063072,0.09683427142838308,0.22311790708342877,0.2337066116231682
crossing,100,400,4.0,0.05,0.3,262,cp,1.0,1.0,1.0,0.0,0.0,0.0,0.0,0.017384468031467176,0.09683427142838308,0.1809948916232733,0.20801489088360714
crossing,100,400,4.0,0.05,0.3,262,dkw,1.0,1.0,1.0,0.0,0.0,0.0,0.0,0.016497044748254183,0.09683427142838308,0.21336213592803616,0.23054022842120925
crossing,100,400,4.0,0.05,0.3,263,cp,1.0,1.0,1.0,0.0,0.0,0.0,0.0,0.015642210744851157,0.08316548437573729,0.1886946844120259,0.2139345300391302
crossing,100,400,4.0,0.05,0.3,263,dkw,1.0,1.0,1.0,0.0,0.0,0.0,0.0,0.02043930070322657,0.08316548437573729,0.21845474079798474,0.2462247337903012
crossing,100,400,4.0,0.05,0.3,264,cp,1.0,1.0,1.0,0.0,0.0,0.0,0.0,0.013636197117927651,0.08316548437573729,0.18135751055696103,0.21844664171052852
crossing,100,400,4.0,0.05,0.3,264,dkw,1.0,1.0,1.0,0.0,0.0,0.0,0.0,0.016873696236347584,0.09683427142838308,0.21557497351282204,0.23811575389002454
crossing,100,400,4.0,0.05,0.3,265,cp,1.0,1.0,1.0,0.0,0.0,0.0,0.0,0.022971573350120154,0.10910957078160166,0.17881605316800203,0.21486620007486623
crossing,100,400,4.0,0.05,0.3,265,dkw,1.0,1.0,1.0,0.0,0.0,0.0,0.0,0.026894073568345406,0.12023074069810574,0.21249187251117768,0.24856666279655454
crossing,100,400,4.0,0.05,0.3,266,cp,1.0,1.0,1.0,0.0,0.0,0.0,0.0,0.008947841045919985,0.06948618691543856,0.19054822500826774,0.22290559813992022
crossing,100,400,4.0,0.05,0.3,266,dkw,1.0,1.0,1.0,0.0,0.0,0.0,0.0,0.013042426922729588,0.08316548437573729,0.23408362197035287,0.26473392714102817
crossing,100,400,4.0,0.05,0.3,267,cp,1.0,1.0,1.0,0.0,0.0,0.0,0.0,0.008952958442485608,0.045523681005445404,0.21285710326183221,0.2346298488902575
crossing,100,400,4.0,0.05,0.3,267,dkw,1.0,1.0,1.0,0.0,0.0,0.0,0.0,0.014772113553367659,0.05878190040811415,0.24987212528749395,0.28136519539894195
crossing,100,400,4.0,0.05,0.3,268,cp,1.0,1.0,1.0,0.0,0.0,0.0,0.0,0.011251334920541542,0.05878190040811415,0.2078948324266548,0.23369142594488224
crossing,100,400,4.0,0.05,0.3,268,dkw,1.0,1.0,1.0,0.0,0.0,0.0,0.0,0.020087996363809816,0.08316548437573729,0.23345920963886116,0.2658854658419372
crossing,100,400,4.0,0.05,0.3,269,cp,1.0,1.0,1.0,0.0,0.0,0.0,0.0,0.021893540942318226,0.05878190040811415,0.2047734377790254,0.22803348591810335
crossing,100,400,4.0,0.05,0.3,269,dkw,1.0,1.0,1.0,0.0,0.0,0.0,0.0,0.03754358624595883,0.08316548437573729,0.23604064084687973,0.27072113446088975
crossing,100,400,4.0,0.05,0.3,270,cp,1.0,1.0,1.0,0.0,0.0,0.0,0.0,0.011431476826854456,0.06948618691543856,0.19084860440684406,0.22676380209965408
crossing,100,400,4.0,0.05,0.3,270,dkw,1.0,1.0,1.0,0.0,0.0,0.0,0.0,0.010052424786730334,0.06948618691543856,0.2216268485124489,0.24261407992283462
crossing,100,400,4.0,0.05,0.3,271,cp,1.0,1.0,1.0,0.0,0.0,0.0,0.0,0.016070842118576924,0.06948618691543856,0.20212279234343902,0.23214547801021923
crossing,100,400,4.0,0.05,0.3,271,dkw,1.0,1.0,1.0,0.0,0.0,0.0,0.0,0.02043930070322657,0.08316548437573729,0.2263162860999691,0.2512610670731172
crossing,100,400,4.0,0.05,0.3,272,cp,1.0,1.0,1.0,0.0,0.0,0.0,0.0,0.010090353462544608,0.06948618691543856,0.19135620680008997,0.22197034361544765
crossing,100,400,4.0,0.05,0.3,272,dkw,1.0,1.0,1.0,0.0,0.0,0.0,0.0,0.013956290947326803,0.08316548437573729,0.22428533762103636,0.2421314712111025
crossing,100,400,4.0,0.05,0.3,273,cp,1.0,1.0,1.0,0.0,0.0,0.0,0.0,0.018890288563531425,0.09683427142838308,0.1773962723014901,0.20079021263396357
crossing,100,400,4.0,0.05,0.3,273,dkw,1.0,1.0,1.0,0.0,0.0,0.0,0.0,0.01731765873245911,0.09683427142838308,0.21224391861369077,0.24167089540152453
crossing,100,400,4.0,0.05,0.3,274,cp,1.0,1.0,1.0,0.0,0.0,0.0,0.0,0.024239707146796755,0.0616015165254985,0.21211429421939124,0.23055617870412537
crossing,100,400,4.0,0.05,0.3,274,dkw,1.0,1.0,1.0,0.0,0.0,0.0,0.0,0.02828573391444161,0.0616015165254985,0.23987403038114644,0.27318110995274714
crossing,100,400,4.0,0.05,0.3,275,cp,1.0,1.0,1.0,0.0,0.0,0.0,0.0,0.0070274323481301915,0.05878190040811415,0.18952442321810548,0.22762081450619986
crossing,100,400,4.0,0.05,0.3,275,dkw,1.0,1.0,1.0,0.0,0.0,0.0,0.0,0.010520470876992299,0.06948618691543856,0.22119710079956317,0.24741642489948568
crossing,100,400,4.0,0.05,0.3,276,cp,1.0,1.0,1.0,0.0,0.0,0.0,0.0,0.005951983175554383,0.045523681005445404,0.2026523021258882,0.24017969930069216
crossing,100,400,4.0,0.05,0.3,276,dkw,1.0,1.0,1.0,0.0,0.0,0.0,0.0,0.005951983175554383,0.045523681005445404,0.2436563628829712,0.2713453658077671
crossing,100,400,4.0,0.05,0.3,277,cp,1.0,1.0,1.0,0.0,0.0,0.0,0.0,0.013847877214624332,0.08316548437573729,0.18662424661374252,0.20911937985636864
crossing,100,400,4.0,0.05,0.3,277,dkw,1.0,1.0,1.0,0.0,0.0,0.0,0.0,0.014042164588832416,0.08316548437573729,0.2275351165028419,0.2538080318030405
crossing,100,400,4.0,0.05,0.3,278,cp,1.0,1.0,1.0,0.0,0.0,0.0,0.0,0.03011767388027566,0.1303854875283446,0.190973133149891,0.2175770487535984
crossing,100,400,4.0,0.05,0.3,278,dkw,1.0,1.0,1.0,0.0,0.0,0.0,0.0,0.02991643500367483,0.1303854875283446,0.22408655164180324,0.2457098460014504
crossing,100,400,4.0,0.05,0.3,279,cp,1.0,1.0,1.0,0.0,0.0,0.0,0.0,0.017510726350878594,0.09683427142838308,0.19035828980253885,0.2209022713834975
crossing,100,400,4.0,0.05,0.3,279,dkw,1.0,1.0,1.0,0.0,0.0,0.0,0.0,0.020663438774500883,0.10910957078160166,0.22109325502464194,0.23850889415573562
crossing,100,400,4.0,0.05,0.3,280,cp,1.0,1.0,1.0,0.0,0.0,0.0,0.0,0.01680462421649355,0.06948618691543856,0.18928291440479061,0.21491807777619365
crossing,100,400,4.0,0.05,0.3,280,dkw,1.0,1.0,1.0,0.0,0.0,0.0,0.0,0.018461772857822155,0.06948618691543856,0.22025687330902066,0.24652917304418998
crossing,100,400,4.0,0.05,0.3,281,cp,1.0,1.0,1.0,0.0,0.0,0.0,0.0,0.018748538787208696,0.09683427142838308,0.18548268282467847,0.2145311239929697
crossing,100,400,4.0,0.05,0.3,281,dkw,1.0,1.0,1.0,0.0,0.0,0.0,0.0,0.024041065993366254,0.10910957078160166,0.21735507853404304,0.25319876451258894
crossing,100,400,4.0,0.05,0.3,282,cp,1.0,1.0,1.0,0.0,0.0,0.0,0.0,0.018744071514508888,0.045523681005445404,0.20138112260395502,0.22954081426772743
crossing,100,400,4.0,0.05,0.3,282,dkw,1.0,1.0,1.0,0.0,0.0,0.0,0.0,0.013939122213634879,0.08316548437573729,0.24166381230424824,0.2798645564944019
crossing,100,400,4.0,0.05,0.3,283,cp,1.0,1.0,1.0,0.0,0.0,0.0,0.0,0.006833144384547676,0.03594476042743022,0.201903290611717,0.2343917144603544
crossing,100,400,4.0,0.05,0.3,283,dkw,1.0,1.0,1.0,0.0,0.0,0.0,0.0,0.01281844905134172,0.08316548437573729,0.24871446275953524,0.2999750264607704
crossing,100,400,4.0,0.05,0.3,284,cp,1.0,1.0,1.0,0.0,0.0,0.0,0.0,0.023933470312394095,0.09683427142838308,0.18617661806892458,0.21613659534548557
crossing,100,400,4.0,0.05,0.3,284,dkw,1.0,1.0,1.0,0.0,0.0,0.0,0.0,0.017035063665147492,0.09683427142838308,0.21332401862114866,0.23919446101985675
crossing,100,400,4.0,0.05,0.3,285,cp,1.0,1.0,1.0,0.0,0.0,0.0,0.0,0.025677993512177314,0.10910957078160166,0.19497592807025083,0.23324138307828635
crossing,100,400,4.0,0.05,0.3,285,dkw,1.0,1.0,1.0,0.0,0.0,0.0,0.0,0.02689920746009513,0.10910957078160166,0.2201950402399564,0.24595081124252238
crossing,100,400,4.0,0.05,0.3,286,cp,1.0,1.0,1.0,0.0,0.0,0.0,0.0,0.01615293610616615,0.08316548437573729,0.1856488459748386,0.21299824464808287
crossing,100,400,4.0,0.05,0.3,286,dkw,1.0,1.0,1.0,0.0,0.0,0.0,0.0,0.01836886819135415,0.09683427142838308,0.22411069409347498,0.2648689779880098
crossing,100,400,4.0,0.05,0.3,287,cp,1.0,1.0,1.0,0.0,0.0,0.0,0.0,0.008259343753493903,0.05878190040811415,0.19786833353440844,0.22942915721119156
crossing,100,400,4.0,0.05,0.3,287,dkw,1.0,1.0,1.0,0.0,0.0,0.0,0.0,0.016879195152218456,0.09683427142838308,0.24135656697305996,0.2807697930405262
crossing,100,400,4.0,0.05,0.3,288,cp,1.0,1.0,1.0,0.0,0.0,0.0,0.0,0.0134169728375741,0.08316548437573729,0.18724859447318437,0.21754205516200154
crossing,100,400,4.0,0.05,0.3,288,dkw,1.0,1.0,1.0,0.0,0.0,0.0,0.0,0.017278422833836654,0.09683427142838308,0.2214799774727678,0.24743261432935892
crossing,100,400,4.0,0.05,0.3,289,cp,1.0,1.0,1.0,0.0,0.0,0.0,0.0,0.015682350229836536,0.09683427142838308,0.19914703961802707,0.22840577695451558
crossing,100,400,4.0,0.05,0.3,289,dkw,1.0,1.0,1.0,0.0,0.0,0.0,0.0,0.02590196325007102,0.12023074069810574,0.23411752465682864,0.25547013391264256
crossing,100,400,4.0,0.05,0.3,290,cp,1.0,1.0,1.0,0.0,0.0,0.0,0.0,0.013089118752337446,0.06948618691543856,0.1919402364976813,0.22203769025644116
crossing,100,400,4.0,0.05,0.3,290,dkw,1.0,1.0,1.0,0.0,0.0,0.0,0.0,0.015194737377800839,0.06948618691543856,0.21820208854562914,0.2424637908133883
crossing,100,400,4.0,0.05,0.3,291,cp,1.0,1.0,1.0,0.0,0.0,0.0,0.0,0.016829455176652342,0.08316548437573729,0.20538546446057063,0.24371640041009157
crossing,100,400,4.0,0.05,0.3,291,dkw,1.0,1.0,1.0,0.0,0.0,0.0,0.0,0.014725742446775731,0.08316548437573729,0.23442744988052425,0.25408692081672934
crossing,100,400,4.0,0.05,0.3,292,cp,1.0,1.0,1.0,0.0,0.0,0.0,0.0,0.02725631420316954,0.09683427142838308,0.19772884499249346,0.23108699020141876
crossing,100,400,4.0,0.05,0.3,292,dkw,1.0,1.0,1.0,0.0,0.0,0.0,0.0,0.01812230836394113,0.08316548437573729,0.2312649248243314,0.2436457449810575
crossing,100,400,4.0,0.05,0.3,293,cp,1.0,1.0,1.0,0.0,0.0,0.0,0.0,0.020375257232637965,0.045523681005445404,0.21392007806687055,0.23535304733593893
crossing,100,400,4.0,0.05,0.3,293,dkw,1.0,1.0,1.0,0.0,0.0,0.0,0.0,0.022836833619400337,0.08316548437573729,0.2587378611246043,0.29906378313599197
crossing,100,400,4.0,0.05,0.3,294,cp,1.0,1.0,1.0,0.0,0.0,0.0,0.0,0.016012159010747748,0.06948618691543856,0.20020510214653936,0.23632422471740333
crossing,100,400,4.0,0.05,0.3,294,dkw,1.0,1.0,1.0,0.0,0.0,0.0,0.0,0.01232939079293277,0.06948618691543856,0.23152640526295895,0.2505459154470441
crossing,100,400,4.0,0.05,0.3,295,cp,1.0,1.0,1.0,0.0,0.0,0.0,0.0,0.05459007032839813,0.12023074069810574,0.19639152997132045,0.2347314477826642
crossing,100,400,4.0,0.05,0.3,295,dkw,1.0,1.0,1.0,0.0,0.0,0.0,0.0,0.04663826175338122,0.10910957078160166,0.21964761943434719,0.24356701736499298
crossing,100,400,4.0,0.05,0.3,296,cp,1.0,1.0,1.0,0.0,0.0,0.0,0.0,0.014002293141031493,0.08316548437573729,0.18915940889666838,0.20657561675169067
crossing,100,400,4.0,0.05,0.3,296,dkw,1.0,1.0,1.0,0.0,0.0,0.0,0.0,0.015642210744851157,0.08316548437573729,0.2310604847623754,0.25972274290711744
crossing,100,400,4.0,0.05,0.3,297,cp,1.0,1.0,1.0,0.0,0.0,0.0,0.0,0.006412347035089456,0.05878190040811415,0.19908686301274856,0.2343387322853392
crossing,100,400,4.0,0.05,0.3,297,dkw,1.0,1.0,1.0,0.0,0.0,0.0,0.0,0.008613667730290235,0.06948618691543856,0.23177942950254352,0.2552789221288962
crossing,100,400,4.0,0.05,0.3,298,cp,1.0,1.0,1.0,0.0,0.0,0.0,0.0,0.009087428361739083,0.06948618691543856,0.20504243624950147,0.2273074550329417
crossing,100,400,4.0,0.05,0.3,298,dkw,1.0,1.0,1.0,0.0,0.0,0.0,0.0,0.015117523890797221,0.08316548437573729,0.23952946445356638,0.267054407699386
crossing,100,400,4.0,0.05,0.3,299,cp,1.0,1.0,1.0,0.0,0.0,0.0,0.0,0.01836922714740191,0.049622241976431836,0.21704230295872237,0.24267690650663432
crossing,100,400,4.0,0.05,0.3,299,dkw,1.0,1.0,1.0,0.0,0.0,0.0,0.0,0.021813682020456943,0.05878190040811415,0.2525770102010552,0.28495987837300996
crossing,100,400,4.0,0.05,0.7,0,cp,1.0,1.0,1.0,0.0,0.0,0.0,0.0,0.014203532017632324,0.08316548437573729,0.1873760599644941,0.20903806127570257
crossing,100,400,4.0,0.05,0.7,0,dkw,1.0,1.0,1.0,0.0,0.0,0.0,0.0,0.014084266132349744,0.08316548437573729,0.2180604813488441,0.23960101237915865
crossing,100,400,4.0,0.05,0.7,1,cp,1.0,1.0,1.0,0.0,0.0,0.0,0.0,0.008289617287273248,0.05878190040811415,0.19825344622391872,0.21363067486024812
crossing,100,400,4.0,0.05,0.7,1,dkw,1.0,1.0,1.0,0.0,0.0,0.0,0.0,0.011461320643515148,0.06948618691543856,0.23995532841707337,0.2776305501270924
crossing,100,400,4.0,0.05,0.7,2,cp,1.0,1.0,1.0,0.0,0.0,0.0,0.0,0.01836886819135415,0.09683427142838308,0.18124899319002094,0.2121457513638254
crossing,100,400,4.0,0.05,0.7,2,dkw,1.0,1.0,1.0,0.0,0.0,0.0,0.0,0.017199827699582382,0.09683427142838308,0.21908558590844573,0.25083030166284237
crossing,100,400,4.0,0.05,0.7,3,cp,1.0,1.0,1.0,0.0,0.0,0.0,0.0,0.020538357830373895,0.09683427142838308,0.16532695643538475,0.19784028808536325
crossing,100,400,4.0,0.05,0.7,3,dkw,1.0,1.0,1.0,0.0,0.0,0.0,0.0,0.020538357830373895,0.09683427142838308,0.19837973199828846,0.23341044371260755
crossing,100,400,4.0,0.05,0.7,4,cp,1.0,1.0,1.0,0.0,0.0,0.0,0.0,0.005953514607123638,0.05878190040811415,0.19551695661288204,0.22883097402372887
crossing,100,400,4.0,0.05,0.7,4,dkw,1.0,1.0,1.0,0.0,0.0,0.0,0.0,0.009194387175522827,0.06948618691543856,0.22717325467774444,0.2473600266383017
crossing,100,400,4.0,0.05,0.7,5,cp,1.0,1.0,1.0,0.0,0.0,0.0,0.0,0.01693542294922884,0.06948618691543856,0.20351934812019404,0.23423634795918613
crossing,100,400,4.0,0.05,0.7,5,dkw,1.0,1.0,1.0,0.0,0.0,0.0,0.0,0.018091039748412502,0.08316548437573729,0.2319761446197877,0.250288043410891
crossing,100,400,4.0,0.05,0.7,6,cp,1.0,1.0,1.0,0.0,0.0,0.0,0.0,0.017415982881838807,0.05358202188670702,0.21743945010973065,0.2381103011471899
crossing,100,400,4.0,0.05,0.7,6,dkw,1.0,1.0,1.0,0.0,0.0,0.0,0.0,0.023881993248085785,0.0616015165254985,0.254973884335722,0.28943186303452834
crossing,100,400,4.0,0.05,0.7,7,cp,1.0,1.0,1.0,0.0,0.0,0.0,0.0,0.02448037431876199,0.08316548437573729,0.1926512117873187,0.22641879886076438
crossing,100,400,4.0,0.05,0.7,7,dkw,1.0,1.0,1.0,0.0,0.0,0.0,0.0,0.019691022683707277,0.09683427142838308,0.23110164907633327,0.25815823698033324
crossing,100,400,4.0,0.05,0.7,8,cp,1.0,1.0,1.0,0.0,0.0,0.0,0.0,0.016915797779864912,0.09683427142838308,0.18650527136185738,0.21224212822216237
crossing,100,400,4.0,0.05,0.7,8,dkw,1.0,1.0,1.0,0.0,0.0,0.0,0.0,0.01789817824525703,0.09683427142838308,0.21257453486241235,0.23384911559084998
crossing,100,400,4.0,0.05,0.7,9,cp,1.0,1.0,1.0,0.0,0.0,0.0,0.0,0.020952171177714574,0.05878190040811415,0.20578783772124684,0.23738140572931676
crossing,100,400,4.0,0.05,0.7,9,dkw,1.0,1.0,1.0,0.0,0.0,0.0,0.0,0.01746505087497522,0.06948618691543856,0.23895425364281447,0.2663163897177383
crossing,100,400,4.0,0.05,0.7,10,cp,1.0,1.0,1.0,0.0,0.0,0.0,0.0,0.018890288563531425,0.09683427142838308,0.17956341850796917,0.20549922927742675
crossing,100,400,4.0,0.05,0.7,10,dkw,1.0,1.0,1.0,0.0,0.0,0.0,0.0,0.017721248071759656,0.09683427142838308,0.21584267695662349,0.23863896031607124
crossing,100,400,4.0,0.05,0.7,11,cp,1.0,1.0,1.0,0.0,0.0,0.0,0.0,0.012608000032013908,0.05878190040811415,0.20081500757959528,0.22707927509651127
crossing,100,400,4.0,0.05,0.7,11,dkw,1.0,1.0,1.0,0.0,0.0,0.0,0.0,0.01585179645027092,0.08316548437573729,0.23285265344454764,0.26906578596956715
crossing,100,400,4.0,0.05,0.7,12,cp,1.0,1.0,1.0,0.0,0.0,0.0,0.0,0.012525177075241428,0.06948618691543856,0.2044254231475084,0.23419225336829497
crossing,100,400,4.0,0.05,0.7,12,dkw,1.0,1.0,1.0,0.0,0.0,0.0,0.0,0.01579761968197574,0.06948618691543856,0.2407701622218791,0.2685966505059248
crossing,100,400,4.0,0.05,0.7,13,cp,1.0,1.0,1.0,0.0,0.0,0.0,0.0,0.010144842185657178,0.05878190040811415,0.17986215091263058,0.2098072035999104
crossing,100,400,4.0,0.05,0.7,13,dkw,1.0,1.0,1.0,0.0,0.0,0.0,0.0,0.012508599239539524,0.06948618691543856,0.22441848344613965,0.269086646524571
crossing,100,400,4.0,0.05,0.7,14,cp,1.0,1.0,1.0,0.0,0.0,0.0,0.0,0.009437162772313998,0.05878190040811415,0.20897680056432213,0.23832636605927504
crossing,100,400,4.0,0.05,0.7,14,dkw,1.0,1.0,1.0,0.0,0.0,0.0,0.0,0.015501488697367727,0.06948618691543856,0.24107893046461257,0.26451837172330145
crossing,100,400,4.0,0.05,0.7,15,cp,1.0,1.0,1.0,0.0,0.0,0.0,0.0,0.013693616410202988,0.06948618691543856,0.19719665013955698,0.23281838397669724
crossing,100,400,4.0,0.05,0.7,15,dkw,1.0,1.0,1.0,0.0,0.0,0.0,0.0,0.009369783280884716,0.06948618691543856,0.23706720749590565,0.26522207126921926
crossing,100,400,4.0,0.05,0.7,16,cp,1.0,1.0,1.0,0.0,0.0,0.0,0.0,0.009682995600061221,0.06948618691543856,0.20264833347469838,0.23042944221257977
crossing,100,400,4.0,0.05,0.7,16,dkw,1.0,1.0,1.0,0.0,0.0,0.0,0.0,0.014401097311141893,0.08316548437573729,0.23394288812237612,0.2519877644401773
crossing,100,400,4.0,0.05,0.7,17,cp,1.0,1.0,1.0,0.0,0.0,0.0,0.0,0.010676085168924694,0.06948618691543856,0.2023608666961352,0.23908035960175755
crossing,100,400,4.0,0.05,0.7,17,dkw,1.0,1.0,1.0,0.0,0.0,0.0,0.0,0.010256234409206344,0.06948618691543856,0.22972641044508754,0.25265565829750375
crossing,100,400,4.0,0.05,0.7,18,cp,1.0,1.0,1.0,0.0,0.0,0.0,0.0,0.016915797779864912,0.09683427142838308,0.191209138259133,0.21222255494888187
crossing,100,400,4.0,0.05,0.7,18,dkw,1.0,1.0,1.0,0.0,0.0,0.0,0.0,0.018473742392366325,0.09683427142838308,0.22400314072018013,0.24609014299921717
crossing,100,400,4.0,0.05,0.7,19,cp,1.0,1.0,1.0,0.0,0.0,0.0,0.0,0.014203532017632324,0.08316548437573729,0.18720993793403357,0.20682349854583537
crossing,100,400,4.0,0.05,0.7,19,dkw,1.0,1.0,1.0,0.0,0.0,0.0,0.0,0.014288548060133794,0.08316548437573729,0.22895255156675995,0.24947674636477363
crossing,100,400,4.0,0.05,0.7,20,cp,1.0,1.0,1.0,0.0,0.0,0.0,0.0,0.02043930070322657,0.08316548437573729,0.18757899919536894,0.22139256111383443
crossing,100,400,4.0,0.05,0.7,20,dkw,1.0,1.0,1.0,0.0,0.0,0.0,0.0,0.02043930070322657,0.08316548437573729,0.2171512278347481,0.2463066123650729
crossing,100,400,4.0,0.05,0.7,21,cp,1.0,1.0,1.0,0.0,0.0,0.0,0.0,0.01901325733448571,0.08316548437573729,0.19592484723399825,0.2137453969648888
crossing,100,400,4.0,0.05,0.7,21,dkw,1.0,1.0,1.0,0.0,0.0,0.0,0.0,0.018473742392366325,0.09683427142838308,0.238002365407867,0.2660045382812224
crossing,100,400,4.0,0.05,0.7,22,cp,1.0,1.0,1.0,0.0,0.0,0.0,0.0,0.015094135092949218,0.08316548437573729,0.19105708412257896,0.22750991988489966
crossing,100,400,4.0,0.05,0.7,22,dkw,1.0,1.0,1.0,0.0,0.0,0.0,0.0,0.016734177019292886,0.09683427142838308,0.22453705469224342,0.26225995759937965
crossing,100,400,4.0,0.05,0.7,23,cp,1.0,1.0,1.0,0.0,0.0,0.0,0.0,0.03596092748007839,0.09683427142838308,0.1790373519862242,0.21595988419580453
crossing,100,400,4.0,0.05,0.7,23,dkw,1.0,1.0,1.0,0.0,0.0,0.0,0.0,0.020289017952363916,0.09683427142838308,0.2145030808949677,0.23341044371260755
crossing,100,400,4.0,0.05,0.7,24,cp,1.0,1.0,1.0,0.0,0.0,0.0,0.0,0.027701480246177943,0.10910957078160166,0.1957996833403841,0.22964180532587564
crossing,100,400,4.0,0.05,0.7,24,dkw,1.0,1.0,1.0,0.0,0.0,0.0,0.0,0.023632171980073818,0.10910957078160166,0.22641331108367208,0.245570603419907
crossing,100,400,4.0,0.05,0.7,25,cp,1.0,1.0,1.0,0.0,0.0,0.0,0.0,0.0078899633147637,0.05878190040811415,0.1934285184365612,0.22940219985879806
crossing,100,400,4.0,0.05,0.7,25,dkw,1.0,1.0,1.0,0.0,0.0,0.0,0.0,0.01656977351304953,0.09683427142838308,0.23264344834529446,0.27469680518245165
crossing,100,400,4.0,0.05,0.7,26,cp,1.0,1.0,1.0,0.0,0.0,0.0,0.0,0.009009589663252689,0.045523681005445404,0.20949564951085428,0.22743348919234796
crossing,100,400,4.0,0.05,0.7,26,dkw,1.0,1.0,1.0,0.0,0.0,0.0,0.0,0.019611920423939413,0.08316548437573729,0.2524756596030741,0.29709137731177343
crossing,100,400,4.0,0.05,0.7,27,cp,1.0,1.0,1.0,0.0,0.0,0.0,0.0,0.009004812521291605,0.06948618691543856,0.20235569771951523,0.23272168493131917
crossing,100,400,4.0,0.05,0.7,27,dkw,1.0,1.0,1.0,0.0,0.0,0.0,0.0,0.012718385642927795,0.08316548437573729,0.2282591121599378,0.246332594657455
crossing,100,400,4.0,0.05,0.7,28,cp,1.0,1.0,1.0,0.0,0.0,0.0,0.0,0.014367198060819536,0.045523681005445404,0.20829289896970937,0.23645360250436454
crossing,100,400,4.0,0.05,0.7,28,dkw,1.0,1.0,1.0,0.0,0.0,0.0,0.0,0.01177231388151339,0.05878190040811415,0.24221570498332998,0.2661021574725033
crossing,100,400,4.0,0.05,0.7,29,cp,1.0,1.0,1.0,0.0,0.0,0.0,0.0,0.020538357830373895,0.09683427142838308,0.1734104106778988,0.19509974713715117
crossing,100,400,4.0,0.05,0.7,29,dkw,1.0,1.0,1.0,0.0,0.0,0.0,0.0,0.01965483929600358,0.09683427142838308,0.20422207934591338,0.23633759856919723
crossing,100,400,4.0,0.05,0.7,30,cp,1.0,1.0,1.0,0.0,0.0,0.0,0.0,0.020160678932741486,0.05878190040811415,0.19867755402916665,0.23164209955820125
crossing,100,400,4.0,0.05,0.7,30,dkw,1.0,1.0,1.0,0.0,0.0,0.0,0.0,0.02085643105342603,0.10910957078160166,0.23428553266421212,0.2755583391102401
crossing,100,400,4.0,0.05,0.7,31,cp,1.0,1.0,1.0,0.0,0.0,0.0,0.0,0.016206055616471392,0.06948618691543856,0.20050569529448384,0.22891393880279337
crossing,100,400,4.0,0.05,0.7,31,dkw,1.0,1.0,1.0,0.0,0.0,0.0,0.0,0.0249195827846789,0.12023074069810574,0.23023529669113607,0.26950102616397914
crossing,100,400,4.0,0.05,0.7,32,cp,1.0,1.0,1.0,0.0,0.0,0.0,0.0,0.020450688871001238,0.06079128358890973,0.22390873065257094,0.24373383723512798
crossing,100,400,4.0,0.05,0.7,32,dkw,1.0,1.0,1.0,0.0,0.0,0.0,0.0,0.026335676795338426,0.07359647586914986,0.27023068209024226,0.32224026797211136
crossing,100,400,4.0,0.05,0.7,33,cp,1.0,1.0,1.0,0.0,0.0,0.0,0.0,0.017720461109157114,0.09683427142838308,0.17599600586571879,0.21833287291764714
crossing,100,400,4.0,0.05,0.7,33,dkw,1.0,1.0,1.0,0.0,0.0,0.0,0.0,0.02208484394042118,0.10910957078160166,0.20041870180118745,0.2397186482860389
crossing,100,400,4.0,0.05,0.7,34,cp,1.0,1.0,1.0,0.0,0.0,0.0,0.0,0.013930283132385299,0.08316548437573729,0.1934074254182032,0.23168210344786971
crossing,100,400,4.0,0.05,0.7,34,dkw,1.0,1.0,1.0,0.0,0.0,0.0,0.0,0.014311271370264072,0.08316548437573729,0.21778385234587577,0.24027090956644398
crossing,100,400,4.0,0.05,0.7,35,cp,1.0,1.0,1.0,0.0,0.0,0.0,0.0,0.03971197576347707,0.12023074069810574,0.18530204340679646,0.21957485218638556
crossing,100,400,4.0,0.05,0.7,35,dkw,1.0,1.0,1.0,0.0,0.0,0.0,0.0,0.030906206198062506,0.12023074069810574,0.2147710429621855,0.2428255410676009
crossing,100,400,4.0,0.05,0.7,36,cp,1.0,1.0,1.0,0.0,0.0,0.0,0.0,0.010299789285266767,0.04760672167190627,0.2040731020484661,0.23599865269269898
crossing,100,400,4.0,0.05,0.7,36,dkw,1.0,1.0,1.0,0.0,0.0,0.0,0.0,0.013549674550857671,0.08316548437573729,0.2474889123258454,0.295458259561119
crossing,100,400,4.0,0.05,0.7,37,cp,1.0,1.0,1.0,0.0,0.0,0.0,0.0,0.02111634845173622,0.10910957078160166,0.19282819624747632,0.21672217366036428
crossing,100,400,4.0,0.05,0.7,37,dkw,1.0,1.0,1.0,0.0,0.0,0.0,0.0,0.0249195827846789,0.12023074069810574,0.22340608614911997,0.25488172758079325
crossing,100,400,4.0,0.05,0.7,38,cp,1.0,1.0,1.0,0.0,0.0,0.0,0.0,0.022433187533004887,0.09683427142838308,0.1880101870700351,0.21327085594898365
crossing,100,400,4.0,0.05,0.7,38,dkw,1.0,1.0,1.0,0.0,0.0,0.0,0.0,0.01744728022442619,0.09683427142838308,0.22208984759163586,0.23824233330236777
crossing,100,400,4.0,0.05,0.7,39,cp,1.0,1.0,1.0,0.0,0.0,0.0,0.0,0.010036169971215607,0.06948618691543856,0.20282062870933396,0.23757328522398558
crossing,100,400,4.0,0.05,0.7,39,dkw,1.0,1.0,1.0,0.0,0.0,0.0,0.0,0.01446544594005731,0.08316548437573729,0.24072575532330368,0.2699572815622965
crossing,100,400,4.0,0.05,0.7,40,cp,1.0,1.0,1.0,0.0,0.0,0.0,0.0,0.02125860907404523,0.06948618691543856,0.1979243844731623,0.23670178850786233
crossing,100,400,4.0,0.05,0.7,40,dkw,1.0,1.0,1.0,0.0,0.0,0.0,0.0,0.012850258097512715,0.08316548437573729,0.2334942665980185,0.25554488340207254
crossing,100,400,4.0,0.05,0.7,41,cp,1.0,1.0,1.0,0.0,0.0,0.0,0.0,0.009452778744990708,0.045523681005445404,0.21658754202125555,0.24274337482615205
crossing,100,400,4.0,0.05,0.7,41,dkw,1.0,1.0,1.0,0.0,0.0,0.0,0.0,0.015683397023294382,0.06948618691543856,0.2550410924123359,0.28943256267946044
crossing,100,400,4.0,0.05,0.7,42,cp,1.0,1.0,1.0,0.0,0.0,0.0,0.0,0.008371496557453874,0.045523681005445404,0.207390287168561,0.23060869948961304
crossing,100,400,4.0,0.05,0.7,42,dkw,1.0,1.0,1.0,0.0,0.0,0.0,0.0,0.01639099955062366,0.09683427142838308,0.24877690945552952,0.2877328052409812
crossing,100,400,4.0,0.05,0.7,43,cp,1.0,1.0,1.0,0.0,0.0,0.0,0.0,0.018890288563531425,0.09683427142838308,0.1749265235828526,0.2040952254140438
crossing,100,400,4.0,0.05,0.7,43,dkw,1.0,1.0,1.0,0.0,0.0,0.0,0.0,0.01448612708494394,0.08316548437573729,0.2096989373052476,0.23885368509199478
crossing,100,400,4.0,0.05,0.7,44,cp,1.0,1.0,1.0,0.0,0.0,0.0,0.0,0.0039165665570527275,0.028545808724175337,0.2089270075166589,0.2411111446411952
crossing,100,400,4.0,0.05,0.7,44,dkw,1.0,1.0,1.0,0.0,0.0,0.0,0.0,0.009839077829622256,0.05878190040811415,0.2590746783773838,0.30716036641870437
crossing,100,400,4.0,0.05,0.7,45,cp,1.0,1.0,1.0,0.0,0.0,0.0,0.0,0.015483509950373696,0.08316548437573729,0.18717516087996913,0.21766005359191043
crossing,100,400,4.0,0.05,0.7,45,dkw,1.0,1.0,1.0,0.0,0.0,0.0,0.0,0.01824557569697365,0.09683427142838308,0.22512493114763804,0.2618195135103188
crossing,100,400,4.0,0.05,0.7,46,cp,1.0,1.0,1.0,0.0,0.0,0.0,0.0,0.018494070318876413,0.05878190040811415,0.20802068120938993,0.23844366027986497
crossing,100,400,4.0,0.05,0.7,46,dkw,1.0,1.0,1.0,0.0,0.0,0.0,0.0,0.01786932620018486,0.08316548437573729,0.24680765314393963,0.27667217240306013
crossing,100,400,4.0,0.05,0.7,47,cp,1.0,1.0,1.0,0.0,0.0,0.0,0.0,0.007887745359482508,0.045523681005445404,0.18741857894742736,0.22269864375190518
crossing,100,400,4.0,0.05,0.7,47,dkw,1.0,1.0,1.0,0.0,0.0,0.0,0.0,0.019318059255711104,0.09683427142838308,0.22834277318027488,0.2853779257585004
crossing,100,400,4.0,0.05,0.7,48,cp,1.0,1.0,1.0,0.0,0.0,0.0,0.0,0.027609473097162617,0.08316548437573729,0.20176642074700057,0.23760471914350667
crossing,100,400,4.0,0.05,0.7,48,dkw,1.0,1.0,1.0,0.0,0.0,0.0,0.0,0.03320889725919075,0.08316548437573729,0.22193877944383933,0.2491579725909301
crossing,100,400,4.0,0.05,0.7,49,cp,1.0,1.0,1.0,0.0,0.0,0.0,0.0,0.028467921336145917,0.12023074069810574,0.182937593329555,0.22023088823162285
crossing,100,400,4.0,0.05,0.7,49,dkw,1.0,1.0,1.0,0.0,0.0,0.0,0.0,0.03100417589053882,0.12023074069810574,0.2060432355364582,0.22658918171324816
crossing,100,400,4.0,0.05,0.7,50,cp,1.0,1.0,1.0,0.0,0.0,0.0,0.0,0.020538357830373895,0.09683427142838308,0.17733348893811446,0.2049723640233625
crossing,100,400,4.0,0.05,0.7,50,dkw,1.0,1.0,1.0,0.0,0.0,0.0,0.0,0.01965483929600358,0.09683427142838308,0.21570245753489123,0.2507534674722198
crossing,100,400,4.0,0.05,0.7,51,cp,1.0,1.0,1.0,0.0,0.0,0.0,0.0,0.00973916371961492,0.06948618691543856,0.18816888742093255,0.22676555213638083
crossing,100,400,4.0,0.05,0.7,51,dkw,1.0,1.0,1.0,0.0,0.0,0.0,0.0,0.011991865353637858,0.08316548437573729,0.21634923673333656,0.24042404841039322
crossing,100,400,4.0,0.05,0.7,52,cp,1.0,1.0,1.0,0.0,0.0,0.0,0.0,0.015128621540274868,0.08316548437573729,0.20391326531263373,0.2254111051399118
crossing,100,400,4.0,0.05,0.7,52,dkw,1.0,1.0,1.0,0.0,0.0,0.0,0.0,0.018393598899436255,0.08316548437573729,0.22458143156117874,0.24550760267307675
crossing,100,400,4.0,0.05,0.7,53,cp,1.0,1.0,1.0,0.0,0.0,0.0,0.0,0.02388738391432485,0.09683427142838308,0.18466019406551215,0.2230948900398828
crossing,100,400,4.0,0.05,0.7,53,dkw,1.0,1.0,1.0,0.0,0.0,0.0,0.0,0.02624936070178763,0.12023074069810574,0.21296817283538266,0.24294800381562132
crossing,100,400,4.0,0.05,0.7,54,cp,1.0,1.0,1.0,0.0,0.0,0.0,0.0,0.019983746796218647,0.05878190040811415,0.20439040780956486,0.23419228138561998
crossing,100,400,4.0,0.05,0.7,54,dkw,1.0,1.0,1.0,0.0,0.0,0.0,0.0,0.01779448898511697,0.06948618691543856,0.24372313479312838,0.2769230836213533
crossing,100,400,4.0,0.05,0.7,55,cp,1.0,1.0,1.0,0.0,0.0,0.0,0.0,0.025725033076573638,0.12023074069810574,0.18335536575311834,0.21260707986929817
crossing,100,400,4.0,0.05,0.7,55,dkw,1.0,1.0,1.0,0.0,0.0,0.0,0.0,0.020502071345700975,0.10910957078160166,0.20979317506489095,0.23476601274292475
crossing,100,400,4.0,0.05,0.7,56,cp,1.0,1.0,1.0,0.0,0.0,0.0,0.0,0.005971867502787824,0.05878190040811415,0.2011866052702375,0.234703109436893
crossing,100,400,4.0,0.05,0.7,56,dkw,1.0,1.0,1.0,0.0,0.0,0.0,0.0,0.008409385802506185,0.06948618691543856,0.23635771277322082,0.2584065092118119
crossing,100,400,4.0,0.05,0.7,57,cp,1.0,1.0,1.0,0.0,0.0,0.0,0.0,0.01615293610616615,0.08316548437573729,0.1848548498844116,0.2124324729758763
crossing,100,400,4.0,0.05,0.7,57,dkw,1.0,1.0,1.0,0.0,0.0,0.0,0.0,0.018890288563531425,0.09683427142838308,0.22345751974382705,0.26148477799346725
crossing,100,400,4.0,0.05,0.7,58,cp,1.0,1.0,1.0,0.0,0.0,0.0,0.0,0.02043930070322657,0.08316548437573729,0.19001947077771117,0.22391075626772106
crossing,100,400,4.0,0.05,0.7,58,dkw,1.0,1.0,1.0,0.0,0.0,0.0,0.0,0.02043930070322657,0.08316548437573729,0.2230092358643527,0.24613151954530732
crossing,100,400,4.0,0.05,0.7,59,cp,1.0,1.0,1.0,0.0,0.0,0.0,0.0,0.021262987081098007,0.09683427142838308,0.1846677421709146,0.2219450049113027
crossing,100,400,4.0,0.05,0.7,59,dkw,1.0,1.0,1.0,0.0,0.0,0.0,0.0,0.020663438774500883,0.10910957078160166,0.20873800949630447,0.23102248276345194
crossing,100,400,4.0,0.05,0.7,60,cp,1.0,1.0,1.0,0.0,0.0,0.0,0.0,0.027861563367725214,0.06948618691543856,0.20222712525820127,0.22609374075716937
crossing,100,400,4.0,0.05,0.7,60,dkw,1.0,1.0,1.0,0.0,0.0,0.0,0.0,0.03705829465259619,0.09683427142838308,0.2324522104745293,0.2675180469147893
crossing,100,400,4.0,0.05,0.7,61,cp,1.0,1.0,1.0,0.0,0.0,0.0,0.0,0.020519143368886196,0.09683427142838308,0.19275831510207714,0.21663948481572592
crossing,100,400,4.0,0.05,0.7,61,dkw,1.0,1.0,1.0,0.0,0.0,0.0,0.0,0.02369043136200986,0.09683427142838308,0.2191274269936201,0.23688127769051454
crossing,100,400,4.0,0.05,0.7,62,cp,1.0,1.0,1.0,0.0,0.0,0.0,0.0,0.013692598582408544,0.08316548437573729,0.2005861165501441,0.23320524116231278
crossing,100,400,4.0,0.05,0.7,62,dkw,1.0,1.0,1.0,0.0,0.0,0.0,0.0,0.020396026148070453,0.10910957078160166,0.23928890002949374,0.253278686597503
crossing,100,400,4.0,0.05,0.7,63,cp,1.0,1.0,1.0,0.0,0.0,0.0,0.0,0.011558047482454427,0.05878190040811415,0.2041936518218324,0.2228302971846171
crossing,100,400,4.0,0.05,0.7,63,dkw,1.0,1.0,1.0,0.0,0.0,0.0,0.0,0.01789817824525703,0.09683427142838308,0.23944462583615894,0.26321859097765476
crossing,100,400,4.0,0.05,0.7,64,cp,1.0,1.0,1.0,0.0,0.0,0.0,0.0,0.011675786819512906,0.06948618691543856,0.18967038716294418,0.212188443955728
crossing,100,400,4.0,0.05,0.7,64,dkw,1.0,1.0,1.0,0.0,0.0,0.0,0.0,0.017035063665147492,0.09683427142838308,0.22890966121976955,0.26710581859038995
crossing,100,400,4.0,0.05,0.7,65,cp,1.0,1.0,1.0,0.0,0.0,0.0,0.0,0.02328321440535697,0.10910957078160166,0.17898591891467788,0.19900157011980069
crossing,100,400,4.0,0.05,0.7,65,dkw,1.0,1.0,1.0,0.0,0.0,0.0,0.0,0.023227941489246274,0.10910957078160166,0.21705639279925365,0.24649310237295186
crossing,100,400,4.0,0.05,0.7,66,cp,1.0,1.0,1.0,0.0,0.0,0.0,0.0,0.008028954717916554,0.05878190040811415,0.20891349101206938,0.23185275734224742
crossing,100,400,4.0,0.05,0.7,66,dkw,1.0,1.0,1.0,0.0,0.0,0.0,0.0,0.013177234419221655,0.05878190040811415,0.24606722494243552,0.2708944126496361
crossing,100,400,4.0,0.05,0.7,67,cp,1.0,1.0,1.0,0.0,0.0,0.0,0.0,0.023787212975751176,0.10910957078160166,0.19041294780140727,0.21194594936782896
crossing,100,400,4.0,0.05,0.7,67,dkw,1.0,1.0,1.0,0.0,0.0,0.0,0.0,0.020748454817002354,0.10910957078160166,0.21782169605263504,0.2450118031114571
crossing,100,400,4.0,0.05,0.7,68,cp,1.0,1.0,1.0,0.0,0.0,0.0,0.0,0.010949292353299642,0.06948618691543856,0.19368591391913678,0.22539811499388723
crossing,100,400,4.0,0.05,0.7,68,dkw,1.0,1.0,1.0,0.0,0.0,0.0,0.0,0.016097817066635985,0.09683427142838308,0.22791271149232767,0.2501748678518948
crossing,100,400,4.0,0.05,0.7,69,cp,1.0,1.0,1.0,0.0,0.0,0.0,0.0,0.01615293610616615,0.08316548437573729,0.1839831968767654,0.213108958931861
crossing,100,400,4.0,0.05,0.7,69,dkw,1.0,1.0,1.0,0.0,0.0,0.0,0.0,0.02328321440535697,0.10910957078160166,0.22169071189287606,0.2617158553240091
crossing,100,400,4.0,0.05,0.7,70,cp,1.0,1.0,1.0,0.0,0.0,0.0,0.0,0.016873696236347584,0.09683427142838308,0.1833668033138873,0.2076800292388825
crossing,100,400,4.0,0.05,0.7,70,dkw,1.0,1.0,1.0,0.0,0.0,0.0,0.0,0.01789817824525703,0.09683427142838308,0.2168082022868714,0.2380878089611307
crossing,100,400,4.0,0.05,0.7,71,cp,1.0,1.0,1.0,0.0,0.0,0.0,0.0,0.028989936584904247,0.08316548437573729,0.20162256065774983,0.2287785310290973
crossing,100,400,4.0,0.05,0.7,71,dkw,1.0,1.0,1.0,0.0,0.0,0.0,0.0,0.03946894716591909,0.09683427142838308,0.2241126568141751,0.24655138065883786
crossing,100,400,4.0,0.05,0.7,72,cp,1.0,1.0,1.0,0.0,0.0,0.0,0.0,0.01732492764317818,0.09683427142838308,0.18843380689057554,0.21526829294777633
crossing,100,400,4.0,0.05,0.7,72,dkw,1.0,1.0,1.0,0.0,0.0,0.0,0.0,0.016698283624855016,0.09683427142838308,0.2228823592986944,0.25532094533711525
crossing,100,400,4.0,0.05,0.7,73,cp,1.0,1.0,1.0,0.0,0.0,0.0,0.0,0.01680060078442258,0.08316548437573729,0.19134133802588885,0.21995047286917252
crossing,100,400,4.0,0.05,0.7,73,dkw,1.0,1.0,1.0,0.0,0.0,0.0,0.0,0.02187395080632704,0.10910957078160166,0.23055266461121365,0.25516302124744095
crossing,100,400,4.0,0.05,0.7,74,cp,1.0,1.0,1.0,0.0,0.0,0.0,0.0,0.026541460363980408,0.09683427142838308,0.19587820939672157,0.23424525836098953
crossing,100,400,4.0,0.05,0.7,74,dkw,1.0,1.0,1.0,0.0,0.0,0.0,0.0,0.022536099102015168,0.09683427142838308,0.21684961976785935,0.24365162029947884
crossing,100,400,4.0,0.05,0.7,75,cp,1.0,1.0,1.0,0.0,0.0,0.0,0.0,0.017721248071759656,0.09683427142838308,0.18786882711975333,0.20750818688924583
crossing,100,400,4.0,0.05,0.7,75,dkw,1.0,1.0,1.0,0.0,0.0,0.0,0.0,0.017035063665147492,0.09683427142838308,0.21946192706738657,0.24609014299921717
crossing,100,400,4.0,0.05,0.7,76,cp,1.0,1.0,1.0,0.0,0.0,0.0,0.0,0.018533585613277094,0.09683427142838308,0.1867039456717893,0.2182595705365331
crossing,100,400,4.0,0.05,0.7,76,dkw,1.0,1.0,1.0,0.0,0.0,0.0,0.0,0.022410604802063836,0.09683427142838308,0.2115997387177898,0.2307878599165768
crossing,100,400,4.0,0.05,0.7,77,cp,1.0,1.0,1.0,0.0,0.0,0.0,0.0,0.012481975486083716,0.06948618691543856,0.20835498611570955,0.23923739011295986
crossing,100,400,4.0,0.05,0.7,77,dkw,1.0,1.0,1.0,0.0,0.0,0.0,0.0,0.018420565170810334,0.08316548437573729,0.23677354942635567,0.24630124768730982
crossing,100,400,4.0,0.05,0.7,78,cp,1.0,1.0,1.0,0.0,0.0,0.0,0.0,0.021781564661930163,0.08316548437573729,0.19993107719747485,0.2245869404031281
crossing,100,400,4.0,0.05,0.7,78,dkw,1.0,1.0,1.0,0.0,0.0,0.0,0.0,0.02727043747304073,0.08316548437573729,0.22258723018042406,0.24061604898261457
crossing,100,400,4.0,0.05,0.7,79,cp,1.0,1.0,1.0,0.0,0.0,0.0,0.0,0.02208484394042118,0.10910957078160166,0.1787443684794506,0.21615998362974087
crossing,100,400,4.0,0.05,0.7,79,dkw,1.0,1.0,1.0,0.0,0.0,0.0,0.0,0.022773615284667134,0.10910957078160166,0.21209862256564926,0.24069890298467334
crossing,100,400,4.0,0.05,0.7,80,cp,1.0,1.0,1.0,0.0,0.0,0.0,0.0,0.014203532017632324,0.08316548437573729,0.1890868130961801,0.2106665167707954
crossing,100,400,4.0,0.05,0.7,80,dkw,1.0,1.0,1.0,0.0,0.0,0.0,0.0,0.014288548060133794,0.08316548437573729,0.22376296217397157,0.25009437105408644
crossing,100,400,4.0,0.05,0.7,81,cp,1.0,1.0,1.0,0.0,0.0,0.0,0.0,0.022787420983505884,0.06948618691543856,0.2042649261045501,0.22547375013670212
crossing,100,400,4.0,0.05,0.7,81,dkw,1.0,1.0,1.0,0.0,0.0,0.0,0.0,0.03968658225121014,0.10910957078160166,0.23159429834765402,0.26496430763870915
crossing,100,400,4.0,0.05,0.7,82,cp,1.0,1.0,1.0,0.0,0.0,0.0,0.0,0.025788105942587708,0.08316548437573729,0.2019740719584612,0.24022826265913705
crossing,100,400,4.0,0.05,0.7,82,dkw,1.0,1.0,1.0,0.0,0.0,0.0,0.0,0.01818022485148107,0.08316548437573729,0.23128456055634028,0.2449362055769193
crossing,100,400,4.0,0.05,0.7,83,cp,1.0,1.0,1.0,0.0,0.0,0.0,0.0,0.005755157064027874,0.028545808724175337,0.19143035637810538,0.23044405130266332
crossing,100,400,4.0,0.05,0.7,83,dkw,1.0,1.0,1.0,0.0,0.0,0.0,0.0,0.0109618023988591,0.06948618691543856,0.24025698405413093,0.30383721166889505
crossing,100,400,4.0,0.05,0.7,84,cp,1.0,1.0,1.0,0.0,0.0,0.0,0.0,0.016011236987265195,0.09683427142838308,0.1929787920968424,0.2254898059086231
crossing,100,400,4.0,0.05,0.7,84,dkw,1.0,1.0,1.0,0.0,0.0,0.0,0.0,0.020544172889218303,0.10910957078160166,0.22988974837453946,0.2531919528334152
crossing,100,400,4.0,0.05,0.7,85,cp,1.0,1.0,1.0,0.0,0.0,0.0,0.0,0.020873691505590132,0.09683427142838308,0.19857752572015563,0.2311652970816087
crossing,100,400,4.0,0.05,0.7,85,dkw,1.0,1.0,1.0,0.0,0.0,0.0,0.0,0.022401967311389107,0.09683427142838308,0.21778789787637684,0.24230906361544324
crossing,100,400,4.0,0.05,0.7,86,cp,1.0,1.0,1.0,0.0,0.0,0.0,0.0,0.020462199897900053,0.10910957078160166,0.19435896128059219,0.21713553279989484
crossing,100,400,4.0,0.05,0.7,86,dkw,1.0,1.0,1.0,0.0,0.0,0.0,0.0,0.02107565533377958,0.10910957078160166,0.2218979312128223,0.24768972926139
crossing,100,400,4.0,0.05,0.7,87,cp,1.0,1.0,1.0,0.0,0.0,0.0,0.0,0.007612329140079787,0.05878190040811415,0.20469339600884573,0.22954192140280139
crossing,100,400,4.0,0.05,0.7,87,dkw,1.0,1.0,1.0,0.0,0.0,0.0,0.0,0.008862979051513026,0.05878190040811415,0.23557416978432077,0.26430277505054056
crossing,100,400,4.0,0.05,0.7,88,cp,1.0,1.0,1.0,0.0,0.0,0.0,0.0,0.022274786609627964,0.045523681005445404,0.20026063799773222,0.23397223484003754
crossing,100,400,4.0,0.05,0.7,88,dkw,1.0,1.0,1.0,0.0,0.0,0.0,0.0,0.019693547714299823,0.09683427142838308,0.2549795303379044,0.2920776908075535
crossing,100,400,4.0,0.05,0.7,89,cp,1.0,1.0,1.0,0.0,0.0,0.0,0.0,0.015857067050165586,0.08316548437573729,0.19316982436370117,0.23305775089798986
crossing,100,400,4.0,0.05,0.7,89,dkw,1.0,1.0,1.0,0.0,0.0,0.0,0.0,0.016606663706050618,0.09683427142838308,0.22507030449669038,0.2552462517767531
crossing,100,400,4.0,0.05,0.7,90,cp,1.0,1.0,1.0,0.0,0.0,0.0,0.0,0.00938166077838362,0.06948618691543856,0.18983983889246964,0.22179333801038092
crossing,100,400,4.0,0.05,0.7,90,dkw,1.0,1.0,1.0,0.0,0.0,0.0,0.0,0.021527687219757074,0.09683427142838308,0.234809553650785,0.26321859097765476
crossing,100,400,4.0,0.05,0.7,91,cp,1.0,1.0,1.0,0.0,0.0,0.0,0.0,0.01597607736814965,0.08316548437573729,0.19988468519308278,0.23633517702094908
crossing,100,400,4.0,0.05,0.7,91,dkw,1.0,1.0,1.0,0.0,0.0,0.0,0.0,0.01698499617457688,0.09683427142838308,0.2310010305627846,0.2526135081222345
crossing,100,400,4.0,0.05,0.7,92,cp,1.0,1.0,1.0,0.0,0.0,0.0,0.0,0.0035136040545268245,0.028545808724175337,0.19761044282565202,0.223950671796445
crossing,100,400,4.0,0.05,0.7,92,dkw,1.0,1.0,1.0,0.0,0.0,0.0,0.0,0.01075764675732025,0.06948618691543856,0.2475826917986424,0.30466020196734195
crossing,100,400,4.0,0.05,0.7,93,cp,1.0,1.0,1.0,0.0,0.0,0.0,0.0,0.006782487925555132,0.05878190040811415,0.1971445583573534,0.2305291326209022
crossing,100,400,4.0,0.05,0.7,93,dkw,1.0,1.0,1.0,0.0,0.0,0.0,0.0,0.009430025519474798,0.06948618691543856,0.24076494519173366,0.2836512258026104
crossing,100,400,4.0,0.05,0.7,94,cp,1.0,1.0,1.0,0.0,0.0,0.0,0.0,0.020538357830373895,0.09683427142838308,0.16934233384742625,0.1934510472934844
crossing,100,400,4.0,0.05,0.7,94,dkw,1.0,1.0,1.0,0.0,0.0,0.0,0.0,0.018890288563531425,0.09683427142838308,0.205328659545229,0.21259699172759938
crossing,100,400,4.0,0.05,0.7,95,cp,1.0,1.0,1.0,0.0,0.0,0.0,0.0,0.011140801572462292,0.06948618691543856,0.190536702383194,0.22248013589882137
crossing,100,400,4.0,0.05,0.7,95,dkw,1.0,1.0,1.0,0.0,0.0,0.0,0.0,0.016317691915701555,0.09683427142838308,0.23210022352147328,0.2692977401753891
crossing,100,400,4.0,0.05,0.7,96,cp,1.0,1.0,1.0,0.0,0.0,0.0,0.0,0.02698686911873186,0.09683427142838308,0.20004165295416768,0.23704426762155462
crossing,100,400,4.0,0.05,0.7,96,dkw,1.0,1.0,1.0,0.0,0.0,0.0,0.0,0.027197286679958747,0.12023074069810574,0.235237847954349,0.2568549648250867
crossing,100,400,4.0,0.05,0.7,97,cp,1.0,1.0,1.0,0.0,0.0,0.0,0.0,0.01219442292412691,0.06948618691543856,0.19855385803981687,0.22384363918412287
crossing,100,400,4.0,0.05,0.7,97,dkw,1.0,1.0,1.0,0.0,0.0,0.0,0.0,0.01176884683836456,0.06948618691543856,0.23126605387561777,0.257583541810303
crossing,100,400,4.0,0.05,0.7,98,cp,1.0,1.0,1.0,0.0,0.0,0.0,0.0,0.011043882342765739,0.045523681005445404,0.20006645858407676,0.22375472337354518
crossing,100,400,4.0,0.05,0.7,98,dkw,1.0,1.0,1.0,0.0,0.0,0.0,0.0,0.012955688581390783,0.08316548437573729,0.23857031017069238,0.28179199254298976
crossing,100,400,4.0,0.05,0.7,99,cp,1.0,1.0,1.0,0.0,0.0,0.0,0.0,0.010239021375807074,0.05878190040811415,0.18590476230688066,0.22066279891290136
crossing,100,400,4.0,0.05,0.7,99,dkw,1.0,1.0,1.0,0.0,0.0,0.0,0.0,0.018890288563531425,0.09683427142838308,0.22490045317127272,0.27521309569044095
crossing,100,400,4.0,0.05,0.7,100,cp,1.0,1.0,1.0,0.0,0.0,0.0,0.0,0.018473742392366325,0.09683427142838308,0.1829640458846496,0.21803537041379717
crossing,100,400,4.0,0.05,0.7,100,dkw,1.0,1.0,1.0,0.0,0.0,0.0,0.0,0.02327083235074174,0.09683427142838308,0.20795261744504137,0.24585844852142558
crossing,100,400,4.0,0.05,0.7,101,cp,1.0,1.0,1.0,0.0,0.0,0.0,0.0,0.004343666086076507,0.045523681005445404,0.20191835740591485,0.23562484970399833
crossing,100,400,4.0,0.05,0.7,101,dkw,1.0,1.0,1.0,0.0,0.0,0.0,0.0,0.005810500073987916,0.05878190040811415,0.2429828131424594,0.2750994564286232
crossing,100,400,4.0,0.05,0.7,102,cp,1.0,1.0,1.0,0.0,0.0,0.0,0.0,0.015361329171779778,0.08316548437573729,0.19095541460981658,0.21598257857050224
crossing,100,400,4.0,0.05,0.7,102,dkw,1.0,1.0,1.0,0.0,0.0,0.0,0.0,0.013658746805656784,0.08316548437573729,0.21907693657580185,0.23745601578002212
crossing,100,400,4.0,0.05,0.7,103,cp,1.0,1.0,1.0,0.0,0.0,0.0,0.0,0.03487801980980139,0.09683427142838308,0.18594979985402343,0.2333090037528679
crossing,100,400,4.0,0.05,0.7,103,dkw,1.0,1.0,1.0,0.0,0.0,0.0,0.0,0.03116735255217795,0.10910957078160166,0.2258044147478561,0.2438271643682054
crossing,100,400,4.0,0.05,0.7,104,cp,1.0,1.0,1.0,0.0,0.0,0.0,0.0,0.0057001445964227695,0.028545808724175337,0.2061999256887436,0.22852737436428483
crossing,100,400,4.0,0.05,0.7,104,dkw,1.0,1.0,1.0,0.0,0.0,0.0,0.0,0.014615748576911019,0.08316548437573729,0.25408124975879587,0.30247974088289276
crossing,100,400,4.0,0.05,0.7,105,cp,1.0,1.0,1.0,0.0,0.0,0.0,0.0,0.012678049760250021,0.08316548437573729,0.18387988585494885,0.21896452089450802
crossing,100,400,4.0,0.05,0.7,105,dkw,1.0,1.0,1.0,0.0,0.0,0.0,0.0,0.01631240441636939,0.09683427142838308,0.21895381326810276,0.24539202057611997
crossing,100,400,4.0,0.05,0.7,106,cp,1.0,1.0,1.0,0.0,0.0,0.0,0.0,0.03675191856248334,0.12023074069810574,0.1781002339144532,0.20080956122727733
crossing,100,400,4.0,0.05,0.7,106,dkw,1.0,1.0,1.0,0.0,0.0,0.0,0.0,0.02624936070178763,0.12023074069810574,0.21175496621405598,0.23477517280607563
crossing,100,400,4.0,0.05,0.7,107,cp,1.0,1.0,1.0,0.0,0.0,0.0,0.0,0.007457878316151079,0.05878190040811415,0.19539389006571548,0.21792458617242166
crossing,100,400,4.0,0.05,0.7,107,dkw,1.0,1.0,1.0,0.0,0.0,0.0,0.0,0.017120079707648964,0.09683427142838308,0.23260061926088516,0.2713189341877126
crossing,100,400,4.0,0.05,0.7,108,cp,1.0,1.0,1.0,0.0,0.0,0.0,0.0,0.014002704543954185,0.08316548437573729,0.2016309384210397,0.23924793530623617
crossing,100,400,4.0,0.05,0.7,108,dkw,1.0,1.0,1.0,0.0,0.0,0.0,0.0,0.014125209450914515,0.08316548437573729,0.22526473115675663,0.24529516378316196
crossing,100,400,4.0,0.05,0.7,109,cp,1.0,1.0,1.0,0.0,0.0,0.0,0.0,0.00862986043004272,0.045523681005445404,0.20891232907603566,0.23126698258482903
crossing,100,400,4.0,0.05,0.7,109,dkw,1.0,1.0,1.0,0.0,0.0,0.0,0.0,0.019387164863869797,0.06948618691543856,0.24169328180116895,0.28059155317841017
crossing,100,400,4.0,0.05,0.7,110,cp,1.0,1.0,1.0,0.0,0.0,0.0,0.0,0.01171884134192809,0.06948618691543856,0.18496586892569744,0.22285691605568658
crossing,100,400,4.0,0.05,0.7,110,dkw,1.0,1.0,1.0,0.0,0.0,0.0,0.0,0.014372204839838325,0.08316548437573729,0.21654726023928217,0.2445432793434804
crossing,100,400,4.0,0.05,0.7,111,cp,1.0,1.0,1.0,0.0,0.0,0.0,0.0,0.007257427351972332,0.05878190040811415,0.20044492992193277,0.23381289762692614
crossing,100,400,4.0,0.05,0.7,111,dkw,1.0,1.0,1.0,0.0,0.0,0.0,0.0,0.012730637079562785,0.08316548437573729,0.2437025646916619,0.28074260486758723
crossing,100,400,4.0,0.05,0.7,112,cp,1.0,1.0,1.0,0.0,0.0,0.0,0.0,0.0224816902833045,0.08316548437573729,0.19105005328271832,0.22259448017065459
crossing,100,400,4.0,0.05,0.7,112,dkw,1.0,1.0,1.0,0.0,0.0,0.0,0.0,0.01725241501889515,0.09683427142838308,0.2217900681599818,0.2521492072114686
crossing,100,400,4.0,0.05,0.7,113,cp,0.0,1.0,1.0,0.0,0.0,0.0,0.0,0.02223302240528781,0.05878190040811415,0.20523879036325554,0.2339941395286621
crossing,100,400,4.0,0.05,0.7,113,dkw,0.0,1.0,1.0,0.0,0.0,0.0,0.0,0.025865475793842848,0.06948618691543856,0.23471578637766505,0.2652845460011449
crossing,100,400,4.0,0.05,0.7,114,cp,1.0,1.0,1.0,0.0,0.0,0.0,0.0,0.014844867654852267,0.05878190040811415,0.20667994752492383,0.24187679666652456
crossing,100,400,4.0,0.05,0.7,114,dkw,1.0,1.0,1.0,0.0,0.0,0.0,0.0,0.010676085168924694,0.06948618691543856,0.24867596699809927,0.2717174252265301
crossing,100,400,4.0,0.05,0.7,115,cp,1.0,1.0,1.0,0.0,0.0,0.0,0.0,0.02305899805383455,0.08316548437573729,0.1895776687059042,0.22773460966055503
crossing,100,400,4.0,0.05,0.7,115,dkw,1.0,1.0,1.0,0.0,0.0,0.0,0.0,0.03077201923668528,0.1303854875283446,0.23165402054959383,0.26734137705523237
crossing,100,400,4.0,0.05,0.7,116,cp,1.0,1.0,1.0,0.0,0.0,0.0,0.0,0.024521326705178946,0.08316548437573729,0.1893420289434668,0.21895323366294905
crossing,100,400,4.0,0.05,0.7,116,dkw,1.0,1.0,1.0,0.0,0.0,0.0,0.0,0.02328321440535697,0.10910957078160166,0.2271880467137179,0.26119441777579944
crossing,100,400,4.0,0.05,0.7,117,cp,1.0,1.0,1.0,0.0,0.0,0.0,0.0,0.015703868781973274,0.09683427142838308,0.19097568784985508,0.22041523934153762
crossing,100,400,4.0,0.05,0.7,117,dkw,1.0,1.0,1.0,0.0,0.0,0.0,0.0,0.020748454817002354,0.10910957078160166,0.2205804843725423,0.23753754033965735
crossing,100,400,4.0,0.05,0.7,118,cp,1.0,1.0,1.0,0.0,0.0,0.0,0.0,0.015786282583324228,0.08316548437573729,0.1971355122157894,0.2183974288380955
crossing,100,400,4.0,0.05,0.7,118,dkw,1.0,1.0,1.0,0.0,0.0,0.0,0.0,0.02107565533377958,0.10910957078160166,0.23084574424241777,0.26266250179262457
crossing,100,400,4.0,0.05,0.7,119,cp,1.0,1.0,1.0,0.0,0.0,0.0,0.0,0.04150626816387515,0.12023074069810574,0.18215553787421457,0.21430984723545388
crossing,100,400,4.0,0.05,0.7,119,dkw,1.0,1.0,1.0,0.0,0.0,0.0,0.0,0.026061562642358278,0.10910957078160166,0.2209775029771426,0.2380530068088711
crossing,100,400,4.0,0.05,0.7,120,cp,1.0,1.0,1.0,0.0,0.0,0.0,0.0,0.009561935402172674,0.06948618691543856,0.19655631341763924,0.23065171913917892
crossing,100,400,4.0,0.05,0.7,120,dkw,1.0,1.0,1.0,0.0,0.0,0.0,0.0,0.015918464234083357,0.09683427142838308,0.23717480896422316,0.26472657837292657
crossing,100,400,4.0,0.05,0.7,121,cp,1.0,1.0,1.0,0.0,0.0,0.0,0.0,0.004744424228407072,0.045523681005445404,0.20680815129102836,0.23093060828530176
crossing,100,400,4.0,0.05,0.7,121,dkw,1.0,1.0,1.0,0.0,0.0,0.0,0.0,0.010859717933269035,0.05878190040811415,0.2441439717705979,0.28446102379489685
crossing,100,400,4.0,0.05,0.7,122,cp,1.0,1.0,1.0,0.0,0.0,0.0,0.0,0.01110539915964504,0.045523681005445404,0.20862837401099416,0.22666239867374327
crossing,100,400,4.0,0.05,0.7,122,dkw,1.0,1.0,1.0,0.0,0.0,0.0,0.0,0.02426709430878143,0.09683427142838308,0.25012484585466355,0.2864618805827841
crossing,100,400,4.0,0.05,0.7,123,cp,1.0,1.0,1.0,0.0,0.0,0.0,0.0,0.012024765295627076,0.06948618691543856,0.19336871504546538,0.21452724632851117
crossing,100,400,4.0,0.05,0.7,123,dkw,1.0,1.0,1.0,0.0,0.0,0.0,0.0,0.012638220731506602,0.06948618691543856,0.22675712843630624,0.25111919616204664
crossing,100,400,4.0,0.05,0.7,124,cp,1.0,1.0,1.0,0.0,0.0,0.0,0.0,0.02107565533377958,0.10910957078160166,0.192011469918907,0.22311913822620055
crossing,100,400,4.0,0.05,0.7,124,dkw,1.0,1.0,1.0,0.0,0.0,0.0,0.0,0.022803523888833964,0.10910957078160166,0.21884319065688665,0.238532005677638
crossing,100,400,4.0,0.05,0.7,125,cp,1.0,1.0,1.0,0.0,0.0,0.0,0.0,0.011150385774015628,0.05878190040811415,0.1923303165868702,0.2300943459066303
crossing,100,400,4.0,0.05,0.7,125,dkw,1.0,1.0,1.0,0.0,0.0,0.0,0.0,0.02055739357687036,0.10910957078160166,0.23636270635722226,0.28343929623581143
crossing,100,400,4.0,0.05,0.7,126,cp,1.0,1.0,1.0,0.0,0.0,0.0,0.0,0.018385523293117947,0.09683427142838308,0.1928317853729404,0.2151234223691758
crossing,100,400,4.0,0.05,0.7,126,dkw,1.0,1.0,1.0,0.0,0.0,0.0,0.0,0.019667016830427948,0.09683427142838308,0.22460528741365557,0.24548917976343076
crossing,100,400,4.0,0.05,0.7,127,cp,1.0,1.0,1.0,0.0,0.0,0.0,0.0,0.03707320130201992,0.12023074069810574,0.1862127082346034,0.2253506515987937
crossing,100,400,4.0,0.05,0.7,127,dkw,1.0,1.0,1.0,0.0,0.0,0.0,0.0,0.025658610077902343,0.12023074069810574,0.22448657942131614,0.24340533900364664
crossing,100,400,4.0,0.05,0.7,128,cp,1.0,1.0,1.0,0.0,0.0,0.0,0.0,0.012706827797187799,0.06948618691543856,0.1933809552025191,0.22106340491972032
crossing,100,400,4.0,0.05,0.7,128,dkw,1.0,1.0,1.0,0.0,0.0,0.0,0.0,0.022518663672884815,0.10910957078160166,0.23484990238559209,0.27271170762971586
crossing,100,400,4.0,0.05,0.7,129,cp,1.0,1.0,1.0,0.0,0.0,0.0,0.0,0.022518663672884815,0.10910957078160166,0.17557634258461188,0.19541205104814519
crossing,100,400,4.0,0.05,0.7,129,dkw,1.0,1.0,1.0,0.0,0.0,0.0,0.0,0.0209460338418125,0.10910957078160166,0.21325611750110757,0.23524603078621853
crossing,100,400,4.0,0.05,0.7,130,cp,1.0,1.0,1.0,0.0,0.0,0.0,0.0,0.014978370024951943,0.08316548437573729,0.19379484762224705,0.22080382876295523
crossing,100,400,4.0,0.05,0.7,130,dkw,1.0,1.0,1.0,0.0,0.0,0.0,0.0,0.01889662222459357,0.08316548437573729,0.2214681935164056,0.2450765909196776
crossing,100,400,4.0,0.05,0.7,131,cp,1.0,1.0,1.0,0.0,0.0,0.0,0.0,0.009263427175831028,0.05878190040811415,0.20174984021693715,0.22203502589995017
crossing,100,400,4.0,0.05,0.7,131,dkw,1.0,1.0,1.0,0.0,0.0,0.0,0.0,0.01589146738027926,0.06948618691543856,0.2344440288165692,0.26233016597358183
crossing,100,400,4.0,0.05,0.7,132,cp,1.0,1.0,1.0,0.0,0.0,0.0,0.0,0.029224821652438827,0.10910957078160166,0.19713339125823218,0.22850473414684191
crossing,100,400,4.0,0.05,0.7,132,dkw,1.0,1.0,1.0,0.0,0.0,0.0,0.0,0.0309665602438522,0.12023074069810574,0.22100949304298648,0.24439872838455345
crossing,100,400,4.0,0.05,0.7,133,cp,1.0,1.0,1.0,0.0,0.0,0.0,0.0,0.015315514221533972,0.06948618691543856,0.19760008985079527,0.22637660374789575
crossing,100,400,4.0,0.05,0.7,133,dkw,1.0,1.0,1.0,0.0,0.0,0.0,0.0,0.012521006550552318,0.08316548437573729,0.23148522962753615,0.25549162148783067
crossing,100,400,4.0,0.05,0.7,134,cp,1.0,1.0,1.0,0.0,0.0,0.0,0.0,0.014002293141031493,0.08316548437573729,0.18281707800064118,0.2043950233882903
crossing,100,400,4.0,0.05,0.7,134,dkw,1.0,1.0,1.0,0.0,0.0,0.0,0.0,0.015066646597741862,0.08316548437573729,0.21839559570041067,0.23536840062516418
crossing,100,400,4.0,0.05,0.7,135,cp,1.0,1.0,1.0,0.0,0.0,0.0,0.0,0.0067182941479900695,0.05878190040811415,0.18831560656850102,0.22402944326183793
crossing,100,400,4.0,0.05,0.7,135,dkw,1.0,1.0,1.0,0.0,0.0,0.0,0.0,0.00732245397150618,0.05878190040811415,0.21964967352714923,0.23639601939579735
crossing,100,400,4.0,0.05,0.7,136,cp,1.0,1.0,1.0,0.0,0.0,0.0,0.0,0.026894073568345406,0.12023074069810574,0.1777354079331572,0.20914962568919832
crossing,100,400,4.0,0.05,0.7,136,dkw,1.0,1.0,1.0,0.0,0.0,0.0,0.0,0.027003545690025693,0.12023074069810574,0.20855076383098262,0.22743530780385057
crossing,100,400,4.0,0.05,0.7,137,cp,1.0,1.0,1.0,0.0,0.0,0.0,0.0,0.007026612961011489,0.045523681005445404,0.20539406348293576,0.2350780848371034
crossing,100,400,4.0,0.05,0.7,137,dkw,1.0,1.0,1.0,0.0,0.0,0.0,0.0,0.009785005942412066,0.06948618691543856,0.2437332020434384,0.2812423041095815
crossing,100,400,4.0,0.05,0.7,138,cp,1.0,1.0,1.0,0.0,0.0,0.0,0.0,0.01232939079293277,0.06948618691543856,0.20212894656789737,0.23379627672558356
crossing,100,400,4.0,0.05,0.7,138,dkw,1.0,1.0,1.0,0.0,0.0,0.0,0.0,0.014598127067364628,0.06948618691543856,0.23268114460995248,0.2462698571902267
crossing,100,400,4.0,0.05,0.7,139,cp,1.0,1.0,1.0,0.0,0.0,0.0,0.0,0.030017847769595696,0.12023074069810574,0.17132363425045344,0.20376195516090267
crossing,100,400,4.0,0.05,0.7,139,dkw,1.0,1.0,1.0,0.0,0.0,0.0,0.0,0.026894073568345406,0.12023074069810574,0.19844538822049274,0.23474825301469737
crossing,100,400,4.0,0.05,0.7,140,cp,1.0,1.0,1.0,0.0,0.0,0.0,0.0,0.01732411897031698,0.045523681005445404,0.2121724074429291,0.23950249178002103
crossing,100,400,4.0,0.05,0.7,140,dkw,1.0,1.0,1.0,0.0,0.0,0.0,0.0,0.0186834909776749,0.06948618691543856,0.2552738747115894,0.2880701280967208
crossing,100,400,4.0,0.05,0.7,141,cp,1.0,1.0,1.0,0.0,0.0,0.0,0.0,0.01419808163305471,0.08316548437573729,0.2000486541172832,0.2287759857074707
crossing,100,400,4.0,0.05,0.7,141,dkw,1.0,1.0,1.0,0.0,0.0,0.0,0.0,0.020543204442709073,0.09683427142838308,0.23095966876653393,0.26043422716000764
crossing,100,400,4.0,0.05,0.7,142,cp,1.0,1.0,1.0,0.0,0.0,0.0,0.0,0.018890288563531425,0.09683427142838308,0.1774070415621381,0.2025545216017003
crossing,100,400,4.0,0.05,0.7,142,dkw,1.0,1.0,1.0,0.0,0.0,0.0,0.0,0.017721248071759656,0.09683427142838308,0.21335426404610963,0.22581008260874147
crossing,100,400,4.0,0.05,0.7,143,cp,1.0,1.0,1.0,0.0,0.0,0.0,0.0,0.03931734273095278,0.10910957078160166,0.18508361368906737,0.22219406178912005
crossing,100,400,4.0,0.05,0.7,143,dkw,1.0,1.0,1.0,0.0,0.0,0.0,0.0,0.034558221298488866,0.10910957078160166,0.2156201187002628,0.2349564687725072
crossing,100,400,4.0,0.05,0.7,144,cp,1.0,1.0,1.0,0.0,0.0,0.0,0.0,0.014285926448040444,0.08316548437573729,0.18495134528041712,0.20845468218320745
crossing,100,400,4.0,0.05,0.7,144,dkw,1.0,1.0,1.0,0.0,0.0,0.0,0.0,0.014042164588832416,0.08316548437573729,0.22429129328051495,0.25348641963887
crossing,100,400,4.0,0.05,0.7,145,cp,1.0,1.0,1.0,0.0,0.0,0.0,0.0,0.01621951767228437,0.08316548437573729,0.18870212451717427,0.2065932191618287
crossing,100,400,4.0,0.05,0.7,145,dkw,1.0,1.0,1.0,0.0,0.0,0.0,0.0,0.01824557569697365,0.09683427142838308,0.22768385248577247,0.259134646323987
crossing,100,400,4.0,0.05,0.7,146,cp,1.0,1.0,1.0,0.0,0.0,0.0,0.0,0.010247289992261372,0.06948618691543856,0.20024355833317517,0.2178350900786522
crossing,100,400,4.0,0.05,0.7,146,dkw,1.0,1.0,1.0,0.0,0.0,0.0,0.0,0.0163436171319654,0.08316548437573729,0.2318277376103582,0.24334330449795522
crossing,100,400,4.0,0.05,0.7,147,cp,1.0,1.0,1.0,0.0,0.0,0.0,0.0,0.021141544532231292,0.08316548437573729,0.20126057212101725,0.22871080787862264
crossing,100,400,4.0,0.05,0.7,147,dkw,1.0,1.0,1.0,0.0,0.0,0.0,0.0,0.026222350580474084,0.08316548437573729,0.22330341632574435,0.24206127519914433
crossing,100,400,4.0,0.05,0.7,148,cp,1.0,1.0,1.0,0.0,0.0,0.0,0.0,0.03472410207690555,0.1303854875283446,0.17248205657035484,0.20691963417747317
crossing,100,400,4.0,0.05,0.7,148,dkw,1.0,1.0,1.0,0.0,0.0,0.0,0.0,0.02991643500367483,0.1303854875283446,0.20384308596380651,0.2305796092363852
crossing,100,400,4.0,0.05,0.7,149,cp,1.0,1.0,1.0,0.0,0.0,0.0,0.0,0.008243690057807628,0.045523681005445404,0.20605422993741868,0.23908207778092905
crossing,100,400,4.0,0.05,0.7,149,dkw,1.0,1.0,1.0,0.0,0.0,0.0,0.0,0.0066949421024010735,0.05878190040811415,0.2462897041253888,0.2696623685341004
crossing,100,400,4.0,0.05,0.7,150,cp,1.0,1.0,1.0,0.0,0.0,0.0,0.0,0.0066949421024010735,0.05878190040811415,0.19821510756725666,0.23571930018760084
crossing,100,400,4.0,0.05,0.7,150,dkw,1.0,1.0,1.0,0.0,0.0,0.0,0.0,0.00930200736218245,0.06948618691543856,0.23711898704574197,0.2684193908774098
crossing,100,400,4.0,0.05,0.7,151,cp,1.0,1.0,1.0,0.0,0.0,0.0,0.0,0.006200352349171881,0.05878190040811415,0.2007123901359092,0.21950857311624572
crossing,100,400,4.0,0.05,0.7,151,dkw,1.0,1.0,1.0,0.0,0.0,0.0,0.0,0.010698188013092216,0.06948618691543856,0.24306493954146252,0.27866539625289855
crossing,100,400,4.0,0.05,0.7,152,cp,1.0,1.0,1.0,0.0,0.0,0.0,0.0,0.0161478312780848,0.09683427142838308,0.18466199375388379,0.22040897585381075
crossing,100,400,4.0,0.05,0.7,152,dkw,1.0,1.0,1.0,0.0,0.0,0.0,0.0,0.016179790057954238,0.09683427142838308,0.22025907836670214,0.2355836227524214
crossing,100,400,4.0,0.05,0.7,153,cp,1.0,1.0,1.0,0.0,0.0,0.0,0.0,0.007990202800953599,0.05878190040811415,0.19169409627099476,0.22235948036614067
crossing,100,400,4.0,0.05,0.7,153,dkw,1.0,1.0,1.0,0.0,0.0,0.0,0.0,0.01104082011478828,0.06948618691543856,0.22155992974951325,0.25568976243149577
crossing,100,400,4.0,0.05,0.7,154,cp,1.0,1.0,1.0,0.0,0.0,0.0,0.0,0.03249343631280363,0.12023074069810574,0.1781644755308126,0.2154488163023296
crossing,100,400,4.0,0.05,0.7,154,dkw,1.0,1.0,1.0,0.0,0.0,0.0,0.0,0.026894073568345406,0.12023074069810574,0.20413613346183937,0.23474825301469737
crossing,100,400,4.0,0.05,0.7,155,cp,1.0,1.0,1.0,0.0,0.0,0.0,0.0,0.018859396588233986,0.08316548437573729,0.1895615902244659,0.2220677211124275
crossing,100,400,4.0,0.05,0.7,155,dkw,1.0,1.0,1.0,0.0,0.0,0.0,0.0,0.013930283132385299,0.08316548437573729,0.21366040360303423,0.23255483478834027
crossing,100,400,4.0,0.05,0.7,156,cp,1.0,1.0,1.0,0.0,0.0,0.0,0.0,0.020538357830373895,0.09683427142838308,0.1765735655175772,0.19859951503281925
crossing,100,400,4.0,0.05,0.7,156,dkw,1.0,1.0,1.0,0.0,0.0,0.0,0.0,0.020538357830373895,0.09683427142838308,0.21009260376252092,0.24609014299921717
crossing,100,400,4.0,0.05,0.7,157,cp,1.0,1.0,1.0,0.0,0.0,0.0,0.0,0.012979918100346249,0.05878190040811415,0.204052082415187,0.22624735020845443
crossing,100,400,4.0,0.05,0.7,157,dkw,1.0,1.0,1.0,0.0,0.0,0.0,0.0,0.019397461493606417,0.08316548437573729,0.23287689223139435,0.2662093929502095
crossing,100,400,4.0,0.05,0.7,158,cp,1.0,1.0,1.0,0.0,0.0,0.0,0.0,0.009214836094400927,0.06948618691543856,0.19176787866088738,0.22769490066959763
crossing,100,400,4.0,0.05,0.7,158,dkw,1.0,1.0,1.0,0.0,0.0,0.0,0.0,0.012224446209500663,0.08316548437573729,0.2227251657343287,0.24704530979002787
crossing,100,400,4.0,0.05,0.7,159,cp,1.0,1.0,1.0,0.0,0.0,0.0,0.0,0.005427257243671129,0.045523681005445404,0.21135178347838168,0.2347205396410268
crossing,100,400,4.0,0.05,0.7,159,dkw,1.0,1.0,1.0,0.0,0.0,0.0,0.0,0.011574710422997757,0.06948618691543856,0.24993415668145363,0.28943256267946044
crossing,100,400,4.0,0.05,0.7,160,cp,1.0,1.0,1.0,0.0,0.0,0.0,0.0,0.012674023212406656,0.06948618691543856,0.20368080035943856,0.22412129191935193
crossing,100,400,4.0,0.05,0.7,160,dkw,1.0,1.0,1.0,0.0,0.0,0.0,0.0,0.024589699041011947,0.10910957078160166,0.23509702491723078,0.26977535385470786
crossing,100,400,4.0,0.05,0.7,161,cp,1.0,1.0,1.0,0.0,0.0,0.0,0.0,0.017721248071759656,0.09683427142838308,0.18220256740469393,0.20403432802866556
crossing,100,400,4.0,0.05,0.7,161,dkw,1.0,1.0,1.0,0.0,0.0,0.0,0.0,0.017035063665147492,0.09683427142838308,0.21598639151200286,0.229269809824857
crossing,100,400,4.0,0.05,0.7,162,cp,1.0,1.0,1.0,0.0,0.0,0.0,0.0,0.00812824985847334,0.05878190040811415,0.19487528207073448,0.2108681740670817
crossing,100,400,4.0,0.05,0.7,162,dkw,1.0,1.0,1.0,0.0,0.0,0.0,0.0,0.012311020214729377,0.06948618691543856,0.2363917796953494,0.2725447246950356
crossing,100,400,4.0,0.05,0.7,163,cp,1.0,1.0,1.0,0.0,0.0,0.0,0.0,0.004343666086076507,0.045523681005445404,0.20362420087747463,0.23662389905080294
crossing,100,400,4.0,0.05,0.7,163,dkw,1.0,1.0,1.0,0.0,0.0,0.0,0.0,0.0066949421024010735,0.05878190040811415,0.2469928986703141,0.29146042123950944
crossing,100,400,4.0,0.05,0.7,164,cp,1.0,1.0,1.0,0.0,0.0,0.0,0.0,0.01965483929600358,0.09683427142838308,0.17100797073103993,0.19382111895165177
crossing,100,400,4.0,0.05,0.7,164,dkw,1.0,1.0,1.0,0.0,0.0,0.0,0.0,0.017721248071759656,0.09683427142838308,0.20358806332514498,0.22007057805316976
crossing,100,400,4.0,0.05,0.7,165,cp,1.0,1.0,1.0,0.0,0.0,0.0,0.0,0.019749608985772032,0.08316548437573729,0.20033745796981564,0.22637034374054477
crossing,100,400,4.0,0.05,0.7,165,dkw,1.0,1.0,1.0,0.0,0.0,0.0,0.0,0.020544172889218303,0.10910957078160166,0.2407817621280239,0.2649590985079677
crossing,100,400,4.0,0.05,0.7,166,cp,1.0,1.0,1.0,0.0,0.0,0.0,0.0,0.01731765873245911,0.09683427142838308,0.1882598939021272,0.20765637238758106
crossing,100,400,4.0,0.05,0.7,166,dkw,1.0,1.0,1.0,0.0,0.0,0.0,0.0,0.014002293141031493,0.08316548437573729,0.22843992300899743,0.2537225296346597
crossing,100,400,4.0,0.05,0.7,167,cp,1.0,1.0,1.0,0.0,0.0,0.0,0.0,0.014062336144957327,0.08316548437573729,0.18840697309563134,0.21497227784802853
crossing,100,400,4.0,0.05,0.7,167,dkw,1.0,1.0,1.0,0.0,0.0,0.0,0.0,0.013712931778637643,0.08316548437573729,0.22172450596739182,0.23465172631361408
crossing,100,400,4.0,0.05,0.7,168,cp,1.0,1.0,1.0,0.0,0.0,0.0,0.0,0.017526002307939343,0.08316548437573729,0.1985815112892143,0.225265832631254
crossing,100,400,4.0,0.05,0.7,168,dkw,1.0,1.0,1.0,0.0,0.0,0.0,0.0,0.02327083235074174,0.09683427142838308,0.2295336995904952,0.2593864950198943
crossing,100,400,4.0,0.05,0.7,169,cp,1.0,1.0,1.0,0.0,0.0,0.0,0.0,0.009999984635588788,0.06948618691543856,0.19382529208481095,0.22969840282638243
crossing,100,400,4.0,0.05,0.7,169,dkw,1.0,1.0,1.0,0.0,0.0,0.0,0.0,0.012611626761578721,0.08316548437573729,0.2337683277449038,0.26228098462099214
crossing,100,400,4.0,0.05,0.7,170,cp,1.0,1.0,1.0,0.0,0.0,0.0,0.0,0.005613077781115399,0.045523681005445404,0.20827065432846445,0.2407242451461803
crossing,100,400,4.0,0.05,0.7,170,dkw,1.0,1.0,1.0,0.0,0.0,0.0,0.0,0.006717060136959953,0.05878190040811415,0.24757326407432972,0.27716386752761724
crossing,100,400,4.0,0.05,0.7,171,cp,1.0,1.0,1.0,0.0,0.0,0.0,0.0,0.026545396586270725,0.10910957078160166,0.1865970149065957,0.20712305841827305
crossing,100,400,4.0,0.05,0.7,171,dkw,1.0,1.0,1.0,0.0,0.0,0.0,0.0,0.01683382478854666,0.09683427142838308,0.22095921523733622,0.2495349813762885
crossing,100,400,4.0,0.05,0.7,172,cp,1.0,1.0,1.0,0.0,0.0,0.0,0.0,0.011503738414220668,0.045523681005445404,0.20596748033048393,0.2279559639897406
crossing,100,400,4.0,0.05,0.7,172,dkw,1.0,1.0,1.0,0.0,0.0,0.0,0.0,0.02327083235074174,0.09683427142838308,0.2485976434035772,0.2864618805827841
crossing,100,400,4.0,0.05,0.7,173,cp,1.0,1.0,1.0,0.0,0.0,0.0,0.0,0.02811421771834769,0.12023074069810574,0.1849636539959112,0.22033606622282348
crossing,100,400,4.0,0.05,0.7,173,dkw,1.0,1.0,1.0,0.0,0.0,0.0,0.0,0.027275305461734352,0.12023074069810574,0.212422512808951,0.23480375693262034
crossing,100,400,4.0,0.05,0.7,174,cp,1.0,1.0,1.0,0.0,0.0,0.0,0.0,0.012653209367511598,0.08316548437573729,0.20051029878645102,0.2296967923043144
crossing,100,400,4.0,0.05,0.7,174,dkw,1.0,1.0,1.0,0.0,0.0,0.0,0.0,0.015995149726069444,0.09683427142838308,0.22989218694657423,0.24623649510363727
crossing,100,400,4.0,0.05,0.7,175,cp,1.0,1.0,1.0,0.0,0.0,0.0,0.0,0.029870399134029318,0.09683427142838308,0.18137453133661974,0.21142555284600195
crossing,100,400,4.0,0.05,0.7,175,dkw,1.0,1.0,1.0,0.0,0.0,0.0,0.0,0.02102195244650732,0.09683427142838308,0.20837419955024955,0.2331798564179639
crossing,100,400,4.0,0.05,0.7,176,cp,1.0,1.0,1.0,0.0,0.0,0.0,0.0,0.006564327989325669,0.05878190040811415,0.20198926842849996,0.2320164964958466
crossing,100,400,4.0,0.05,0.7,176,dkw,1.0,1.0,1.0,0.0,0.0,0.0,0.0,0.01003418534299091,0.06948618691543856,0.2340459417174943,0.2658503273552862
crossing,100,400,4.0,0.05,0.7,177,cp,1.0,1.0,1.0,0.0,0.0,0.0,0.0,0.00908997895575913,0.06948618691543856,0.19698942820617663,0.21597092849117677
crossing,100,400,4.0,0.05,0.7,177,dkw,1.0,1.0,1.0,0.0,0.0,0.0,0.0,0.01789817824525703,0.09683427142838308,0.23694646301168262,0.26321859097765476
crossing,100,400,4.0,0.05,0.7,178,cp,1.0,1.0,1.0,0.0,0.0,0.0,0.0,0.02328321440535697,0.10910957078160166,0.17960916617581987,0.20434661618173455
crossing,100,400,4.0,0.05,0.7,178,dkw,1.0,1.0,1.0,0.0,0.0,0.0,0.0,0.02328321440535697,0.10910957078160166,0.21045913758220144,0.23410483007632
crossing,100,400,4.0,0.05,0.7,179,cp,1.0,1.0,1.0,0.0,0.0,0.0,0.0,0.013065783094644411,0.08316548437573729,0.18704306961325745,0.22848974243687692
crossing,100,400,4.0,0.05,0.7,179,dkw,1.0,1.0,1.0,0.0,0.0,0.0,0.0,0.016939153951779737,0.09683427142838308,0.22070602311360019,0.24686721300337422
crossing,100,400,4.0,0.05,0.7,180,cp,1.0,1.0,1.0,0.0,0.0,0.0,0.0,0.02328321440535697,0.10910957078160166,0.1736948057989052,0.20685540290746507
crossing,100,400,4.0,0.05,0.7,180,dkw,1.0,1.0,1.0,0.0,0.0,0.0,0.0,0.02333741361092656,0.10910957078160166,0.20046222493019783,0.2186240985807033
crossing,100,400,4.0,0.05,0.7,181,cp,1.0,1.0,1.0,0.0,0.0,0.0,0.0,0.006978162517473245,0.03594476042743022,0.20113511019440722,0.23694566097149217
crossing,100,400,4.0,0.05,0.7,181,dkw,1.0,1.0,1.0,0.0,0.0,0.0,0.0,0.007418006868350155,0.05878190040811415,0.2569093397504371,0.3082673990595888
crossing,100,400,4.0,0.05,0.7,182,cp,1.0,1.0,1.0,0.0,0.0,0.0,0.0,0.013065783094644411,0.08316548437573729,0.19121728827730913,0.22947655716431514
crossing,100,400,4.0,0.05,0.7,182,dkw,1.0,1.0,1.0,0.0,0.0,0.0,0.0,0.02091580344864941,0.10910957078160166,0.2308179935926422,0.2561828343696544
crossing,100,400,4.0,0.05,0.7,183,cp,1.0,1.0,1.0,0.0,0.0,0.0,0.0,0.02302118270589041,0.08316548437573729,0.19936929823759175,0.21941478525506963
crossing,100,400,4.0,0.05,0.7,183,dkw,1.0,1.0,1.0,0.0,0.0,0.0,0.0,0.019667016830427948,0.09683427142838308,0.23490999085222597,0.2511038127498322
crossing,100,400,4.0,0.05,0.7,184,cp,1.0,1.0,1.0,0.0,0.0,0.0,0.0,0.02001612914791172,0.06948618691543856,0.20174246742898988,0.22817529596266217
crossing,100,400,4.0,0.05,0.7,184,dkw,1.0,1.0,1.0,0.0,0.0,0.0,0.0,0.018385523293117947,0.09683427142838308,0.23980224408181133,0.26710581859038995
crossing,100,400,4.0,0.05,0.7,185,cp,1.0,1.0,1.0,0.0,0.0,0.0,0.0,0.01384709025202179,0.08316548437573729,0.17960989894406088,0.21981376650240947
crossing,100,400,4.0,0.05,0.7,185,dkw,1.0,1.0,1.0,0.0,0.0,0.0,0.0,0.015045460716957582,0.08316548437573729,0.20369571506969536,0.23821613961207577
crossing,100,400,4.0,0.05,0.7,186,cp,1.0,1.0,1.0,0.0,0.0,0.0,0.0,0.018918831574092906,0.09683427142838308,0.18035500736930415,0.21756613873919872
crossing,100,400,4.0,0.05,0.7,186,dkw,1.0,1.0,1.0,0.0,0.0,0.0,0.0,0.02328321440535697,0.10910957078160166,0.2156049747444872,0.24191434073349716
crossing,100,400,4.0,0.05,0.7,187,cp,1.0,1.0,1.0,0.0,0.0,0.0,0.0,0.01556727449115367,0.09683427142838308,0.19082628721780096,0.22306378626018425
crossing,100,400,4.0,0.05,0.7,187,dkw,1.0,1.0,1.0,0.0,0.0,0.0,0.0,0.021092733622146788,0.10910957078160166,0.22062518560756264,0.23958860704511875
crossing,100,400,4.0,0.05,0.7,188,cp,1.0,1.0,1.0,0.0,0.0,0.0,0.0,0.013371793046510155,0.08316548437573729,0.19141382703363136,0.2124324729758763
crossing,100,400,4.0,0.05,0.7,188,dkw,1.0,1.0,1.0,0.0,0.0,0.0,0.0,0.01744728022442619,0.09683427142838308,0.2343039027337866,0.2643223341476973
crossing,100,400,4.0,0.05,0.7,189,cp,1.0,1.0,1.0,0.0,0.0,0.0,0.0,0.016985240349848982,0.09683427142838308,0.18820190158216124,0.21354480704247558
crossing,100,400,4.0,0.05,0.7,189,dkw,1.0,1.0,1.0,0.0,0.0,0.0,0.0,0.016873696236347584,0.09683427142838308,0.21476157851724184,0.23131973818181817
crossing,100,400,4.0,0.05,0.7,190,cp,0.0,1.0,1.0,0.0,0.0,0.0,0.0,0.02328321440535697,0.10910957078160166,0.1782266624330669,0.20960551918008286
crossing,100,400,4.0,0.05,0.7,190,dkw,0.0,1.0,1.0,0.0,0.0,0.0,0.0,0.02328321440535697,0.10910957078160166,0.20611628738592436,0.2391934195485974
crossing,100,400,4.0,0.05,0.7,191,cp,1.0,1.0,1.0,0.0,0.0,0.0,0.0,0.011447197109755487,0.06948618691543856,0.20687156214423952,0.23433524366827962
crossing,100,400,4.0,0.05,0.7,191,dkw,1.0,1.0,1.0,0.0,0.0,0.0,0.0,0.015459720593606965,0.06948618691543856,0.2348913958934404,0.2520266634404122
crossing,100,400,4.0,0.05,0.7,192,cp,1.0,1.0,1.0,0.0,0.0,0.0,0.0,0.007123194627010352,0.045523681005445404,0.18932993175685206,0.22252046848349
crossing,100,400,4.0,0.05,0.7,192,dkw,1.0,1.0,1.0,0.0,0.0,0.0,0.0,0.01448612708494394,0.08316548437573729,0.23912849072077402,0.29171411884452386
crossing,100,400,4.0,0.05,0.7,193,cp,1.0,1.0,1.0,0.0,0.0,0.0,0.0,0.021378706140529707,0.0616015165254985,0.22379120974349984,0.24287788000206378
crossing,100,400,4.0,0.05,0.7,193,dkw,1.0,1.0,1.0,0.0,0.0,0.0,0.0,0.025496979414868327,0.0616015165254985,0.2563141599104488,0.28608233865015575
crossing,100,400,4.0,0.05,0.7,194,cp,1.0,1.0,1.0,0.0,0.0,0.0,0.0,0.01081237845549091,0.05878190040811415,0.2066261489876996,0.22865712144369543
crossing,100,400,4.0,0.05,0.7,194,dkw,1.0,1.0,1.0,0.0,0.0,0.0,0.0,0.01763340325677392,0.09683427142838308,0.24696205577497835,0.2835391902180555
crossing,100,400,4.0,0.05,0.7,195,cp,1.0,1.0,1.0,0.0,0.0,0.0,0.0,0.005163720079464695,0.028545808724175337,0.21395608389194065,0.23664172255930094
crossing,100,400,4.0,0.05,0.7,195,dkw,1.0,1.0,1.0,0.0,0.0,0.0,0.0,0.010122277601491387,0.06948618691543856,0.2558211492353762,0.29508217242412255
crossing,100,400,4.0,0.05,0.7,196,cp,1.0,1.0,1.0,0.0,0.0,0.0,0.0,0.01291218857884007,0.06948618691543856,0.18212052552693073,0.20749398388535167
crossing,100,400,4.0,0.05,0.7,196,dkw,1.0,1.0,1.0,0.0,0.0,0.0,0.0,0.012226004172227906,0.06948618691543856,0.2141728905063235,0.22408913581788648
crossing,100,400,4.0,0.05,0.7,197,cp,1.0,1.0,1.0,0.0,0.0,0.0,0.0,0.013009908974464883,0.05878190040811415,0.20394868923419196,0.23168349750262146
crossing,100,400,4.0,0.05,0.7,197,dkw,1.0,1.0,1.0,0.0,0.0,0.0,0.0,0.014901014664202614,0.06948618691543856,0.22586285693912725,0.24816318942633564
crossing,100,400,4.0,0.05,0.7,198,cp,1.0,1.0,1.0,0.0,0.0,0.0,0.0,0.008259343753493903,0.05878190040811415,0.1978733524903765,0.22617686100747286
crossing,100,400,4.0,0.05,0.7,198,dkw,1.0,1.0,1.0,0.0,0.0,0.0,0.0,0.016985240349848982,0.09683427142838308,0.24177663386856474,0.2789089749904331
crossing,100,400,4.0,0.05,0.7,199,cp,1.0,1.0,1.0,0.0,0.0,0.0,0.0,0.020538357830373895,0.09683427142838308,0.17830581120536157,0.20036077470212366
crossing,100,400,4.0,0.05,0.7,199,dkw,1.0,1.0,1.0,0.0,0.0,0.0,0.0,0.016058756916016256,0.08316548437573729,0.20676113230350915,0.22545051311203645
crossing,100,400,4.0,0.05,0.7,200,cp,1.0,1.0,1.0,0.0,0.0,0.0,0.0,0.007966504460025097,0.045523681005445404,0.2095555115246546,0.22562882766348924
crossing,100,400,4.0,0.05,0.7,200,dkw,1.0,1.0,1.0,0.0,0.0,0.0,0.0,0.016988974935104817,0.06948618691543856,0.2524427386989633,0.2988601188792293
crossing,100,400,4.0,0.05,0.7,201,cp,1.0,1.0,1.0,0.0,0.0,0.0,0.0,0.03384230353089052,0.12023074069810574,0.1756183003225108,0.1976868744535839
crossing,100,400,4.0,0.05,0.7,201,dkw,1.0,1.0,1.0,0.0,0.0,0.0,0.0,0.026894073568345406,0.12023074069810574,0.20603206239825064,0.23029546085684927
crossing,100,400,4.0,0.05,0.7,202,cp,1.0,1.0,1.0,0.0,0.0,0.0,0.0,0.017133404700911084,0.09683427142838308,0.1859843528797593,0.22424530507818075
crossing,100,400,4.0,0.05,0.7,202,dkw,1.0,1.0,1.0,0.0,0.0,0.0,0.0,0.01639099955062366,0.09683427142838308,0.21061913854998388,0.22743635760808356
crossing,100,400,4.0,0.05,0.7,203,cp,1.0,1.0,1.0,0.0,0.0,0.0,0.0,0.01824557569697365,0.09683427142838308,0.1829041086880569,0.2021306672849349
crossing,100,400,4.0,0.05,0.7,203,dkw,1.0,1.0,1.0,0.0,0.0,0.0,0.0,0.01731765873245911,0.09683427142838308,0.21181067435593634,0.23633759856919723
crossing,100,400,4.0,0.05,0.7,204,cp,1.0,1.0,1.0,0.0,0.0,0.0,0.0,0.021047302097303065,0.08316548437573729,0.2066597649241185,0.2388015029350531
crossing,100,400,4.0,0.05,0.7,204,dkw,1.0,1.0,1.0,0.0,0.0,0.0,0.0,0.02418684256701099,0.08316548437573729,0.23926949013657528,0.2555227432440966
crossing,100,400,4.0,0.05,0.7,205,cp,1.0,1.0,1.0,0.0,0.0,0.0,0.0,0.02404313535723872,0.08316548437573729,0.18848685031566162,0.22484410141299005
crossing,100,400,4.0,0.05,0.7,205,dkw,1.0,1.0,1.0,0.0,0.0,0.0,0.0,0.025193437135541844,0.08316548437573729,0.21797311102825934,0.23538969789538128
crossing,100,400,4.0,0.05,0.7,206,cp,1.0,1.0,1.0,0.0,0.0,0.0,0.0,0.016873696236347584,0.09683427142838308,0.18841004742131315,0.20894681480349075
crossing,100,400,4.0,0.05,0.7,206,dkw,1.0,1.0,1.0,0.0,0.0,0.0,0.0,0.01744728022442619,0.09683427142838308,0.23047902809835435,0.2511038127498322
crossing,100,400,4.0,0.05,0.7,207,cp,1.0,1.0,1.0,0.0,0.0,0.0,0.0,0.02165472652597349,0.10910957078160166,0.18448381934632838,0.2103540393265521
crossing,100,400,4.0,0.05,0.7,207,dkw,1.0,1.0,1.0,0.0,0.0,0.0,0.0,0.02124357798348252,0.10910957078160166,0.21132531382165887,0.23971421781420155
crossing,100,400,4.0,0.05,0.7,208,cp,1.0,1.0,1.0,0.0,0.0,0.0,0.0,0.021206292244392987,0.08316548437573729,0.19488768980034638,0.21629555463839467
crossing,100,400,4.0,0.05,0.7,208,dkw,1.0,1.0,1.0,0.0,0.0,0.0,0.0,0.02204961840282392,0.09683427142838308,0.232728517402808,0.259134646323987
crossing,100,400,4.0,0.05,0.7,209,cp,1.0,1.0,1.0,0.0,0.0,0.0,0.0,0.009968822901632817,0.05878190040811415,0.19023235353615842,0.21798657883934858
crossing,100,400,4.0,0.05,0.7,209,dkw,1.0,1.0,1.0,0.0,0.0,0.0,0.0,0.014923443810463798,0.08316548437573729,0.2303573829635656,0.2780017452941275
crossing,100,400,4.0,0.05,0.7,210,cp,1.0,1.0,1.0,0.0,0.0,0.0,0.0,0.02950029884112707,0.06948618691543856,0.19248498917505918,0.23161403439832112
crossing,100,400,4.0,0.05,0.7,210,dkw,1.0,1.0,1.0,0.0,0.0,0.0,0.0,0.027787412984193648,0.08316548437573729,0.2410439465608851,0.26783860554676553
crossing,100,400,4.0,0.05,0.7,211,cp,1.0,1.0,1.0,0.0,0.0,0.0,0.0,0.009146073163192879,0.05878190040811415,0.19642131902093699,0.22375241798293244
crossing,100,400,4.0,0.05,0.7,211,dkw,1.0,1.0,1.0,0.0,0.0,0.0,0.0,0.021349623181113046,0.10910957078160166,0.2384657537409961,0.27928365165517244
crossing,100,400,4.0,0.05,0.7,212,cp,1.0,1.0,1.0,0.0,0.0,0.0,0.0,0.025363397519173377,0.10910957078160166,0.19627868075549304,0.23576689668140538
crossing,100,400,4.0,0.05,0.7,212,dkw,1.0,1.0,1.0,0.0,0.0,0.0,0.0,0.023139083486426636,0.10910957078160166,0.2262513261559077,0.244478603072944
crossing,100,400,4.0,0.05,0.7,213,cp,1.0,1.0,1.0,0.0,0.0,0.0,0.0,0.02516382177350025,0.10910957078160166,0.19161339048817105,0.22233625692524034
crossing,100,400,4.0,0.05,0.7,213,dkw,1.0,1.0,1.0,0.0,0.0,0.0,0.0,0.020282847065347425,0.10910957078160166,0.22815510069621564,0.24710995811065306
crossing,100,400,4.0,0.05,0.7,214,cp,1.0,1.0,1.0,0.0,0.0,0.0,0.0,0.022518663672884815,0.10910957078160166,0.17626940231336063,0.20983452288512544
crossing,100,400,4.0,0.05,0.7,214,dkw,1.0,1.0,1.0,0.0,0.0,0.0,0.0,0.0209460338418125,0.10910957078160166,0.20165070739266774,0.2201275539175298
crossing,100,400,4.0,0.05,0.7,215,cp,1.0,1.0,1.0,0.0,0.0,0.0,0.0,0.015414044049458479,0.08316548437573729,0.17899947926564846,0.20373928199252067
crossing,100,400,4.0,0.05,0.7,215,dkw,1.0,1.0,1.0,0.0,0.0,0.0,0.0,0.01448612708494394,0.08316548437573729,0.2099915430565204,0.22093052715099926
crossing,100,400,4.0,0.05,0.7,216,cp,1.0,1.0,1.0,0.0,0.0,0.0,0.0,0.005901936358805506,0.05878190040811415,0.19897065731738317,0.22792159468870032
crossing,100,400,4.0,0.05,0.7,216,dkw,1.0,1.0,1.0,0.0,0.0,0.0,0.0,0.011239150825405083,0.06948618691543856,0.22490977596790224,0.24462946404138974
crossing,100,400,4.0,0.05,0.7,217,cp,1.0,1.0,1.0,0.0,0.0,0.0,0.0,0.016695689038096456,0.05886654227057586,0.2080343702166873,0.23795270602060042
crossing,100,400,4.0,0.05,0.7,217,dkw,1.0,1.0,1.0,0.0,0.0,0.0,0.0,0.015739689170000522,0.08316548437573729,0.26023639464640946,0.2979966879682777
crossing,100,400,4.0,0.05,0.7,218,cp,1.0,1.0,1.0,0.0,0.0,0.0,0.0,0.012600225474939481,0.045523681005445404,0.209521422417788,0.22605003091132803
crossing,100,400,4.0,0.05,0.7,218,dkw,1.0,1.0,1.0,0.0,0.0,0.0,0.0,0.01751148549830748,0.06948618691543856,0.24133532348485529,0.2792730537211672
crossing,100,400,4.0,0.05,0.7,219,cp,1.0,1.0,1.0,0.0,0.0,0.0,0.0,0.020762322888443548,0.06948618691543856,0.20651622180072088,0.23402933562279493
crossing,100,400,4.0,0.05,0.7,219,dkw,1.0,1.0,1.0,0.0,0.0,0.0,0.0,0.015335753379173518,0.08316548437573729,0.24757175707654674,0.2731555144412597
crossing,100,400,4.0,0.05,0.7,220,cp,1.0,1.0,1.0,0.0,0.0,0.0,0.0,0.022366605966886666,0.09683427142838308,0.1954179017956226,0.21829287450650137
crossing,100,400,4.0,0.05,0.7,220,dkw,1.0,1.0,1.0,0.0,0.0,0.0,0.0,0.02107565533377958,0.10910957078160166,0.23157919755544673,0.2591168486478248
crossing,100,400,4.0,0.05,0.7,221,cp,1.0,1.0,1.0,0.0,0.0,0.0,0.0,0.02177750260855359,0.09683427142838308,0.1979365450161017,0.22450011689860316
crossing,100,400,4.0,0.05,0.7,221,dkw,1.0,1.0,1.0,0.0,0.0,0.0,0.0,0.02152819803064665,0.09683427142838308,0.22274566830676193,0.24597272810822957
crossing,100,400,4.0,0.05,0.7,222,cp,1.0,1.0,1.0,0.0,0.0,0.0,0.0,0.01836886819135415,0.09683427142838308,0.18694083825288735,0.2151860500107492
crossing,100,400,4.0,0.05,0.7,222,dkw,1.0,1.0,1.0,0.0,0.0,0.0,0.0,0.01768957137632762,0.09683427142838308,0.22298998775979237,0.2533230933739037
crossing,100,400,4.0,0.05,0.7,223,cp,1.0,1.0,1.0,0.0,0.0,0.0,0.0,0.004905446478273499,0.045523681005445404,0.20599943195544854,0.23762415824072602
crossing,100,400,4.0,0.05,0.7,223,dkw,1.0,1.0,1.0,0.0,0.0,0.0,0.0,0.009343775465943211,0.06948618691543856,0.2495251757309376,0.2880701280967208
crossing,100,400,4.0,0.05,0.7,224,cp,1.0,1.0,1.0,0.0,0.0,0.0,0.0,0.00579214717832373,0.05878190040811415,0.20061325397139343,0.2279661548256997
crossing,100,400,4.0,0.05,0.7,224,dkw,1.0,1.0,1.0,0.0,0.0,0.0,0.0,0.006472350382088745,0.05878190040811415,0.23897086840315185,0.2690583270299728
crossing,100,400,4.0,0.05,0.7,225,cp,1.0,1.0,1.0,0.0,0.0,0.0,0.0,0.0057375137972705435,0.045523681005445404,0.20960754981109392,0.23971581641943118
crossing,100,400,4.0,0.05,0.7,225,dkw,1.0,1.0,1.0,0.0,0.0,0.0,0.0,0.01126528878382883,0.06948618691543856,0.2520244988289735,0.2889249734024458
crossing,100,400,4.0,0.05,0.7,226,cp,1.0,1.0,1.0,0.0,0.0,0.0,0.0,0.015388385373693993,0.08316548437573729,0.18662809640170214,0.21586251566250592
crossing,100,400,4.0,0.05,0.7,226,dkw,1.0,1.0,1.0,0.0,0.0,0.0,0.0,0.017721248071759656,0.09683427142838308,0.21929616981963862,0.2542387875194849
crossing,100,400,4.0,0.05,0.7,227,cp,1.0,1.0,1.0,0.0,0.0,0.0,0.0,0.017721248071759656,0.09683427142838308,0.18904396221884148,0.20753243943915978
crossing,100,400,4.0,0.05,0.7,227,dkw,1.0,1.0,1.0,0.0,0.0,0.0,0.0,0.014203532017632324,0.08316548437573729,0.22569848657147684,0.24334330449795522
crossing,100,400,4.0,0.05,0.7,228,cp,1.0,1.0,1.0,0.0,0.0,0.0,0.0,0.00973916371961492,0.06948618691543856,0.18598572894204118,0.22675795595725545
crossing,100,400,4.0,0.05,0.7,228,dkw,1.0,1.0,1.0,0.0,0.0,0.0,0.0,0.011991865353637858,0.08316548437573729,0.21654533741107962,0.2461609195159079
crossing,100,400,4.0,0.05,0.7,229,cp,1.0,1.0,1.0,0.0,0.0,0.0,0.0,0.020544172889218303,0.10910957078160166,0.18174254372136303,0.2125729924660824
crossing,100,400,4.0,0.05,0.7,229,dkw,1.0,1.0,1.0,0.0,0.0,0.0,0.0,0.018473742392366325,0.09683427142838308,0.20605520857856263,0.23740611766348074
crossing,100,400,4.0,0.05,0.7,230,cp,1.0,1.0,1.0,0.0,0.0,0.0,0.0,0.015605179273118726,0.08316548437573729,0.1989319108663691,0.2212614277631617
crossing,100,400,4.0,0.05,0.7,230,dkw,1.0,1.0,1.0,0.0,0.0,0.0,0.0,0.016160244612033307,0.08316548437573729,0.2238081747416978,0.24311486169128116
crossing,100,400,4.0,0.05,0.7,231,cp,1.0,1.0,1.0,0.0,0.0,0.0,0.0,0.014084266132349744,0.08316548437573729,0.1894515825802057,0.21950151938675133
crossing,100,400,4.0,0.05,0.7,231,dkw,1.0,1.0,1.0,0.0,0.0,0.0,0.0,0.014615748576911019,0.08316548437573729,0.21665351901604268,0.23463989501116544
crossing,100,400,4.0,0.05,0.7,232,cp,1.0,1.0,1.0,0.0,0.0,0.0,0.0,0.019392696143585863,0.08316548437573729,0.19274227178798684,0.22250967287183543
crossing,100,400,4.0,0.05,0.7,232,dkw,1.0,1.0,1.0,0.0,0.0,0.0,0.0,0.019392696143585863,0.08316548437573729,0.21551170706103912,0.24593890332270807
crossing,100,400,4.0,0.05,0.7,233,cp,1.0,1.0,1.0,0.0,0.0,0.0,0.0,0.01768484833067404,0.06948618691543856,0.21300907547040426,0.2436156737542211
crossing,100,400,4.0,0.05,0.7,233,dkw,1.0,1.0,1.0,0.0,0.0,0.0,0.0,0.02437722312209787,0.08316548437573729,0.23743367256718892,0.2551670319912968
crossing,100,400,4.0,0.05,0.7,234,cp,1.0,1.0,1.0,0.0,0.0,0.0,0.0,0.030701526662947804,0.09683427142838308,0.2034141142701232,0.23492859305568048
crossing,100,400,4.0,0.05,0.7,234,dkw,1.0,1.0,1.0,0.0,0.0,0.0,0.0,0.03608851658717876,0.09683427142838308,0.2340942434266441,0.24624924231673107
crossing,100,400,4.0,0.05,0.7,235,cp,1.0,1.0,1.0,0.0,0.0,0.0,0.0,0.02105801014861116,0.09683427142838308,0.19392368435092502,0.2262656700520983
crossing,100,400,4.0,0.05,0.7,235,dkw,1.0,1.0,1.0,0.0,0.0,0.0,0.0,0.017133404700911084,0.09683427142838308,0.2309774678335014,0.2510032959354972
crossing,100,400,4.0,0.05,0.7,236,cp,1.0,1.0,1.0,0.0,0.0,0.0,0.0,0.017111079295531396,0.06948618691543856,0.2000355330040697,0.2230013089918731
crossing,100,400,4.0,0.05,0.7,236,dkw,1.0,1.0,1.0,0.0,0.0,0.0,0.0,0.01688292973747429,0.06948618691543856,0.23231744106791652,0.24648871637391911
crossing,100,400,4.0,0.05,0.7,237,cp,1.0,1.0,1.0,0.0,0.0,0.0,0.0,0.003048313902428863,0.028545808724175337,0.20436615287853488,0.23321431683147653
crossing,100,400,4.0,0.05,0.7,237,dkw,1.0,1.0,1.0,0.0,0.0,0.0,0.0,0.006658051909399987,0.05878190040811415,0.25012274941955664,0.3019978971379963
crossing,100,400,4.0,0.05,0.7,238,cp,1.0,1.0,1.0,0.0,0.0,0.0,0.0,0.010520470876992299,0.06948618691543856,0.18418868533935648,0.22196330891529348
crossing,100,400,4.0,0.05,0.7,238,dkw,1.0,1.0,1.0,0.0,0.0,0.0,0.0,0.010551076438043044,0.06948618691543856,0.21572449585705517,0.2369768500541376
crossing,100,400,4.0,0.05,0.7,239,cp,1.0,1.0,1.0,0.0,0.0,0.0,0.0,0.025451065229240174,0.12023074069810574,0.18646631105308858,0.2161863555949386
crossing,100,400,4.0,0.05,0.7,239,dkw,1.0,1.0,1.0,0.0,0.0,0.0,0.0,0.02896510893647254,0.12023074069810574,0.21627521802244534,0.24104238614998275
crossing,100,400,4.0,0.05,0.7,240,cp,1.0,1.0,1.0,0.0,0.0,0.0,0.0,0.02328321440535697,0.10910957078160166,0.16995210153192553,0.19957679943600892
crossing,100,400,4.0,0.05,0.7,240,dkw,1.0,1.0,1.0,0.0,0.0,0.0,0.0,0.026894073568345406,0.12023074069810574,0.20026563355432736,0.2256371481075043
crossing,100,400,4.0,0.05,0.7,241,cp,1.0,1.0,1.0,0.0,0.0,0.0,0.0,0.009146073163192879,0.05878190040811415,0.19588104404075718,0.22657292769233695
crossing,100,400,4.0,0.05,0.7,241,dkw,1.0,1.0,1.0,0.0,0.0,0.0,0.0,0.012640272435834899,0.08316548437573729,0.22832706307631034,0.27137185328001084
crossing,100,400,4.0,0.05,0.7,242,cp,1.0,1.0,1.0,0.0,0.0,0.0,0.0,0.010236922982132413,0.05878190040811415,0.19101887754490424,0.22407600452562276
crossing,100,400,4.0,0.05,0.7,242,dkw,1.0,1.0,1.0,0.0,0.0,0.0,0.0,0.02333741361092656,0.10910957078160166,0.23695509234813006,0.28418411802951415
crossing,100,400,4.0,0.05,0.7,243,cp,1.0,1.0,1.0,0.0,0.0,0.0,0.0,0.012971665651809653,0.05878190040811415,0.21393659636595344,0.2349346675520806
crossing,100,400,4.0,0.05,0.7,243,dkw,1.0,1.0,1.0,0.0,0.0,0.0,0.0,0.019278486768879798,0.06079128358890973,0.2462649342850787,0.26814003424666877
crossing,100,400,4.0,0.05,0.7,244,cp,1.0,1.0,1.0,0.0,0.0,0.0,0.0,0.008799109757691062,0.045523681005445404,0.19358714267155736,0.2346770435627364
crossing,100,400,4.0,0.05,0.7,244,dkw,1.0,1.0,1.0,0.0,0.0,0.0,0.0,0.010369365074318992,0.06948618691543856,0.239193612092492,0.2934400130203866
crossing,100,400,4.0,0.05,0.7,245,cp,1.0,1.0,1.0,0.0,0.0,0.0,0.0,0.01677453091092195,0.08316548437573729,0.19765542730954436,0.23374529172269876
crossing,100,400,4.0,0.05,0.7,245,dkw,1.0,1.0,1.0,0.0,0.0,0.0,0.0,0.015527403043352747,0.09683427142838308,0.22418190620168596,0.2505932117388795
crossing,100,400,4.0,0.05,0.7,246,cp,1.0,1.0,1.0,0.0,0.0,0.0,0.0,0.028260589971572537,0.08316548437573729,0.19572110606720444,0.2423299330369048
crossing,100,400,4.0,0.05,0.7,246,dkw,1.0,1.0,1.0,0.0,0.0,0.0,0.0,0.02343556669774681,0.09683427142838308,0.2311951088846601,0.2594511494114051
crossing,100,400,4.0,0.05,0.7,247,cp,1.0,1.0,1.0,0.0,0.0,0.0,0.0,0.009999984635588788,0.06948618691543856,0.19794297068824654,0.23086594407623584
crossing,100,400,4.0,0.05,0.7,247,dkw,1.0,1.0,1.0,0.0,0.0,0.0,0.0,0.01556727449115367,0.09683427142838308,0.2331186762443801,0.2666921468122244
crossing,100,400,4.0,0.05,0.7,248,cp,1.0,1.0,1.0,0.0,0.0,0.0,0.0,0.014002293141031493,0.08316548437573729,0.19212409364165794,0.21161347914454676
crossing,100,400,4.0,0.05,0.7,248,dkw,1.0,1.0,1.0,0.0,0.0,0.0,0.0,0.014615748576911019,0.08316548437573729,0.22428889407677946,0.2511310653003111
crossing,100,400,4.0,0.05,0.7,249,cp,1.0,1.0,1.0,0.0,0.0,0.0,0.0,0.004800592347960771,0.045523681005445404,0.1972580570826261,0.23135024259849646
crossing,100,400,4.0,0.05,0.7,249,dkw,1.0,1.0,1.0,0.0,0.0,0.0,0.0,0.008503878549808459,0.06948618691543856,0.23992851811018723,0.28460193843503984
crossing,100,400,4.0,0.05,0.7,250,cp,1.0,1.0,1.0,0.0,0.0,0.0,0.0,0.013049675994994833,0.08316548437573729,0.19792927131639876,0.22173932528350648
crossing,100,400,4.0,0.05,0.7,250,dkw,1.0,1.0,1.0,0.0,0.0,0.0,0.0,0.01725241501889515,0.09683427142838308,0.23018331306432266,0.26043422716000764
crossing,100,400,4.0,0.05,0.7,251,cp,1.0,1.0,1.0,0.0,0.0,0.0,0.0,0.02508211589110767,0.05878190040811415,0.20790973216900696,0.23247867739561556
crossing,100,400,4.0,0.05,0.7,251,dkw,1.0,1.0,1.0,0.0,0.0,0.0,0.0,0.03395570804363466,0.09683427142838308,0.24828435540939137,0.28232712948356525
crossing,100,400,4.0,0.05,0.7,252,cp,1.0,1.0,1.0,0.0,0.0,0.0,0.0,0.023585974099150343,0.10910957078160166,0.1876002800623441,0.22106752779883776
crossing,100,400,4.0,0.05,0.7,252,dkw,1.0,1.0,1.0,0.0,0.0,0.0,0.0,0.020748454817002354,0.10910957078160166,0.21420202551243828,0.24367511907689265
crossing,100,400,4.0,0.05,0.7,253,cp,1.0,1.0,1.0,0.0,0.0,0.0,0.0,0.010794379166475927,0.06948618691543856,0.19580742084949526,0.21672780038334372
crossing,100,400,4.0,0.05,0.7,253,dkw,1.0,1.0,1.0,0.0,0.0,0.0,0.0,0.013593665893355063,0.08316548437573729,0.23081215769496363,0.25972274290711744
crossing,100,400,4.0,0.05,0.7,254,cp,1.0,1.0,1.0,0.0,0.0,0.0,0.0,0.008503878549808459,0.06948618691543856,0.19331398758659593,0.2223713613748235
crossing,100,400,4.0,0.05,0.7,254,dkw,1.0,1.0,1.0,0.0,0.0,0.0,0.0,0.009962180291181542,0.06948618691543856,0.22595829736751635,0.2480070270314434
crossing,100,400,4.0,0.05,0.7,255,cp,1.0,1.0,1.0,0.0,0.0,0.0,0.0,0.013362943698921017,0.06948618691543856,0.2005266412929526,0.22251093327877713
crossing,100,400,4.0,0.05,0.7,255,dkw,1.0,1.0,1.0,0.0,0.0,0.0,0.0,0.020166051817979546,0.08316548437573729,0.22983714930015486,0.2551670319912968
crossing,100,400,4.0,0.05,0.7,256,cp,1.0,1.0,1.0,0.0,0.0,0.0,0.0,0.012167664265467195,0.08316548437573729,0.19858605798503212,0.22502602089104184
crossing,100,400,4.0,0.05,0.7,256,dkw,1.0,1.0,1.0,0.0,0.0,0.0,0.0,0.017263026192878162,0.09683427142838308,0.2287195979318076,0.24677067576950562
crossing,100,400,4.0,0.05,0.7,257,cp,1.0,1.0,1.0,0.0,0.0,0.0,0.0,0.013816200519192296,0.08316548437573729,0.18491237803986962,0.21419517187067183
crossing,100,400,4.0,0.05,0.7,257,dkw,1.0,1.0,1.0,0.0,0.0,0.0,0.0,0.01676165441181308,0.09683427142838308,0.21245687280029613,0.22306959447521213
crossing,100,400,4.0,0.05,0.7,258,cp,1.0,1.0,1.0,0.0,0.0,0.0,0.0,0.034284558693308924,0.10910957078160166,0.18543744721700287,0.2208946594150482
crossing,100,400,4.0,0.05,0.7,258,dkw,1.0,1.0,1.0,0.0,0.0,0.0,0.0,0.025803628210827913,0.12023074069810574,0.22066031459112634,0.2562720311590603
crossing,100,400,4.0,0.05,0.7,259,cp,1.0,1.0,1.0,0.0,0.0,0.0,0.0,0.047795605406015476,0.1303854875283446,0.17520810185901808,0.21042451434994247
crossing,100,400,4.0,0.05,0.7,259,dkw,1.0,1.0,1.0,0.0,0.0,0.0,0.0,0.03445196011335211,0.1303854875283446,0.22503390174580923,0.24321060358949825
crossing,100,400,4.0,0.05,0.7,260,cp,1.0,1.0,1.0,0.0,0.0,0.0,0.0,0.003433609496047865,0.045523681005445404,0.20937145143733824,0.2344330280949174
crossing,100,400,4.0,0.05,0.7,260,dkw,1.0,1.0,1.0,0.0,0.0,0.0,0.0,0.006680034896413573,0.05878190040811415,0.2441157649991018,0.27479746180810444
crossing,100,400,4.0,0.05,0.7,261,cp,1.0,1.0,1.0,0.0,0.0,0.0,0.0,0.01875185158382713,0.05878190040811415,0.20991541747132295,0.2301944350527667
crossing,100,400,4.0,0.05,0.7,261,dkw,1.0,1.0,1.0,0.0,0.0,0.0,0.0,0.02294086203880319,0.06948618691543856,0.24774122803322382,0.2769804215497737
crossing,100,400,4.0,0.05,0.7,262,cp,0.0,1.0,1.0,0.0,0.0,0.0,0.0,0.021494268114313205,0.09683427142838308,0.1942636444249225,0.21029757804620286
crossing,100,400,4.0,0.05,0.7,262,dkw,1.0,1.0,1.0,0.0,0.0,0.0,0.0,0.020502071345700975,0.10910957078160166,0.2362697020062381,0.2588895494622072
crossing,100,400,4.0,0.05,0.7,263,cp,1.0,1.0,1.0,0.0,0.0,0.0,0.0,0.022380349199719776,0.08316548437573729,0.1988872764719752,0.2228516139155452
crossing,100,400,4.0,0.05,0.7,263,dkw,1.0,1.0,1.0,0.0,0.0,0.0,0.0,0.021920629665151802,0.09683427142838308,0.2390183051841241,0.26321859097765476
crossing,100,400,4.0,0.05,0.7,264,cp,1.0,1.0,1.0,0.0,0.0,0.0,0.0,0.015045460716957582,0.08316548437573729,0.18002504030138564,0.2154636737974362
crossing,100,400,4.0,0.05,0.7,264,dkw,1.0,1.0,1.0,0.0,0.0,0.0,0.0,0.01965483929600358,0.09683427142838308,0.21349092951325457,0.2383520806985014
crossing,100,400,4.0,0.05,0.7,265,cp,1.0,1.0,1.0,0.0,0.0,0.0,0.0,0.027607047534675244,0.10910957078160166,0.1791462930724222,0.20808317609634108
crossing,100,400,4.0,0.05,0.7,265,dkw,1.0,1.0,1.0,0.0,0.0,0.0,0.0,0.02187395080632704,0.10910957078160166,0.20724960251629068,0.22567285917064073
crossing,100,400,4.0,0.05,0.7,266,cp,1.0,1.0,1.0,0.0,0.0,0.0,0.0,0.024327884041727917,0.05878190040811415,0.21176929580163228,0.23242431311454048
crossing,100,400,4.0,0.05,0.7,266,dkw,1.0,1.0,1.0,0.0,0.0,0.0,0.0,0.038325849617093996,0.09683427142838308,0.24623463445099084,0.2800708786743439
crossing,100,400,4.0,0.05,0.7,267,cp,1.0,1.0,1.0,0.0,0.0,0.0,0.0,0.02328321440535697,0.10910957078160166,0.1725767509190486,0.19949765372330386
crossing,100,400,4.0,0.05,0.7,267,dkw,1.0,1.0,1.0,0.0,0.0,0.0,0.0,0.02328321440535697,0.10910957078160166,0.20018843218815718,0.23517750547762034
crossing,100,400,4.0,0.05,0.7,268,cp,1.0,1.0,1.0,0.0,0.0,0.0,0.0,0.009494092362094825,0.05886654227057586,0.2174375450943183,0.23834697269849342
crossing,100,400,4.0,0.05,0.7,268,dkw,1.0,1.0,1.0,0.0,0.0,0.0,0.0,0.01389893123863107,0.06948618691543856,0.2696336303747124,0.3093630593263433
crossing,100,400,4.0,0.05,0.7,269,cp,1.0,1.0,1.0,0.0,0.0,0.0,0.0,0.004239059787942607,0.045523681005445404,0.19722551670507052,0.23183594697667886
crossing,100,400,4.0,0.05,0.7,269,dkw,1.0,1.0,1.0,0.0,0.0,0.0,0.0,0.010452104597099937,0.06948618691543856,0.2446693834317926,0.2825635596481048
crossing,100,400,4.0,0.05,0.7,270,cp,1.0,1.0,1.0,0.0,0.0,0.0,0.0,0.014208651829430983,0.06948618691543856,0.19613038834992472,0.21411782687681113
crossing,100,400,4.0,0.05,0.7,270,dkw,1.0,1.0,1.0,0.0,0.0,0.0,0.0,0.017035063665147492,0.09683427142838308,0.2388573429677065,0.27181833876248906
crossing,100,400,4.0,0.05,0.7,271,cp,1.0,1.0,1.0,0.0,0.0,0.0,0.0,0.017721248071759656,0.09683427142838308,0.17744148424177691,0.19777969713651355
crossing,100,400,4.0,0.05,0.7,271,dkw,1.0,1.0,1.0,0.0,0.0,0.0,0.0,0.01683382478854666,0.09683427142838308,0.21053503993650385,0.22842928947975255
crossing,100,400,4.0,0.05,0.7,272,cp,1.0,1.0,1.0,0.0,0.0,0.0,0.0,0.004906151335647766,0.045523681005445404,0.20219924361393665,0.2334956872493263
crossing,100,400,4.0,0.05,0.7,272,dkw,1.0,1.0,1.0,0.0,0.0,0.0,0.0,0.009406673473885803,0.06948618691543856,0.23942776125110055,0.27730085649793124
crossing,100,400,4.0,0.05,0.7,273,cp,1.0,1.0,1.0,0.0,0.0,0.0,0.0,0.026197783935645313,0.10910957078160166,0.17856847597244765,0.20253833119265652
crossing,100,400,4.0,0.05,0.7,273,dkw,1.0,1.0,1.0,0.0,0.0,0.0,0.0,0.0209460338418125,0.10910957078160166,0.20847055044069712,0.23471501356248292
crossing,100,400,4.0,0.05,0.7,274,cp,1.0,1.0,1.0,0.0,0.0,0.0,0.0,0.019778193756299602,0.08316548437573729,0.191162629208904,0.2233129370631527
crossing,100,400,4.0,0.05,0.7,274,dkw,1.0,1.0,1.0,0.0,0.0,0.0,0.0,0.02537821666677832,0.10910957078160166,0.21790805396329443,0.2539164004144766
crossing,100,400,4.0,0.05,0.7,275,cp,1.0,1.0,1.0,0.0,0.0,0.0,0.0,0.011688325881429476,0.06948618691543856,0.19729536089185665,0.23133698483689535
crossing,100,400,4.0,0.05,0.7,275,dkw,1.0,1.0,1.0,0.0,0.0,0.0,0.0,0.013228850961436323,0.06948618691543856,0.22656430006133238,0.24444812886620487
crossing,100,400,4.0,0.05,0.7,276,cp,1.0,1.0,1.0,0.0,0.0,0.0,0.0,0.03249343631280363,0.12023074069810574,0.17877292635175748,0.20415054904622876
crossing,100,400,4.0,0.05,0.7,276,dkw,1.0,1.0,1.0,0.0,0.0,0.0,0.0,0.026894073568345406,0.12023074069810574,0.2210650645357799,0.23564308753797847
crossing,100,400,4.0,0.05,0.7,277,cp,1.0,1.0,1.0,0.0,0.0,0.0,0.0,0.016601516478344406,0.08316548437573729,0.19784162626583052,0.22391625598004772
crossing,100,400,4.0,0.05,0.7,277,dkw,1.0,1.0,1.0,0.0,0.0,0.0,0.0,0.018129792284143385,0.08316548437573729,0.23259848388007398,0.2558135451397419
crossing,100,400,4.0,0.05,0.7,278,cp,1.0,1.0,1.0,0.0,0.0,0.0,0.0,0.01171884134192809,0.06948618691543856,0.18283914267958465,0.219761057128864
crossing,100,400,4.0,0.05,0.7,278,dkw,1.0,1.0,1.0,0.0,0.0,0.0,0.0,0.014923443810463798,0.08316548437573729,0.22361008574901917,0.26542757212155005
crossing,100,400,4.0,0.05,0.7,279,cp,1.0,1.0,1.0,0.0,0.0,0.0,0.0,0.02893220508413036,0.10910957078160166,0.19318892215261688,0.22707097087773404
crossing,100,400,4.0,0.05,0.7,279,dkw,1.0,1.0,1.0,0.0,0.0,0.0,0.0,0.02134191302272563,0.10910957078160166,0.21490072883506028,0.24555644767053686
crossing,100,400,4.0,0.05,0.7,280,cp,1.0,1.0,1.0,0.0,0.0,0.0,0.0,0.020971046537314682,0.10910957078160166,0.19001831666658853,0.23098942577157922
crossing,100,400,4.0,0.05,0.7,280,dkw,1.0,1.0,1.0,0.0,0.0,0.0,0.0,0.025556599735551497,0.12023074069810574,0.2238275102541917,0.25253339647347506
crossing,100,400,4.0,0.05,0.7,281,cp,1.0,1.0,1.0,0.0,0.0,0.0,0.0,0.021349623181113046,0.10910957078160166,0.1870034222405172,0.2106688663467683
crossing,100,400,4.0,0.05,0.7,281,dkw,1.0,1.0,1.0,0.0,0.0,0.0,0.0,0.020502071345700975,0.10910957078160166,0.21360731695971868,0.24238494542710354
crossing,100,400,4.0,0.05,0.7,282,cp,1.0,1.0,1.0,0.0,0.0,0.0,0.0,0.01815428084162075,0.09683427142838308,0.18316415479848083,0.21314817038504535
crossing,100,400,4.0,0.05,0.7,282,dkw,1.0,1.0,1.0,0.0,0.0,0.0,0.0,0.017721248071759656,0.09683427142838308,0.2124300671843273,0.24743085534620674
crossing,100,400,4.0,0.05,0.7,283,cp,1.0,1.0,1.0,0.0,0.0,0.0,0.0,0.01683382478854666,0.09683427142838308,0.18157863603278657,0.20826023300056895
crossing,100,400,4.0,0.05,0.7,283,dkw,1.0,1.0,1.0,0.0,0.0,0.0,0.0,0.018473742392366325,0.09683427142838308,0.21281036174029613,0.23389168293945728
crossing,100,400,4.0,0.05,0.7,284,cp,1.0,1.0,1.0,0.0,0.0,0.0,0.0,0.005142698588577406,0.045523681005445404,0.2085304443546766,0.23694858993487
crossing,100,400,4.0,0.05,0.7,284,dkw,1.0,1.0,1.0,0.0,0.0,0.0,0.0,0.005634487937120358,0.045523681005445404,0.24771945200257178,0.267673351714996
crossing,100,400,4.0,0.05,0.7,285,cp,1.0,1.0,1.0,0.0,0.0,0.0,0.0,0.014845779803083993,0.06948618691543856,0.17965515040657365,0.1974352118189665
crossing,100,400,4.0,0.05,0.7,285,dkw,1.0,1.0,1.0,0.0,0.0,0.0,0.0,0.013436516204054063,0.06948618691543856,0.20741656142788262,0.220924422065373
crossing,100,400,4.0,0.05,0.7,286,cp,1.0,1.0,1.0,0.0,0.0,0.0,0.0,0.01550259533941501,0.05878190040811415,0.20272827766180745,0.22879739620985773
crossing,100,400,4.0,0.05,0.7,286,dkw,1.0,1.0,1.0,0.0,0.0,0.0,0.0,0.019173928336780766,0.09683427142838308,0.2416637405517612,0.2761125567765592
crossing,100,400,4.0,0.05,0.7,287,cp,1.0,1.0,1.0,0.0,0.0,0.0,0.0,0.005981935961517902,0.028545808724175337,0.2099323370808691,0.22892736854601092
crossing,100,400,4.0,0.05,0.7,287,dkw,1.0,1.0,1.0,0.0,0.0,0.0,0.0,0.012623103025181522,0.05878190040811415,0.2587815152649407,0.3123372386057672
crossing,100,400,4.0,0.05,0.7,288,cp,1.0,1.0,1.0,0.0,0.0,0.0,0.0,0.019822057826105306,0.09683427142838308,0.1869741625586913,0.20932222358219776
crossing,100,400,4.0,0.05,0.7,288,dkw,1.0,1.0,1.0,0.0,0.0,0.0,0.0,0.016915797779864912,0.09683427142838308,0.21415130019387554,0.22707233557806195
crossing,100,400,4.0,0.05,0.7,289,cp,1.0,1.0,1.0,0.0,0.0,0.0,0.0,0.014011431944887244,0.05878190040811415,0.21013293563091054,0.23616672377513215
crossing,100,400,4.0,0.05,0.7,289,dkw,1.0,1.0,1.0,0.0,0.0,0.0,0.0,0.02274941197856447,0.09683427142838308,0.2480937626499977,0.2789664072251494
crossing,100,400,4.0,0.05,0.7,290,cp,1.0,1.0,1.0,0.0,0.0,0.0,0.0,0.029421741877766396,0.05878190040811415,0.19099443624670848,0.22912810679605
crossing,100,400,4.0,0.05,0.7,290,dkw,1.0,1.0,1.0,0.0,0.0,0.0,0.0,0.021457237830229358,0.09683427142838308,0.24521832609027394,0.28314254634453406
crossing,100,400,4.0,0.05,0.7,291,cp,1.0,1.0,1.0,0.0,0.0,0.0,0.0,0.02111634845173622,0.10910957078160166,0.18898234682332166,0.21486620007486623
crossing,100,400,4.0,0.05,0.7,291,dkw,1.0,1.0,1.0,0.0,0.0,0.0,0.0,0.020748454817002354,0.10910957078160166,0.21826527981512023,0.2470079557365661
crossing,100,400,4.0,0.05,0.7,292,cp,1.0,1.0,1.0,0.0,0.0,0.0,0.0,0.014690329173444403,0.08316548437573729,0.2064970638404647,0.2365498952492766
crossing,100,400,4.0,0.05,0.7,292,dkw,1.0,1.0,1.0,0.0,0.0,0.0,0.0,0.022388057052034515,0.10910957078160166,0.23410890096036865,0.2595651169992671
crossing,100,400,4.0,0.05,0.7,293,cp,1.0,1.0,1.0,0.0,0.0,0.0,0.0,0.026894073568345406,0.12023074069810574,0.1786537228400136,0.21070467676589327
crossing,100,400,4.0,0.05,0.7,293,dkw,1.0,1.0,1.0,0.0,0.0,0.0,0.0,0.021349623181113046,0.10910957078160166,0.20645570933263696,0.2263653696155048
crossing,100,400,4.0,0.05,0.7,294,cp,1.0,1.0,1.0,0.0,0.0,0.0,0.0,0.007319376674419056,0.05878190040811415,0.2056879125405514,0.23379404847713753
crossing,100,400,4.0,0.05,0.7,294,dkw,1.0,1.0,1.0,0.0,0.0,0.0,0.0,0.013752690228944852,0.08316548437573729,0.2400439360983307,0.27008083914160613
crossing,100,400,4.0,0.05,0.7,295,cp,1.0,1.0,1.0,0.0,0.0,0.0,0.0,0.017721248071759656,0.09683427142838308,0.1795625141156178,0.2064296333251291
crossing,100,400,4.0,0.05,0.7,295,dkw,1.0,1.0,1.0,0.0,0.0,0.0,0.0,0.016873696236347584,0.09683427142838308,0.2016321162632992,0.22161296865645164
crossing,100,400,4.0,0.05,0.7,296,cp,1.0,1.0,1.0,0.0,0.0,0.0,0.0,0.015309184192304523,0.05878190040811415,0.20819573215169174,0.22775151038122943
crossing,100,400,4.0,0.05,0.7,296,dkw,1.0,1.0,1.0,0.0,0.0,0.0,0.0,0.017824316696709173,0.05878190040811415,0.24271314272456254,0.2743853075476267
crossing,100,400,4.0,0.05,0.7,297,cp,1.0,1.0,1.0,0.0,0.0,0.0,0.0,0.02255557554012763,0.05878190040811415,0.20395643248929407,0.23484877399293624
crossing,100,400,4.0,0.05,0.7,297,dkw,1.0,1.0,1.0,0.0,0.0,0.0,0.0,0.02213784312434008,0.06079128358890973,0.23581877512532942,0.25580360801341906
crossing,100,400,4.0,0.05,0.7,298,cp,1.0,1.0,1.0,0.0,0.0,0.0,0.0,0.02328321440535697,0.10910957078160166,0.18156202645835265,0.21004148396345057
crossing,100,400,4.0,0.05,0.7,298,dkw,1.0,1.0,1.0,0.0,0.0,0.0,0.0,0.022518663672884815,0.10910957078160166,0.21497770267183214,0.244478603072944
crossing,100,400,4.0,0.05,0.7,299,cp,1.0,1.0,1.0,0.0,0.0,0.0,0.0,0.01656977351304953,0.09683427142838308,0.18409521872274096,0.22791608982983386
crossing,100,400,4.0,0.05,0.7,299,dkw,1.0,1.0,1.0,0.0,0.0,0.0,0.0,0.026112766410968033,0.12023074069810574,0.2121898303821551,0.24940099048549946
crossing,100,400,4.0,0.05,0.9,0,cp,1.0,1.0,1.0,0.0,0.0,0.0,0.0,0.010646994979685869,0.045523681005445404,0.20847696233960888,0.23036487010642315
crossing,100,400,4.0,0.05,0.9,0,dkw,1.0,1.0,1.0,0.0,0.0,0.0,0.0,0.014919367559866802,0.06948618691543856,0.2479468928529144,0.2899924725365279
crossing,100,400,4.0,0.05,0.9,1,cp,1.0,1.0,1.0,0.0,0.0,0.0,0.0,0.0116339791841813,0.06948618691543856,0.1966304461831619,0.22017960373688306
crossing,100,400,4.0,0.05,0.9,1,dkw,1.0,1.0,1.0,0.0,0.0,0.0,0.0,0.01533483439666625,0.06948618691543856,0.21865905712711306,0.24621073812957928
crossing,100,400,4.0,0.05,0.9,2,cp,1.0,1.0,1.0,0.0,0.0,0.0,0.0,0.01578830066938129,0.06948618691543856,0.20289866189346376,0.2338197742800895
crossing,100,400,4.0,0.05,0.9,2,dkw,1.0,1.0,1.0,0.0,0.0,0.0,0.0,0.02083109800968649,0.08316548437573729,0.23672000997435738,0.24949408083125968
crossing,100,400,4.0,0.05,0.9,3,cp,1.0,1.0,1.0,0.0,0.0,0.0,0.0,0.018890288563531425,0.09683427142838308,0.17771773459614956,0.20274947215794858
crossing,100,400,4.0,0.05,0.9,3,dkw,1.0,1.0,1.0,0.0,0.0,0.0,0.0,0.017721248071759656,0.09683427142838308,0.2019307044745213,0.21667497785945766
crossing,100,400,4.0,0.05,0.9,4,cp,1.0,1.0,1.0,0.0,0.0,0.0,0.0,0.026894073568345406,0.12023074069810574,0.16512471553757915,0.19233002617855605
crossing,100,400,4.0,0.05,0.9,4,dkw,1.0,1.0,1.0,0.0,0.0,0.0,0.0,0.025725033076573638,0.12023074069810574,0.19879793275334243,0.22306740670502662
crossing,100,400,4.0,0.05,0.9,5,cp,1.0,1.0,1.0,0.0,0.0,0.0,0.0,0.033060996373513146,0.12023074069810574,0.18261405856399404,0.21897809330285217
crossing,100,400,4.0,0.05,0.9,5,dkw,1.0,1.0,1.0,0.0,0.0,0.0,0.0,0.026894073568345406,0.12023074069810574,0.21560806197121365,0.24986757336945098
crossing,100,400,4.0,0.05,0.9,6,cp,1.0,1.0,1.0,0.0,0.0,0.0,0.0,0.004906151335647766,0.045523681005445404,0.2033080199742661,0.23282625782589417
crossing,100,400,4.0,0.05,0.9,6,dkw,1.0,1.0,1.0,0.0,0.0,0.0,0.0,0.00930200736218245,0.06948618691543856,0.23765828999897118,0.27711087502129134
crossing,100,400,4.0,0.05,0.9,7,cp,1.0,1.0,1.0,0.0,0.0,0.0,0.0,0.010226449482821096,0.06948618691543856,0.19115031072568495,0.2118147287844066
crossing,100,400,4.0,0.05,0.9,7,dkw,1.0,1.0,1.0,0.0,0.0,0.0,0.0,0.013072245521177792,0.08316548437573729,0.22528076584037998,0.25614061447872993
crossing,100,400,4.0,0.05,0.9,8,cp,1.0,1.0,1.0,0.0,0.0,0.0,0.0,0.016070842118576924,0.06948618691543856,0.19574493197792456,0.22321978243900498
crossing,100,400,4.0,0.05,0.9,8,dkw,1.0,1.0,1.0,0.0,0.0,0.0,0.0,0.02043930070322657,0.08316548437573729,0.22968060050607633,0.2463742201309954
crossing,100,400,4.0,0.05,0.9,9,cp,1.0,1.0,1.0,0.0,0.0,0.0,0.0,0.010532174191692462,0.048052849722364455,0.21506955885442977,0.23388882892949636
crossing,100,400,4.0,0.05,0.9,9,dkw,1.0,1.0,1.0,0.0,0.0,0.0,0.0,0.024081250571682547,0.0616015165254985,0.25152060795181197,0.2931181947767779
crossing,100,400,4.0,0.05,0.9,10,cp,1.0,1.0,1.0,0.0,0.0,0.0,0.0,0.01178112942707852,0.06948618691543856,0.1937540681574758,0.2206043207010247
crossing,100,400,4.0,0.05,0.9,10,dkw,1.0,1.0,1.0,0.0,0.0,0.0,0.0,0.013108739111914734,0.08316548437573729,0.22536649810649106,0.2602997227821027
crossing,100,400,4.0,0.05,0.9,11,cp,1.0,1.0,1.0,0.0,0.0,0.0,0.0,0.010078432601671839,0.06948618691543856,0.19436784038116392,0.22311777748207817
crossing,100,400,4.0,0.05,0.9,11,dkw,1.0,1.0,1.0,0.0,0.0,0.0,0.0,0.011188327325566638,0.06948618691543856,0.22576104578690234,0.2624604697612136
crossing,100,400,4.0,0.05,0.9,12,cp,1.0,1.0,1.0,0.0,0.0,0.0,0.0,0.007758296961673294,0.05878190040811415,0.21036408673653242,0.23234573212522114
crossing,100,400,4.0,0.05,0.9,12,dkw,1.0,1.0,1.0,0.0,0.0,0.0,0.0,0.017172265223205255,0.08316548437573729,0.24630649527093645,0.28074260486758723
crossing,100,400,4.0,0.05,0.9,13,cp,1.0,1.0,1.0,0.0,0.0,0.0,0.0,0.011104826972892341,0.045523681005445404,0.20726317517223058,0.22867652725065735
crossing,100,400,4.0,0.05,0.9,13,dkw,1.0,1.0,1.0,0.0,0.0,0.0,0.0,0.024002486485946238,0.05878190040811415,0.2370232516639868,0.24704820804570382
crossing,100,400,4.0,0.05,0.9,14,cp,1.0,1.0,1.0,0.0,0.0,0.0,0.0,0.01662638740437016,0.045523681005445404,0.21237049711831735,0.23352928531446482
crossing,100,400,4.0,0.05,0.9,14,dkw,1.0,1.0,1.0,0.0,0.0,0.0,0.0,0.020849485137945312,0.08316548437573729,0.2523393051492594,0.29006894512579023
crossing,100,400,4.0,0.05,0.9,15,cp,1.0,1.0,1.0,0.0,0.0,0.0,0.0,0.012382214424296115,0.05878190040811415,0.2100285027273469,0.23639925952585694
crossing,100,400,4.0,0.05,0.9,15,dkw,1.0,1.0,1.0,0.0,0.0,0.0,0.0,0.019387164863869797,0.06948618691543856,0.24076824858197046,0.2597543225735302
crossing,100,400,4.0,0.05,0.9,16,cp,1.0,1.0,1.0,0.0,0.0,0.0,0.0,0.01489645234726224,0.08316548437573729,0.19600322297837253,0.22156443029606043
crossing,100,400,4.0,0.05,0.9,16,dkw,1.0,1.0,1.0,0.0,0.0,0.0,0.0,0.016250115031979605,0.08316548437573729,0.22386681886282309,0.24288841744498663
crossing,100,400,4.0,0.05,0.9,17,cp,1.0,1.0,1.0,0.0,0.0,0.0,0.0,0.017239199668841985,0.09683427142838308,0.19288035040655502,0.23077257411044394
crossing,100,400,4.0,0.05,0.9,17,dkw,1.0,1.0,1.0,0.0,0.0,0.0,0.0,0.030400268947587277,0.1303854875283446,0.22924506118949448,0.26595248322565573
crossing,100,400,4.0,0.05,0.9,18,cp,1.0,1.0,1.0,0.0,0.0,0.0,0.0,0.0067433171897508856,0.04013598876406155,0.21221448816957902,0.24089032865107407
crossing,100,400,4.0,0.05,0.9,18,dkw,1.0,1.0,1.0,0.0,0.0,0.0,0.0,0.012775994109195396,0.05878190040811415,0.25341646836994,0.29507091026993215
crossing,100,400,4.0,0.05,0.9,19,cp,1.0,1.0,1.0,0.0,0.0,0.0,0.0,0.02043930070322657,0.08316548437573729,0.18576685771416565,0.22321978243900498
crossing,100,400,4.0,0.05,0.9,19,dkw,1.0,1.0,1.0,0.0,0.0,0.0,0.0,0.02043930070322657,0.08316548437573729,0.21442920117355996,0.2463742201309954
crossing,100,400,4.0,0.05,0.9,20,cp,0.0,0.0,1.0,0.0,0.0,0.0,0.0,0.01490350290155765,0.05900359984060333,0.21732682234384573,0.24710733220413017
crossing,100,400,4.0,0.05,0.9,20,dkw,0.0,0.0,1.0,0.0,0.0,0.0,0.0,0.020579580381519767,0.06948618691543856,0.25539982009669493,0.2890182470466498
crossing,100,400,4.0,0.05,0.9,21,cp,1.0,1.0,1.0,0.0,0.0,0.0,0.0,0.009186691081386427,0.04161782452942353,0.19207678220672,0.22005477759697195
crossing,100,400,4.0,0.05,0.9,21,dkw,1.0,1.0,1.0,0.0,0.0,0.0,0.0,0.012311020214729377,0.06948618691543856,0.24105385945549737,0.2880701280967208
crossing,100,400,4.0,0.05,0.9,22,cp,1.0,1.0,1.0,0.0,0.0,0.0,0.0,0.007887745359482508,0.045523681005445404,0.18866975439762765,0.22524474912994397
crossing,100,400,4.0,0.05,0.9,22,dkw,1.0,1.0,1.0,0.0,0.0,0.0,0.0,0.016664986973238573,0.08316548437573729,0.23596930168962288,0.29875251779149004
crossing,100,400,4.0,0.05,0.9,23,cp,1.0,1.0,1.0,0.0,0.0,0.0,0.0,0.010588498934978667,0.05878190040811415,0.2053437531729204,0.23051886031086566
crossing,100,400,4.0,0.05,0.9,23,dkw,1.0,1.0,1.0,0.0,0.0,0.0,0.0,0.025135822368182646,0.10910957078160166,0.24254102573848044,0.2787049533262351
crossing,100,400,4.0,0.05,0.9,24,cp,1.0,1.0,1.0,0.0,0.0,0.0,0.0,0.011084877628180691,0.06948618691543856,0.1937939904229814,0.21736210418303825
crossing,100,400,4.0,0.05,0.9,24,dkw,1.0,1.0,1.0,0.0,0.0,0.0,0.0,0.017035063665147492,0.09683427142838308,0.2294099950533571,0.2679961035161993
crossing,100,400,4.0,0.05,0.9,25,cp,1.0,1.0,1.0,0.0,0.0,0.0,0.0,0.008305430151563148,0.05878190040811415,0.19463721490446717,0.2187996149420814
crossing,100,400,4.0,0.05,0.9,25,dkw,1.0,1.0,1.0,0.0,0.0,0.0,0.0,0.016873696236347584,0.09683427142838308,0.2374761017043884,0.27963126502739044
crossing,100,400,4.0,0.05,0.9,26,cp,1.0,1.0,1.0,0.0,0.0,0.0,0.0,0.022518663672884815,0.10910957078160166,0.17328375331512028,0.19534587837051648
crossing,100,400,4.0,0.05,0.9,26,dkw,1.0,1.0,1.0,0.0,0.0,0.0,0.0,0.0209460338418125,0.10910957078160166,0.20418212219937149,0.22235468942825243
crossing,100,400,4.0,0.05,0.9,27,cp,1.0,1.0,1.0,0.0,0.0,0.0,0.0,0.01454270682515537,0.06948618691543856,0.20231552404249709,0.2366965838004893
crossing,100,400,4.0,0.05,0.9,27,dkw,1.0,1.0,1.0,0.0,0.0,0.0,0.0,0.02066356051091911,0.08316548437573729,0.22329856387101227,0.24263992807730161
crossing,100,400,4.0,0.05,0.9,28,cp,1.0,1.0,1.0,0.0,0.0,0.0,0.0,0.01815428084162075,0.09683427142838308,0.1834881117753914,0.21526320983772468
crossing,100,400,4.0,0.05,0.9,28,dkw,1.0,1.0,1.0,0.0,0.0,0.0,0.0,0.017721248071759656,0.09683427142838308,0.21461319973045928,0.23529628306780948
crossing,100,400,4.0,0.05,0.9,29,cp,1.0,1.0,1.0,0.0,0.0,0.0,0.0,0.02099439858290368,0.10910957078160166,0.1881932492124695,0.22173567098853153
crossing,100,400,4.0,0.05,0.9,29,dkw,1.0,1.0,1.0,0.0,0.0,0.0,0.0,0.021675470594213563,0.10910957078160166,0.22423732149039768,0.24016219263586625
crossing,100,400,4.0,0.05,0.9,30,cp,1.0,1.0,1.0,0.0,0.0,0.0,0.0,0.029461503965963302,0.10910957078160166,0.1911198549119445,0.22364893271350372
crossing,100,400,4.0,0.05,0.9,30,dkw,1.0,1.0,1.0,0.0,0.0,0.0,0.0,0.028876705176679205,0.10910957078160166,0.2145603328580555,0.2325738747156183
crossing,100,400,4.0,0.05,0.9,31,cp,1.0,1.0,1.0,0.0,0.0,0.0,0.0,0.007220537158971245,0.05878190040811415,0.19895254255359332,0.23268025069355125
crossing,100,400,4.0,0.05,0.9,31,dkw,1.0,1.0,1.0,0.0,0.0,0.0,0.0,0.012696402655914207,0.08316548437573729,0.23866742740468117,0.2793273592101178
crossing,100,400,4.0,0.05,0.9,32,cp,1.0,1.0,1.0,0.0,0.0,0.0,0.0,0.026112766410968033,0.12023074069810574,0.18726110667360008,0.2205595751799056
crossing,100,400,4.0,0.05,0.9,32,dkw,1.0,1.0,1.0,0.0,0.0,0.0,0.0,0.03132818591210182,0.1303854875283446,0.2221793115459933,0.24367511907689265
crossing,100,400,4.0,0.05,0.9,33,cp,1.0,1.0,1.0,0.0,0.0,0.0,0.0,0.022634426409605717,0.09683427142838308,0.1912325081658334,0.21418949897015205
crossing,100,400,4.0,0.05,0.9,33,dkw,1.0,1.0,1.0,0.0,0.0,0.0,0.0,0.01683382478854666,0.09683427142838308,0.22259803869330796,0.24609014299921717
crossing,100,400,4.0,0.05,0.9,34,cp,1.0,1.0,1.0,0.0,0.0,0.0,0.0,0.0056976544310214546,0.05878190040811415,0.19813991190763203,0.22634678149782184
crossing,100,400,4.0,0.05,0.9,34,dkw,1.0,1.0,1.0,0.0,0.0,0.0,0.0,0.007392193334342472,0.05878190040811415,0.2352376351977804,0.2576480182928903
crossing,100,400,4.0,0.05,0.9,35,cp,1.0,1.0,1.0,0.0,0.0,0.0,0.0,0.00757610430424569,0.045523681005445404,0.18901065974631062,0.22686804511583825
crossing,100,400,4.0,0.05,0.9,35,dkw,1.0,1.0,1.0,0.0,0.0,0.0,0.0,0.013816200519192296,0.08316548437573729,0.23060501949673293,0.286905671199157
crossing,100,400,4.0,0.05,0.9,36,cp,1.0,1.0,1.0,0.0,0.0,0.0,0.0,0.016814445914586224,0.05878190040811415,0.2048986293825977,0.22753359883990415
crossing,100,400,4.0,0.05,0.9,36,dkw,1.0,1.0,1.0,0.0,0.0,0.0,0.0,0.0312754776737502,0.09683427142838308,0.23856274060167926,0.2729803251115781
crossing,100,400,4.0,0.05,0.9,37,cp,1.0,1.0,1.0,0.0,0.0,0.0,0.0,0.03095640484469488,0.10910957078160166,0.19277412612914607,0.22630795504868761
crossing,100,400,4.0,0.05,0.9,37,dkw,1.0,1.0,1.0,0.0,0.0,0.0,0.0,0.023219021475920677,0.10910957078160166,0.2236933447593675,0.24222370788676784
crossing,100,400,4.0,0.05,0.9,38,cp,1.0,1.0,1.0,0.0,0.0,0.0,0.0,0.008865043521506348,0.05878190040811415,0.19559495896726894,0.22811394744990932
crossing,100,400,4.0,0.05,0.9,38,dkw,1.0,1.0,1.0,0.0,0.0,0.0,0.0,0.02210211750171972,0.10910957078160166,0.2359425191189736,0.278222950103571
crossing,100,400,4.0,0.05,0.9,39,cp,1.0,1.0,1.0,0.0,0.0,0.0,0.0,0.01986707385624962,0.06948618691543856,0.19716529996958002,0.21833277017054353
crossing,100,400,4.0,0.05,0.9,39,dkw,1.0,1.0,1.0,0.0,0.0,0.0,0.0,0.017561398204964555,0.09683427142838308,0.23117026334137453,0.26262221293161714
crossing,100,400,4.0,0.05,0.9,40,cp,1.0,1.0,1.0,0.0,0.0,0.0,0.0,0.015830652262304422,0.09683427142838308,0.19049702515983363,0.22225022111955495
crossing,100,400,4.0,0.05,0.9,40,dkw,1.0,1.0,1.0,0.0,0.0,0.0,0.0,0.020529230536648804,0.10910957078160166,0.2149639695187055,0.23454753366261727
crossing,100,400,4.0,0.05,0.9,41,cp,1.0,1.0,1.0,0.0,0.0,0.0,0.0,0.011635390902417943,0.06948618691543856,0.19935088919838967,0.2384264443189622
crossing,100,400,4.0,0.05,0.9,41,dkw,1.0,1.0,1.0,0.0,0.0,0.0,0.0,0.010718186712442021,0.06948618691543856,0.23152590710705254,0.2531004027880269
crossing,100,400,4.0,0.05,0.9,42,cp,1.0,1.0,1.0,0.0,0.0,0.0,0.0,0.005601613520579179,0.045523681005445404,0.20531905550956908,0.22808986168831963
crossing,100,400,4.0,0.05,0.9,42,dkw,1.0,1.0,1.0,0.0,0.0,0.0,0.0,0.014600371535231003,0.08316548437573729,0.2520506427808219,0.2987487061076949
crossing,100,400,4.0,0.05,0.9,43,cp,1.0,1.0,1.0,0.0,0.0,0.0,0.0,0.004552272107119113,0.045523681005445404,0.20591140091508245,0.23053390476231184
crossing,100,400,4.0,0.05,0.9,43,dkw,1.0,1.0,1.0,0.0,0.0,0.0,0.0,0.007364555515023507,0.05878190040811415,0.23908318848740795,0.2726909630924228
crossing,100,400,4.0,0.05,0.9,44,cp,1.0,1.0,1.0,0.0,0.0,0.0,0.0,0.01300032537921226,0.08316548437573729,0.19082503545637355,0.21045265697706106
crossing,100,400,4.0,0.05,0.9,44,dkw,1.0,1.0,1.0,0.0,0.0,0.0,0.0,0.014288548060133794,0.08316548437573729,0.21805044155628245,0.24120071448448316
crossing,100,400,4.0,0.05,0.9,45,cp,1.0,1.0,1.0,0.0,0.0,0.0,0.0,0.007566561425786627,0.05878190040811415,0.19201875954407885,0.21668123133711925
crossing,100,400,4.0,0.05,0.9,45,dkw,1.0,1.0,1.0,0.0,0.0,0.0,0.0,0.0163436171319654,0.08316548437573729,0.23304276725368106,0.27283182589064753
crossing,100,400,4.0,0.05,0.9,46,cp,1.0,1.0,1.0,0.0,0.0,0.0,0.0,0.015931734439764957,0.08316548437573729,0.19523509804228645,0.22470135868028962
crossing,100,400,4.0,0.05,0.9,46,dkw,1.0,1.0,1.0,0.0,0.0,0.0,0.0,0.014952336281767366,0.08316548437573729,0.22172899641451457,0.2481302639413701
crossing,100,400,4.0,0.05,0.9,47,cp,1.0,1.0,1.0,0.0,0.0,0.0,0.0,0.014288548060133794,0.08316548437573729,0.1893282454764854,0.21417455788576178
crossing,100,400,4.0,0.05,0.9,47,dkw,1.0,1.0,1.0,0.0,0.0,0.0,0.0,0.017172265223205255,0.08316548437573729,0.2196955251381711,0.23890843410045215
crossing,100,400,4.0,0.05,0.9,48,cp,1.0,1.0,1.0,0.0,0.0,0.0,0.0,0.009285007386549228,0.06948618691543856,0.1959113074786335,0.22534195977985227
crossing,100,400,4.0,0.05,0.9,48,dkw,1.0,1.0,1.0,0.0,0.0,0.0,0.0,0.013379044161759826,0.08316548437573729,0.22751998845816376,0.25604457590988094
crossing,100,400,4.0,0.05,0.9,49,cp,1.0,1.0,1.0,0.0,0.0,0.0,0.0,0.010694307078344898,0.05878190040811415,0.20471017702149932,0.22668164679251013
crossing,100,400,4.0,0.05,0.9,49,dkw,1.0,1.0,1.0,0.0,0.0,0.0,0.0,0.013940894306368311,0.08316548437573729,0.2430943373455901,0.27897314049146843
crossing,100,400,4.0,0.05,0.9,50,cp,1.0,1.0,1.0,0.0,0.0,0.0,0.0,0.004905446478273499,0.045523681005445404,0.2052101371466814,0.23810578682499084
crossing,100,400,4.0,0.05,0.9,50,dkw,1.0,1.0,1.0,0.0,0.0,0.0,0.0,0.00984401784992765,0.06948618691543856,0.24328959269836076,0.27989369727700714
crossing,100,400,4.0,0.05,0.9,51,cp,1.0,1.0,1.0,0.0,0.0,0.0,0.0,0.004423903699585372,0.045523681005445404,0.2010611481632771,0.22807328996905396
crossing,100,400,4.0,0.05,0.9,51,dkw,1.0,1.0,1.0,0.0,0.0,0.0,0.0,0.009077830235735818,0.06948618691543856,0.23823030091535205,0.28108390202701283
crossing,100,400,4.0,0.05,0.9,52,cp,1.0,1.0,1.0,0.0,0.0,0.0,0.0,0.009564399953458707,0.05878190040811415,0.21334443088215274,0.24087269233884445
crossing,100,400,4.0,0.05,0.9,52,dkw,1.0,1.0,1.0,0.0,0.0,0.0,0.0,0.011426901772765886,0.05878190040811415,0.24849952069208958,0.2704876582923265
crossing,100,400,4.0,0.05,0.9,53,cp,1.0,1.0,1.0,0.0,0.0,0.0,0.0,0.01291218857884007,0.06948618691543856,0.17666451416138734,0.1964172938883587
crossing,100,400,4.0,0.05,0.9,53,dkw,1.0,1.0,1.0,0.0,0.0,0.0,0.0,0.012064636743427998,0.06948618691543856,0.2205168211301628,0.2376732647179282
crossing,100,400,4.0,0.05,0.9,54,cp,1.0,1.0,1.0,0.0,0.0,0.0,0.0,0.015045460716957582,0.08316548437573729,0.18378660445287312,0.21381563745863386
crossing,100,400,4.0,0.05,0.9,54,dkw,1.0,1.0,1.0,0.0,0.0,0.0,0.0,0.015046736304844304,0.08316548437573729,0.21301022518470794,0.24442289716165455
crossing,100,400,4.0,0.05,0.9,55,cp,1.0,1.0,1.0,0.0,0.0,0.0,0.0,0.00921044914509132,0.0318882403784988,0.21481765604093603,0.23815805814238178
crossing,100,400,4.0,0.05,0.9,55,dkw,1.0,1.0,1.0,0.0,0.0,0.0,0.0,0.01130523568542931,0.05878190040811415,0.25769147745659,0.29676508744643304
crossing,100,400,4.0,0.05,0.9,56,cp,1.0,1.0,1.0,0.0,0.0,0.0,0.0,0.019054422830104147,0.06948618691543856,0.20292363666269925,0.23230937169158916
crossing,100,400,4.0,0.05,0.9,56,dkw,1.0,1.0,1.0,0.0,0.0,0.0,0.0,0.018111147449886577,0.08316548437573729,0.22814788221509022,0.2437065686025266
crossing,100,400,4.0,0.05,0.9,57,cp,1.0,1.0,1.0,0.0,0.0,0.0,0.0,0.02210211750171972,0.10910957078160166,0.183153034103849,0.22389615234027183
crossing,100,400,4.0,0.05,0.9,57,dkw,1.0,1.0,1.0,0.0,0.0,0.0,0.0,0.025677993512177314,0.10910957078160166,0.20971036148164102,0.24346539960320013
crossing,100,400,4.0,0.05,0.9,58,cp,1.0,1.0,1.0,0.0,0.0,0.0,0.0,0.01824557569697365,0.09683427142838308,0.18057939083788582,0.19856923509531843
crossing,100,400,4.0,0.05,0.9,58,dkw,1.0,1.0,1.0,0.0,0.0,0.0,0.0,0.017035063665147492,0.09683427142838308,0.21359923959484345,0.23471229508408042
crossing,100,400,4.0,0.05,0.9,59,cp,1.0,1.0,1.0,0.0,0.0,0.0,0.0,0.008582473684062729,0.06948618691543856,0.2038469626823575,0.22644269271932949
crossing,100,400,4.0,0.05,0.9,59,dkw,1.0,1.0,1.0,0.0,0.0,0.0,0.0,0.009477264237561147,0.06948618691543856,0.2397085747329628,0.2701988764306841
crossing,100,400,4.0,0.05,0.9,60,cp,1.0,1.0,1.0,0.0,0.0,0.0,0.0,0.005676245502676909,0.045523681005445404,0.20126092855893807,0.2190608801399116
crossing,100,400,4.0,0.05,0.9,60,dkw,1.0,1.0,1.0,0.0,0.0,0.0,0.0,0.015583120655302206,0.06948618691543856,0.23885665542038448,0.27797184695271754
crossing,100,400,4.0,0.05,0.9,61,cp,1.0,1.0,1.0,0.0,0.0,0.0,0.0,0.010237325792768622,0.06948618691543856,0.19299525542927082,0.21736210418303825
crossing,100,400,4.0,0.05,0.9,61,dkw,1.0,1.0,1.0,0.0,0.0,0.0,0.0,0.01744728022442619,0.09683427142838308,0.23050719001431566,0.2679961035161993
crossing,100,400,4.0,0.05,0.9,62,cp,1.0,1.0,1.0,0.0,0.0,0.0,0.0,0.011736005177535676,0.08316548437573729,0.20170284298785712,0.22562441618383777
crossing,100,400,4.0,0.05,0.9,62,dkw,1.0,1.0,1.0,0.0,0.0,0.0,0.0,0.017162170523346357,0.09683427142838308,0.23336653580931505,0.25609746864892485
crossing,100,400,4.0,0.05,0.9,63,cp,1.0,1.0,1.0,0.0,0.0,0.0,0.0,0.02165472652597349,0.10910957078160166,0.18330815661010497,0.2161369944398851
crossing,100,400,4.0,0.05,0.9,63,dkw,1.0,1.0,1.0,0.0,0.0,0.0,0.0,0.02124357798348252,0.10910957078160166,0.2113071491893964,0.23297647145677214
crossing,100,400,4.0,0.05,0.9,64,cp,1.0,1.0,1.0,0.0,0.0,0.0,0.0,0.025314040393993067,0.10910957078160166,0.1897641768336284,0.223713424028667
crossing,100,400,4.0,0.05,0.9,64,dkw,1.0,1.0,1.0,0.0,0.0,0.0,0.0,0.03132818591210182,0.1303854875283446,0.23269965842353701,0.26007252798979835
crossing,100,400,4.0,0.05,0.9,65,cp,1.0,1.0,1.0,0.0,0.0,0.0,0.0,0.015045460716957582,0.08316548437573729,0.18296716839682844,0.21093138119432842
crossing,100,400,4.0,0.05,0.9,65,dkw,1.0,1.0,1.0,0.0,0.0,0.0,0.0,0.017721248071759656,0.09683427142838308,0.2199244034429308,0.25578954139497745
crossing,100,400,4.0,0.05,0.9,66,cp,1.0,1.0,1.0,0.0,0.0,0.0,0.0,0.013093260488903606,0.05878190040811415,0.21448027276872508,0.24185043045519156
crossing,100,400,4.0,0.05,0.9,66,dkw,1.0,1.0,1.0,0.0,0.0,0.0,0.0,0.01798932888888276,0.08316548437573729,0.25124559069953556,0.2751451892833619
crossing,100,400,4.0,0.05,0.9,67,cp,1.0,1.0,1.0,0.0,0.0,0.0,0.0,0.01629899167663403,0.06948618691543856,0.19819735540403577,0.22410132157610352
crossing,100,400,4.0,0.05,0.9,67,dkw,1.0,1.0,1.0,0.0,0.0,0.0,0.0,0.017816355214391975,0.06948618691543856,0.22402291653280115,0.2468647389116856
crossing,100,400,4.0,0.05,0.9,68,cp,1.0,1.0,1.0,0.0,0.0,0.0,0.0,0.014011958600706977,0.08316548437573729,0.19721514841708654,0.21851665237567208
crossing,100,400,4.0,0.05,0.9,68,dkw,1.0,1.0,1.0,0.0,0.0,0.0,0.0,0.020003796870720424,0.09683427142838308,0.23279526019472485,0.2511038127498322
crossing,100,400,4.0,0.05,0.9,69,cp,1.0,1.0,1.0,0.0,0.0,0.0,0.0,0.006773230021963474,0.045523681005445404,0.20340367694480438,0.21964185793756502
crossing,100,400,4.0,0.05,0.9,69,dkw,1.0,1.0,1.0,0.0,0.0,0.0,0.0,0.014803172909113893,0.06948618691543856,0.24912586264447825,0.293501779357573
crossing,100,400,4.0,0.05,0.9,70,cp,1.0,1.0,1.0,0.0,0.0,0.0,0.0,0.017863680401759813,0.08316548437573729,0.19187701230831242,0.217324649025038
crossing,100,400,4.0,0.05,0.9,70,dkw,1.0,1.0,1.0,0.0,0.0,0.0,0.0,0.016915797779864912,0.09683427142838308,0.21359085103018846,0.23471501356248292
crossing,100,400,4.0,0.05,0.9,71,cp,1.0,1.0,1.0,0.0,0.0,0.0,0.0,0.023641892385029374,0.09683427142838308,0.1801352524299661,0.21205800475339964
crossing,100,400,4.0,0.05,0.9,71,dkw,1.0,1.0,1.0,0.0,0.0,0.0,0.0,0.01836886819135415,0.09683427142838308,0.20441316546800903,0.22746089922790536
crossing,100,400,4.0,0.05,0.9,72,cp,1.0,1.0,1.0,0.0,0.0,0.0,0.0,0.012268547158254064,0.08316548437573729,0.19495900203459862,0.22079897959631983
crossing,100,400,4.0,0.05,0.9,72,dkw,1.0,1.0,1.0,0.0,0.0,0.0,0.0,0.020748454817002354,0.10910957078160166,0.22945010542736444,0.2617158553240091
crossing,100,400,4.0,0.05,0.9,73,cp,1.0,1.0,1.0,0.0,0.0,0.0,0.0,0.021262349228228238,0.10910957078160166,0.1922412333762261,0.22472182902644966
crossing,100,400,4.0,0.05,0.9,73,dkw,1.0,1.0,1.0,0.0,0.0,0.0,0.0,0.024803025844891885,0.12023074069810574,0.21851814142819542,0.24946293343910209
crossing,100,400,4.0,0.05,0.9,74,cp,1.0,1.0,1.0,0.0,0.0,0.0,0.0,0.03207689014163854,0.12023074069810574,0.18588846289839694,0.2175553561839748
crossing,100,400,4.0,0.05,0.9,74,dkw,1.0,1.0,1.0,0.0,0.0,0.0,0.0,0.03005340340763791,0.12023074069810574,0.2128636359846753,0.24529344729656966
crossing,100,400,4.0,0.05,0.9,75,cp,1.0,1.0,1.0,0.0,0.0,0.0,0.0,0.009040650910871282,0.05878190040811415,0.19189750872149908,0.22414386837429984
crossing,100,400,4.0,0.05,0.9,75,dkw,1.0,1.0,1.0,0.0,0.0,0.0,0.0,0.010520470876992299,0.06948618691543856,0.22521686065162796,0.27198701511118084
crossing,100,400,4.0,0.05,0.9,76,cp,1.0,1.0,1.0,0.0,0.0,0.0,0.0,0.024174134292389807,0.06948618691543856,0.20368926165544743,0.2404512913207959
crossing,100,400,4.0,0.05,0.9,76,dkw,1.0,1.0,1.0,0.0,0.0,0.0,0.0,0.02115853785052479,0.06948618691543856,0.23548439996662224,0.24337360240935413
crossing,100,400,4.0,0.05,0.9,77,cp,1.0,1.0,1.0,0.0,0.0,0.0,0.0,0.022391563350060043,0.09683427142838308,0.19782438376505085,0.22929436462653074
crossing,100,400,4.0,0.05,0.9,77,dkw,1.0,1.0,1.0,0.0,0.0,0.0,0.0,0.02689920746009513,0.10910957078160166,0.21846707031399554,0.24608842822886856
crossing,100,400,4.0,0.05,0.9,78,cp,1.0,1.0,1.0,0.0,0.0,0.0,0.0,0.010746796434715083,0.05878190040811415,0.19558137712924648,0.23037198611649984
crossing,100,400,4.0,0.05,0.9,78,dkw,1.0,1.0,1.0,0.0,0.0,0.0,0.0,0.020544172889218303,0.10910957078160166,0.23485341200701845,0.28176012647493426
crossing,100,400,4.0,0.05,0.9,79,cp,1.0,1.0,1.0,0.0,0.0,0.0,0.0,0.0066949421024010735,0.05878190040811415,0.19650066651460907,0.2352812541807312
crossing,100,400,4.0,0.05,0.9,79,dkw,1.0,1.0,1.0,0.0,0.0,0.0,0.0,0.009406673473885803,0.06948618691543856,0.23329147433846223,0.2565174481649945
crossing,100,400,4.0,0.05,0.9,80,cp,1.0,1.0,1.0,0.0,0.0,0.0,0.0,0.008434678869528915,0.05878190040811415,0.20395772061842848,0.2240980992899949
crossing,100,400,4.0,0.05,0.9,80,dkw,1.0,1.0,1.0,0.0,0.0,0.0,0.0,0.013355122583216113,0.08316548437573729,0.24563714735169231,0.2795362301782371
crossing,100,400,4.0,0.05,0.9,81,cp,1.0,1.0,1.0,0.0,0.0,0.0,0.0,0.01384709025202179,0.08316548437573729,0.18458274057330382,0.21927793665528722
crossing,100,400,4.0,0.05,0.9,81,dkw,1.0,1.0,1.0,0.0,0.0,0.0,0.0,0.01836886819135415,0.09683427142838308,0.21134090258438334,0.24243925368819225
crossing,100,400,4.0,0.05,0.9,82,cp,1.0,1.0,1.0,0.0,0.0,0.0,0.0,0.016664986973238573,0.08316548437573729,0.18189784622039645,0.21569633521850307
crossing,100,400,4.0,0.05,0.9,82,dkw,1.0,1.0,1.0,0.0,0.0,0.0,0.0,0.020538357830373895,0.09683427142838308,0.2219251221004695,0.26321859097765476
crossing,100,400,4.0,0.05,0.9,83,cp,1.0,1.0,1.0,0.0,0.0,0.0,0.0,0.009600609785799373,0.06948618691543856,0.18900395127367886,0.220658058215641
crossing,100,400,4.0,0.05,0.9,83,dkw,1.0,1.0,1.0,0.0,0.0,0.0,0.0,0.013191511406460372,0.08316548437573729,0.21707169026632558,0.23541470508839385
crossing,100,400,4.0,0.05,0.9,84,cp,1.0,1.0,1.0,0.0,0.0,0.0,0.0,0.006959716242997378,0.05878190040811415,0.1933984957517522,0.22853146689483528
crossing,100,400,4.0,0.05,0.9,84,dkw,1.0,1.0,1.0,0.0,0.0,0.0,0.0,0.00973916371961492,0.06948618691543856,0.22447756375717656,0.2590195154044524
crossing,100,400,4.0,0.05,0.9,85,cp,1.0,1.0,1.0,0.0,0.0,0.0,0.0,0.007064570373310106,0.05878190040811415,0.20347346598893223,0.23837305439186984
crossing,100,400,4.0,0.05,0.9,85,dkw,1.0,1.0,1.0,0.0,0.0,0.0,0.0,0.009406673473885803,0.06948618691543856,0.23893637407082935,0.2653498176765486
crossing,100,400,4.0,0.05,0.9,86,cp,1.0,1.0,1.0,0.0,0.0,0.0,0.0,0.015594671037074952,0.08316548437573729,0.19690147078766013,0.22601785555246923
crossing,100,400,4.0,0.05,0.9,86,dkw,1.0,1.0,1.0,0.0,0.0,0.0,0.0,0.025658610077902343,0.12023074069810574,0.23172131576363875,0.263098617189451
crossing,100,400,4.0,0.05,0.9,87,cp,1.0,1.0,1.0,0.0,0.0,0.0,0.0,0.020538357830373895,0.09683427142838308,0.17252472775155214,0.20603897561944562
crossing,100,400,4.0,0.05,0.9,87,dkw,1.0,1.0,1.0,0.0,0.0,0.0,0.0,0.01965483929600358,0.09683427142838308,0.2097475304621106,0.2529682019926821
crossing,100,400,4.0,0.05,0.9,88,cp,1.0,1.0,1.0,0.0,0.0,0.0,0.0,0.03133713919839518,0.08316548437573729,0.1821796549705713,0.22479629078701752
crossing,100,400,4.0,0.05,0.9,88,dkw,1.0,1.0,1.0,0.0,0.0,0.0,0.0,0.02567345631043132,0.10910957078160166,0.22064309853533665,0.2435437821088453
crossing,100,400,4.0,0.05,0.9,89,cp,1.0,1.0,1.0,0.0,0.0,0.0,0.0,0.03186028134289586,0.09683427142838308,0.18333822220797727,0.21189206176975206
crossing,100,400,4.0,0.05,0.9,89,dkw,1.0,1.0,1.0,0.0,0.0,0.0,0.0,0.018680553805252905,0.09683427142838308,0.21787331230432236,0.24861919044621522
crossing,100,400,4.0,0.05,0.9,90,cp,1.0,1.0,1.0,0.0,0.0,0.0,0.0,0.011556140201080216,0.06948618691543856,0.19036651683960712,0.22619512884602744
crossing,100,400,4.0,0.05,0.9,90,dkw,1.0,1.0,1.0,0.0,0.0,0.0,0.0,0.01656977351304953,0.09683427142838308,0.22083029569933554,0.26180951747435954
crossing,100,400,4.0,0.05,0.9,91,cp,1.0,1.0,1.0,0.0,0.0,0.0,0.0,0.017035063665147492,0.09683427142838308,0.18874562516737403,0.2139320421582977
crossing,100,400,4.0,0.05,0.9,91,dkw,1.0,1.0,1.0,0.0,0.0,0.0,0.0,0.01683382478854666,0.09683427142838308,0.21038453279405658,0.2391983119948633
crossing,100,400,4.0,0.05,0.9,92,cp,1.0,1.0,1.0,0.0,0.0,0.0,0.0,0.019017228458015966,0.08316548437573729,0.19757471061813933,0.23104313394818266
crossing,100,400,4.0,0.05,0.9,92,dkw,1.0,1.0,1.0,0.0,0.0,0.0,0.0,0.018274468168277217,0.09683427142838308,0.22577497164789329,0.253067383582962
crossing,100,400,4.0,0.05,0.9,93,cp,1.0,1.0,1.0,0.0,0.0,0.0,0.0,0.025321443737273092,0.12023074069810574,0.1819815734111365,0.20862780975426953
crossing,100,400,4.0,0.05,0.9,93,dkw,1.0,1.0,1.0,0.0,0.0,0.0,0.0,0.020502071345700975,0.10910957078160166,0.2164721222133788,0.23037271210877341
crossing,100,400,4.0,0.05,0.9,94,cp,1.0,1.0,1.0,0.0,0.0,0.0,0.0,0.02798891062725002,0.08316548437573729,0.19880185308300494,0.23808615394259058
crossing,100,400,4.0,0.05,0.9,94,dkw,1.0,1.0,1.0,0.0,0.0,0.0,0.0,0.01585179645027092,0.08316548437573729,0.23900248754382447,0.2555227432440966
crossing,100,400,4.0,0.05,0.9,95,cp,1.0,1.0,1.0,0.0,0.0,0.0,0.0,0.020462199897900053,0.10910957078160166,0.1845459532154853,0.2152001935840152
crossing,100,400,4.0,0.05,0.9,95,dkw,1.0,1.0,1.0,0.0,0.0,0.0,0.0,0.02107565533377958,0.10910957078160166,0.20550907623446765,0.23096070327688856
crossing,100,400,4.0,0.05,0.9,96,cp,1.0,1.0,1.0,0.0,0.0,0.0,0.0,0.004869261142646679,0.045523681005445404,0.19805170788821008,0.23292694619919463
crossing,100,400,4.0,0.05,0.9,96,dkw,1.0,1.0,1.0,0.0,0.0,0.0,0.0,0.008528651687788763,0.06948618691543856,0.2440314243806437,0.2867888563550707
crossing,100,400,4.0,0.05,0.9,97,cp,1.0,1.0,1.0,0.0,0.0,0.0,0.0,0.017721248071759656,0.09683427142838308,0.17705987919188104,0.2020148981841703
crossing,100,400,4.0,0.05,0.9,97,dkw,1.0,1.0,1.0,0.0,0.0,0.0,0.0,0.016873696236347584,0.09683427142838308,0.20223338841287553,0.22069571667137122
crossing,100,400,4.0,0.05,0.9,98,cp,1.0,1.0,1.0,0.0,0.0,0.0,0.0,0.02887640582110006,0.09683427142838308,0.20409513926956305,0.23977137280670735
crossing,100,400,4.0,0.05,0.9,98,dkw,1.0,1.0,1.0,0.0,0.0,0.0,0.0,0.029480925115392617,0.09683427142838308,0.22170992186577326,0.24493609195077426
crossing,100,400,4.0,0.05,0.9,99,cp,1.0,1.0,1.0,0.0,0.0,0.0,0.0,0.01696848209902927,0.09683427142838308,0.1916840249430954,0.21573191986458135
crossing,100,400,4.0,0.05,0.9,99,dkw,1.0,1.0,1.0,0.0,0.0,0.0,0.0,0.020544172889218303,0.10910957078160166,0.22005397184186495,0.2529347030047976
crossing,100,400,4.0,0.05,0.9,100,cp,1.0,1.0,1.0,0.0,0.0,0.0,0.0,0.02482590447501925,0.10910957078160166,0.18174354509270413,0.21122553251898413
crossing,100,400,4.0,0.05,0.9,100,dkw,1.0,1.0,1.0,0.0,0.0,0.0,0.0,0.020748454817002354,0.10910957078160166,0.20250654773395674,0.23032571075350372
crossing,100,400,4.0,0.05,0.9,101,cp,1.0,1.0,1.0,0.0,0.0,0.0,0.0,0.01659449558034116,0.08316548437573729,0.18636098961249575,0.21700204238440624
crossing,100,400,4.0,0.05,0.9,101,dkw,1.0,1.0,1.0,0.0,0.0,0.0,0.0,0.01691472759433501,0.08316548437573729,0.20824839937139494,0.2313804411518895
crossing,100,400,4.0,0.05,0.9,102,cp,1.0,1.0,1.0,0.0,0.0,0.0,0.0,0.01953704991419157,0.06948618691543856,0.18914766931527446,0.22133418059216392
crossing,100,400,4.0,0.05,0.9,102,dkw,1.0,1.0,1.0,0.0,0.0,0.0,0.0,0.013811272814401233,0.08316548437573729,0.2236550146467106,0.2519877644401773
crossing,100,400,4.0,0.05,0.9,103,cp,1.0,1.0,1.0,0.0,0.0,0.0,0.0,0.015841295050929332,0.08316548437573729,0.19202862489967804,0.21756169821079308
crossing,100,400,4.0,0.05,0.9,103,dkw,1.0,1.0,1.0,0.0,0.0,0.0,0.0,0.021349623181113046,0.10910957078160166,0.22902062685451507,0.26192318089505173
crossing,100,400,4.0,0.05,0.9,104,cp,1.0,1.0,1.0,0.0,0.0,0.0,0.0,0.013331921598709232,0.08316548437573729,0.19494200255805658,0.21367947023723888
crossing,100,400,4.0,0.05,0.9,104,dkw,1.0,1.0,1.0,0.0,0.0,0.0,0.0,0.01789817824525703,0.09683427142838308,0.23044904924481227,0.26043422716000764
crossing,100,400,4.0,0.05,0.9,105,cp,1.0,1.0,1.0,0.0,0.0,0.0,0.0,0.015045460716957582,0.08316548437573729,0.1759341840582432,0.21557301870912782
crossing,100,400,4.0,0.05,0.9,105,dkw,1.0,1.0,1.0,0.0,0.0,0.0,0.0,0.018890288563531425,0.09683427142838308,0.22027743501026972,0.2511038127498322
crossing,100,400,4.0,0.05,0.9,106,cp,1.0,1.0,1.0,0.0,0.0,0.0,0.0,0.00908990504363918,0.05878190040811415,0.20387276163564386,0.2286429574080091
crossing,100,400,4.0,0.05,0.9,106,dkw,1.0,1.0,1.0,0.0,0.0,0.0,0.0,0.014901329798027248,0.08316548437573729,0.23782389326462508,0.2770666597465141
crossing,100,400,4.0,0.05,0.9,107,cp,1.0,1.0,1.0,0.0,0.0,0.0,0.0,0.013246672659291628,0.06948618691543856,0.1995579601199617,0.232273998787225
crossing,100,400,4.0,0.05,0.9,107,dkw,1.0,1.0,1.0,0.0,0.0,0.0,0.0,0.009546713454382093,0.06948618691543856,0.2301628195346541,0.25134063848802063
crossing,100,400,4.0,0.05,0.9,108,cp,1.0,1.0,1.0,0.0,0.0,0.0,0.0,0.022402708845196923,0.06948618691543856,0.20822348098878382,0.24423960182573579
crossing,100,400,4.0,0.05,0.9,108,dkw,1.0,1.0,1.0,0.0,0.0,0.0,0.0,0.013207394990243626,0.06948618691543856,0.2422057137416509,0.2546380962246173
crossing,100,400,4.0,0.05,0.9,109,cp,1.0,1.0,1.0,0.0,0.0,0.0,0.0,0.016606663706050618,0.09683427142838308,0.19612974521498758,0.23178758843979652
crossing,100,400,4.0,0.05,0.9,109,dkw,1.0,1.0,1.0,0.0,0.0,0.0,0.0,0.020530567005013052,0.10910957078160166,0.22667619572339387,0.254973949948132
crossing,100,400,4.0,0.05,0.9,110,cp,1.0,1.0,1.0,0.0,0.0,0.0,0.0,0.00789663769230715,0.05878190040811415,0.20342624521340913,0.23973877991921233
crossing,100,400,4.0,0.05,0.9,110,dkw,1.0,1.0,1.0,0.0,0.0,0.0,0.0,0.01189739625106039,0.06948618691543856,0.233339455208321,0.2580093270664893
crossing,100,400,4.0,0.05,0.9,111,cp,1.0,1.0,1.0,0.0,0.0,0.0,0.0,0.04604981580165106,0.1303854875283446,0.17713365213704485,0.22096948928611004
crossing,100,400,4.0,0.05,0.9,111,dkw,1.0,1.0,1.0,0.0,0.0,0.0,0.0,0.03445196011335211,0.1303854875283446,0.21601871363113476,0.24025751550099572
crossing,100,400,4.0,0.05,0.9,112,cp,1.0,1.0,1.0,0.0,0.0,0.0,0.0,0.03363434788830288,0.08316548437573729,0.18540119194463153,0.22375241798293244
crossing,100,400,4.0,0.05,0.9,112,dkw,1.0,1.0,1.0,0.0,0.0,0.0,0.0,0.03045323453943398,0.10910957078160166,0.23613131640720128,0.26511030078646247
crossing,100,400,4.0,0.05,0.9,113,cp,1.0,1.0,1.0,0.0,0.0,0.0,0.0,0.020538357830373895,0.09683427142838308,0.17160080901888017,0.20963817679767877
crossing,100,400,4.0,0.05,0.9,113,dkw,1.0,1.0,1.0,0.0,0.0,0.0,0.0,0.02328321440535697,0.10910957078160166,0.2088548371715414,0.2561138065821451
crossing,100,400,4.0,0.05,0.9,114,cp,1.0,1.0,1.0,0.0,0.0,0.0,0.0,0.014743672507136218,0.08316548437573729,0.1884446201311728,0.2098842567661156
crossing,100,400,4.0,0.05,0.9,114,dkw,1.0,1.0,1.0,0.0,0.0,0.0,0.0,0.020663438774500883,0.10910957078160166,0.23271542618816526,0.2649590985079677
crossing,100,400,4.0,0.05,0.9,115,cp,1.0,1.0,1.0,0.0,0.0,0.0,0.0,0.016004155851333843,0.08316548437573729,0.20035490391089134,0.23878776731896495
crossing,100,400,4.0,0.05,0.9,115,dkw,1.0,1.0,1.0,0.0,0.0,0.0,0.0,0.014002704543954185,0.08316548437573729,0.23462512911584932,0.2533240787347422
crossing,100,400,4.0,0.05,0.9,116,cp,1.0,1.0,1.0,0.0,0.0,0.0,0.0,0.013065783094644411,0.08316548437573729,0.19165542343973452,0.2293604765687245
crossing,100,400,4.0,0.05,0.9,116,dkw,1.0,1.0,1.0,0.0,0.0,0.0,0.0,0.0213035367830438,0.10910957078160166,0.225015618890375,0.2588389647896887
crossing,100,400,4.0,0.05,0.9,117,cp,1.0,1.0,1.0,0.0,0.0,0.0,0.0,0.02497302465749981,0.10910957078160166,0.18403185700734237,0.21413174420450565
crossing,100,400,4.0,0.05,0.9,117,dkw,1.0,1.0,1.0,0.0,0.0,0.0,0.0,0.022518663672884815,0.10910957078160166,0.21501707403840326,0.24925733798825545
crossing,100,400,4.0,0.05,0.9,118,cp,1.0,1.0,1.0,0.0,0.0,0.0,0.0,0.01656977351304953,0.09683427142838308,0.1874576695063661,0.22745561391650582
crossing,100,400,4.0,0.05,0.9,118,dkw,1.0,1.0,1.0,0.0,0.0,0.0,0.0,0.02019503509356849,0.10910957078160166,0.2159317517729553,0.24575307574319044
crossing,100,400,4.0,0.05,0.9,119,cp,1.0,1.0,1.0,0.0,0.0,0.0,0.0,0.01789817824525703,0.09683427142838308,0.19088930086351358,0.21365085947797247
crossing,100,400,4.0,0.05,0.9,119,dkw,1.0,1.0,1.0,0.0,0.0,0.0,0.0,0.02204961840282392,0.09683427142838308,0.21948556368546832,0.24444514004466067
crossing,100,400,4.0,0.05,0.9,120,cp,1.0,1.0,1.0,0.0,0.0,0.0,0.0,0.005613077781115399,0.045523681005445404,0.2127477734038433,0.24173359550622242
crossing,100,400,4.0,0.05,0.9,120,dkw,1.0,1.0,1.0,0.0,0.0,0.0,0.0,0.006211108158488625,0.05878190040811415,0.2570089346392502,0.2899492528111579
crossing,100,400,4.0,0.05,0.9,121,cp,1.0,1.0,1.0,0.0,0.0,0.0,0.0,0.013686513810926249,0.045523681005445404,0.20466298998076138,0.23558541506343988
crossing,100,400,4.0,0.05,0.9,121,dkw,1.0,1.0,1.0,0.0,0.0,0.0,0.0,0.011890952364019465,0.08316548437573729,0.23990018074884303,0.2765123717807363
crossing,100,400,4.0,0.05,0.9,122,cp,1.0,1.0,1.0,0.0,0.0,0.0,0.0,0.012541455469430418,0.08316548437573729,0.19206598511269043,0.22638810060305126
crossing,100,400,4.0,0.05,0.9,122,dkw,1.0,1.0,1.0,0.0,0.0,0.0,0.0,0.015703868781973274,0.09683427142838308,0.21808197321935974,0.23613777100529942
crossing,100,400,4.0,0.05,0.9,123,cp,1.0,1.0,1.0,0.0,0.0,0.0,0.0,0.02328321440535697,0.10910957078160166,0.17374038128850666,0.20003174495030507
crossing,100,400,4.0,0.05,0.9,123,dkw,1.0,1.0,1.0,0.0,0.0,0.0,0.0,0.02328321440535697,0.10910957078160166,0.20418032596266436,0.23026725015282112
crossing,100,400,4.0,0.05,0.9,124,cp,1.0,1.0,1.0,0.0,0.0,0.0,0.0,0.011991865353637858,0.08316548437573729,0.19461351115117012,0.22101657013149778
crossing,100,400,4.0,0.05,0.9,124,dkw,1.0,1.0,1.0,0.0,0.0,0.0,0.0,0.016915797779864912,0.09683427142838308,0.23319255051805143,0.2625389576850188
crossing,100,400,4.0,0.05,0.9,125,cp,1.0,1.0,1.0,0.0,0.0,0.0,0.0,0.02124357798348252,0.10910957078160166,0.18253544949675088,0.22218481161731274
crossing,100,400,4.0,0.05,0.9,125,dkw,1.0,1.0,1.0,0.0,0.0,0.0,0.0,0.02121757016854102,0.10910957078160166,0.20674935703092545,0.2297648105703356
crossing,100,400,4.0,0.05,0.9,126,cp,1.0,1.0,1.0,0.0,0.0,0.0,0.0,0.012264317657301587,0.08316548437573729,0.18409097260155194,0.21396473442071606
crossing,100,400,4.0,0.05,0.9,126,dkw,1.0,1.0,1.0,0.0,0.0,0.0,0.0,0.01917514877948057,0.09683427142838308,0.21916233296902887,0.2409958389708906
crossing,100,400,4.0,0.05,0.9,127,cp,1.0,1.0,1.0,0.0,0.0,0.0,0.0,0.02424252013885022,0.10910957078160166,0.17361057892629506,0.2031172599070662
crossing,100,400,4.0,0.05,0.9,127,dkw,1.0,1.0,1.0,0.0,0.0,0.0,0.0,0.026894073568345406,0.12023074069810574,0.20230588099272995,0.23023760547228878
crossing,100,400,4.0,0.05,0.9,128,cp,0.0,0.0,1.0,0.0,0.0,0.0,0.0,0.031342748716696046,0.12023074069810574,0.18701801676077381,0.22535799164289538
crossing,100,400,4.0,0.05,0.9,128,dkw,1.0,1.0,1.0,0.0,0.0,0.0,0.0,0.025658610077902343,0.12023074069810574,0.215963062102886,0.24340098902392981
crossing,100,400,4.0,0.05,0.9,129,cp,1.0,1.0,1.0,0.0,0.0,0.0,0.0,0.013079314271281076,0.045523681005445404,0.2050542763485784,0.22504456062524303
crossing,100,400,4.0,0.05,0.9,129,dkw,1.0,1.0,1.0,0.0,0.0,0.0,0.0,0.01708795307452323,0.08316548437573729,0.2453232509119431,0.28516502519916276
crossing,100,400,4.0,0.05,0.9,130,cp,1.0,1.0,1.0,0.0,0.0,0.0,0.0,0.013444287875323787,0.08316548437573729,0.1854881331309311,0.21223977855352327
crossing,100,400,4.0,0.05,0.9,130,dkw,1.0,1.0,1.0,0.0,0.0,0.0,0.0,0.016915797779864912,0.09683427142838308,0.2182005943973698,0.23781168321475266
crossing,100,400,4.0,0.05,0.9,131,cp,1.0,1.0,1.0,0.0,0.0,0.0,0.0,0.009188473926840322,0.028545808724175337,0.2015789833162356,0.23099681537175232
crossing,100,400,4.0,0.05,0.9,131,dkw,1.0,1.0,1.0,0.0,0.0,0.0,0.0,0.00973916371961492,0.06948618691543856,0.24960461405590548,0.30073357794378797
crossing,100,400,4.0,0.05,0.9,132,cp,1.0,1.0,1.0,0.0,0.0,0.0,0.0,0.009430025519474798,0.06948618691543856,0.19124244110536953,0.22591563100571965
crossing,100,400,4.0,0.05,0.9,132,dkw,1.0,1.0,1.0,0.0,0.0,0.0,0.0,0.013930283132385299,0.08316548437573729,0.22940156015669122,0.26542757212155005
crossing,100,400,4.0,0.05,0.9,133,cp,1.0,1.0,1.0,0.0,0.0,0.0,0.0,0.009131545986598506,0.05878190040811415,0.1843933102211671,0.21688578750052384
crossing,100,400,4.0,0.05,0.9,133,dkw,1.0,1.0,1.0,0.0,0.0,0.0,0.0,0.01436743948981777,0.08316548437573729,0.21662002921713738,0.26537138765572327
crossing,100,400,4.0,0.05,0.9,134,cp,1.0,1.0,1.0,0.0,0.0,0.0,0.0,0.012137866130129873,0.08316548437573729,0.1953840211101759,0.22604711557559004
crossing,100,400,4.0,0.05,0.9,134,dkw,1.0,1.0,1.0,0.0,0.0,0.0,0.0,0.016097817066635985,0.09683427142838308,0.23442764394301854,0.2601105679497385
crossing,100,400,4.0,0.05,0.9,135,cp,1.0,1.0,1.0,0.0,0.0,0.0,0.0,0.006270469521654319,0.045523681005445404,0.20012968467956255,0.22709964990852788
crossing,100,400,4.0,0.05,0.9,135,dkw,1.0,1.0,1.0,0.0,0.0,0.0,0.0,0.01613768851443691,0.09683427142838308,0.24450881066335065,0.2864618805827841
crossing,100,400,4.0,0.05,0.9,136,cp,1.0,1.0,1.0,0.0,0.0,0.0,0.0,0.01860194574348398,0.08316548437573729,0.2002150431833411,0.23559958419410565
crossing,100,400,4.0,0.05,0.9,136,dkw,1.0,1.0,1.0,0.0,0.0,0.0,0.0,0.02120749721568918,0.10910957078160166,0.23568805502062598,0.2630381738918079
crossing,100,400,4.0,0.05,0.9,137,cp,1.0,1.0,1.0,0.0,0.0,0.0,0.0,0.026241916979876215,0.09683427142838308,0.1919713021099125,0.21821590310640215
crossing,100,400,4.0,0.05,0.9,137,dkw,1.0,1.0,1.0,0.0,0.0,0.0,0.0,0.024589699041011947,0.10910957078160166,0.22506068920723585,0.2504605300957552
crossing,100,400,4.0,0.05,0.9,138,cp,1.0,1.0,1.0,0.0,0.0,0.0,0.0,0.013730506603204075,0.06948618691543856,0.20199167949762079,0.23530276133433659
crossing,100,400,4.0,0.05,0.9,138,dkw,1.0,1.0,1.0,0.0,0.0,0.0,0.0,0.011693903634018349,0.08316548437573729,0.23705531356095688,0.25708868702764254
crossing,100,400,4.0,0.05,0.9,139,cp,1.0,1.0,1.0,0.0,0.0,0.0,0.0,0.013130382568280757,0.06948618691543856,0.2042490581136346,0.23630909514042964
crossing,100,400,4.0,0.05,0.9,139,dkw,1.0,1.0,1.0,0.0,0.0,0.0,0.0,0.019387164863869797,0.06948618691543856,0.2326193688741298,0.24492953810004625
crossing,100,400,4.0,0.05,0.9,140,cp,1.0,1.0,1.0,0.0,0.0,0.0,0.0,0.013171342082331408,0.08316548437573729,0.1937406300000529,0.23247503186863544
crossing,100,400,4.0,0.05,0.9,140,dkw,1.0,1.0,1.0,0.0,0.0,0.0,0.0,0.020093024751217645,0.10910957078160166,0.22346980308119008,0.25813834341912445
crossing,100,400,4.0,0.05,0.9,141,cp,1.0,1.0,1.0,0.0,0.0,0.0,0.0,0.01772415532479638,0.09683427142838308,0.17695530039423507,0.21137050847632644
crossing,100,400,4.0,0.05,0.9,141,dkw,1.0,1.0,1.0,0.0,0.0,0.0,0.0,0.016698283624855016,0.09683427142838308,0.2016938411924422,0.21695582093841603
crossing,100,400,4.0,0.05,0.9,142,cp,1.0,1.0,1.0,0.0,0.0,0.0,0.0,0.006340640813802621,0.045523681005445404,0.19947423579996446,0.228925130205903
crossing,100,400,4.0,0.05,0.9,142,dkw,1.0,1.0,1.0,0.0,0.0,0.0,0.0,0.01098465199523458,0.06948618691543856,0.23501726729734362,0.28239763501609105
crossing,100,400,4.0,0.05,0.9,143,cp,1.0,1.0,1.0,0.0,0.0,0.0,0.0,0.006544997438651494,0.05878190040811415,0.207226964839048,0.2352190072697321
crossing,100,400,4.0,0.05,0.9,143,dkw,1.0,1.0,1.0,0.0,0.0,0.0,0.0,0.00981623426381199,0.06948618691543856,0.23990217759278384,0.2644733779290339
crossing,100,400,4.0,0.05,0.9,144,cp,1.0,1.0,1.0,0.0,0.0,0.0,0.0,0.009920089475484149,0.06948618691543856,0.19050259846661916,0.21083983728203348
crossing,100,400,4.0,0.05,0.9,144,dkw,1.0,1.0,1.0,0.0,0.0,0.0,0.0,0.01301699775693591,0.06948618691543856,0.21707753997955404,0.2384805643705985
crossing,100,400,4.0,0.05,0.9,145,cp,1.0,1.0,1.0,0.0,0.0,0.0,0.0,0.014440407634895928,0.06948618691543856,0.20179352732797454,0.22685150794476705
crossing,100,400,4.0,0.05,0.9,145,dkw,1.0,1.0,1.0,0.0,0.0,0.0,0.0,0.012599601684806587,0.08316548437573729,0.23560005359433359,0.2624769330464534
crossing,100,400,4.0,0.05,0.9,146,cp,1.0,1.0,1.0,0.0,0.0,0.0,0.0,0.018013490625494778,0.08316548437573729,0.18870896103696855,0.20752655504174788
crossing,100,400,4.0,0.05,0.9,146,dkw,1.0,1.0,1.0,0.0,0.0,0.0,0.0,0.014203532017632324,0.08316548437573729,0.2243365886299336,0.24807645484024726
crossing,100,400,4.0,0.05,0.9,147,cp,1.0,1.0,1.0,0.0,0.0,0.0,0.0,0.008362746564627672,0.05878190040811415,0.204047552447009,0.23199002915801514
crossing,100,400,4.0,0.05,0.9,147,dkw,1.0,1.0,1.0,0.0,0.0,0.0,0.0,0.013433132889220373,0.06948618691543856,0.2286539219067107,0.25132337912645064
crossing,100,400,4.0,0.05,0.9,148,cp,1.0,1.0,1.0,0.0,0.0,0.0,0.0,0.032287491645595065,0.1303854875283446,0.18485755583843932,0.21528028529209942
crossing,100,400,4.0,0.05,0.9,148,dkw,1.0,1.0,1.0,0.0,0.0,0.0,0.0,0.030400268947587277,0.1303854875283446,0.22238009887284382,0.23874935998613772
crossing,100,400,4.0,0.05,0.9,149,cp,1.0,1.0,1.0,0.0,0.0,0.0,0.0,0.015347265782699038,0.06948618691543856,0.19970417101156085,0.2198617587529491
crossing,100,400,4.0,0.05,0.9,149,dkw,1.0,1.0,1.0,0.0,0.0,0.0,0.0,0.016394377407687642,0.09683427142838308,0.23560625007286803,0.26710581859038995
crossing,100,400,4.0,0.05,0.9,150,cp,1.0,1.0,1.0,0.0,0.0,0.0,0.0,0.0061860954629864425,0.05878190040811415,0.1998312239500069,0.21969178736949918
crossing,100,400,4.0,0.05,0.9,150,dkw,1.0,1.0,1.0,0.0,0.0,0.0,0.0,0.011502202849081742,0.06948618691543856,0.22857318705070448,0.24996205320220544
crossing,100,400,4.0,0.05,0.9,151,cp,1.0,1.0,1.0,0.0,0.0,0.0,0.0,0.02328321440535697,0.10910957078160166,0.16710912399299283,0.19094538316573256
crossing,100,400,4.0,0.05,0.9,151,dkw,1.0,1.0,1.0,0.0,0.0,0.0,0.0,0.02328321440535697,0.10910957078160166,0.19369572608071003,0.21541360932577502
crossing,100,400,4.0,0.05,0.9,152,cp,1.0,1.0,1.0,0.0,0.0,0.0,0.0,0.006211108158488625,0.05878190040811415,0.20179186989852319,0.23405288371207078
crossing,100,400,4.0,0.05,0.9,152,dkw,1.0,1.0,1.0,0.0,0.0,0.0,0.0,0.0068349820828973624,0.05878190040811415,0.23577358655101618,0.25591889117299876
crossing,100,400,4.0,0.05,0.9,153,cp,1.0,1.0,1.0,0.0,0.0,0.0,0.0,0.023724141988511728,0.05878190040811415,0.1967754129058016,0.23769549359983988
crossing,100,400,4.0,0.05,0.9,153,dkw,1.0,1.0,1.0,0.0,0.0,0.0,0.0,0.025671502956592977,0.09683427142838308,0.24572533480452513,0.2691499271041291
crossing,100,400,4.0,0.05,0.9,154,cp,1.0,1.0,1.0,0.0,0.0,0.0,0.0,0.011973938104615953,0.06948618691543856,0.2019911885455772,0.23527227311061827
crossing,100,400,4.0,0.05,0.9,154,dkw,1.0,1.0,1.0,0.0,0.0,0.0,0.0,0.01579761968197574,0.06948618691543856,0.22144335466889553,0.24229002940096833
crossing,100,400,4.0,0.05,0.9,155,cp,1.0,1.0,1.0,0.0,0.0,0.0,0.0,0.02186399470893636,0.05878190040811415,0.20388688996629178,0.23520428720745568
crossing,100,400,4.0,0.05,0.9,155,dkw,1.0,1.0,1.0,0.0,0.0,0.0,0.0,0.02459863403013734,0.06948618691543856,0.24347324023118502,0.2725447246950356
crossing,100,400,4.0,0.05,0.9,156,cp,1.0,1.0,1.0,0.0,0.0,0.0,0.0,0.012733218931824457,0.06948618691543856,0.20325006396303968,0.22833418449675374
crossing,100,400,4.0,0.05,0.9,156,dkw,1.0,1.0,1.0,0.0,0.0,0.0,0.0,0.012837901645380189,0.08316548437573729,0.23340097669872822,0.2570458102387465
crossing,100,400,4.0,0.05,0.9,157,cp,1.0,1.0,1.0,0.0,0.0,0.0,0.0,0.014042164588832416,0.08316548437573729,0.19205549908120076,0.21430902805309604
crossing,100,400,4.0,0.05,0.9,157,dkw,1.0,1.0,1.0,0.0,0.0,0.0,0.0,0.014615748576911019,0.08316548437573729,0.22069915548907892,0.24289293252097155
crossing,100,400,4.0,0.05,0.9,158,cp,1.0,1.0,1.0,0.0,0.0,0.0,0.0,0.020538357830373895,0.09683427142838308,0.17258811891913098,0.19699378194707529
crossing,100,400,4.0,0.05,0.9,158,dkw,1.0,1.0,1.0,0.0,0.0,0.0,0.0,0.018890288563531425,0.09683427142838308,0.20148941810544496,0.23291612637674952
crossing,100,400,4.0,0.05,0.9,159,cp,1.0,1.0,1.0,0.0,0.0,0.0,0.0,0.007378622091059879,0.05878190040811415,0.18718262788945222,0.22276608939862896
crossing,100,400,4.0,0.05,0.9,159,dkw,1.0,1.0,1.0,0.0,0.0,0.0,0.0,0.007891932385871079,0.05878190040811415,0.22437952162247662,0.25517838938911624
crossing,100,400,4.0,0.05,0.9,160,cp,1.0,1.0,1.0,0.0,0.0,0.0,0.0,0.02271865115629549,0.08316548437573729,0.19492395045478147,0.22480767277237212
crossing,100,400,4.0,0.05,0.9,160,dkw,1.0,1.0,1.0,0.0,0.0,0.0,0.0,0.016689442204799558,0.09683427142838308,0.23506259248358838,0.2625389576850188
crossing,100,400,4.0,0.05,0.9,161,cp,1.0,1.0,1.0,0.0,0.0,0.0,0.0,0.02991643500367483,0.1303854875283446,0.18410304133951186,0.21595447917002336
crossing,100,400,4.0,0.05,0.9,161,dkw,1.0,1.0,1.0,0.0,0.0,0.0,0.0,0.030529890439554355,0.1303854875283446,0.20760558755919145,0.24364466194315804
crossing,100,400,4.0,0.05,0.9,162,cp,1.0,1.0,1.0,0.0,0.0,0.0,0.0,0.013309723141332221,0.05878190040811415,0.21207465070440748,0.23509002313378213
crossing,100,400,4.0,0.05,0.9,162,dkw,1.0,1.0,1.0,0.0,0.0,0.0,0.0,0.022687350637575515,0.09683427142838308,0.2525189000525131,0.2807697930405262
crossing,100,400,4.0,0.05,0.9,163,cp,1.0,1.0,1.0,0.0,0.0,0.0,0.0,0.02165472652597349,0.10910957078160166,0.18528953489761973,0.2144189336170182
crossing,100,400,4.0,0.05,0.9,163,dkw,1.0,1.0,1.0,0.0,0.0,0.0,0.0,0.02124357798348252,0.10910957078160166,0.21481549603473227,0.24126514083085215
crossing,100,400,4.0,0.05,0.9,164,cp,0.0,1.0,1.0,0.0,0.0,0.0,0.0,0.026894073568345406,0.12023074069810574,0.17472683562059846,0.2128118839199855
crossing,100,400,4.0,0.05,0.9,164,dkw,1.0,1.0,1.0,0.0,0.0,0.0,0.0,0.026894073568345406,0.12023074069810574,0.2103275101959673,0.24368979202717644
crossing,100,400,4.0,0.05,0.9,165,cp,1.0,1.0,1.0,0.0,0.0,0.0,0.0,0.014839146544558006,0.08316548437573729,0.20086616653188133,0.23110654238568568
crossing,100,400,4.0,0.05,0.9,165,dkw,1.0,1.0,1.0,0.0,0.0,0.0,0.0,0.02033037280044557,0.09683427142838308,0.22956141439467534,0.25718086108572813
crossing,100,400,4.0,0.05,0.9,166,cp,1.0,1.0,1.0,0.0,0.0,0.0,0.0,0.015045460716957582,0.08316548437573729,0.1814474181574792,0.21845211911717904
crossing,100,400,4.0,0.05,0.9,166,dkw,1.0,1.0,1.0,0.0,0.0,0.0,0.0,0.018918831574092906,0.09683427142838308,0.20771345739511246,0.2378939060577423
crossing,100,400,4.0,0.05,0.9,167,cp,1.0,1.0,1.0,0.0,0.0,0.0,0.0,0.012292813316613662,0.08316548437573729,0.19751220854998014,0.22937659409381672
crossing,100,400,4.0,0.05,0.9,167,dkw,1.0,1.0,1.0,0.0,0.0,0.0,0.0,0.011790626477037026,0.08316548437573729,0.2315990796274467,0.25924066838794435
crossing,100,400,4.0,0.05,0.9,168,cp,1.0,1.0,1.0,0.0,0.0,0.0,0.0,0.013047759227728667,0.06948618691543856,0.1954170023881021,0.2257107757622322
crossing,100,400,4.0,0.05,0.9,168,dkw,1.0,1.0,1.0,0.0,0.0,0.0,0.0,0.020462199897900053,0.10910957078160166,0.22836586652153654,0.2688609717388798
crossing,100,400,4.0,0.05,0.9,169,cp,1.0,1.0,1.0,0.0,0.0,0.0,0.0,0.012226004172227906,0.06948618691543856,0.18891959076207454,0.211384687624528
crossing,100,400,4.0,0.05,0.9,169,dkw,1.0,1.0,1.0,0.0,0.0,0.0,0.0,0.012106738286945327,0.06948618691543856,0.22260014521662774,0.24360566754517793
crossing,100,400,4.0,0.05,0.9,170,cp,1.0,1.0,1.0,0.0,0.0,0.0,0.0,0.013276527448961843,0.08316548437573729,0.1940560860134407,0.21573544408960055
crossing,100,400,4.0,0.05,0.9,170,dkw,1.0,1.0,1.0,0.0,0.0,0.0,0.0,0.016160244612033307,0.08316548437573729,0.2313868444125412,0.243791207206767
crossing,100,400,4.0,0.05,0.9,171,cp,1.0,1.0,1.0,0.0,0.0,0.0,0.0,0.0334065734456934,0.09683427142838308,0.18242422533860822,0.2244688087042893
crossing,100,400,4.0,0.05,0.9,171,dkw,1.0,1.0,1.0,0.0,0.0,0.0,0.0,0.03249343631280363,0.12023074069810574,0.22396525634574244,0.24896796164867435
crossing,100,400,4.0,0.05,0.9,172,cp,1.0,1.0,1.0,0.0,0.0,0.0,0.0,0.005954154135238583,0.045523681005445404,0.19725970695231992,0.22868463824407537
crossing,100,400,4.0,0.05,0.9,172,dkw,1.0,1.0,1.0,0.0,0.0,0.0,0.0,0.014042164588832416,0.08316548437573729,0.2441902069927352,0.29906378313599197
crossing,100,400,4.0,0.05,0.9,173,cp,1.0,1.0,1.0,0.0,0.0,0.0,0.0,0.013018468852424615,0.06948618691543856,0.18340069070165804,0.2186998300099391
crossing,100,400,4.0,0.05,0.9,173,dkw,1.0,1.0,1.0,0.0,0.0,0.0,0.0,0.020538357830373895,0.09683427142838308,0.21460166508608733,0.26304062101852976
crossing,100,400,4.0,0.05,0.9,174,cp,1.0,1.0,1.0,0.0,0.0,0.0,0.0,0.023046642968884413,0.09683427142838308,0.19010203855403604,0.22044266569154003
crossing,100,400,4.0,0.05,0.9,174,dkw,1.0,1.0,1.0,0.0,0.0,0.0,0.0,0.020003796870720424,0.09683427142838308,0.21948274545992574,0.2394619233701436
crossing,100,400,4.0,0.05,0.9,175,cp,1.0,1.0,1.0,0.0,0.0,0.0,0.0,0.0043894438054698035,0.045523681005445404,0.2019624931998124,0.22987134551504795
crossing,100,400,4.0,0.05,0.9,175,dkw,1.0,1.0,1.0,0.0,0.0,0.0,0.0,0.009279069112336648,0.06948618691543856,0.24304268329784948,0.28433752407733703
crossing,100,400,4.0,0.05,0.9,176,cp,1.0,1.0,1.0,0.0,0.0,0.0,0.0,0.014398472502149286,0.045523681005445404,0.1979367169411733,0.23312601429330082
crossing,100,400,4.0,0.05,0.9,176,dkw,1.0,1.0,1.0,0.0,0.0,0.0,0.0,0.017133404700911084,0.09683427142838308,0.2438920349738609,0.2957963519476894
crossing,100,400,4.0,0.05,0.9,177,cp,1.0,1.0,1.0,0.0,0.0,0.0,0.0,0.016664986973238573,0.08316548437573729,0.17862719014755182,0.21333071102989976
crossing,100,400,4.0,0.05,0.9,177,dkw,1.0,1.0,1.0,0.0,0.0,0.0,0.0,0.015995927369201253,0.08316548437573729,0.20781702729156973,0.23967386932025647
crossing,100,400,4.0,0.05,0.9,178,cp,1.0,1.0,1.0,0.0,0.0,0.0,0.0,0.0078899633147637,0.05878190040811415,0.1978752398470062,0.22970504896309862
crossing,100,400,4.0,0.05,0.9,178,dkw,1.0,1.0,1.0,0.0,0.0,0.0,0.0,0.016939153951779737,0.09683427142838308,0.2365581040123536,0.27469680518245165
crossing,100,400,4.0,0.05,0.9,179,cp,1.0,1.0,1.0,0.0,0.0,0.0,0.0,0.0068799566765492415,0.045523681005445404,0.20164108321717933,0.2190608801399116
crossing,100,400,4.0,0.05,0.9,179,dkw,1.0,1.0,1.0,0.0,0.0,0.0,0.0,0.011616320829620108,0.06948618691543856,0.2374579036105607,0.2759371244118044
crossing,100,400,4.0,0.05,0.9,180,cp,1.0,1.0,1.0,0.0,0.0,0.0,0.0,0.023632171980073818,0.10910957078160166,0.19145319983417292,0.22251212618591365
crossing,100,400,4.0,0.05,0.9,180,dkw,1.0,1.0,1.0,0.0,0.0,0.0,0.0,0.02689920746009513,0.10910957078160166,0.22198886335787651,0.24570569793346408
crossing,100,400,4.0,0.05,0.9,181,cp,1.0,1.0,1.0,0.0,0.0,0.0,0.0,0.013774411551190656,0.03723635987812823,0.21164982016474912,0.23977924912535964
crossing,100,400,4.0,0.05,0.9,181,dkw,1.0,1.0,1.0,0.0,0.0,0.0,0.0,0.0064973630775909275,0.05878190040811415,0.25652240214034916,0.29676508744643304
crossing,100,400,4.0,0.05,0.9,182,cp,1.0,1.0,1.0,0.0,0.0,0.0,0.0,0.018679766842650363,0.09683427142838308,0.18349609071963205,0.21971886530846552
crossing,100,400,4.0,0.05,0.9,182,dkw,1.0,1.0,1.0,0.0,0.0,0.0,0.0,0.02187395080632704,0.10910957078160166,0.21185695985886574,0.24225473011863075
crossing,100,400,4.0,0.05,0.9,183,cp,1.0,1.0,1.0,0.0,0.0,0.0,0.0,0.02701832816247403,0.05886654227057586,0.20028209767438093,0.23803783059342787
crossing,100,400,4.0,0.05,0.9,183,dkw,1.0,1.0,1.0,0.0,0.0,0.0,0.0,0.018474049402607245,0.08316548437573729,0.2580557111426865,0.30043871533336663
crossing,100,400,4.0,0.05,0.9,184,cp,1.0,1.0,1.0,0.0,0.0,0.0,0.0,0.016915797779864912,0.09683427142838308,0.18658895131163866,0.21740813623157051
crossing,100,400,4.0,0.05,0.9,184,dkw,1.0,1.0,1.0,0.0,0.0,0.0,0.0,0.018473742392366325,0.09683427142838308,0.20725698814586593,0.23526002496002985
crossing,100,400,4.0,0.05,0.9,185,cp,1.0,1.0,1.0,0.0,0.0,0.0,0.0,0.00757610430424569,0.045523681005445404,0.1922534605889233,0.22502688689725298
crossing,100,400,4.0,0.05,0.9,185,dkw,1.0,1.0,1.0,0.0,0.0,0.0,0.0,0.01449549733421883,0.08316548437573729,0.2372691519327413,0.2906032397190453
crossing,100,400,4.0,0.05,0.9,186,cp,1.0,1.0,1.0,0.0,0.0,0.0,0.0,0.010791104430138122,0.05878190040811415,0.2104369413992543,0.24272139697634154
crossing,100,400,4.0,0.05,0.9,186,dkw,1.0,1.0,1.0,0.0,0.0,0.0,0.0,0.009799120315455188,0.05878190040811415,0.24546090670106469,0.2632538921598472
crossing,100,400,4.0,0.05,0.9,187,cp,1.0,1.0,1.0,0.0,0.0,0.0,0.0,0.024057930545563887,0.10910957078160166,0.19036867579896918,0.22977491015633233
crossing,100,400,4.0,0.05,0.9,187,dkw,1.0,1.0,1.0,0.0,0.0,0.0,0.0,0.025184849446453494,0.12023074069810574,0.21891627993486998,0.2437500379131522
crossing,100,400,4.0,0.05,0.9,188,cp,1.0,1.0,1.0,0.0,0.0,0.0,0.0,0.017637632764653577,0.05878190040811415,0.20844066794725385,0.23756151440667828
crossing,100,400,4.0,0.05,0.9,188,dkw,1.0,1.0,1.0,0.0,0.0,0.0,0.0,0.013293949790037089,0.08316548437573729,0.24667259217480592,0.2753682845320344
crossing,100,400,4.0,0.05,0.9,189,cp,1.0,1.0,1.0,0.0,0.0,0.0,0.0,0.0209460338418125,0.10910957078160166,0.17951671699408198,0.20699578524129725
crossing,100,400,4.0,0.05,0.9,189,dkw,1.0,1.0,1.0,0.0,0.0,0.0,0.0,0.020502071345700975,0.10910957078160166,0.2040594874822873,0.22596114186978644
crossing,100,400,4.0,0.05,0.9,190,cp,1.0,1.0,1.0,0.0,0.0,0.0,0.0,0.0159888808734164,0.05878190040811415,0.19418346417963245,0.2252254755534011
crossing,100,400,4.0,0.05,0.9,190,dkw,1.0,1.0,1.0,0.0,0.0,0.0,0.0,0.01768957137632762,0.09683427142838308,0.23910072345387154,0.2775537268398083
crossing,100,400,4.0,0.05,0.9,191,cp,1.0,1.0,1.0,0.0,0.0,0.0,0.0,0.03249343631280363,0.12023074069810574,0.17829052716535204,0.20539305572745298
crossing,100,400,4.0,0.05,0.9,191,dkw,1.0,1.0,1.0,0.0,0.0,0.0,0.0,0.02187395080632704,0.10910957078160166,0.20894851519975133,0.23025173590706838
crossing,100,400,4.0,0.05,0.9,192,cp,1.0,1.0,1.0,0.0,0.0,0.0,0.0,0.0192226698084691,0.05878190040811415,0.1910400970743332,0.22149237275328643
crossing,100,400,4.0,0.05,0.9,192,dkw,1.0,1.0,1.0,0.0,0.0,0.0,0.0,0.01223305789369476,0.06948618691543856,0.2316461830083797,0.24502114581956108
crossing,100,400,4.0,0.05,0.9,193,cp,1.0,1.0,1.0,0.0,0.0,0.0,0.0,0.004343666086076507,0.045523681005445404,0.20024399887995364,0.23531345123457448
crossing,100,400,4.0,0.05,0.9,193,dkw,1.0,1.0,1.0,0.0,0.0,0.0,0.0,0.006513033776474417,0.05878190040811415,0.2421717324752114,0.2806292344579817
crossing,100,400,4.0,0.05,0.9,194,cp,1.0,1.0,1.0,0.0,0.0,0.0,0.0,0.014163664643469923,0.048052849722364455,0.21922519756913567,0.2382060348705417
crossing,100,400,4.0,0.05,0.9,194,dkw,1.0,1.0,1.0,0.0,0.0,0.0,0.0,0.01730788425075498,0.06079128358890973,0.25969865312211904,0.301982663414128
crossing,100,400,4.0,0.05,0.9,195,cp,1.0,1.0,1.0,0.0,0.0,0.0,0.0,0.015443380594385873,0.06948618691543856,0.19958678914183367,0.23751574392673763
crossing,100,400,4.0,0.05,0.9,195,dkw,1.0,1.0,1.0,0.0,0.0,0.0,0.0,0.00984401784992765,0.06948618691543856,0.23441855728442199,0.2578744164964225
crossing,100,400,4.0,0.05,0.9,196,cp,1.0,1.0,1.0,0.0,0.0,0.0,0.0,0.008464007102007535,0.06948618691543856,0.19756093382654016,0.2259787058789151
crossing,100,400,4.0,0.05,0.9,196,dkw,1.0,1.0,1.0,0.0,0.0,0.0,0.0,0.013864363813320329,0.08316548437573729,0.23356338711881258,0.2575993600294428
crossing,100,400,4.0,0.05,0.9,197,cp,1.0,1.0,1.0,0.0,0.0,0.0,0.0,0.03505790102387887,0.06948618691543856,0.18017395441658102,0.2226773607944263
crossing,100,400,4.0,0.05,0.9,197,dkw,1.0,1.0,1.0,0.0,0.0,0.0,0.0,0.043361493062259074,0.12023074069810574,0.23144495302628815,0.27399953297917196
crossing,100,400,4.0,0.05,0.9,198,cp,1.0,1.0,1.0,0.0,0.0,0.0,0.0,0.02312798349281983,0.06948618691543856,0.20169448892144512,0.2246433271421221
crossing,100,400,4.0,0.05,0.9,198,dkw,1.0,1.0,1.0,0.0,0.0,0.0,0.0,0.024290403887156118,0.09683427142838308,0.23944558649587283,0.26321859097765476
crossing,100,400,4.0,0.05,0.9,199,cp,1.0,1.0,1.0,0.0,0.0,0.0,0.0,0.017002795749878015,0.05878190040811415,0.21556275901460784,0.24384300523474278
crossing,100,400,4.0,0.05,0.9,199,dkw,1.0,1.0,1.0,0.0,0.0,0.0,0.0,0.021990218140364524,0.06948618691543856,0.23942161367831308,0.25725495278770427
crossing,100,400,4.0,0.05,0.9,200,cp,1.0,1.0,1.0,0.0,0.0,0.0,0.0,0.023336363630749424,0.04760672167190627,0.1985623068751619,0.23548966801636334
crossing,100,400,4.0,0.05,0.9,200,dkw,1.0,1.0,1.0,0.0,0.0,0.0,0.0,0.020545465069703946,0.09683427142838308,0.24637829853970075,0.2919465901573656
crossing,100,400,4.0,0.05,0.9,201,cp,1.0,1.0,1.0,0.0,0.0,0.0,0.0,0.018225129253126783,0.06948618691543856,0.19635560136657723,0.23060282697767115
crossing,100,400,4.0,0.05,0.9,201,dkw,1.0,1.0,1.0,0.0,0.0,0.0,0.0,0.012306419200818914,0.08316548437573729,0.23010987854431947,0.24771538716836577
crossing,100,400,4.0,0.05,0.9,202,cp,1.0,1.0,1.0,0.0,0.0,0.0,0.0,0.016915797779864912,0.09683427142838308,0.19414678155851417,0.21458318959089184
crossing,100,400,4.0,0.05,0.9,202,dkw,1.0,1.0,1.0,0.0,0.0,0.0,0.0,0.018473742392366325,0.09683427142838308,0.22799100296795932,0.2548874646597341
crossing,100,400,4.0,0.05,0.9,203,cp,1.0,1.0,1.0,0.0,0.0,0.0,0.0,0.01117538552093105,0.06948618691543856,0.19153190263495076,0.21964392647767628
crossing,100,400,4.0,0.05,0.9,203,dkw,1.0,1.0,1.0,0.0,0.0,0.0,0.0,0.01629905594323682,0.09683427142838308,0.22708323442288375,0.26489815821208595
crossing,100,400,4.0,0.05,0.9,204,cp,1.0,1.0,1.0,0.0,0.0,0.0,0.0,0.009933414468746269,0.06948618691543856,0.1943331117132929,0.22552322800143731
crossing,100,400,4.0,0.05,0.9,204,dkw,1.0,1.0,1.0,0.0,0.0,0.0,0.0,0.015148423487813298,0.08316548437573729,0.22020730458761753,0.24124133324944347
crossing,100,400,4.0,0.05,0.9,205,cp,1.0,1.0,1.0,0.0,0.0,0.0,0.0,0.01958825772988536,0.09683427142838308,0.18849840216886127,0.21670451347425324
crossing,100,400,4.0,0.05,0.9,205,dkw,1.0,1.0,1.0,0.0,0.0,0.0,0.0,0.02328321440535697,0.10910957078160166,0.2266878381791301,0.25899842198616996
crossing,100,400,4.0,0.05,0.9,206,cp,1.0,1.0,1.0,0.0,0.0,0.0,0.0,0.016162701209939092,0.09683427142838308,0.19354344308598267,0.23211802292981953
crossing,100,400,4.0,0.05,0.9,206,dkw,1.0,1.0,1.0,0.0,0.0,0.0,0.0,0.016295805665716062,0.09683427142838308,0.21842005104394166,0.23892678863417216
crossing,100,400,4.0,0.05,0.9,207,cp,1.0,1.0,1.0,0.0,0.0,0.0,0.0,0.012292879193320196,0.048052849722364455,0.21839931292556047,0.24135721140376964
crossing,100,400,4.0,0.05,0.9,207,dkw,1.0,1.0,1.0,0.0,0.0,0.0,0.0,0.017198025168253098,0.05878190040811415,0.25486865597825986,0.2899492528111579
crossing,100,400,4.0,0.05,0.9,208,cp,1.0,1.0,1.0,0.0,0.0,0.0,0.0,0.010763623487309814,0.049622241976431836,0.21358577157817685,0.24303327267919705
crossing,100,400,4.0,0.05,0.9,208,dkw,1.0,1.0,1.0,0.0,0.0,0.0,0.0,0.014231068328627106,0.048052849722364455,0.24910734613296345,0.26443180154928436
crossing,100,400,4.0,0.05,0.9,209,cp,1.0,1.0,1.0,0.0,0.0,0.0,0.0,0.017044008082092464,0.09683427142838308,0.19331283417847686,0.23569986491545825
crossing,100,400,4.0,0.05,0.9,209,dkw,1.0,1.0,1.0,0.0,0.0,0.0,0.0,0.020971046537314682,0.10910957078160166,0.22140190508027177,0.25429200001937136
crossing,100,400,4.0,0.05,0.9,210,cp,1.0,1.0,1.0,0.0,0.0,0.0,0.0,0.020476769235484422,0.08316548437573729,0.1851798939053902,0.21042496956413853
crossing,100,400,4.0,0.05,0.9,210,dkw,1.0,1.0,1.0,0.0,0.0,0.0,0.0,0.01824557569697365,0.09683427142838308,0.22626454200208287,0.2612146006010724
crossing,100,400,4.0,0.05,0.9,211,cp,1.0,1.0,1.0,0.0,0.0,0.0,0.0,0.015841295050929332,0.08316548437573729,0.17646764199779422,0.21603148006543305
crossing,100,400,4.0,0.05,0.9,211,dkw,1.0,1.0,1.0,0.0,0.0,0.0,0.0,0.02233402334100002,0.10910957078160166,0.2172137844296307,0.267760310514222
crossing,100,400,4.0,0.05,0.9,212,cp,1.0,1.0,1.0,0.0,0.0,0.0,0.0,0.017278422833836654,0.09683427142838308,0.1885028654296237,0.22455027135937
crossing,100,400,4.0,0.05,0.9,212,dkw,1.0,1.0,1.0,0.0,0.0,0.0,0.0,0.018983410225661412,0.09683427142838308,0.21123332954690824,0.22812625008579257
crossing,100,400,4.0,0.05,0.9,213,cp,1.0,1.0,1.0,0.0,0.0,0.0,0.0,0.020247027004353307,0.09683427142838308,0.18195652088491138,0.20078491687445477
crossing,100,400,4.0,0.05,0.9,213,dkw,1.0,1.0,1.0,0.0,0.0,0.0,0.0,0.017035063665147492,0.09683427142838308,0.21362595213201718,0.23431049204610965
crossing,100,400,4.0,0.05,0.9,214,cp,1.0,1.0,1.0,0.0,0.0,0.0,0.0,0.023245029290862182,0.10910957078160166,0.18646211646470903,0.2223596713334196
crossing,100,400,4.0,0.05,0.9,214,dkw,1.0,1.0,1.0,0.0,0.0,0.0,0.0,0.017133404700911084,0.09683427142838308,0.21804245088892465,0.2290546657998852
crossing,100,400,4.0,0.05,0.9,215,cp,1.0,1.0,1.0,0.0,0.0,0.0,0.0,0.026406988606607264,0.10910957078160166,0.18494936211870125,0.21536323054443174
crossing,100,400,4.0,0.05,0.9,215,dkw,1.0,1.0,1.0,0.0,0.0,0.0,0.0,0.02187395080632704,0.10910957078160166,0.22406545974272699,0.2531919528334152
crossing,100,400,4.0,0.05,0.9,216,cp,1.0,1.0,1.0,0.0,0.0,0.0,0.0,0.020663438774500883,0.10910957078160166,0.18038117647497454,0.2100931487609709
crossing,100,400,4.0,0.05,0.9,216,dkw,1.0,1.0,1.0,0.0,0.0,0.0,0.0,0.020544172889218303,0.10910957078160166,0.2042246693030354,0.23031047658411463
crossing,100,400,4.0,0.05,0.9,217,cp,1.0,1.0,1.0,0.0,0.0,0.0,0.0,0.008522231445472645,0.06948618691543856,0.1983492572887957,0.22911347899334944
crossing,100,400,4.0,0.05,0.9,217,dkw,1.0,1.0,1.0,0.0,0.0,0.0,0.0,0.00894086824706746,0.06948618691543856,0.22684810408040257,0.24862081173205314
crossing,100,400,4.0,0.05,0.9,218,cp,1.0,1.0,1.0,0.0,0.0,0.0,0.0,0.00789663769230715,0.05878190040811415,0.2051132754600532,0.24068451078208652
crossing,100,400,4.0,0.05,0.9,218,dkw,1.0,1.0,1.0,0.0,0.0,0.0,0.0,0.013009269796157233,0.08316548437573729,0.24383039994436984,0.27400013978652177
crossing,100,400,4.0,0.05,0.9,219,cp,1.0,1.0,1.0,0.0,0.0,0.0,0.0,0.014203532017632324,0.08316548437573729,0.18507996501530305,0.20884716807528103
crossing,100,400,4.0,0.05,0.9,219,dkw,1.0,1.0,1.0,0.0,0.0,0.0,0.0,0.014084266132349744,0.08316548437573729,0.21324313871739795,0.22776454903411836
crossing,100,400,4.0,0.05,0.9,220,cp,1.0,1.0,1.0,0.0,0.0,0.0,0.0,0.01696848209902927,0.09683427142838308,0.1859129466605386,0.2116814725449574
crossing,100,400,4.0,0.05,0.9,220,dkw,1.0,1.0,1.0,0.0,0.0,0.0,0.0,0.02107565533377958,0.10910957078160166,0.2170528531782777,0.24497144005192317
crossing,100,400,4.0,0.05,0.9,221,cp,1.0,1.0,1.0,0.0,0.0,0.0,0.0,0.027853379301838656,0.12023074069810574,0.1753341709487821,0.20448133182313855
crossing,100,400,4.0,0.05,0.9,221,dkw,1.0,1.0,1.0,0.0,0.0,0.0,0.0,0.026894073568345406,0.12023074069810574,0.21268872039974174,0.23032571075350372
crossing,100,400,4.0,0.05,0.9,222,cp,1.0,1.0,1.0,0.0,0.0,0.0,0.0,0.013664485507923258,0.06948618691543856,0.20176376594613374,0.2195633481537358
crossing,100,400,4.0,0.05,0.9,222,dkw,1.0,1.0,1.0,0.0,0.0,0.0,0.0,0.015853016892970723,0.08316548437573729,0.24003080323060527,0.2719959350684316
crossing,100,400,4.0,0.05,0.9,223,cp,1.0,1.0,1.0,0.0,0.0,0.0,0.0,0.015222920747976949,0.08316548437573729,0.19347329993457993,0.22520745272550846
crossing,100,400,4.0,0.05,0.9,223,dkw,1.0,1.0,1.0,0.0,0.0,0.0,0.0,0.0249195827846789,0.12023074069810574,0.2282876515006388,0.26638598399375496
crossing,100,400,4.0,0.05,0.9,224,cp,1.0,1.0,1.0,0.0,0.0,0.0,0.0,0.012765074794689473,0.049622241976431836,0.2131066416024867,0.24431436928089434
crossing,100,400,4.0,0.05,0.9,224,dkw,1.0,1.0,1.0,0.0,0.0,0.0,0.0,0.010763623487309814,0.049622241976431836,0.25206183228109674,0.27556237498739544
crossing,100,400,4.0,0.05,0.9,225,cp,1.0,1.0,1.0,0.0,0.0,0.0,0.0,0.014203532017632324,0.08316548437573729,0.18557929792837854,0.20953312727088547
crossing,100,400,4.0,0.05,0.9,225,dkw,1.0,1.0,1.0,0.0,0.0,0.0,0.0,0.014084266132349744,0.08316548437573729,0.2242161770385775,0.23712038255454165
crossing,100,400,4.0,0.05,0.9,226,cp,1.0,1.0,1.0,0.0,0.0,0.0,0.0,0.017721248071759656,0.09683427142838308,0.17648652300283324,0.20240895531179182
crossing,100,400,4.0,0.05,0.9,226,dkw,1.0,1.0,1.0,0.0,0.0,0.0,0.0,0.016873696236347584,0.09683427142838308,0.2060088420569859,0.22126019974552258
crossing,100,400,4.0,0.05,0.9,227,cp,1.0,1.0,1.0,0.0,0.0,0.0,0.0,0.006959716242997378,0.05878190040811415,0.18952191091761023,0.22671587016861933
crossing,100,400,4.0,0.05,0.9,227,dkw,1.0,1.0,1.0,0.0,0.0,0.0,0.0,0.00935143038522053,0.06948618691543856,0.22314216456384045,0.2600072485552454
crossing,100,400,4.0,0.05,0.9,228,cp,1.0,1.0,1.0,0.0,0.0,0.0,0.0,0.02328321440535697,0.10910957078160166,0.1687764031906711,0.20737082704656778
crossing,100,400,4.0,0.05,0.9,228,dkw,1.0,1.0,1.0,0.0,0.0,0.0,0.0,0.026894073568345406,0.12023074069810574,0.1987879873523842,0.24318194124749998
crossing,100,400,4.0,0.05,0.9,229,cp,1.0,1.0,1.0,0.0,0.0,0.0,0.0,0.03370001311998354,0.10910957078160166,0.17613905345900402,0.20909546943202473
crossing,100,400,4.0,0.05,0.9,229,dkw,1.0,1.0,1.0,0.0,0.0,0.0,0.0,0.020544172889218303,0.10910957078160166,0.20643583546679029,0.22598360833414854
crossing,100,400,4.0,0.05,0.9,230,cp,1.0,1.0,1.0,0.0,0.0,0.0,0.0,0.023721010424936493,0.08316548437573729,0.18908684080442242,0.21666016866194326
crossing,100,400,4.0,0.05,0.9,230,dkw,1.0,1.0,1.0,0.0,0.0,0.0,0.0,0.018473742392366325,0.09683427142838308,0.22023685946309368,0.23919604103617742
crossing,100,400,4.0,0.05,0.9,231,cp,1.0,1.0,1.0,0.0,0.0,0.0,0.0,0.032411201265876856,0.09683427142838308,0.17982459639475742,0.2202861370783764
crossing,100,400,4.0,0.05,0.9,231,dkw,1.0,1.0,1.0,0.0,0.0,0.0,0.0,0.022013404505645894,0.09683427142838308,0.20680875708259236,0.23213097587944675
crossing,100,400,4.0,0.05,0.9,232,cp,1.0,1.0,1.0,0.0,0.0,0.0,0.0,0.010650364022203035,0.06948618691543856,0.1980327730405231,0.21968584630595378
crossing,100,400,4.0,0.05,0.9,232,dkw,1.0,1.0,1.0,0.0,0.0,0.0,0.0,0.02152655335461042,0.10910957078160166,0.22871514619030184,0.2640177417097451
crossing,100,400,4.0,0.05,0.9,233,cp,1.0,1.0,1.0,0.0,0.0,0.0,0.0,0.008581582603859755,0.05878190040811415,0.186165786539037,0.21734756275316913
crossing,100,400,4.0,0.05,0.9,233,dkw,1.0,1.0,1.0,0.0,0.0,0.0,0.0,0.011333345458492208,0.06948618691543856,0.22365557300776126,0.27398367650128197
crossing,100,400,4.0,0.05,0.9,234,cp,1.0,1.0,1.0,0.0,0.0,0.0,0.0,0.02165472652597349,0.10910957078160166,0.1863039050557105,0.2159231646919999
crossing,100,400,4.0,0.05,0.9,234,dkw,1.0,1.0,1.0,0.0,0.0,0.0,0.0,0.02124357798348252,0.10910957078160166,0.21537180583984866,0.24211250667559558
crossing,100,400,4.0,0.05,0.9,235,cp,1.0,1.0,1.0,0.0,0.0,0.0,0.0,0.010036169971215607,0.06948618691543856,0.19849897419660906,0.2369909644159398
crossing,100,400,4.0,0.05,0.9,235,dkw,1.0,1.0,1.0,0.0,0.0,0.0,0.0,0.01206755057907619,0.08316548437573729,0.2354101284619079,0.2642824664043547
crossing,100,400,4.0,0.05,0.9,236,cp,1.0,1.0,1.0,0.0,0.0,0.0,0.0,0.01629905594323682,0.09683427142838308,0.19194716986753435,0.21561089802903793
crossing,100,400,4.0,0.05,0.9,236,dkw,1.0,1.0,1.0,0.0,0.0,0.0,0.0,0.020748454817002354,0.10910957078160166,0.22353611669858992,0.25326820562325003
crossing,100,400,4.0,0.05,0.9,237,cp,1.0,1.0,1.0,0.0,0.0,0.0,0.0,0.01744728022442619,0.09683427142838308,0.19175445693066742,0.21966135358786332
crossing,100,400,4.0,0.05,0.9,237,dkw,1.0,1.0,1.0,0.0,0.0,0.0,0.0,0.020003796870720424,0.09683427142838308,0.22242702971939238,0.2395333452156686
crossing,100,400,4.0,0.05,0.9,238,cp,1.0,1.0,1.0,0.0,0.0,0.0,0.0,0.0296719273820566,0.10910957078160166,0.18142884755997468,0.2222958237509972
crossing,100,400,4.0,0.05,0.9,238,dkw,1.0,1.0,1.0,0.0,0.0,0.0,0.0,0.026894073568345406,0.12023074069810574,0.21967703445907033,0.24156282022517556
crossing,100,400,4.0,0.05,0.9,239,cp,1.0,1.0,1.0,0.0,0.0,0.0,0.0,0.022971573350120154,0.10910957078160166,0.17719181194151157,0.21126052575809617
crossing,100,400,4.0,0.05,0.9,239,dkw,1.0,1.0,1.0,0.0,0.0,0.0,0.0,0.026894073568345406,0.12023074069810574,0.21703543251496904,0.25885090670949124
crossing,100,400,4.0,0.05,0.9,240,cp,1.0,1.0,1.0,0.0,0.0,0.0,0.0,0.002575213835740284,0.022168235242474355,0.21454260576861364,0.23366732009675517
crossing,100,400,4.0,0.05,0.9,240,dkw,1.0,1.0,1.0,0.0,0.0,0.0,0.0,0.006680034896413573,0.05878190040811415,0.2573618498099578,0.30716036641870437
crossing,100,400,4.0,0.05,0.9,241,cp,1.0,1.0,1.0,0.0,0.0,0.0,0.0,0.009591368905081108,0.05878190040811415,0.19210901670070377,0.22565465196184842
crossing,100,400,4.0,0.05,0.9,241,dkw,1.0,1.0,1.0,0.0,0.0,0.0,0.0,0.013065783094644411,0.08316548437573729,0.22518761862112982,0.26537138765572327
crossing,100,400,4.0,0.05,0.9,242,cp,1.0,1.0,1.0,0.0,0.0,0.0,0.0,0.018838368739188094,0.09683427142838308,0.1983471944306271,0.2270604438897592
crossing,100,400,4.0,0.05,0.9,242,dkw,1.0,1.0,1.0,0.0,0.0,0.0,0.0,0.02204961840282392,0.09683427142838308,0.22950651598277066,0.24743261432935892
crossing,100,400,4.0,0.05,0.9,243,cp,1.0,1.0,1.0,0.0,0.0,0.0,0.0,0.015222920747976949,0.08316548437573729,0.1929763821248077,0.22118852449759013
crossing,100,400,4.0,0.05,0.9,243,dkw,1.0,1.0,1.0,0.0,0.0,0.0,0.0,0.0249195827846789,0.12023074069810574,0.22650875651038344,0.26349470021707616
crossing,100,400,4.0,0.05,0.9,244,cp,1.0,1.0,1.0,0.0,0.0,0.0,0.0,0.01656977351304953,0.09683427142838308,0.19047329768762428,0.2305444716060681
crossing,100,400,4.0,0.05,0.9,244,dkw,1.0,1.0,1.0,0.0,0.0,0.0,0.0,0.02022961904203725,0.10910957078160166,0.21782632865517215,0.24294253730885423
crossing,100,400,4.0,0.05,0.9,245,cp,1.0,1.0,1.0,0.0,0.0,0.0,0.0,0.02208484394042118,0.10910957078160166,0.18155190831454548,0.21697205346397513
crossing,100,400,4.0,0.05,0.9,245,dkw,1.0,1.0,1.0,0.0,0.0,0.0,0.0,0.026894073568345406,0.12023074069810574,0.2144897676849283,0.25426713509610105
crossing,100,400,4.0,0.05,0.9,246,cp,1.0,1.0,1.0,0.0,0.0,0.0,0.0,0.019017675803356462,0.09683427142838308,0.19992363403183805,0.22934869506771383
crossing,100,400,4.0,0.05,0.9,246,dkw,1.0,1.0,1.0,0.0,0.0,0.0,0.0,0.019392500133228227,0.09683427142838308,0.22403853912476826,0.23844827141107272
crossing,100,400,4.0,0.05,0.9,247,cp,1.0,1.0,1.0,0.0,0.0,0.0,0.0,0.009679204920053641,0.06948618691543856,0.1882302454980785,0.22124785224741927
crossing,100,400,4.0,0.05,0.9,247,dkw,1.0,1.0,1.0,0.0,0.0,0.0,0.0,0.013811272814401233,0.08316548437573729,0.2128276575980504,0.23292685829300885
crossing,100,400,4.0,0.05,0.9,248,cp,1.0,1.0,1.0,0.0,0.0,0.0,0.0,0.015841295050929332,0.08316548437573729,0.18583449744493344,0.21454875370578608
crossing,100,400,4.0,0.05,0.9,248,dkw,1.0,1.0,1.0,0.0,0.0,0.0,0.0,0.026894073568345406,0.12023074069810574,0.22944702841572956,0.2667034647631678
crossing,100,400,4.0,0.05,0.9,249,cp,1.0,1.0,1.0,0.0,0.0,0.0,0.0,0.014750849693411831,0.08316548437573729,0.19328496105242948,0.22259542680159833
crossing,100,400,4.0,0.05,0.9,249,dkw,1.0,1.0,1.0,0.0,0.0,0.0,0.0,0.021098559850556954,0.10910957078160166,0.2221097805072149,0.25813834341912445
crossing,100,400,4.0,0.05,0.9,250,cp,1.0,1.0,1.0,0.0,0.0,0.0,0.0,0.02124357798348252,0.10910957078160166,0.18634599784957562,0.2183287944867286
crossing,100,400,4.0,0.05,0.9,250,dkw,1.0,1.0,1.0,0.0,0.0,0.0,0.0,0.021098559850556954,0.10910957078160166,0.21121779765452187,0.23032571075350372
crossing,100,400,4.0,0.05,0.9,251,cp,1.0,1.0,1.0,0.0,0.0,0.0,0.0,0.015871069492518472,0.06948618691543856,0.20091507126529462,0.23700989733589872
crossing,100,400,4.0,0.05,0.9,251,dkw,1.0,1.0,1.0,0.0,0.0,0.0,0.0,0.012267487622096951,0.08316548437573729,0.22933326133344717,0.2528378741219554
crossing,100,400,4.0,0.05,0.9,252,cp,1.0,1.0,1.0,0.0,0.0,0.0,0.0,0.03249343631280363,0.12023074069810574,0.18338430371107084,0.20290951986272338
crossing,100,400,4.0,0.05,0.9,252,dkw,1.0,1.0,1.0,0.0,0.0,0.0,0.0,0.02187395080632704,0.10910957078160166,0.22639503352294527,0.2500626096784191
crossing,100,400,4.0,0.05,0.9,253,cp,1.0,1.0,1.0,0.0,0.0,0.0,0.0,0.011038791230111446,0.06948618691543856,0.19096274407580144,0.2275156809644257
crossing,100,400,4.0,0.05,0.9,253,dkw,1.0,1.0,1.0,0.0,0.0,0.0,0.0,0.01586523621077318,0.09683427142838308,0.2249346242243343,0.2635614138858976
crossing,100,400,4.0,0.05,0.9,254,cp,1.0,1.0,1.0,0.0,0.0,0.0,0.0,0.011151459194298911,0.06948618691543856,0.19124242174325815,0.21160519293389624
crossing,100,400,4.0,0.05,0.9,254,dkw,1.0,1.0,1.0,0.0,0.0,0.0,0.0,0.014203532017632324,0.08316548437573729,0.2306197900477843,0.26952112347360546
crossing,100,400,4.0,0.05,0.9,255,cp,1.0,1.0,1.0,0.0,0.0,0.0,0.0,0.01891724908724457,0.09683427142838308,0.18726314880347075,0.20909863220764624
crossing,100,400,4.0,0.05,0.9,255,dkw,1.0,1.0,1.0,0.0,0.0,0.0,0.0,0.018473742392366325,0.09683427142838308,0.21977077811888324,0.2398858826684359
crossing,100,400,4.0,0.05,0.9,256,cp,1.0,1.0,1.0,0.0,0.0,0.0,0.0,0.017133404700911084,0.09683427142838308,0.19629896661755833,0.22716054976696787
crossing,100,400,4.0,0.05,0.9,256,dkw,1.0,1.0,1.0,0.0,0.0,0.0,0.0,0.017133404700911084,0.09683427142838308,0.23444406901806886,0.2601105679497385
crossing,100,400,4.0,0.05,0.9,257,cp,1.0,1.0,1.0,0.0,0.0,0.0,0.0,0.006471265672713655,0.05878190040811415,0.1974419280095092,0.2303963268249014
crossing,100,400,4.0,0.05,0.9,257,dkw,1.0,1.0,1.0,0.0,0.0,0.0,0.0,0.00732245397150618,0.05878190040811415,0.2366030940960565,0.27160211806495355
crossing,100,400,4.0,0.05,0.9,258,cp,1.0,1.0,1.0,0.0,0.0,0.0,0.0,0.009841174061965765,0.06948618691543856,0.19453085235493575,0.22605300302967268
crossing,100,400,4.0,0.05,0.9,258,dkw,1.0,1.0,1.0,0.0,0.0,0.0,0.0,0.01436743948981777,0.08316548437573729,0.22668524027703824,0.25998248025045817
crossing,100,400,4.0,0.05,0.9,259,cp,1.0,1.0,1.0,0.0,0.0,0.0,0.0,0.026425801447630425,0.08316548437573729,0.20014952468181882,0.23345185626320952
crossing,100,400,4.0,0.05,0.9,259,dkw,1.0,1.0,1.0,0.0,0.0,0.0,0.0,0.023630448356024614,0.08316548437573729,0.2296139580888116,0.24458288388713828
crossing,100,400,4.0,0.05,0.9,260,cp,1.0,1.0,1.0,0.0,0.0,0.0,0.0,0.015414044049458479,0.08316548437573729,0.182249135344685,0.20014607447389954
crossing,100,400,4.0,0.05,0.9,260,dkw,1.0,1.0,1.0,0.0,0.0,0.0,0.0,0.01448612708494394,0.08316548437573729,0.22189183484492772,0.25393961603904264
crossing,100,400,4.0,0.05,0.9,261,cp,1.0,1.0,1.0,0.0,0.0,0.0,0.0,0.02254562419659796,0.10910957078160166,0.18922715564425988,0.22291819960627446
crossing,100,400,4.0,0.05,0.9,261,dkw,1.0,1.0,1.0,0.0,0.0,0.0,0.0,0.02107565533377958,0.10910957078160166,0.21379730996841306,0.23480375693262034
crossing,100,400,4.0,0.05,0.9,262,cp,1.0,1.0,1.0,0.0,0.0,0.0,0.0,0.013016370458749956,0.06948618691543856,0.1939867508933252,0.2257107757622322
crossing,100,400,4.0,0.05,0.9,262,dkw,1.0,1.0,1.0,0.0,0.0,0.0,0.0,0.0209460338418125,0.10910957078160166,0.22712305016926468,0.2688609717388798
crossing,100,400,4.0,0.05,0.9,263,cp,1.0,1.0,1.0,0.0,0.0,0.0,0.0,0.012247531463975045,0.05878190040811415,0.2102064938429063,0.23198414628388297
crossing,100,400,4.0,0.05,0.9,263,dkw,1.0,1.0,1.0,0.0,0.0,0.0,0.0,0.018927520314408718,0.06948618691543856,0.24170958460029643,0.2665914707316475
crossing,100,400,4.0,0.05,0.9,264,cp,1.0,1.0,1.0,0.0,0.0,0.0,0.0,0.014025088828137662,0.08316548437573729,0.18854675367985474,0.22692138891215247
crossing,100,400,4.0,0.05,0.9,264,dkw,1.0,1.0,1.0,0.0,0.0,0.0,0.0,0.01704116429413058,0.09683427142838308,0.21733506541157666,0.24515345373488823
crossing,100,400,4.0,0.05,0.9,265,cp,1.0,1.0,1.0,0.0,0.0,0.0,0.0,0.009816703833389576,0.06948618691543856,0.19999204998015,0.2220371079824366
crossing,100,400,4.0,0.05,0.9,265,dkw,1.0,1.0,1.0,0.0,0.0,0.0,0.0,0.016915797779864912,0.09683427142838308,0.23856789578208645,0.2691499271041291
crossing,100,400,4.0,0.05,0.9,266,cp,1.0,1.0,1.0,0.0,0.0,0.0,0.0,0.02576986719439795,0.08316548437573729,0.19057585366892182,0.23455630706108477
crossing,100,400,4.0,0.05,0.9,266,dkw,1.0,1.0,1.0,0.0,0.0,0.0,0.0,0.015939024780251675,0.09683427142838308,0.22226430291677443,0.24397769233081407
crossing,100,400,4.0,0.05,0.9,267,cp,1.0,1.0,1.0,0.0,0.0,0.0,0.0,0.030573193831105905,0.12023074069810574,0.18676515659301482,0.21235659210833108
crossing,100,400,4.0,0.05,0.9,267,dkw,1.0,1.0,1.0,0.0,0.0,0.0,0.0,0.0209460338418125,0.10910957078160166,0.22153210030679776,0.24915203097401162
crossing,100,400,4.0,0.05,0.9,268,cp,1.0,1.0,1.0,0.0,0.0,0.0,0.0,0.014615748576911019,0.08316548437573729,0.19022578796571954,0.21114106294566448
crossing,100,400,4.0,0.05,0.9,268,dkw,1.0,1.0,1.0,0.0,0.0,0.0,0.0,0.017172265223205255,0.08316548437573729,0.2246942009679172,0.24825342580719573
crossing,100,400,4.0,0.05,0.9,269,cp,1.0,1.0,1.0,0.0,0.0,0.0,0.0,0.02328321440535697,0.10910957078160166,0.1767620718569455,0.2017719939928494
crossing,100,400,4.0,0.05,0.9,269,dkw,1.0,1.0,1.0,0.0,0.0,0.0,0.0,0.02187395080632704,0.10910957078160166,0.208791071103091,0.22579034163676448
crossing,100,400,4.0,0.05,0.9,270,cp,1.0,1.0,1.0,0.0,0.0,0.0,0.0,0.008327412811187934,0.06948618691543856,0.19832683575132282,0.22637798383745522
crossing,100,400,4.0,0.05,0.9,270,dkw,1.0,1.0,1.0,0.0,0.0,0.0,0.0,0.013288799666211033,0.08316548437573729,0.23045062194968685,0.2442663044021966
crossing,100,400,4.0,0.05,0.9,271,cp,1.0,1.0,1.0,0.0,0.0,0.0,0.0,0.01094979887860821,0.06948618691543856,0.19693578207161508,0.21377872067910952
crossing,100,400,4.0,0.05,0.9,271,dkw,1.0,1.0,1.0,0.0,0.0,0.0,0.0,0.015066646597741862,0.08316548437573729,0.23676110717727752,0.26736024003036357
crossing,100,400,4.0,0.05,0.9,272,cp,1.0,1.0,1.0,0.0,0.0,0.0,0.0,0.01682330764848841,0.08316548437573729,0.17643838318230343,0.20785248051314442
crossing,100,400,4.0,0.05,0.9,272,dkw,1.0,1.0,1.0,0.0,0.0,0.0,0.0,0.014889716424244486,0.08316548437573729,0.21565387247529474,0.2421314712111025
crossing,100,400,4.0,0.05,0.9,273,cp,1.0,1.0,1.0,0.0,0.0,0.0,0.0,0.0040306071984643425,0.028545808724175337,0.20925516254793497,0.23343335583290026
crossing,100,400,4.0,0.05,0.9,273,dkw,1.0,1.0,1.0,0.0,0.0,0.0,0.0,0.0068245635943681516,0.05878190040811415,0.25534614468387457,0.3044079530888519
crossing,100,400,4.0,0.05,0.9,274,cp,1.0,1.0,1.0,0.0,0.0,0.0,0.0,0.01774130863629226,0.045523681005445404,0.20863253181183392,0.23492584196373878
crossing,100,400,4.0,0.05,0.9,274,dkw,1.0,1.0,1.0,0.0,0.0,0.0,0.0,0.02275914029908177,0.06948618691543856,0.2507912298513599,0.2825635596481048
crossing,100,400,4.0,0.05,0.9,275,cp,1.0,1.0,1.0,0.0,0.0,0.0,0.0,0.01629905594323682,0.09683427142838308,0.1879376042271902,0.2161907468892061
crossing,100,400,4.0,0.05,0.9,275,dkw,1.0,1.0,1.0,0.0,0.0,0.0,0.0,0.020748454817002354,0.10910957078160166,0.2138598105013851,0.23117650988352278
crossing,100,400,4.0,0.05,0.9,276,cp,1.0,1.0,1.0,0.0,0.0,0.0,0.0,0.026214776753318878,0.12023074069810574,0.1821642638978172,0.21458973232117023
crossing,100,400,4.0,0.05,0.9,276,dkw,1.0,1.0,1.0,0.0,0.0,0.0,0.0,0.02072680956145895,0.10910957078160166,0.2108763076324055,0.23828007366661608
crossing,100,400,4.0,0.05,0.9,277,cp,1.0,1.0,1.0,0.0,0.0,0.0,0.0,0.013161692808012168,0.08316548437573729,0.1937569972730075,0.21287049968704058
crossing,100,400,4.0,0.05,0.9,277,dkw,1.0,1.0,1.0,0.0,0.0,0.0,0.0,0.014084266132349744,0.08316548437573729,0.2246561292383836,0.2518629154517806
crossing,100,400,4.0,0.05,0.9,278,cp,1.0,1.0,1.0,0.0,0.0,0.0,0.0,0.011693903634018349,0.08316548437573729,0.19450146563532658,0.2259471800438494
crossing,100,400,4.0,0.05,0.9,278,dkw,1.0,1.0,1.0,0.0,0.0,0.0,0.0,0.016199431653853496,0.09683427142838308,0.22192704795766083,0.24558384417191736
crossing,100,400,4.0,0.05,0.9,279,cp,1.0,1.0,1.0,0.0,0.0,0.0,0.0,0.0178797867280753,0.09683427142838308,0.20438733070320736,0.23414892906302004
crossing,100,400,4.0,0.05,0.9,279,dkw,1.0,1.0,1.0,0.0,0.0,0.0,0.0,0.018691093746113982,0.09683427142838308,0.22875761376890721,0.2460038850808398
crossing,100,400,4.0,0.05,0.9,280,cp,1.0,1.0,1.0,0.0,0.0,0.0,0.0,0.0209460338418125,0.10910957078160166,0.18710622834743706,0.21026717789827531
crossing,100,400,4.0,0.05,0.9,280,dkw,1.0,1.0,1.0,0.0,0.0,0.0,0.0,0.020462199897900053,0.10910957078160166,0.21534645188634285,0.23958860704511875
crossing,100,400,4.0,0.05,0.9,281,cp,1.0,1.0,1.0,0.0,0.0,0.0,0.0,0.007885646965807847,0.045523681005445404,0.19669335799914528,0.23050266233802952
crossing,100,400,4.0,0.05,0.9,281,dkw,1.0,1.0,1.0,0.0,0.0,0.0,0.0,0.01731765873245911,0.09683427142838308,0.2457610390683802,0.30139596834395965
crossing,100,400,4.0,0.05,0.9,282,cp,1.0,1.0,1.0,0.0,0.0,0.0,0.0,0.013841522040805774,0.06948618691543856,0.1999379241829803,0.22208875505968162
crossing,100,400,4.0,0.05,0.9,282,dkw,1.0,1.0,1.0,0.0,0.0,0.0,0.0,0.0182060661441368,0.08316548437573729,0.2304594329355677,0.2457797310291847
crossing,100,400,4.0,0.05,0.9,283,cp,1.0,1.0,1.0,0.0,0.0,0.0,0.0,0.020477630160880108,0.10910957078160166,0.19245202073369833,0.21899849004645777
crossing,100,400,4.0,0.05,0.9,283,dkw,1.0,1.0,1.0,0.0,0.0,0.0,0.0,0.02027755956601526,0.10910957078160166,0.2220370578523102,0.25139183163129175
crossing,100,400,4.0,0.05,0.9,284,cp,1.0,1.0,1.0,0.0,0.0,0.0,0.0,0.014285926448040444,0.08316548437573729,0.18568408120735586,0.2121462593634576
crossing,100,400,4.0,0.05,0.9,284,dkw,1.0,1.0,1.0,0.0,0.0,0.0,0.0,0.016873696236347584,0.09683427142838308,0.2229636611184485,0.25815823698033324
crossing,100,400,4.0,0.05,0.9,285,cp,1.0,1.0,1.0,0.0,0.0,0.0,0.0,0.01104082011478828,0.06948618691543856,0.1877711912096742,0.21810356618032056
crossing,100,400,4.0,0.05,0.9,285,dkw,1.0,1.0,1.0,0.0,0.0,0.0,0.0,0.010816577036468634,0.06948618691543856,0.22257385114931327,0.2529612403529668
crossing,100,400,4.0,0.05,0.9,286,cp,1.0,1.0,1.0,0.0,0.0,0.0,0.0,0.013065783094644411,0.08316548437573729,0.18927705999204683,0.2271450542626559
crossing,100,400,4.0,0.05,0.9,286,dkw,1.0,1.0,1.0,0.0,0.0,0.0,0.0,0.015703868781973274,0.09683427142838308,0.2248936533220277,0.2525016690329297
crossing,100,400,4.0,0.05,0.9,287,cp,1.0,1.0,1.0,0.0,0.0,0.0,0.0,0.019318059255711104,0.09683427142838308,0.18270949241740841,0.21244393995800515
crossing,100,400,4.0,0.05,0.9,287,dkw,1.0,1.0,1.0,0.0,0.0,0.0,0.0,0.017721248071759656,0.09683427142838308,0.2211267444835377,0.2511038127498322
crossing,100,400,4.0,0.05,0.9,288,cp,0.0,1.0,1.0,0.0,0.0,0.0,0.0,0.004854187693763874,0.028545808724175337,0.20551284353308233,0.21891618808264512
crossing,100,400,4.0,0.05,0.9,288,dkw,1.0,1.0,1.0,0.0,0.0,0.0,0.0,0.020462199897900053,0.10910957078160166,0.23696598864700547,0.2649590985079677
crossing,100,400,4.0,0.05,0.9,289,cp,1.0,1.0,1.0,0.0,0.0,0.0,0.0,0.016873696236347584,0.09683427142838308,0.19234197934296757,0.21248597261321378
crossing,100,400,4.0,0.05,0.9,289,dkw,1.0,1.0,1.0,0.0,0.0,0.0,0.0,0.01744728022442619,0.09683427142838308,0.22142973655366802,0.24694102467286483
crossing,100,400,4.0,0.05,0.9,290,cp,1.0,1.0,1.0,0.0,0.0,0.0,0.0,0.009146073163192879,0.05878190040811415,0.1927876344588161,0.22655958960183642
crossing,100,400,4.0,0.05,0.9,290,dkw,1.0,1.0,1.0,0.0,0.0,0.0,0.0,0.016939153951779737,0.09683427142838308,0.23582119833408516,0.2835391902180555
crossing,100,400,4.0,0.05,0.9,291,cp,1.0,1.0,1.0,0.0,0.0,0.0,0.0,0.025321443737273092,0.12023074069810574,0.186727288641073,0.21471036124451887
crossing,100,400,4.0,0.05,0.9,291,dkw,1.0,1.0,1.0,0.0,0.0,0.0,0.0,0.020462199897900053,0.10910957078160166,0.21670910753764372,0.24066929125052394
crossing,100,400,4.0,0.05,0.9,292,cp,1.0,1.0,1.0,0.0,0.0,0.0,0.0,0.0213035367830438,0.10910957078160166,0.18304656302330435,0.22214401909706194
crossing,100,400,4.0,0.05,0.9,292,dkw,1.0,1.0,1.0,0.0,0.0,0.0,0.0,0.025321443737273092,0.12023074069810574,0.20695121459901397,0.23411560392011116
crossing,100,400,4.0,0.05,0.9,293,cp,1.0,1.0,1.0,0.0,0.0,0.0,0.0,0.012139920083249258,0.05878190040811415,0.2080312926898284,0.23392873672377035
crossing,100,400,4.0,0.05,0.9,293,dkw,1.0,1.0,1.0,0.0,0.0,0.0,0.0,0.012052689001898282,0.05878190040811415,0.23607253973767173,0.2594756260927664
crossing,100,400,4.0,0.05,0.9,294,cp,1.0,1.0,1.0,0.0,0.0,0.0,0.0,0.013956290947326803,0.08316548437573729,0.19057341295203872,0.2246520315851055
crossing,100,400,4.0,0.05,0.9,294,dkw,1.0,1.0,1.0,0.0,0.0,0.0,0.0,0.016479059344501463,0.09683427142838308,0.21402286636850676,0.23469212118176008
crossing,100,400,4.0,0.05,0.9,295,cp,1.0,1.0,1.0,0.0,0.0,0.0,0.0,0.027607047534675244,0.10910957078160166,0.17985258284700284,0.20659336713786924
crossing,100,400,4.0,0.05,0.9,295,dkw,1.0,1.0,1.0,0.0,0.0,0.0,0.0,0.02328321440535697,0.10910957078160166,0.21189455807943136,0.23887330225000658
crossing,100,400,4.0,0.05,0.9,296,cp,1.0,1.0,1.0,0.0,0.0,0.0,0.0,0.008937698282272095,0.06948618691543856,0.1938594531682547,0.2214742587941012
crossing,100,400,4.0,0.05,0.9,296,dkw,1.0,1.0,1.0,0.0,0.0,0.0,0.0,0.010247289992261372,0.06948618691543856,0.22693987822665515,0.2510060011092947
crossing,100,400,4.0,0.05,0.9,297,cp,1.0,1.0,1.0,0.0,0.0,0.0,0.0,0.008236702934199354,0.045523681005445404,0.20189071364702904,0.22615004211175987
crossing,100,400,4.0,0.05,0.9,297,dkw,1.0,1.0,1.0,0.0,0.0,0.0,0.0,0.016070842118576924,0.06948618691543856,0.23824019207575148,0.27740547080342204
crossing,100,400,4.0,0.05,0.9,298,cp,1.0,1.0,1.0,0.0,0.0,0.0,0.0,0.0038592390476872994,0.028545808724175337,0.2052956983923038,0.22738247015498825
crossing,100,400,4.0,0.05,0.9,298,dkw,1.0,1.0,1.0,0.0,0.0,0.0,0.0,0.01708795307452323,0.08316548437573729,0.25629201741246327,0.30630902649759767
crossing,100,400,4.0,0.05,0.9,299,cp,1.0,1.0,1.0,0.0,0.0,0.0,0.0,0.012694807128347219,0.06948618691543856,0.20632766470832237,0.23392074139545094
crossing,100,400,4.0,0.05,0.9,299,dkw,1.0,1.0,1.0,0.0,0.0,0.0,0.0,0.021490279868542767,0.08316548437573729,0.23070973724379598,0.25435841619358873
