scenario,rep,grid_points,bound,grid_max,lipschitz_correction
separated,0,25,0.4313267961803846,0.3117021680434766,0.11962462813690801
separated,0,51,0.36912198954919245,0.3117021680434766,0.05741982150571585
separated,0,101,0.34041207879633456,0.3117021680434766,0.028709910752857924
separated,0,201,0.32605712341990556,0.3117021680434766,0.014354955376428962
separated,0,401,0.3188796457316911,0.3117021680434766,0.007177477688214481
separated,0,801,0.3152909068875839,0.3117021680434766,0.0035887388441072404
separated,0,1601,0.31349653746553025,0.3117021680434766,0.0017943694220536202
separated,1,25,0.3820313133240057,0.25987498319531566,0.12215633012869005
separated,1,51,0.31851002165708686,0.25987498319531566,0.058635038461771226
separated,1,101,0.28919250242620126,0.25987498319531566,0.029317519230885613
separated,1,201,0.2745337428107585,0.25987498319531566,0.014658759615442806
separated,1,401,0.26720436300303707,0.25987498319531566,0.007329379807721403
separated,1,801,0.26353967309917636,0.25987498319531566,0.0036646899038607016
separated,1,1601,0.261707328147246,0.25987498319531566,0.0018323449519303508
separated,2,25,0.43461319425851774,0.31264583734917495,0.12196735690934281
separated,2,51,0.3711901686656595,0.31264583734917495,0.05854433131648455
separated,2,101,0.3419180030074172,0.31264583734917495,0.029272165658242276
separated,2,201,0.3272819201782961,0.31264583734917495,0.014636082829121138
separated,2,401,0.3199638787637355,0.31264583734917495,0.007318041414560569
separated,2,801,0.31630485805645525,0.31264583734917495,0.0036590207072802845
separated,2,1601,0.3144753477028151,0.31264583734917495,0.0018295103536401422
separated,3,25,0.35860651298706775,0.23942125058081365,0.11918526240625409
separated,3,51,0.2966301765358156,0.23942125058081365,0.05720892595500196
separated,3,101,0.2680257135583146,0.23942125058081365,0.02860446297750098
separated,3,201,0.25372348206956413,0.23942125058081365,0.01430223148875049
separated,3,401,0.2465723663251889,0.23942125058081365,0.007151115744375245
separated,3,801,0.24299680845300128,0.23942125058081365,0.0035755578721876225
separated,3,1601,0.24120902951690745,0.23942125058081365,0.0017877789360938113
separated,4,25,0.43534768896770154,0.31354043702737044,0.1218072519403311
separated,4,51,0.37200791795872934,0.31354043702737044,0.05846748093135892
separated,4,101,0.3427741774930499,0.31354043702737044,0.02923374046567946
separated,4,201,0.3281573072602102,0.31354043702737044,0.01461687023283973
separated,4,401,0.3208488721437903,0.31354043702737044,0.007308435116419865
separated,4,801,0.3171946545855804,0.31354043702737044,0.0036542175582099327
separated,4,1601,0.3153675458064754,0.31354043702737044,0.0018271087791049663
separated,5,25,0.40511929225503307,0.2819153756216405,0.1232039166333926
separated,5,51,0.3410532556056689,0.2819153756216405,0.059137879984028446
separated,5,101,0.3114843156136547,0.2819153756216405,0.029568939992014223
separated,5,201,0.2966998456176476,0.2819153756216405,0.014784469996007112
separated,5,401,0.28930761061964405,0.2819153756216405,0.007392234998003556
separated,5,801,0.28561149312064227,0.2819153756216405,0.003696117499001778
separated,5,1601,0.2837634343711414,0.2819153756216405,0.001848058749500889
separated,6,25,0.4302900872663517,0.3057718948117,0.12451819245465173
separated,6,51,0.3655406271899328,0.3057718948117,0.05976873237823283
separated,6,101,0.3356562610008164,0.3057718948117,0.029884366189116416
separated,6,201,0.32071407790625817,0.3057718948117,0.014942183094558208
separated,6,401,0.31324298635897907,0.3057718948117,0.007471091547279104
separated,6,801,0.3095074405853395,0.3057718948117,0.003735545773639552
separated,6,1601,0.30763966769851975,0.3057718948117,0.001867772886819776
separated,7,25,0.44070895134794286,0.31958410520036495,0.1211248461475779
separated,7,51,0.37772403135120236,0.31958410520036495,0.05813992615083739
separated,7,101,0.34865406827578366,0.31958410520036495,0.029069963075418696
separated,7,201,0.3341190867380743,0.31958410520036495,0.014534981537709348
separated,7,401,0.32685159596921964,0.31958410520036495,0.007267490768854674
separated,7,801,0.3232178505847923,0.31958410520036495,0.003633745384427337
separated,7,1601,0.3214009778925786,0.31958410520036495,0.0018168726922136685
separated,8,25,0.4445763682123167,0.3226553799703,0.12192098824201668
separated,8,51,0.38117745432646805,0.3226553799703,0.058522074356168005
separated,8,101,0.351916417148384,0.3226553799703,0.029261037178084003
separated,8,201,0.33728589855934205,0.3226553799703,0.014630518589042001
separated,8,401,0.329970639264821,0.3226553799703,0.007315259294521001
separated,8,801,0.32631300961756055,0.3226553799703,0.0036576296472605003
separated,8,1601,0.32448419479393026,0.3226553799703,0.0018288148236302502
separated,9,25,0.3939034295642993,0.2714891915533295,0.1224142380109698
separated,9,51,0.330248025798595,0.2714891915533295,0.058758834245265505
separated,9,101,0.30086860867596227,0.2714891915533295,0.029379417122632753
separated,9,201,0.28617890011464586,0.2714891915533295,0.014689708561316376
separated,9,401,0.2788340458339877,0.2714891915533295,0.007344854280658188
separated,9,801,0.2751616186936586,0.2714891915533295,0.003672427140329094
separated,9,1601,0.27332540512349407,0.2714891915533295,0.001836213570164547
separated,10,25,0.4409869023454665,0.3210145437751577,0.1199723585703088
separated,10,51,0.3786012758889059,0.3210145437751577,0.05758673211374823
separated,10,101,0.3498079098320318,0.3210145437751577,0.028793366056874114
separated,10,201,0.33541122680359475,0.3210145437751577,0.014396683028437057
separated,10,401,0.32821288528937625,0.3210145437751577,0.0071983415142185285
separated,10,801,0.32461371453226695,0.3210145437751577,0.0035991707571092642
separated,10,1601,0.3228141291537123,0.3210145437751577,0.0017995853785546321
separated,11,25,0.44967568702877686,0.3282988905044104,0.12137679652436645
separated,11,51,0.38655975283610633,0.3282988905044104,0.058260862331695897
separated,11,101,0.35742932167025837,0.3282988905044104,0.029130431165847948
separated,11,201,0.34286410608733436,0.3282988905044104,0.014565215582923974
separated,11,401,0.3355814982958724,0.3282988905044104,0.007282607791461987
separated,11,801,0.3319401944001414,0.3282988905044104,0.0036413038957309935
separated,11,1601,0.3301195424522759,0.3282988905044104,0.0018206519478654968
separated,12,25,0.3710918189787872,0.24752087550225,0.12357094347653719
separated,12,51,0.30683492837098786,0.24752087550225,0.05931405286873785
separated,12,101,0.2771779019366189,0.24752087550225,0.029657026434368926
separated,12,201,0.2623493887194345,0.24752087550225,0.014828513217184463
separated,12,401,0.25493513211084223,0.24752087550225,0.0074142566085922314
separated,12,801,0.2512280038065461,0.24752087550225,0.0037071283042961157
separated,12,1601,0.24937443965439804,0.24752087550225,0.0018535641521480579
separated,13,25,0.44498882260300254,0.32262847353851254,0.12236034906449
separated,13,51,0.38136144108946773,0.32262847353851254,0.0587329675509552
separated,13,101,0.35199495731399016,0.32262847353851254,0.0293664837754776
separated,13,201,0.3373117154262513,0.32262847353851254,0.0146832418877388
separated,13,401,0.32997009448238196,0.32262847353851254,0.0073416209438694
separated,13,801,0.3262992840104472,0.32262847353851254,0.0036708104719347
separated,13,1601,0.3244638787744799,0.32262847353851254,0.00183540523596735
separated,14,25,0.44981644076257843,0.3286344925584652,0.12118194820411321
separated,14,51,0.38680182769643956,0.3286344925584652,0.05816733513797434
separated,14,101,0.3577181601274524,0.3286344925584652,0.02908366756898717
separated,14,201,0.3431763263429588,0.3286344925584652,0.014541833784493585
separated,14,401,0.335905409450712,0.3286344925584652,0.007270916892246793
separated,14,801,0.3322699510045886,0.3286344925584652,0.0036354584461233963
separated,14,1601,0.3304522217815269,0.3286344925584652,0.0018177292230616982
separated,15,25,0.37056239600705654,0.24752087550225,0.12304152050480653
separated,15,51,0.3065808053445571,0.24752087550225,0.05905992984230713
separated,15,101,0.27705084042340355,0.24752087550225,0.029529964921153565
separated,15,201,0.2622858579628268,0.24752087550225,0.014764982460576783
separated,15,401,0.2549033667325384,0.24752087550225,0.007382491230288391
separated,15,801,0.2512121211173942,0.24752087550225,0.0036912456151441957
separated,15,1601,0.2493664983098221,0.24752087550225,0.0018456228075720978
separated,16,25,0.40696533585389527,0.2874995196934429,0.11946581616045239
separated,16,51,0.34484311145046004,0.2874995196934429,0.05734359175701715
separated,16,101,0.3161713155719515,0.2874995196934429,0.028671795878508575
separated,16,201,0.30183541763269717,0.2874995196934429,0.014335897939254287
separated,16,401,0.29466746866307003,0.2874995196934429,0.007167948969627144
separated,16,801,0.29108349417825646,0.2874995196934429,0.003583974484813572
separated,16,1601,0.2892915069358497,0.2874995196934429,0.001791987242406786
separated,17,25,0.3862770261046307,0.26188010155780794,0.12439692454682276
separated,17,51,0.3215906253402829,0.26188010155780794,0.05971052378247492
separated,17,101,0.2917353634490454,0.26188010155780794,0.02985526189123746
separated,17,201,0.27680773250342666,0.26188010155780794,0.01492763094561873
separated,17,401,0.26934391703061733,0.26188010155780794,0.007463815472809365
separated,17,801,0.26561200929421264,0.26188010155780794,0.0037319077364046825
separated,17,1601,0.26374605542601026,0.26188010155780794,0.0018659538682023412
separated,18,25,0.3319768611441106,0.21534767068662208,0.11662919045748854
separated,18,51,0.27132968210621655,0.21534767068662208,0.055982011419594496
separated,18,101,0.24333867639641932,0.21534767068662208,0.027991005709797248
separated,18,201,0.2293431735415207,0.21534767068662208,0.013995502854898624
separated,18,401,0.2223454221140714,0.21534767068662208,0.006997751427449312
separated,18,801,0.21884654640034673,0.21534767068662208,0.003498875713724656
separated,18,1601,0.2170971085434844,0.21534767068662208,0.001749437856862328
separated,19,25,0.3340846374284757,0.21780307577960167,0.11628156164887404
separated,19,51,0.27361822537106123,0.21780307577960167,0.05581514959145954
separated,19,101,0.24571065057533145,0.21780307577960167,0.02790757479572977
separated,19,201,0.23175686317746655,0.21780307577960167,0.013953787397864886
separated,19,401,0.22477996947853413,0.21780307577960167,0.006976893698932443
separated,19,801,0.2212915226290679,0.21780307577960167,0.0034884468494662214
separated,19,1601,0.21954729920433477,0.21780307577960167,0.0017442234247331107
separated,20,25,0.34956132898773207,0.23017833544748645,0.11938299354024562
separated,20,51,0.28748217234680434,0.23017833544748645,0.057303836899317895
separated,20,101,0.2588302538971454,0.23017833544748645,0.028651918449658947
separated,20,201,0.24450429467231594,0.23017833544748645,0.014325959224829474
separated,20,401,0.2373413150599012,0.23017833544748645,0.007162979612414737
separated,20,801,0.23375982525369382,0.23017833544748645,0.0035814898062073684
separated,20,1601,0.23196908035059013,0.23017833544748645,0.0017907449031036842
separated,21,25,0.3564402373672056,0.2383442758670654,0.11809596150014016
separated,21,51,0.2950303373871327,0.2383442758670654,0.05668606152006728
separated,21,101,0.26668730662709905,0.2383442758670654,0.02834303076003364
separated,21,201,0.25251579124708223,0.2383442758670654,0.01417151538001682
separated,21,401,0.24543003355707382,0.2383442758670654,0.00708575769000841
separated,21,801,0.24188715471206962,0.2383442758670654,0.003542878845004205
separated,21,1601,0.24011571528956752,0.2383442758670654,0.0017714394225021024
separated,22,25,0.4058045829424374,0.28418372870860775,0.12162085423382961
separated,22,51,0.34256173874084594,0.28418372870860775,0.05837801003223821
separated,22,101,0.31337273372472685,0.28418372870860775,0.029189005016119107
separated,22,201,0.2987782312166673,0.28418372870860775,0.014594502508059553
separated,22,401,0.29148097996263755,0.28418372870860775,0.007297251254029777
separated,22,801,0.28783235433562265,0.28418372870860775,0.0036486256270148883
separated,22,1601,0.2860080415221152,0.28418372870860775,0.0018243128135074442
separated,23,25,0.4304616229400838,0.30993089111551386,0.12053073182456991
separated,23,51,0.3677856423913074,0.30993089111551386,0.05785475127579356
separated,23,101,0.33885826675341063,0.30993089111551386,0.02892737563789678
separated,23,201,0.3243945789344623,0.30993089111551386,0.01446368781894839
separated,23,401,0.31716273502498804,0.30993089111551386,0.007231843909474195
separated,23,801,0.31354681307025095,0.30993089111551386,0.0036159219547370973
separated,23,1601,0.31173885209288243,0.30993089111551386,0.0018079609773685487
separated,24,25,0.39780439690498237,0.27984197002457556,0.11796242688040681
separated,24,51,0.33646393492717086,0.27984197002457556,0.05662196490259527
separated,24,101,0.3081529524758732,0.27984197002457556,0.028310982451297637
separated,24,201,0.29399746125022436,0.27984197002457556,0.014155491225648818
separated,24,401,0.2869197156374,0.27984197002457556,0.007077745612824409
separated,24,801,0.28338084283098774,0.27984197002457556,0.0035388728064122046
separated,24,1601,0.28161140642778165,0.27984197002457556,0.0017694364032061023
separated,25,25,0.4119440846424861,0.2883300884958284,0.12361399614665768
separated,25,51,0.3476648066462241,0.2883300884958284,0.059334718150395684
separated,25,101,0.31799744757102627,0.2883300884958284,0.029667359075197842
separated,25,201,0.3031637680334273,0.2883300884958284,0.014833679537598921
separated,25,401,0.2957469282646279,0.2883300884958284,0.0074168397687994604
separated,25,801,0.29203850838022816,0.2883300884958284,0.0037084198843997302
separated,25,1601,0.2901842984380283,0.2883300884958284,0.0018542099421998651
separated,26,25,0.4485348765102157,0.3271580799858492,0.12137679652436645
separated,26,51,0.38541894231754514,0.3271580799858492,0.058260862331695897
separated,26,101,0.3562885111516972,0.3271580799858492,0.029130431165847948
separated,26,201,0.3417232955687732,0.3271580799858492,0.014565215582923974
separated,26,401,0.33444068777731123,0.3271580799858492,0.007282607791461987
separated,26,801,0.3307993838815802,0.3271580799858492,0.0036413038957309935
separated,26,1601,0.32897873193371474,0.3271580799858492,0.0018206519478654968
separated,27,25,0.4416063113768027,0.32346979091836703,0.11813652045843565
separated,27,51,0.38017532073841614,0.32346979091836703,0.05670552982004911
separated,27,101,0.35182255582839156,0.32346979091836703,0.028352764910024555
separated,27,201,0.3376461733733793,0.32346979091836703,0.014176382455012277
separated,27,401,0.3305579821458732,0.32346979091836703,0.007088191227506139
separated,27,801,0.3270138865321201,0.32346979091836703,0.0035440956137530693
separated,27,1601,0.32524183872524354,0.32346979091836703,0.0017720478068765347
separated,28,25,0.42275668111246284,0.3005046092341661,0.12225207187829672
separated,28,51,0.35918560373574854,0.3005046092341661,0.05868099450158242
separated,28,101,0.3298451064849573,0.3005046092341661,0.02934049725079121
separated,28,201,0.31517485785956173,0.3005046092341661,0.014670248625395605
separated,28,401,0.3078397335468639,0.3005046092341661,0.007335124312697803
separated,28,801,0.304172171390515,0.3005046092341661,0.0036675621563489014
separated,28,1601,0.30233839031234055,0.3005046092341661,0.0018337810781744507
separated,29,25,0.43179214416199485,0.31058741848467675,0.12120472567731809
separated,29,51,0.36876568680978944,0.31058741848467675,0.05817826832511268
separated,29,101,0.33967655264723307,0.31058741848467675,0.02908913416255634
separated,29,201,0.3251319855659549,0.31058741848467675,0.01454456708127817
separated,29,401,0.3178597020253158,0.31058741848467675,0.007272283540639085
separated,29,801,0.3142235602549963,0.31058741848467675,0.0036361417703195424
separated,29,1601,0.31240548936983653,0.31058741848467675,0.0018180708851597712
separated,30,25,0.40882345082503574,0.28424447001685815,0.12457898080817759
separated,30,51,0.3440423808047834,0.28424447001685815,0.05979791078792524
separated,30,101,0.3141434254108208,0.28424447001685815,0.02989895539396262
separated,30,201,0.29919394771383945,0.28424447001685815,0.01494947769698131
separated,30,401,0.2917192088653488,0.28424447001685815,0.007474738848490655
separated,30,801,0.2879818394411035,0.28424447001685815,0.0037373694242453276
separated,30,1601,0.2861131547289808,0.28424447001685815,0.0018686847121226638
separated,31,25,0.3210257110607157,0.2036561162056414,0.11736959485507432
separated,31,51,0.25999352173607704,0.2036561162056414,0.056337405530435675
separated,31,101,0.23182481897085921,0.2036561162056414,0.028168702765217837
separated,31,201,0.2177404675882503,0.2036561162056414,0.014084351382608919
separated,31,401,0.21069829189694586,0.2036561162056414,0.007042175691304459
separated,31,801,0.2071772040512936,0.2036561162056414,0.0035210878456522297
separated,31,1601,0.20541666012846752,0.2036561162056414,0.0017605439228261148
separated,32,25,0.37509879509831723,0.25438644441211855,0.12071235068619866
separated,32,51,0.3123283727414939,0.25438644441211855,0.05794192832937536
separated,32,101,0.28335740857680625,0.25438644441211855,0.02897096416468768
separated,32,201,0.2688719264944624,0.25438644441211855,0.01448548208234384
separated,32,401,0.26162918545329045,0.25438644441211855,0.00724274104117192
separated,32,801,0.2580078149327045,0.25438644441211855,0.00362137052058596
separated,32,1601,0.25619712967241154,0.25438644441211855,0.00181068526029298
separated,33,25,0.4360274488823386,0.31222429473101365,0.12380315415132492
separated,33,51,0.3716498087236496,0.31222429473101365,0.059425513992635966
separated,33,101,0.34193705172733163,0.31222429473101365,0.029712756996317983
separated,33,201,0.32708067322917267,0.31222429473101365,0.014856378498158991
separated,33,401,0.31965248398009316,0.31222429473101365,0.007428189249079496
separated,33,801,0.3159383893555534,0.31222429473101365,0.003714094624539748
separated,33,1601,0.31408134204328353,0.31222429473101365,0.001857047312269874
separated,34,25,0.4173438497822355,0.29470114160214556,0.12264270818008995
separated,34,51,0.3535696415285887,0.29470114160214556,0.05886849992644318
separated,34,101,0.32413539156536714,0.29470114160214556,0.02943424996322159
separated,34,201,0.3094182665837564,0.29470114160214556,0.014717124981610794
separated,34,401,0.30205970409295096,0.29470114160214556,0.007358562490805397
separated,34,801,0.29838042284754823,0.29470114160214556,0.0036792812454026986
separated,34,1601,0.2965407822248469,0.29470114160214556,0.0018396406227013493
separated,35,25,0.34848094381554723,0.22633669221300134,0.12214425160254588
separated,35,51,0.2849659329822234,0.22633669221300134,0.058629240769222025
separated,35,101,0.25565131259761237,0.22633669221300134,0.029314620384611013
separated,35,201,0.24099400240530686,0.22633669221300134,0.014657310192305506
separated,35,401,0.2336653473091541,0.22633669221300134,0.007328655096152753
separated,35,801,0.23000101976107773,0.22633669221300134,0.0036643275480763766
separated,35,1601,0.22816885598703954,0.22633669221300134,0.0018321637740381883
separated,36,25,0.4322895821073112,0.3091856041911668,0.12310397791614441
separated,36,51,0.36827551359091615,0.3091856041911668,0.05908990939974932
separated,36,101,0.3387305588910415,0.3091856041911668,0.02954495469987466
separated,36,201,0.3239580815411041,0.3091856041911668,0.01477247734993733
separated,36,401,0.3165718428661355,0.3091856041911668,0.007386238674968665
separated,36,801,0.31287872352865115,0.3091856041911668,0.0036931193374843325
separated,36,1601,0.31103216385990895,0.3091856041911668,0.0018465596687421662
separated,37,25,0.44776601261690285,0.327187883934819,0.12057812868208384
separated,37,51,0.38506538570221926,0.327187883934819,0.057877501767400245
separated,37,101,0.35612663481851914,0.327187883934819,0.028938750883700123
separated,37,201,0.3416572593766691,0.327187883934819,0.014469375441850061
separated,37,401,0.334422571655744,0.327187883934819,0.007234687720925031
separated,37,801,0.33080522779528154,0.327187883934819,0.0036173438604625153
separated,37,1601,0.3289965558650503,0.327187883934819,0.0018086719302312577
separated,38,25,0.43691226367310376,0.31624920779306254,0.12066305588004121
separated,38,51,0.37416747461548233,0.31624920779306254,0.05791826682241978
separated,38,101,0.3452083412042724,0.31624920779306254,0.02895913341120989
separated,38,201,0.3307287744986675,0.31624920779306254,0.014479566705604945
separated,38,401,0.323488991145865,0.31624920779306254,0.007239783352802473
separated,38,801,0.3198690994694638,0.31624920779306254,0.0036198916764012363
separated,38,1601,0.31805915363126314,0.31624920779306254,0.0018099458382006182
separated,39,25,0.44506650256341135,0.32312697684442604,0.12193952571898531
separated,39,51,0.381657949189539,0.32312697684442604,0.058530972345112946
separated,39,101,0.3523924630169825,0.32312697684442604,0.029265486172556473
separated,39,201,0.33775971993070425,0.32312697684442604,0.014632743086278236
separated,39,401,0.3304433483875652,0.32312697684442604,0.007316371543139118
separated,39,801,0.3267851626159956,0.32312697684442604,0.003658185771569559
separated,39,1601,0.3249560697302108,0.32312697684442604,0.0018290928857847796
separated,40,25,0.34827528486805087,0.22633669221300134,0.12193859265504951
separated,40,51,0.2848672166874251,0.22633669221300134,0.058530524474423765
separated,40,101,0.2556019544502132,0.22633669221300134,0.029265262237211882
separated,40,201,0.24096932333160728,0.22633669221300134,0.014632631118605941
separated,40,401,0.23365300777230433,0.22633669221300134,0.007316315559302971
separated,40,801,0.22999484999265282,0.22633669221300134,0.0036581577796514853
separated,40,1601,0.2281657711028271,0.22633669221300134,0.0018290788898257426
separated,41,25,0.41583246020197,0.2925514141686293,0.12328104603334074
separated,41,51,0.35172631626463285,0.2925514141686293,0.059174902096003554
separated,41,101,0.32213886521663104,0.2925514141686293,0.029587451048001777
separated,41,201,0.30734513969263016,0.2925514141686293,0.014793725524000888
separated,41,401,0.29994827693062975,0.2925514141686293,0.007396862762000444
separated,41,801,0.2962498455496295,0.2925514141686293,0.003698431381000222
separated,41,1601,0.2944006298591294,0.2925514141686293,0.001849215690500111
separated,42,25,0.42513086516018944,0.30159141566920533,0.12353944949098412
separated,42,51,0.3608903514248777,0.30159141566920533,0.05929893575567238
separated,42,101,0.3312408835470415,0.30159141566920533,0.02964946787783619
separated,42,201,0.3164161496081234,0.30159141566920533,0.014824733938918096
separated,42,401,0.3090037826386644,0.30159141566920533,0.007412366969459048
separated,42,801,0.30529759915393484,0.30159141566920533,0.003706183484729524
separated,42,1601,0.3034445074115701,0.30159141566920533,0.001853091742364762
separated,43,25,0.4289573059085663,0.3049304738900831,0.12402683201848319
separated,43,51,0.364463353258955,0.3049304738900831,0.05953287936887193
separated,43,101,0.3346969135745191,0.3049304738900831,0.029766439684435965
separated,43,201,0.31981369373230106,0.3049304738900831,0.014883219842217982
separated,43,401,0.3123720838111921,0.3049304738900831,0.007441609921108991
separated,43,801,0.3086512788506376,0.3049304738900831,0.0037208049605544956
separated,43,1601,0.30679087637036034,0.3049304738900831,0.0018604024802772478
separated,44,25,0.40849416506834785,0.29297935898742433,0.11551480608092352
separated,44,51,0.34842646590626764,0.29297935898742433,0.05544710691884329
separated,44,101,0.32070291244684596,0.29297935898742433,0.027723553459421645
separated,44,201,0.30684113571713517,0.29297935898742433,0.013861776729710822
separated,44,401,0.2999102473522797,0.29297935898742433,0.006930888364855411
separated,44,801,0.29644480316985206,0.29297935898742433,0.0034654441824277056
separated,44,1601,0.29471208107863817,0.29297935898742433,0.0017327220912138528
separated,45,25,0.41213366823459974,0.2903138373813291,0.12181983085327064
separated,45,51,0.348787356190899,0.2903138373813291,0.058473518809569906
separated,45,101,0.319550596786114,0.2903138373813291,0.029236759404784953
separated,45,201,0.3049322170837216,0.2903138373813291,0.014618379702392477
separated,45,401,0.2976230272325253,0.2903138373813291,0.007309189851196238
separated,45,801,0.2939684323069272,0.2903138373813291,0.003654594925598119
separated,45,1601,0.2921411348441282,0.2903138373813291,0.0018272974627990596
separated,46,25,0.44018053967157617,0.3176946744894431,0.12248586518213307
separated,46,51,0.376487889776867,0.3176946744894431,0.05879321528742388
separated,46,101,0.34709128213315504,0.3176946744894431,0.02939660764371194
separated,46,201,0.3323929783112991,0.3176946744894431,0.01469830382185597
separated,46,401,0.3250438264003711,0.3176946744894431,0.007349151910927985
separated,46,801,0.3213692504449071,0.3176946744894431,0.0036745759554639925
separated,46,1601,0.3195319624671751,0.3176946744894431,0.0018372879777319962
separated,47,25,0.44742578209686296,0.3255698650539387,0.12185591704292424
separated,47,51,0.38406070523454233,0.3255698650539387,0.05849084018060363
separated,47,101,0.35481528514424054,0.3255698650539387,0.029245420090301816
separated,47,201,0.3401925750990896,0.3255698650539387,0.014622710045150908
separated,47,401,0.33288122007651416,0.3255698650539387,0.007311355022575454
separated,47,801,0.3292255425652264,0.3255698650539387,0.003655677511287727
separated,47,1601,0.32739770380958255,0.3255698650539387,0.0018278387556438635
separated,48,25,0.36370352717799304,0.24437950287971733,0.1193240242982757
separated,48,51,0.30165503454288967,0.24437950287971733,0.057275531663172334
separated,48,101,0.2730172687113035,0.24437950287971733,0.028637765831586167
separated,48,201,0.2586983857955104,0.24437950287971733,0.014318882915793084
separated,48,401,0.25153894433761387,0.24437950287971733,0.007159441457896542
separated,48,801,0.2479592236086656,0.24437950287971733,0.003579720728948271
separated,48,1601,0.24616936324419145,0.24437950287971733,0.0017898603644741354
separated,49,25,0.39664871306112237,0.27142481234656324,0.12522390071455916
separated,49,51,0.33153228468955165,0.27142481234656324,0.06010747234298839
separated,49,101,0.30147854851805744,0.27142481234656324,0.030053736171494195
separated,49,201,0.28645168043231034,0.27142481234656324,0.015026868085747097
separated,49,401,0.27893824638943676,0.27142481234656324,0.007513434042873549
separated,49,801,0.275181529368,0.27142481234656324,0.0037567170214367744
separated,49,1601,0.2733031708572816,0.27142481234656324,0.0018783585107183872
separated,50,25,0.3773667487996189,0.2572639135013106,0.12010283529830829
separated,50,51,0.31491327444449857,0.2572639135013106,0.057649360943187976
separated,50,101,0.2860885939729046,0.2572639135013106,0.028824680471593988
separated,50,201,0.27167625373710763,0.2572639135013106,0.014412340235796994
separated,50,401,0.2644700836192091,0.2572639135013106,0.007206170117898497
separated,50,801,0.26086699856025986,0.2572639135013106,0.0036030850589492485
separated,50,1601,0.25906545603078523,0.2572639135013106,0.0018015425294746242
separated,51,25,0.43796713682485866,0.31669457196104167,0.12127256486381699
separated,51,51,0.37490540309567383,0.31669457196104167,0.05821083113463216
separated,51,101,0.3457999875283577,0.31669457196104167,0.02910541556731608
separated,51,201,0.3312472797446997,0.31669457196104167,0.01455270778365804
separated,51,401,0.3239709258528707,0.31669457196104167,0.00727635389182902
separated,51,801,0.3203327489069562,0.31669457196104167,0.00363817694591451
separated,51,1601,0.3185136604339989,0.31669457196104167,0.001819088472957255
separated,52,25,0.3611399204784046,0.2419908441970281,0.11914907628137648
separated,52,51,0.2991824008120888,0.2419908441970281,0.05719155661506071
separated,52,101,0.27058662250455845,0.2419908441970281,0.028595778307530354
separated,52,201,0.2562887333507933,0.2419908441970281,0.014297889153765177
separated,52,401,0.2491397887739107,0.2419908441970281,0.0071489445768825885
separated,52,801,0.2455653164854694,0.2419908441970281,0.0035744722884412943
separated,52,1601,0.24377808034124876,0.2419908441970281,0.0017872361442206471
separated,53,25,0.4363241556546259,0.31446564235088936,0.12185851330373654
separated,53,51,0.37295772873668287,0.31446564235088936,0.058492086385793535
separated,53,101,0.3437116855437861,0.31446564235088936,0.029246043192896767
separated,53,201,0.32908866394733777,0.31446564235088936,0.014623021596448384
separated,53,401,0.32177715314911354,0.31446564235088936,0.007311510798224192
separated,53,801,0.3181213977500015,0.31446564235088936,0.003655755399112096
separated,53,1601,0.3162935200504454,0.31446564235088936,0.001827877699556048
separated,54,25,0.40411880837049075,0.2874995196934429,0.11661928867704786
separated,54,51,0.3434767782584259,0.2874995196934429,0.05597725856498298
separated,54,101,0.31548814897593436,0.2874995196934429,0.02798862928249149
separated,54,201,0.3014938343346886,0.2874995196934429,0.013994314641245745
separated,54,401,0.2944966770140658,0.2874995196934429,0.006997157320622872
separated,54,801,0.29099809835375434,0.2874995196934429,0.003498578660311436
separated,54,1601,0.2892488090235986,0.2874995196934429,0.001749289330155718
separated,55,25,0.39794115868304536,0.275857744006045,0.12208341467700036
separated,55,51,0.3344577830510052,0.275857744006045,0.058600039044960174
separated,55,101,0.3051577635285251,0.275857744006045,0.029300019522480087
separated,55,201,0.29050775376728505,0.275857744006045,0.014650009761240044
separated,55,401,0.28318274888666506,0.275857744006045,0.007325004880620022
separated,55,801,0.27952024644635504,0.275857744006045,0.003662502440310011
separated,55,1601,0.2776889952262,0.275857744006045,0.0018312512201550054
separated,56,25,0.4372887252719718,0.31345333494829886,0.12383539032367298
separated,56,51,0.3728943223036619,0.31345333494829886,0.05944098735536303
separated,56,101,0.3431738286259804,0.31345333494829886,0.029720493677681516
separated,56,201,0.3283135817871396,0.31345333494829886,0.014860246838840758
separated,56,401,0.32088345836771925,0.31345333494829886,0.007430123419420379
separated,56,801,0.31716839665800906,0.31345333494829886,0.0037150617097101895
separated,56,1601,0.31531086580315393,0.31345333494829886,0.0018575308548550947
separated,57,25,0.3962301666194604,0.27361087509085824,0.1226192915286022
separated,57,51,0.3324681350245873,0.27361087509085824,0.058857259933729054
separated,57,101,0.30303950505772276,0.27361087509085824,0.029428629966864527
separated,57,201,0.2883251900742905,0.27361087509085824,0.014714314983432264
separated,57,401,0.28096803258257436,0.27361087509085824,0.007357157491716132
separated,57,801,0.2772894538367163,0.27361087509085824,0.003678578745858066
separated,57,1601,0.2754501644637873,0.27361087509085824,0.001839289372929033
separated,58,25,0.39735725778323383,0.2725024016252787,0.12485485615795511
separated,58,51,0.3324327325810972,0.2725024016252787,0.05993033095581845
separated,58,101,0.30246756710318795,0.2725024016252787,0.029965165477909225
separated,58,201,0.2874849843642333,0.2725024016252787,0.014982582738954612
separated,58,401,0.279993692994756,0.2725024016252787,0.007491291369477306
separated,58,801,0.2762480473100174,0.2725024016252787,0.003745645684738653
separated,58,1601,0.27437522446764806,0.2725024016252787,0.0018728228423693265
separated,59,25,0.39962776399124755,0.2912871804689421,0.10834058352230548
separated,59,51,0.34329066055964874,0.2912871804689421,0.052003480090706634
separated,59,101,0.3172889205142954,0.2912871804689421,0.026001740045353317
separated,59,201,0.3042880504916187,0.2912871804689421,0.013000870022676659
separated,59,401,0.29778761548028043,0.2912871804689421,0.006500435011338329
separated,59,801,0.29453739797461126,0.2912871804689421,0.0032502175056691647
separated,59,1601,0.29291228922177664,0.2912871804689421,0.0016251087528345823
separated,60,25,0.440310759164322,0.3210145437751577,0.11929621538916431
separated,60,51,0.3782767271619566,0.3210145437751577,0.05726218338679887
separated,60,101,0.34964563546855715,0.3210145437751577,0.028631091693399436
separated,60,201,0.3353300896218574,0.3210145437751577,0.014315545846699718
separated,60,401,0.32817231669850755,0.3210145437751577,0.007157772923349859
separated,60,801,0.3245934302368326,0.3210145437751577,0.0035788864616749295
separated,60,1601,0.32280398700599516,0.3210145437751577,0.0017894432308374647
separated,61,25,0.3855313564427871,0.26078679548673667,0.12474456095605041
separated,61,51,0.32066418474564085,0.26078679548673667,0.0598773892589042
separated,61,101,0.29072549011618876,0.26078679548673667,0.0299386946294521
separated,61,201,0.2757561428014627,0.26078679548673667,0.01496934731472605
separated,61,401,0.2682714691440997,0.26078679548673667,0.007484673657363025
separated,61,801,0.2645291323154182,0.26078679548673667,0.0037423368286815125
separated,61,1601,0.26265796390107743,0.26078679548673667,0.0018711684143407562
separated,62,25,0.4620932584846736,0.3444142154806571,0.11767904300401649
separated,62,51,0.400900156122585,0.3444142154806571,0.05648594064192792
separated,62,101,0.37265718580162105,0.3444142154806571,0.02824297032096396
separated,62,201,0.3585357006411391,0.3444142154806571,0.01412148516048198
separated,62,401,0.35147495806089807,0.3444142154806571,0.00706074258024099
separated,62,801,0.3479445867707776,0.3444142154806571,0.003530371290120495
separated,62,1601,0.3461794011257173,0.3444142154806571,0.0017651856450602475
separated,63,25,0.39787060353926407,0.2792241930426609,0.1186464104966032
separated,63,51,0.3361744700810304,0.2792241930426609,0.05695027703836954
separated,63,101,0.30769933156184565,0.2792241930426609,0.02847513851918477
separated,63,201,0.2934617623022533,0.2792241930426609,0.014237569259592384
separated,63,401,0.2863429776724571,0.2792241930426609,0.007118784629796192
separated,63,801,0.282783585357559,0.2792241930426609,0.003559392314898096
separated,63,1601,0.28100388920010994,0.2792241930426609,0.001779696157449048
separated,64,25,0.41852994474265703,0.2970892181780934,0.1214407265645636
separated,64,51,0.35538076692908394,0.2970892181780934,0.058291548750990525
separated,64,101,0.3262349925535887,0.2970892181780934,0.029145774375495263
separated,64,201,0.31166210536584105,0.2970892181780934,0.014572887187747631
separated,64,401,0.30437566177196723,0.2970892181780934,0.007286443593873816
separated,64,801,0.30073243997503035,0.2970892181780934,0.003643221796936908
separated,64,1601,0.29891082907656186,0.2970892181780934,0.001821610898468454
separated,65,25,0.3601825538121547,0.23942125058081365,0.12076130323134106
separated,65,51,0.2973866761318574,0.23942125058081365,0.05796542555104371
separated,65,101,0.2684039633563355,0.23942125058081365,0.028982712775521856
separated,65,201,0.2539126069685746,0.23942125058081365,0.014491356387760928
separated,65,401,0.24666692877469412,0.23942125058081365,0.007245678193880464
separated,65,801,0.24304408967775387,0.23942125058081365,0.003622839096940232
separated,65,1601,0.24123267012928376,0.23942125058081365,0.001811419548470116
separated,66,25,0.4482493671548287,0.3282770085845199,0.1199723585703088
separated,66,51,0.3858637406982681,0.3282770085845199,0.05758673211374823
separated,66,101,0.357070374641394,0.3282770085845199,0.028793366056874114
separated,66,201,0.34267369161295697,0.3282770085845199,0.014396683028437057
separated,66,401,0.33547535009873847,0.3282770085845199,0.0071983415142185285
separated,66,801,0.33187617934162916,0.3282770085845199,0.0035991707571092642
separated,66,1601,0.33007659396307454,0.3282770085845199,0.0017995853785546321
separated,67,25,0.3363028234520408,0.22193205525059834,0.11437076820144249
separated,67,51,0.27683002398729073,0.22193205525059834,0.05489796873669239
separated,67,101,0.24938103961894453,0.22193205525059834,0.027448984368346196
separated,67,201,0.23565654743477144,0.22193205525059834,0.013724492184173098
separated,67,401,0.22879430134268489,0.22193205525059834,0.006862246092086549
separated,67,801,0.2253631782966416,0.22193205525059834,0.0034311230460432746
separated,67,1601,0.22364761677361997,0.22193205525059834,0.0017155615230216373
separated,68,25,0.40941840816297237,0.2839027639522851,0.12551564421068725
separated,68,51,0.34415027317341496,0.2839027639522851,0.060247509221129876
separated,68,101,0.31402651856285,0.2839027639522851,0.030123754610564938
separated,68,201,0.29896464125756755,0.2839027639522851,0.015061877305282469
separated,68,401,0.29143370260492635,0.2839027639522851,0.0075309386526412345
separated,68,801,0.2876682332786057,0.2839027639522851,0.0037654693263206173
separated,68,1601,0.2857854986154454,0.2839027639522851,0.0018827346631603086
separated,69,25,0.45237399997064554,0.33156960925709533,0.1208043907135502
separated,69,51,0.38955571679959944,0.33156960925709533,0.0579861075425041
separated,69,101,0.3605626630283474,0.33156960925709533,0.02899305377125205
separated,69,201,0.34606613614272136,0.33156960925709533,0.014496526885626025
separated,69,401,0.3388178726999083,0.33156960925709533,0.007248263442813012
separated,69,801,0.33519374097850185,0.33156960925709533,0.003624131721406506
separated,69,1601,0.3333816751177986,0.33156960925709533,0.001812065860703253
separated,70,25,0.3940924179648968,0.27114976655200673,0.12294265141289007
separated,70,51,0.33016223923019394,0.27114976655200673,0.05901247267818723
separated,70,101,0.30065600289110034,0.27114976655200673,0.029506236339093616
separated,70,201,0.28590288472155356,0.27114976655200673,0.014753118169546808
separated,70,401,0.27852632563678015,0.27114976655200673,0.007376559084773404
separated,70,801,0.27483804609439344,0.27114976655200673,0.003688279542386702
separated,70,1601,0.2729939063232001,0.27114976655200673,0.001844139771193351
separated,71,25,0.3468259999741835,0.23357702896423926,0.11324897100994424
separated,71,51,0.2879365350490125,0.23357702896423926,0.05435950608477324
separated,71,101,0.2607567820066259,0.23357702896423926,0.02717975304238662
separated,71,201,0.24716690548543258,0.23357702896423926,0.01358987652119331
separated,71,401,0.24037196722483592,0.23357702896423926,0.006794938260596655
separated,71,801,0.23697449809453758,0.23357702896423926,0.0033974691302983274
separated,71,1601,0.23527576352938842,0.23357702896423926,0.0016987345651491637
separated,72,25,0.348562223047056,0.22633669221300134,0.12222553083405464
separated,72,51,0.28500494701334755,0.22633669221300134,0.05866825480034623
separated,72,101,0.25567081961317445,0.22633669221300134,0.029334127400173115
separated,72,201,0.2410037559130879,0.22633669221300134,0.014667063700086557
separated,72,401,0.23367022406304463,0.22633669221300134,0.007333531850043279
separated,72,801,0.23000345813802298,0.22633669221300134,0.0036667659250216394
separated,72,1601,0.22817007517551216,0.22633669221300134,0.0018333829625108197
separated,73,25,0.44034811312356353,0.3228174612306425,0.11753065189292106
separated,73,51,0.3792321741392446,0.3228174612306425,0.05641471290860211
separated,73,101,0.35102481768494354,0.3228174612306425,0.028207356454301055
separated,73,201,0.336921139457793,0.3228174612306425,0.014103678227150527
separated,73,401,0.32986930034421774,0.3228174612306425,0.007051839113575264
separated,73,801,0.3263433807874301,0.3228174612306425,0.003525919556787632
separated,73,1601,0.3245804210090363,0.3228174612306425,0.001762959778393816
separated,74,25,0.37917505516365485,0.25958676183764773,0.11958829332600714
separated,74,51,0.31698914263413114,0.25958676183764773,0.05740238079648343
separated,74,101,0.28828795223588943,0.25958676183764773,0.028701190398241715
separated,74,201,0.2739373570367686,0.25958676183764773,0.014350595199120858
separated,74,401,0.26676205943720815,0.25958676183764773,0.007175297599560429
separated,74,801,0.26317441063742797,0.25958676183764773,0.0035876487997802144
separated,74,1601,0.26138058623753785,0.25958676183764773,0.0017938243998901072
separated,75,25,0.44103285521405966,0.3205264787664476,0.12050637644761207
separated,75,51,0.37836953946130136,0.3205264787664476,0.057843060694853794
separated,75,101,0.34944800911387447,0.3205264787664476,0.028921530347426897
separated,75,201,0.33498724394016105,0.3205264787664476,0.014460765173713449
separated,75,401,0.3277568613533043,0.3205264787664476,0.007230382586856724
separated,75,801,0.32414167005987593,0.3205264787664476,0.003615191293428362
separated,75,1601,0.32233407441316175,0.3205264787664476,0.001807595646714181
separated,76,25,0.4185814394670887,0.298048423139051,0.12053301632803771
separated,76,51,0.3559042709765091,0.298048423139051,0.057855847837458105
separated,76,101,0.32697634705778006,0.298048423139051,0.028927923918729052
separated,76,201,0.3125123850984155,0.298048423139051,0.014463961959364526
separated,76,401,0.30528040411873325,0.298048423139051,0.007231980979682263
separated,76,801,0.3016644136288921,0.298048423139051,0.0036159904898411315
separated,76,1601,0.2998564183839716,0.298048423139051,0.0018079952449205658
separated,77,25,0.3517952827767053,0.23017833544748645,0.12161694732921884
separated,77,51,0.2885544701655115,0.23017833544748645,0.05837613471802504
separated,77,101,0.259366402806499,0.23017833544748645,0.02918806735901252
separated,77,201,0.2447723691269927,0.23017833544748645,0.01459403367950626
separated,77,401,0.23747535228723957,0.23017833544748645,0.00729701683975313
separated,77,801,0.23382684386736302,0.23017833544748645,0.003648508419876565
separated,77,1601,0.23200258965742473,0.23017833544748645,0.0018242542099382824
separated,78,25,0.43387149933281627,0.3109744896638018,0.12289700966901446
separated,78,51,0.36996505430492876,0.3109744896638018,0.05899056464112694
separated,78,101,0.3404697719843653,0.3109744896638018,0.02949528232056347
separated,78,201,0.3257221308240835,0.3109744896638018,0.014747641160281735
separated,78,401,0.31834831024394267,0.3109744896638018,0.007373820580140867
separated,78,801,0.31466139995387227,0.3109744896638018,0.0036869102900704337
separated,78,1601,0.312817944808837,0.3109744896638018,0.0018434551450352168
separated,79,25,0.43671249800842615,0.31920077797534274,0.11751172003308342
separated,79,51,0.37560640359122277,0.31920077797534274,0.05640562561588005
separated,79,101,0.34740359078328276,0.31920077797534274,0.028202812807940025
separated,79,201,0.33330218437931275,0.31920077797534274,0.014101406403970012
separated,79,401,0.3262514811773278,0.31920077797534274,0.007050703201985006
separated,79,801,0.32272612957633523,0.31920077797534274,0.003525351600992503
separated,79,1601,0.320963453775839,0.31920077797534274,0.0017626758004962515
separated,80,25,0.32715449946235275,0.20994810673791875,0.11720639272443399
separated,80,51,0.2662071752456471,0.20994810673791875,0.05625906850772831
separated,80,101,0.2380776409917829,0.20994810673791875,0.028129534253864157
separated,80,201,0.22401287386485083,0.20994810673791875,0.014064767126932078
separated,80,401,0.21698049030138478,0.20994810673791875,0.007032383563466039
separated,80,801,0.21346429851965176,0.20994810673791875,0.0035161917817330196
separated,80,1601,0.21170620262878526,0.20994810673791875,0.0017580958908665098
separated,81,25,0.42004063561216604,0.29544151824423337,0.12459911736793267
separated,81,51,0.35524909458084103,0.29544151824423337,0.05980757633660768
separated,81,101,0.3253453064125372,0.29544151824423337,0.02990378816830384
separated,81,201,0.3103934123283853,0.29544151824423337,0.01495189408415192
separated,81,401,0.3029174652863093,0.29544151824423337,0.00747594704207596
separated,81,801,0.29917949176527137,0.29544151824423337,0.00373797352103798
separated,81,1601,0.29731050500475237,0.29544151824423337,0.00186898676051899
separated,82,25,0.4415398997288038,0.3193848794455485,0.12215502028325531
separated,82,51,0.37801928918151106,0.3193848794455485,0.058634409735962546
separated,82,101,0.3487020843135298,0.3193848794455485,0.029317204867981273
separated,82,201,0.33404348187953914,0.3193848794455485,0.014658602433990637
separated,82,401,0.3267141806625438,0.3193848794455485,0.007329301216995318
separated,82,801,0.32304953005404613,0.3193848794455485,0.003664650608497659
separated,82,1601,0.3212172047497973,0.3193848794455485,0.0018323253042488296
separated,83,25,0.4459016373890284,0.32279765947288397,0.12310397791614441
separated,83,51,0.3818875688726333,0.32279765947288397,0.05908990939974932
separated,83,101,0.35234261417275864,0.32279765947288397,0.02954495469987466
separated,83,201,0.3375701368228213,0.32279765947288397,0.01477247734993733
separated,83,401,0.33018389814785265,0.32279765947288397,0.007386238674968665
separated,83,801,0.3264907788103683,0.32279765947288397,0.0036931193374843325
separated,83,1601,0.3246442191416261,0.32279765947288397,0.0018465596687421662
separated,84,25,0.4473924235356437,0.3296250266002908,0.11776739693535289
separated,84,51,0.3861533771292602,0.3296250266002908,0.05652835052896939
separated,84,101,0.3578892018647755,0.3296250266002908,0.028264175264484694
separated,84,201,0.34375711423253313,0.3296250266002908,0.014132087632242347
separated,84,401,0.336691070416412,0.3296250266002908,0.007066043816121173
separated,84,801,0.3331580485083514,0.3296250266002908,0.0035330219080605867
separated,84,1601,0.3313915375543211,0.3296250266002908,0.0017665109540302933
separated,85,25,0.3743517033578041,0.2511714863429573,0.12318021701484681
separated,85,51,0.3102979905100837,0.2511714863429573,0.05912650416712647
separated,85,101,0.2807347384265205,0.2511714863429573,0.029563252083563234
separated,85,201,0.2659531123847389,0.2511714863429573,0.014781626041781617
separated,85,401,0.25856229936384806,0.2511714863429573,0.007390813020890809
separated,85,801,0.2548668928534027,0.2511714863429573,0.0036954065104454043
separated,85,1601,0.25301918959818,0.2511714863429573,0.0018477032552227021
separated,86,25,0.32724970751453225,0.20994810673791875,0.11730160077661352
separated,86,51,0.26625287511069323,0.20994810673791875,0.05630476837277449
separated,86,101,0.238100490924306,0.20994810673791875,0.028152384186387245
separated,86,201,0.22402429883111238,0.20994810673791875,0.014076192093193622
separated,86,401,0.21698620278451555,0.20994810673791875,0.007038096046596811
separated,86,801,0.21346715476121716,0.20994810673791875,0.0035190480232984056
separated,86,1601,0.21170763074956794,0.20994810673791875,0.0017595240116492028
separated,87,25,0.4294595184639662,0.30494132600931445,0.12451819245465173
separated,87,51,0.3647100583875473,0.30494132600931445,0.05976873237823283
separated,87,101,0.3348256921984309,0.30494132600931445,0.029884366189116416
separated,87,201,0.31988350910387264,0.30494132600931445,0.014942183094558208
separated,87,401,0.31241241755659355,0.30494132600931445,0.007471091547279104
separated,87,801,0.308676871782954,0.30494132600931445,0.003735545773639552
separated,87,1601,0.3068090988961342,0.30494132600931445,0.001867772886819776
separated,88,25,0.3622531879723745,0.2419908441970281,0.12026234377534639
separated,88,51,0.2997167692091944,0.2419908441970281,0.057725925012166265
separated,88,101,0.2708538067031112,0.2419908441970281,0.028862962506083133
separated,88,201,0.25642232545006965,0.2419908441970281,0.014431481253041566
separated,88,401,0.24920658482354888,0.2419908441970281,0.007215740626520783
separated,88,801,0.2455987145102885,0.2419908441970281,0.0036078703132603916
separated,88,1601,0.2437947793536583,0.2419908441970281,0.0018039351566301958
separated,89,25,0.3780427865623802,0.2572639135013106,0.12077887306106959
separated,89,51,0.315237772570624,0.2572639135013106,0.0579738590693134
separated,89,101,0.2862508430359673,0.2572639135013106,0.0289869295346567
separated,89,201,0.27175737826863894,0.2572639135013106,0.01449346476732835
separated,89,401,0.2645106458849748,0.2572639135013106,0.007246732383664175
separated,89,801,0.2608872796931427,0.2572639135013106,0.0036233661918320874
separated,89,1601,0.2590755965972267,0.2572639135013106,0.0018116830959160437
separated,90,25,0.41005117955852316,0.28542913287258387,0.1246220466859393
separated,90,51,0.34524771528183473,0.28542913287258387,0.05981858240925087
separated,90,101,0.3153384240772093,0.28542913287258387,0.029909291204625436
separated,90,201,0.3003837784748966,0.28542913287258387,0.014954645602312718
separated,90,401,0.29290645567374024,0.28542913287258387,0.007477322801156359
separated,90,801,0.289167794273162,0.28542913287258387,0.0037386614005781795
separated,90,1601,0.287298463572873,0.28542913287258387,0.0018693307002890897
separated,91,25,0.4076512072906011,0.28223084784100605,0.12542035944959504
separated,91,51,0.34243262037681166,0.28223084784100605,0.06020177253580562
separated,91,101,0.31233173410890885,0.28223084784100605,0.03010088626790281
separated,91,201,0.2972812909749575,0.28223084784100605,0.015050443133951406
separated,91,401,0.28975606940798176,0.28223084784100605,0.007525221566975703
separated,91,801,0.2859934586244939,0.28223084784100605,0.0037626107834878514
separated,91,1601,0.28411215323274996,0.28223084784100605,0.0018813053917439257
separated,92,25,0.32476420927154,0.20994810673791875,0.11481610253362123
separated,92,51,0.2650598359540569,0.20994810673791875,0.05511172921613819
separated,92,101,0.23750397134598783,0.20994810673791875,0.027555864608069094
separated,92,201,0.2237260390419533,0.20994810673791875,0.013777932304034547
separated,92,401,0.21683707288993603,0.20994810673791875,0.006888966152017274
separated,92,801,0.2133925898139274,0.20994810673791875,0.003444483076008637
separated,92,1601,0.21167034827592307,0.20994810673791875,0.0017222415380043184
separated,93,25,0.4123482613280861,0.2880429829115887,0.1243052784164974
separated,93,51,0.34770951655150745,0.2880429829115887,0.05966653363991875
separated,93,101,0.31787624973154804,0.2880429829115887,0.029833266819959375
separated,93,201,0.30295961632156837,0.2880429829115887,0.014916633409979688
separated,93,401,0.29550129961657856,0.2880429829115887,0.007458316704989844
separated,93,801,0.29177214126408363,0.2880429829115887,0.003729158352494922
separated,93,1601,0.28990756208783613,0.2880429829115887,0.001864579176247461
separated,94,25,0.37657030893465365,0.25438644441211855,0.12218386452253512
separated,94,51,0.3130346993829354,0.25438644441211855,0.058648254970816854
separated,94,101,0.28371057189752696,0.25438644441211855,0.029324127485408427
separated,94,201,0.2690485081548228,0.25438644441211855,0.014662063742704214
separated,94,401,0.26171747628347064,0.25438644441211855,0.007331031871352107
separated,94,801,0.2580519603477946,0.25438644441211855,0.0036655159356760534
separated,94,1601,0.2562192023799566,0.25438644441211855,0.0018327579678380267
separated,95,25,0.4209726020596269,0.29684395854654155,0.12412864351308533
separated,95,51,0.35642570743282254,0.29684395854654155,0.05958174888628096
separated,95,101,0.32663483298968204,0.29684395854654155,0.02979087444314048
separated,95,201,0.31173939576811177,0.29684395854654155,0.01489543722157024
separated,95,401,0.3042916771573267,0.29684395854654155,0.00744771861078512
separated,95,801,0.3005678178519341,0.29684395854654155,0.00372385930539256
separated,95,1601,0.2987058881992378,0.29684395854654155,0.00186192965269628
separated,96,25,0.4240493353252295,0.31138988077590923,0.11265945454932025
separated,96,51,0.365466418959583,0.31138988077590923,0.05407653818367372
separated,96,101,0.3384281498677461,0.31138988077590923,0.02703826909183686
separated,96,201,0.32490901532182764,0.31138988077590923,0.01351913454591843
separated,96,401,0.31814944804886847,0.31138988077590923,0.006759567272959215
separated,96,801,0.31476966441238885,0.31138988077590923,0.0033797836364796077
separated,96,1601,0.31307977259414904,0.31138988077590923,0.0016898918182398038
separated,97,25,0.44665139235795626,0.32857418518684933,0.11807720717110694
separated,97,51,0.38525124462898064,0.32857418518684933,0.05667705944213133
separated,97,101,0.356912714907915,0.32857418518684933,0.028338529721065667
separated,97,201,0.34274345004738216,0.32857418518684933,0.014169264860532833
separated,97,401,0.33565881761711575,0.32857418518684933,0.007084632430266417
separated,97,801,0.33211650140198257,0.32857418518684933,0.0035423162151332083
separated,97,1601,0.33034534329441595,0.32857418518684933,0.0017711581075666042
separated,98,25,0.42933053648428693,0.30563632032361765,0.12369421616066929
separated,98,51,0.36500954408073893,0.30563632032361765,0.059373223757121264
separated,98,101,0.3353229322021783,0.30563632032361765,0.029686611878560632
separated,98,201,0.32047962626289794,0.30563632032361765,0.014843305939280316
separated,98,401,0.3130579732932578,0.30563632032361765,0.007421652969640158
separated,98,801,0.3093471468084377,0.30563632032361765,0.003710826484820079
separated,98,1601,0.3074917335660277,0.30563632032361765,0.0018554132424100395
separated,99,25,0.44806071922547,0.3274283621090095,0.12063235711646055
separated,99,51,0.38533189352491054,0.3274283621090095,0.057903531415901065
separated,99,101,0.35638012781696005,0.3274283621090095,0.028951765707950532
separated,99,201,0.34190424496298477,0.3274283621090095,0.014475882853975266
separated,99,401,0.33466630353599713,0.3274283621090095,0.007237941426987633
separated,99,801,0.3310473328225033,0.3274283621090095,0.0036189707134938165
separated,99,1601,0.3292378474657564,0.3274283621090095,0.0018094853567469083
separated,100,25,0.3807218542746974,0.25565207382321053,0.12506978045148684
separated,100,51,0.31568556843992424,0.25565207382321053,0.06003349461671369
separated,100,101,0.2856688211315674,0.25565207382321053,0.030016747308356843
separated,100,201,0.27066044747738893,0.25565207382321053,0.015008373654178422
separated,100,401,0.26315626065029973,0.25565207382321053,0.007504186827089211
separated,100,801,0.25940416723675513,0.25565207382321053,0.0037520934135446054
separated,100,1601,0.25752812052998286,0.25565207382321053,0.0018760467067723027
separated,101,25,0.391973085334201,0.2684250495445112,0.12354803578968983
separated,101,51,0.3277281067235623,0.2684250495445112,0.05930305717905112
separated,101,101,0.29807657813403676,0.2684250495445112,0.02965152858952556
separated,101,201,0.283250813839274,0.2684250495445112,0.01482576429476278
separated,101,401,0.2758379316918926,0.2684250495445112,0.00741288214738139
separated,101,801,0.27213149061820185,0.2684250495445112,0.003706441073690695
separated,101,1601,0.2702782700813565,0.2684250495445112,0.0018532205368453475
separated,102,25,0.422908538971752,0.29977684580105357,0.12313169317069843
separated,102,51,0.3588800585229888,0.29977684580105357,0.05910321272193524
separated,102,101,0.32932845216202117,0.29977684580105357,0.02955160636096762
separated,102,201,0.3145526489815374,0.29977684580105357,0.01477580318048381
separated,102,401,0.30716474739129546,0.29977684580105357,0.007387901590241905
separated,102,801,0.30347079659617454,0.29977684580105357,0.0036939507951209527
separated,102,1601,0.30162382119861403,0.29977684580105357,0.0018469753975604763
separated,103,25,0.40509979488563547,0.281140831036915,0.12395896384872046
separated,103,51,0.3406411336843008,0.281140831036915,0.059500302647385823
separated,103,101,0.3108909823606079,0.281140831036915,0.029750151323692912
separated,103,201,0.2960159066987615,0.281140831036915,0.014875075661846456
separated,103,401,0.2885783688678382,0.281140831036915,0.007437537830923228
separated,103,801,0.28485959995237664,0.281140831036915,0.003718768915461614
separated,103,1601,0.2830002154946458,0.281140831036915,0.001859384457730807
separated,104,25,0.37458926831138684,0.2511714863429573,0.12341778196842958
separated,104,51,0.31041202168780346,0.2511714863429573,0.0592405353448462
separated,104,101,0.28079175401538037,0.2511714863429573,0.0296202676724231
separated,104,201,0.2659816201791688,0.2511714863429573,0.01481013383621155
separated,104,401,0.25857655326106305,0.2511714863429573,0.007405066918105775
separated,104,801,0.2548740198020102,0.2511714863429573,0.0037025334590528873
separated,104,1601,0.25302275307248373,0.2511714863429573,0.0018512667295264437
separated,105,25,0.46332669035305335,0.3428295367267655,0.12049715362628781
separated,105,51,0.4006681704673837,0.3428295367267655,0.057838633740618144
separated,105,101,0.3717488535970746,0.3428295367267655,0.028919316870309072
separated,105,201,0.35728919516192004,0.3428295367267655,0.014459658435154536
separated,105,401,0.3500593659443428,0.3428295367267655,0.007229829217577268
separated,105,801,0.3464444513355542,0.3428295367267655,0.003614914608788634
separated,105,1601,0.3446369940311598,0.3428295367267655,0.001807457304394317
separated,106,25,0.31567837123064635,0.20002735964657314,0.11565101158407322
separated,106,51,0.2555398452069283,0.20002735964657314,0.055512485560355145
separated,106,101,0.22778360242675072,0.20002735964657314,0.027756242780177572
separated,106,201,0.21390548103666193,0.20002735964657314,0.013878121390088786
separated,106,401,0.20696642034161752,0.20002735964657314,0.006939060695044393
separated,106,801,0.20349688999409535,0.20002735964657314,0.0034695303475221965
separated,106,1601,0.20176212482033423,0.20002735964657314,0.0017347651737610983
separated,107,25,0.35506632293665774,0.23357702896423926,0.12148929397241846
separated,107,51,0.29189189007100014,0.23357702896423926,0.05831486110676086
separated,107,101,0.2627344595176197,0.23357702896423926,0.02915743055338043
separated,107,201,0.24815574424092948,0.23357702896423926,0.014578715276690215
separated,107,401,0.24086638660258436,0.23357702896423926,0.0072893576383451075
separated,107,801,0.2372217077834118,0.23357702896423926,0.0036446788191725537
separated,107,1601,0.23539936837382555,0.23357702896423926,0.0018223394095862769
separated,108,25,0.4170009215593085,0.2943871564947319,0.12261376506457661
separated,108,51,0.3532417637257287,0.2943871564947319,0.058854607230996774
separated,108,101,0.3238144601102303,0.2943871564947319,0.029427303615498387
separated,108,201,0.3091008083024811,0.2943871564947319,0.014713651807749193
separated,108,401,0.3017439823986065,0.2943871564947319,0.007356825903874597
separated,108,801,0.2980655694466692,0.2943871564947319,0.0036784129519372983
separated,108,1601,0.29622636297070054,0.2943871564947319,0.0018392064759686492
separated,109,25,0.45234148196394347,0.3312045408892835,0.12113694107465994
separated,109,51,0.3893502726051203,0.3312045408892835,0.05814573171583677
separated,109,101,0.36027740674720193,0.3312045408892835,0.029072865857918385
separated,109,201,0.3457409738182427,0.3312045408892835,0.014536432928959193
separated,109,401,0.33847275735376314,0.3312045408892835,0.007268216464479596
separated,109,801,0.33483864912152334,0.3312045408892835,0.003634108232239798
separated,109,1601,0.3330215950054034,0.3312045408892835,0.001817054116119899
separated,110,25,0.3214217867357921,0.2036561162056414,0.11776567053015069
separated,110,51,0.26018363806011374,0.2036561162056414,0.05652752185447233
separated,110,101,0.23191987713287757,0.2036561162056414,0.028263760927236165
separated,110,201,0.21778799666925946,0.2036561162056414,0.014131880463618083
separated,110,401,0.21072205643745043,0.2036561162056414,0.007065940231809041
separated,110,801,0.20718908632154592,0.2036561162056414,0.0035329701159045207
separated,110,1601,0.20542260126359366,0.2036561162056414,0.0017664850579522603
separated,111,25,0.4473204464288652,0.3274450203970709,0.1198754260317943
separated,111,51,0.38498522489233217,0.3274450203970709,0.05754020449526126
separated,111,101,0.35621512264470157,0.3274450203970709,0.02877010224763063
separated,111,201,0.34183007152088624,0.3274450203970709,0.014385051123815315
separated,111,401,0.33463754595897854,0.3274450203970709,0.0071925255619076575
separated,111,801,0.3310412831780247,0.3274450203970709,0.0035962627809538288
separated,111,1601,0.3292431517875478,0.3274450203970709,0.0017981313904769144
separated,112,25,0.4004278490125223,0.2788591246748491,0.12156872433767323
separated,112,51,0.3372121123569322,0.2788591246748491,0.05835298768208315
separated,112,101,0.3080356185158907,0.2788591246748491,0.029176493841041574
separated,112,201,0.2934473715953699,0.2788591246748491,0.014588246920520787
separated,112,401,0.28615324813510945,0.2788591246748491,0.007294123460260394
separated,112,801,0.28250618640497926,0.2788591246748491,0.003647061730130197
separated,112,1601,0.28068265553991417,0.2788591246748491,0.0018235308650650984
separated,113,25,0.4002826150343059,0.2775262627396178,0.1227563522946881
separated,113,51,0.3364493118410681,0.2775262627396178,0.05892304910145029
separated,113,101,0.30698778729034293,0.2775262627396178,0.029461524550725145
separated,113,201,0.29225702501498035,0.2775262627396178,0.014730762275362573
separated,113,401,0.28489164387729904,0.2775262627396178,0.007365381137681286
separated,113,801,0.2812089533084584,0.2775262627396178,0.003682690568840643
separated,113,1601,0.2793676080240381,0.2775262627396178,0.0018413452844203216
separated,114,25,0.46391228161645065,0.34364916003140145,0.12026312158504919
separated,114,51,0.40137545839222505,0.34364916003140145,0.05772629836082361
separated,114,101,0.3725123092118133,0.34364916003140145,0.028863149180411805
separated,114,201,0.35808073462160733,0.34364916003140145,0.014431574590205902
separated,114,401,0.3508649473265044,0.34364916003140145,0.007215787295102951
separated,114,801,0.34725705367895293,0.34364916003140145,0.0036078936475514756
separated,114,1601,0.34545310685517716,0.34364916003140145,0.0018039468237757378
separated,115,25,0.4363294073460084,0.31248001149275195,0.12384939585325642
separated,115,51,0.371927721502315,0.31248001149275195,0.05944771000956308
separated,115,101,0.3422038664975335,0.31248001149275195,0.02972385500478154
separated,115,201,0.32734193899514274,0.31248001149275195,0.01486192750239077
separated,115,401,0.31991097524394735,0.31248001149275195,0.007430963751195385
separated,115,801,0.3161954933683496,0.31248001149275195,0.0037154818755976925
separated,115,1601,0.3143377524305508,0.31248001149275195,0.0018577409377988463
separated,116,25,0.4006573701823986,0.277145623191532,0.12351174699086657
separated,116,51,0.336431261747148,0.277145623191532,0.05928563855561595
separated,116,101,0.30678844246934,0.277145623191532,0.029642819277807975
separated,116,201,0.291967032830436,0.277145623191532,0.014821409638903988
separated,116,401,0.284556328010984,0.277145623191532,0.007410704819451994
separated,116,801,0.280850975601258,0.277145623191532,0.003705352409725997
separated,116,1601,0.27899829939639503,0.277145623191532,0.0018526762048629985
separated,117,25,0.3623995415008524,0.2419908441970281,0.12040869730382432
separated,117,51,0.29978701890286374,0.2419908441970281,0.05779617470583567
separated,117,101,0.2708889315499459,0.2419908441970281,0.028898087352917837
separated,117,201,0.25643988787348704,0.2419908441970281,0.014449043676458918
separated,117,401,0.24921536603525757,0.2419908441970281,0.007224521838229459
separated,117,801,0.24560310511614283,0.2419908441970281,0.0036122609191147296
separated,117,1601,0.24379697465658545,0.2419908441970281,0.0018061304595573648
separated,118,25,0.3865274495174616,0.26452076448168604,0.12200668503577557
separated,118,51,0.3230839732988583,0.26452076448168604,0.05856320881717227
separated,118,101,0.29380236889027217,0.26452076448168604,0.029281604408586136
separated,118,201,0.27916156668597913,0.26452076448168604,0.014640802204293068
separated,118,401,0.2718411655838326,0.26452076448168604,0.007320401102146534
separated,118,801,0.2681809650327593,0.26452076448168604,0.003660200551073267
separated,118,1601,0.2663508647572227,0.26452076448168604,0.0018301002755366335
separated,119,25,0.4307226042316564,0.3064559822601709,0.12426662197148554
separated,119,51,0.36610396080648394,0.3064559822601709,0.05964797854631306
separated,119,101,0.33627997153332745,0.3064559822601709,0.02982398927315653
separated,119,201,0.3213679768967492,0.3064559822601709,0.014911994636578265
separated,119,401,0.31391197957846,0.3064559822601709,0.007455997318289133
separated,119,801,0.3101839809193155,0.3064559822601709,0.0037279986591445663
separated,119,1601,0.30831998158974316,0.3064559822601709,0.0018639993295722832
separated,120,25,0.4469464826594144,0.32624086334314417,0.1207056193162702
separated,120,51,0.38417956061495384,0.32624086334314417,0.0579386972718097
separated,120,101,0.355210211979049,0.32624086334314417,0.02896934863590485
separated,120,201,0.3407255376610966,0.32624086334314417,0.014484674317952424
separated,120,401,0.3334832005021204,0.32624086334314417,0.007242337158976212
separated,120,801,0.3298620319226323,0.32624086334314417,0.003621168579488106
separated,120,1601,0.32805144763288824,0.32624086334314417,0.001810584289744053
separated,121,25,0.44457343560404206,0.33119939708856705,0.11337403851547502
separated,121,51,0.3856189355759951,0.33119939708856705,0.05441953848742801
separated,121,101,0.35840916633228104,0.33119939708856705,0.027209769243714006
separated,121,201,0.34480428171042404,0.33119939708856705,0.013604884621857003
separated,121,401,0.3380018393994956,0.33119939708856705,0.006802442310928501
separated,121,801,0.3346006182440313,0.33119939708856705,0.0034012211554642507
separated,121,1601,0.3329000076662992,0.33119939708856705,0.0017006105777321253
separated,122,25,0.35498504370514894,0.23357702896423926,0.12140801474090968
separated,122,51,0.2918528760398759,0.23357702896423926,0.05827584707563664
separated,122,101,0.26271495250205756,0.23357702896423926,0.02913792353781832
separated,122,201,0.2481459907331484,0.23357702896423926,0.01456896176890916
separated,122,401,0.24086150984869384,0.23357702896423926,0.00728448088445458
separated,122,801,0.23721926940646657,0.23357702896423926,0.00364224044222729
separated,122,1601,0.2353981491853529,0.23357702896423926,0.001821120221113645
separated,123,25,0.4325644525449367,0.31059715419518774,0.12196729834974895
separated,123,51,0.36914145740306725,0.31059715419518774,0.0585443032078795
separated,123,101,0.3398693057991275,0.31059715419518774,0.02927215160393975
separated,123,201,0.3252332299971576,0.31059715419518774,0.014636075801969874
separated,123,401,0.3179151920961727,0.31059715419518774,0.007318037900984937
separated,123,801,0.3142561731456802,0.31059715419518774,0.0036590189504924686
separated,123,1601,0.312426663670434,0.31059715419518774,0.0018295094752462343
separated,124,25,0.45276581085783557,0.33662875993351704,0.11613705092431852
separated,124,51,0.39237454437718994,0.33662875993351704,0.05574578444367288
separated,124,101,0.36450165215535346,0.33662875993351704,0.02787289222183644
separated,124,201,0.35056520604443525,0.33662875993351704,0.01393644611091822
separated,124,401,0.3435969829889762,0.33662875993351704,0.00696822305545911
separated,124,801,0.3401128714612466,0.33662875993351704,0.003484111527729555
separated,124,1601,0.3383708156973818,0.33662875993351704,0.0017420557638647776
separated,125,25,0.3214708297949528,0.2036561162056414,0.1178147135893114
separated,125,51,0.26020717872851085,0.2036561162056414,0.056551062522869476
separated,125,101,0.23193164746707612,0.2036561162056414,0.028275531261434738
separated,125,201,0.21779388183635875,0.2036561162056414,0.014137765630717369
separated,125,401,0.2107249990210001,0.2036561162056414,0.0070688828153586845
separated,125,801,0.20719055761332072,0.2036561162056414,0.0035344414076793423
separated,125,1601,0.20542333690948106,0.2036561162056414,0.0017672207038396711
separated,126,25,0.36432301545677354,0.24437950287971733,0.11994351257705622
separated,126,51,0.3019523889167043,0.24437950287971733,0.05757288603698699
separated,126,101,0.2731659458982108,0.24437950287971733,0.028786443018493493
separated,126,201,0.2587727243889641,0.24437950287971733,0.014393221509246747
separated,126,401,0.2515761136343407,0.24437950287971733,0.007196610754623373
separated,126,801,0.247977808257029,0.24437950287971733,0.0035983053773116867
separated,126,1601,0.24617865556837318,0.24437950287971733,0.0017991526886558433
separated,127,25,0.43482914813956464,0.31266201883632316,0.12216712930324146
separated,127,51,0.3713022409018791,0.31266201883632316,0.0586402220655559
separated,127,101,0.3419821298691011,0.31266201883632316,0.02932011103277795
separated,127,201,0.32732207435271216,0.31266201883632316,0.014660055516388975
separated,127,401,0.31999204659451763,0.31266201883632316,0.0073300277581944875
separated,127,801,0.3163270327154204,0.31266201883632316,0.0036650138790972437
separated,127,1601,0.3144945257758718,0.31266201883632316,0.0018325069395486219
separated,128,25,0.3944193231117229,0.269963682983443,0.1244556401282799
separated,128,51,0.32970239024501735,0.269963682983443,0.059738707261574354
separated,128,101,0.29983303661423016,0.269963682983443,0.029869353630787177
separated,128,201,0.28489835979883654,0.269963682983443,0.014934676815393589
separated,128,401,0.2774310213911398,0.269963682983443,0.007467338407696794
separated,128,801,0.27369735218729135,0.269963682983443,0.003733669203848397
separated,128,1601,0.2718305175853672,0.269963682983443,0.0018668346019241986
separated,129,25,0.32069309520290185,0.2036561162056414,0.11703697899726044
separated,129,51,0.2598338661243264,0.2036561162056414,0.05617774991868501
separated,129,101,0.2317449911649839,0.2036561162056414,0.028088874959342505
separated,129,201,0.21770055368531263,0.2036561162056414,0.014044437479671252
separated,129,401,0.21067833494547702,0.2036561162056414,0.007022218739835626
separated,129,801,0.2071672255755592,0.2036561162056414,0.003511109369917813
separated,129,1601,0.2054116708906003,0.2036561162056414,0.0017555546849589065
separated,130,25,0.3623854617510287,0.2419908441970281,0.12039461755400059
separated,130,51,0.2997802606229484,0.2419908441970281,0.05778941642592028
separated,130,101,0.27088555240998824,0.2419908441970281,0.02889470821296014
separated,130,201,0.25643819830350817,0.2419908441970281,0.01444735410648007
separated,130,401,0.24921452125026813,0.2419908441970281,0.007223677053240035
separated,130,801,0.2456026827236481,0.2419908441970281,0.0036118385266200176
separated,130,1601,0.2437967634603381,0.2419908441970281,0.0018059192633100088
separated,131,25,0.4335317868306672,0.30979531662743154,0.12373647020323562
separated,131,51,0.3691888223249846,0.30979531662743154,0.0593935056975531
separated,131,101,0.3394920694762081,0.30979531662743154,0.02969675284877655
separated,131,201,0.32464369305181984,0.30979531662743154,0.014848376424388274
separated,131,401,0.3172195048396257,0.30979531662743154,0.007424188212194137
separated,131,801,0.3135074107335286,0.30979531662743154,0.0037120941060970686
separated,131,1601,0.3116513636804801,0.30979531662743154,0.0018560470530485343
separated,132,25,0.43221175138805196,0.3100496630126168,0.12216208837543512
separated,132,51,0.3686874654328257,0.3100496630126168,0.05863780242020886
separated,132,101,0.33936856422272127,0.3100496630126168,0.02931890121010443
separated,132,201,0.324709113617669,0.3100496630126168,0.014659450605052214
separated,132,401,0.31737938831514295,0.3100496630126168,0.007329725302526107
separated,132,801,0.31371452566387986,0.3100496630126168,0.0036648626512630535
separated,132,1601,0.3118820943382484,0.3100496630126168,0.0018324313256315268
separated,133,25,0.4199452687538499,0.30021192340096525,0.11973334535288466
separated,133,51,0.35768392917034986,0.30021192340096525,0.05747200576938463
separated,133,101,0.32894792628565755,0.30021192340096525,0.028736002884692316
separated,133,201,0.31457992484331143,0.30021192340096525,0.014368001442346158
separated,133,401,0.30739592412213834,0.30021192340096525,0.007184000721173079
separated,133,801,0.3038039237615518,0.30021192340096525,0.0035920003605865395
separated,133,1601,0.3020079235812585,0.30021192340096525,0.0017960001802932698
separated,134,25,0.40704293390324336,0.29152812782231985,0.11551480608092352
separated,134,51,0.34697523474116315,0.29152812782231985,0.05544710691884329
separated,134,101,0.3192516812817415,0.29152812782231985,0.027723553459421645
separated,134,201,0.3053899045520307,0.29152812782231985,0.013861776729710822
separated,134,401,0.29845901618717524,0.29152812782231985,0.006930888364855411
separated,134,801,0.2949935720047476,0.29152812782231985,0.0034654441824277056
separated,134,1601,0.2932608499135337,0.29152812782231985,0.0017327220912138528
separated,135,25,0.44056536315823963,0.3187070007349596,0.12185836242328
separated,135,51,0.377199014698134,0.3187070007349596,0.058492013963174404
separated,135,101,0.3479530077165468,0.3187070007349596,0.029246006981587202
separated,135,201,0.3333300042257532,0.3187070007349596,0.014623003490793601
separated,135,401,0.3260185024803564,0.3187070007349596,0.0073115017453968005
separated,135,801,0.32236275160765804,0.3187070007349596,0.0036557508726984002
separated,135,1601,0.3205348761713088,0.3187070007349596,0.0018278754363492001
separated,136,25,0.4455206401997937,0.32456914501794454,0.12095149518184915
separated,136,51,0.38262586270523213,0.32456914501794454,0.05805671768728759
separated,136,101,0.35359750386158834,0.32456914501794454,0.029028358843643794
separated,136,201,0.3390833244397664,0.32456914501794454,0.014514179421821897
separated,136,401,0.3318262347288555,0.32456914501794454,0.007257089710910949
separated,136,801,0.32819768987340003,0.32456914501794454,0.0036285448554554743
separated,136,1601,0.3263834174456723,0.32456914501794454,0.0018142724277277371
separated,137,25,0.3773667487996189,0.2572639135013106,0.12010283529830829
separated,137,51,0.31491327444449857,0.2572639135013106,0.057649360943187976
separated,137,101,0.2860885939729046,0.2572639135013106,0.028824680471593988
separated,137,201,0.27167625373710763,0.2572639135013106,0.014412340235796994
separated,137,401,0.2644700836192091,0.2572639135013106,0.007206170117898497
separated,137,801,0.26086699856025986,0.2572639135013106,0.0036030850589492485
separated,137,1601,0.25906545603078523,0.2572639135013106,0.0018015425294746242
separated,138,25,0.4089034173835646,0.28651532448659855,0.12238809289696607
separated,138,51,0.34526160907714226,0.28651532448659855,0.05874628459054372
separated,138,101,0.31588846678187044,0.28651532448659855,0.02937314229527186
separated,138,201,0.3012018956342345,0.28651532448659855,0.01468657114763593
separated,138,401,0.2938586100604165,0.28651532448659855,0.007343285573817965
separated,138,801,0.2901869672735075,0.28651532448659855,0.0036716427869089826
separated,138,1601,0.28835114588005306,0.28651532448659855,0.0018358213934544913
separated,139,25,0.37409321570476184,0.25438644441211855,0.11970677129264327
separated,139,51,0.3118456946325873,0.25438644441211855,0.05745925022046877
separated,139,101,0.2831160695223529,0.25438644441211855,0.028729625110234386
separated,139,201,0.26875125696723573,0.25438644441211855,0.014364812555117193
separated,139,401,0.26156885068967717,0.25438644441211855,0.0071824062775585965
separated,139,801,0.25797764755089786,0.25438644441211855,0.0035912031387792982
separated,139,1601,0.2561820459815082,0.25438644441211855,0.0017956015693896491
separated,140,25,0.44556213252500476,0.32465731441868795,0.12090481810631681
separated,140,51,0.38269162710972005,0.32465731441868795,0.05803431269103207
separated,140,101,0.353674470764204,0.32465731441868795,0.029017156345516035
separated,140,201,0.33916589259144597,0.32465731441868795,0.014508578172758017
separated,140,401,0.33191160350506693,0.32465731441868795,0.007254289086379009
separated,140,801,0.32828445896187747,0.32465731441868795,0.0036271445431895043
separated,140,1601,0.3264708866902827,0.32465731441868795,0.0018135722715947522
separated,141,25,0.33158085699646295,0.21534767068662208,0.11623318630984088
separated,141,51,0.2711396001153457,0.21534767068662208,0.05579192942872362
separated,141,101,0.2432436354009839,0.21534767068662208,0.02789596471436181
separated,141,201,0.22929565304380298,0.21534767068662208,0.013947982357180906
separated,141,401,0.22232166186521254,0.21534767068662208,0.006973991178590453
separated,141,801,0.2188346662759173,0.21534767068662208,0.0034869955892952264
separated,141,1601,0.2170911684812697,0.21534767068662208,0.0017434977946476132
separated,142,25,0.35203277351004775,0.23017833544748645,0.12185443806256131
separated,142,51,0.28866846571751587,0.23017833544748645,0.05849013027002943
separated,142,101,0.2594234005825012,0.23017833544748645,0.029245065135014715
separated,142,201,0.24480086801499382,0.23017833544748645,0.014622532567507358
separated,142,401,0.23748960173124012,0.23017833544748645,0.007311266283753679
separated,142,801,0.23383396858936328,0.23017833544748645,0.0036556331418768394
separated,142,1601,0.23200615201842487,0.23017833544748645,0.0018278165709384197
separated,143,25,0.39494693722827934,0.2765707834390464,0.11837615378923295
separated,143,51,0.33339133725787823,0.2765707834390464,0.05682055381883182
separated,143,101,0.3049810603484623,0.2765707834390464,0.02841027690941591
separated,143,201,0.29077592189375434,0.2765707834390464,0.014205138454707954
separated,143,401,0.28367335266640037,0.2765707834390464,0.007102569227353977
separated,143,801,0.2801220680527234,0.2765707834390464,0.0035512846136769886
separated,143,1601,0.2783464257458849,0.2765707834390464,0.0017756423068384943
separated,144,25,0.43610704288649865,0.31421808375676585,0.12188895912973281
separated,144,51,0.3727247841390376,0.31421808375676585,0.05850670038227175
separated,144,101,0.34347143394790175,0.31421808375676585,0.029253350191135875
separated,144,201,0.3288447588523338,0.31421808375676585,0.014626675095567938
separated,144,401,0.3215314213045498,0.31421808375676585,0.007313337547783969
separated,144,801,0.31787475253065783,0.31421808375676585,0.0036566687738919844
separated,144,1601,0.31604641814371187,0.31421808375676585,0.0018283343869459922
separated,145,25,0.3925083119228598,0.27167195558972435,0.12083635633313544
separated,145,51,0.32967340662962935,0.27167195558972435,0.05800145103990501
separated,145,101,0.3006726811096769,0.27167195558972435,0.029000725519952506
separated,145,201,0.2861723183497006,0.27167195558972435,0.014500362759976253
separated,145,401,0.27892213696971246,0.27167195558972435,0.0072501813799881265
separated,145,801,0.2752970462797184,0.27167195558972435,0.0036250906899940633
separated,145,1601,0.2734845009347214,0.27167195558972435,0.0018125453449970316
separated,146,25,0.384021821105188,0.26226993727239833,0.12175188383278968
separated,146,51,0.32071084151213736,0.26226993727239833,0.05844090423973904
separated,146,101,0.29149038939226785,0.26226993727239833,0.02922045211986952
separated,146,201,0.2768801633323331,0.26226993727239833,0.01461022605993476
separated,146,401,0.2695750503023657,0.26226993727239833,0.00730511302996738
separated,146,801,0.26592249378738203,0.26226993727239833,0.00365255651498369
separated,146,1601,0.26409621552989015,0.26226993727239833,0.001826278257491845
separated,147,25,0.4233332831635003,0.29973406262214564,0.12359922054135465
separated,147,51,0.3590616884819959,0.29973406262214564,0.059327625859850235
separated,147,101,0.32939787555207073,0.29973406262214564,0.029663812929925117
separated,147,201,0.3145659690871082,0.29973406262214564,0.014831906464962559
separated,147,401,0.3071500158546269,0.29973406262214564,0.007415953232481279
separated,147,801,0.30344203923838625,0.29973406262214564,0.0037079766162406397
separated,147,1601,0.30158805093026597,0.29973406262214564,0.0018539883081203198
separated,148,25,0.4178023239733766,0.2928071309303676,0.124995193043009
separated,148,51,0.3528048235910119,0.2928071309303676,0.05999769266064432
separated,148,101,0.32280597726068977,0.2928071309303676,0.02999884633032216
separated,148,201,0.30780655409552865,0.2928071309303676,0.01499942316516108
separated,148,401,0.30030684251294815,0.2928071309303676,0.00749971158258054
separated,148,801,0.29655698672165787,0.2928071309303676,0.00374985579129027
separated,148,1601,0.2946820588260127,0.2928071309303676,0.001874927895645135
separated,149,25,0.41216388620798317,0.29212860139055896,0.12003528481742422
separated,149,51,0.3497455381029226,0.29212860139055896,0.05761693671236363
separated,149,101,0.3209370697467408,0.29212860139055896,0.028808468356181813
separated,149,201,0.30653283556864985,0.29212860139055896,0.014404234178090907
separated,149,401,0.2993307184796044,0.29212860139055896,0.007202117089045453
separated,149,801,0.2957296599350817,0.29212860139055896,0.0036010585445227267
separated,149,1601,0.29392913066282034,0.29212860139055896,0.0018005292722613633
separated,150,25,0.454612401930388,0.33347539535902393,0.12113700657136407
separated,150,51,0.39162115851327867,0.33347539535902393,0.05814576315425476
separated,150,101,0.3625482769361513,0.33347539535902393,0.02907288157712738
separated,150,201,0.3480118361475876,0.33347539535902393,0.01453644078856369
separated,150,401,0.34074361575330575,0.33347539535902393,0.007268220394281845
separated,150,801,0.33710950555616487,0.33347539535902393,0.0036341101971409224
separated,150,1601,0.33529245045759437,0.33347539535902393,0.0018170550985704612
separated,151,25,0.3893079723517986,0.2653895513959539,0.12391842095584472
separated,151,51,0.3248703934547593,0.2653895513959539,0.059480842058805466
separated,151,101,0.2951299724253566,0.2653895513959539,0.029740421029402733
separated,151,201,0.28025976191065527,0.2653895513959539,0.014870210514701367
separated,151,401,0.2728246566533046,0.2653895513959539,0.007435105257350683
separated,151,801,0.26910710402462923,0.2653895513959539,0.0037175526286753417
separated,151,1601,0.26724832771029156,0.2653895513959539,0.0018587763143376708
separated,152,25,0.3981335471263526,0.2742256520450179,0.12390789508133472
separated,152,51,0.3337014416840586,0.2742256520450179,0.05947578963904067
separated,152,101,0.30396354686453825,0.2742256520450179,0.029737894819520334
separated,152,201,0.2890945994547781,0.2742256520450179,0.014868947409760167
separated,152,401,0.281660125749898,0.2742256520450179,0.007434473704880084
separated,152,801,0.27794288889745794,0.2742256520450179,0.003717236852440042
separated,152,1601,0.27608427047123796,0.2742256520450179,0.001858618426220021
separated,153,25,0.3513320950945636,0.23017833544748645,0.12115375964707714
separated,153,51,0.2883321400780835,0.23017833544748645,0.05815380463059703
separated,153,101,0.259255237762785,0.23017833544748645,0.029076902315298515
separated,153,201,0.2447167866051357,0.23017833544748645,0.014538451157649257
separated,153,401,0.23744756102631107,0.23017833544748645,0.007269225578824629
separated,153,801,0.23381294823689877,0.23017833544748645,0.0036346127894123143
separated,153,1601,0.2319956418421926,0.23017833544748645,0.0018173063947061572
separated,154,25,0.3599139665489474,0.2419908441970281,0.11792312235191932
separated,154,51,0.2985939429259494,0.2419908441970281,0.056603098728921275
separated,154,101,0.2702923935614887,0.2419908441970281,0.028301549364460638
separated,154,201,0.2561416188792584,0.2419908441970281,0.014150774682230319
separated,154,401,0.24906623153814325,0.2419908441970281,0.007075387341115159
separated,154,801,0.2455285378675857,0.2419908441970281,0.0035376936705575797
separated,154,1601,0.24375969103230688,0.2419908441970281,0.0017688468352787898
separated,155,25,0.4390730531340755,0.31811530123133924,0.12095775190273626
separated,155,51,0.37617502214465265,0.31811530123133924,0.058059720913313406
separated,155,101,0.3471451616879959,0.31811530123133924,0.029029860456656703
separated,155,201,0.3326302314596676,0.31811530123133924,0.014514930228328352
separated,155,401,0.32537276634550344,0.31811530123133924,0.007257465114164176
separated,155,801,0.3217440337884213,0.31811530123133924,0.003628732557082088
separated,155,1601,0.3199296675098803,0.31811530123133924,0.001814366278541044
separated,156,25,0.4154828077671535,0.29580013097170543,0.1196826767954481
separated,156,51,0.3532478158335205,0.29580013097170543,0.05744768486181509
separated,156,101,0.32452397340261296,0.29580013097170543,0.028723842430907545
separated,156,201,0.3101620521871592,0.29580013097170543,0.014361921215453773
separated,156,401,0.3029810915794323,0.29580013097170543,0.007180960607726886
separated,156,801,0.2993906112755689,0.29580013097170543,0.003590480303863443
separated,156,1601,0.29759537112363715,0.29580013097170543,0.0017952401519317216
separated,157,25,0.4511740254457375,0.3288407534962281,0.12233327194950937
separated,157,51,0.3875607240319926,0.3288407534962281,0.05871997053576449
separated,157,101,0.35820073876411035,0.3288407534962281,0.029359985267882246
separated,157,201,0.3435207461301692,0.3288407534962281,0.014679992633941123
separated,157,401,0.3361807498131987,0.3288407534962281,0.0073399963169705615
separated,157,801,0.3325107516547134,0.3288407534962281,0.0036699981584852807
separated,157,1601,0.3306757525754707,0.3288407534962281,0.0018349990792426404
separated,158,25,0.40017540881081226,0.27560962474536366,0.1245657840654486
separated,158,51,0.33540120109677896,0.27560962474536366,0.059791576351415326
separated,158,101,0.3055054129210713,0.27560962474536366,0.029895788175707663
separated,158,201,0.2905575188332175,0.27560962474536366,0.014947894087853832
separated,158,401,0.28308357178929056,0.27560962474536366,0.007473947043926916
separated,158,801,0.2793465982673271,0.27560962474536366,0.003736973521963458
separated,158,1601,0.2774781115063454,0.27560962474536366,0.001868486760981729
separated,159,25,0.4240619746963905,0.29973406262214564,0.12432791207424489
separated,159,51,0.35941146041778316,0.29973406262214564,0.05967739779563755
separated,159,101,0.3295727615199644,0.29973406262214564,0.029838698897818774
separated,159,201,0.314653412071055,0.29973406262214564,0.014919349448909387
separated,159,401,0.3071937373466003,0.29973406262214564,0.007459674724454694
separated,159,801,0.303463899984373,0.29973406262214564,0.003729837362227347
separated,159,1601,0.3015989813032593,0.29973406262214564,0.0018649186811136734
separated,160,25,0.4562164908275697,0.3362899960283897,0.11992649479918
separated,160,51,0.3938547135319961,0.3362899960283897,0.057564717503606394
separated,160,101,0.3650723547801929,0.3362899960283897,0.028782358751803197
separated,160,201,0.35068117540429133,0.3362899960283897,0.014391179375901599
separated,160,401,0.3434855857163405,0.3362899960283897,0.007195589687950799
separated,160,801,0.3398877908723651,0.3362899960283897,0.0035977948439753996
separated,160,1601,0.3380888934503774,0.3362899960283897,0.0017988974219876998
separated,161,25,0.4308191859528517,0.30940163979182156,0.12141754616103013
separated,161,51,0.367682061949116,0.30940163979182156,0.05828042215729447
separated,161,101,0.3385418508704688,0.30940163979182156,0.029140211078647234
separated,161,201,0.3239717453311452,0.30940163979182156,0.014570105539323617
separated,161,401,0.31668669256148335,0.30940163979182156,0.0072850527696618084
separated,161,801,0.3130441661766525,0.30940163979182156,0.0036425263848309042
separated,161,1601,0.311222902984237,0.30940163979182156,0.0018212631924154521
separated,162,25,0.44255822591618094,0.3208561909305381,0.12170203498564285
separated,162,51,0.3792731677236466,0.3208561909305381,0.05841697679310856
separated,162,101,0.35006467932709234,0.3208561909305381,0.02920848839655428
separated,162,201,0.33546043512881524,0.3208561909305381,0.01460424419827714
separated,162,401,0.32815831302967663,0.3208561909305381,0.00730212209913857
separated,162,801,0.3245072519801074,0.3208561909305381,0.003651061049569285
separated,162,1601,0.3226817214553227,0.3208561909305381,0.0018255305247846425
separated,163,25,0.39414356784137705,0.27114976655200673,0.1229938012893703
separated,163,51,0.3301867911709045,0.27114976655200673,0.059037024618897746
separated,163,101,0.3006682788614556,0.27114976655200673,0.029518512309448873
separated,163,201,0.2859090227067312,0.27114976655200673,0.014759256154724436
separated,163,401,0.27852939462936893,0.27114976655200673,0.007379628077362218
separated,163,801,0.27483958059068786,0.27114976655200673,0.003689814038681109
separated,163,1601,0.27299467357134727,0.27114976655200673,0.0018449070193405546
separated,164,25,0.4121638443518267,0.29212860139055896,0.12003524296126773
separated,164,51,0.34974551801196746,0.29212860139055896,0.05761691662140851
separated,164,101,0.32093705970126324,0.29212860139055896,0.028808458310704256
separated,164,201,0.3065328305459111,0.29212860139055896,0.014404229155352128
separated,164,401,0.299330715968235,0.29212860139055896,0.007202114577676064
separated,164,801,0.295729658679397,0.29212860139055896,0.003601057288838032
separated,164,1601,0.293929130034978,0.29212860139055896,0.001800528644419016
separated,165,25,0.3162669448182447,0.20693812581832893,0.10932881899991577
separated,165,51,0.2594159589382885,0.20693812581832893,0.05247783311995957
separated,165,101,0.23317704237830872,0.20693812581832893,0.026238916559979786
separated,165,201,0.22005758409831883,0.20693812581832893,0.013119458279989893
separated,165,401,0.21349785495832388,0.20693812581832893,0.0065597291399949464
separated,165,801,0.2102179903883264,0.20693812581832893,0.0032798645699974732
separated,165,1601,0.20857805810332766,0.20693812581832893,0.0016399322849987366
separated,166,25,0.3777752066894468,0.25987498319531566,0.11790022349413114
separated,166,51,0.3164670904724986,0.25987498319531566,0.056592107277182946
separated,166,101,0.2881710368339071,0.25987498319531566,0.028296053638591473
separated,166,201,0.2740230100146114,0.25987498319531566,0.014148026819295736
separated,166,401,0.2669489966049635,0.25987498319531566,0.007074013409647868
separated,166,801,0.2634119899001396,0.25987498319531566,0.003537006704823934
separated,166,1601,0.2616434865477276,0.25987498319531566,0.001768503352411967
separated,167,25,0.36808534916128105,0.24752087550225,0.12056447365903107
separated,167,51,0.3053918228585849,0.24752087550225,0.05787094735633492
separated,167,101,0.27645634918041745,0.24752087550225,0.02893547367816746
separated,167,201,0.26198861234133375,0.24752087550225,0.01446773683908373
separated,167,401,0.25475474392179187,0.24752087550225,0.007233868419541865
separated,167,801,0.25113780971202093,0.24752087550225,0.0036169342097709324
separated,167,1601,0.24932934260713546,0.24752087550225,0.0018084671048854662
separated,168,25,0.3244750316083709,0.20693812581832893,0.11753690579004193
separated,168,51,0.2633558405975491,0.20693812581832893,0.05641771477922013
separated,168,101,0.235146983207939,0.20693812581832893,0.028208857389610063
separated,168,201,0.22104255451313395,0.20693812581832893,0.014104428694805032
separated,168,401,0.21399034016573146,0.20693812581832893,0.007052214347402516
separated,168,801,0.21046423299203018,0.20693812581832893,0.003526107173701258
separated,168,1601,0.20870117940517957,0.20693812581832893,0.001763053586850629
separated,169,25,0.3615755030625194,0.2419908441970281,0.11958465886549129
separated,169,51,0.2993914804524639,0.2419908441970281,0.057400636255435816
separated,169,101,0.270691162324746,0.2419908441970281,0.028700318127717908
separated,169,201,0.25634100326088705,0.2419908441970281,0.014350159063858954
separated,169,401,0.24916592372895757,0.2419908441970281,0.007175079531929477
separated,169,801,0.24557838396299284,0.2419908441970281,0.0035875397659647385
separated,169,1601,0.24378461408001048,0.2419908441970281,0.0017937698829823693
separated,170,25,0.4189073213518066,0.3004834045006882,0.11842391685111836
separated,170,51,0.357326884589225,0.3004834045006882,0.05684348008853681
separated,170,101,0.3289051445449566,0.3004834045006882,0.028421740044268406
separated,170,201,0.31469427452282245,0.3004834045006882,0.014210870022134203
separated,170,401,0.3075888395117553,0.3004834045006882,0.0071054350110671015
separated,170,801,0.30403612200622177,0.3004834045006882,0.0035527175055335507
separated,170,1601,0.302259763253455,0.3004834045006882,0.0017763587527667754
separated,171,25,0.4417505035949849,0.31970974364159277,0.12204075995339213
separated,171,51,0.378289308419221,0.31970974364159277,0.05857956477762822
separated,171,101,0.3489995260304069,0.31970974364159277,0.02928978238881411
separated,171,201,0.3343546348359998,0.31970974364159277,0.014644891194407055
separated,171,401,0.3270321892387963,0.31970974364159277,0.007322445597203527
separated,171,801,0.32337096644019453,0.31970974364159277,0.0036612227986017637
separated,171,1601,0.3215403550408937,0.31970974364159277,0.0018306113993008819
separated,172,25,0.32726881787498796,0.21273867348576703,0.11453014438922093
separated,172,51,0.26771314279259306,0.21273867348576703,0.05497446930682605
separated,172,101,0.24022590813918004,0.21273867348576703,0.027487234653413024
separated,172,201,0.22648229081247354,0.21273867348576703,0.013743617326706512
separated,172,401,0.2196104821491203,0.21273867348576703,0.006871808663353256
separated,172,801,0.21617457781744365,0.21273867348576703,0.003435904331676628
separated,172,1601,0.21445662565160534,0.21273867348576703,0.001717952165838314
separated,173,25,0.4511933313251401,0.3306554856168078,0.1205378457083323
separated,173,51,0.3885136515568073,0.3306554856168078,0.057858165939999505
separated,173,101,0.35958456858680754,0.3306554856168078,0.028929082969999752
separated,173,201,0.34512002710180767,0.3306554856168078,0.014464541484999876
separated,173,401,0.33788775635930773,0.3306554856168078,0.007232270742499938
separated,173,801,0.3342716209880578,0.3306554856168078,0.003616135371249969
separated,173,1601,0.33246355330243277,0.3306554856168078,0.0018080676856249845
separated,174,25,0.4626746792860676,0.3460405321339126,0.11663414715215498
separated,174,51,0.402024922766947,0.3460405321339126,0.05598439063303439
separated,174,101,0.3740327274504298,0.3460405321339126,0.027992195316517195
separated,174,201,0.3600366297921712,0.3460405321339126,0.013996097658258598
separated,174,401,0.3530385809630419,0.3460405321339126,0.006998048829129299
separated,174,801,0.34953955654847724,0.3460405321339126,0.0034990244145646494
separated,174,1601,0.3477900443411949,0.3460405321339126,0.0017495122072823247
separated,175,25,0.44748204166782335,0.3258994893397349,0.12158255232808844
separated,175,51,0.38425911445721733,0.3258994893397349,0.05835962511748245
separated,175,101,0.35507930189847614,0.3258994893397349,0.029179812558741226
separated,175,201,0.3404893956191055,0.3258994893397349,0.014589906279370613
separated,175,401,0.3331944424794202,0.3258994893397349,0.007294953139685307
separated,175,801,0.32954696590957755,0.3258994893397349,0.0036474765698426533
separated,175,1601,0.3277232276246562,0.3258994893397349,0.0018237382849213266
separated,176,25,0.3614217253443797,0.2419908441970281,0.11943088114735162
separated,176,51,0.29931766714775687,0.2419908441970281,0.05732682295072878
separated,176,101,0.2706542556723925,0.2419908441970281,0.02866341147536439
separated,176,201,0.2563225499347103,0.2419908441970281,0.014331705737682195
separated,176,401,0.2491566970658692,0.2419908441970281,0.0071658528688410975
separated,176,801,0.24557377063144864,0.2419908441970281,0.0035829264344205487
separated,176,1601,0.24378230741423837,0.2419908441970281,0.0017914632172102744
separated,177,25,0.419041472308495,0.2979192986129158,0.1211221736955792
separated,177,51,0.3560579419867938,0.2979192986129158,0.058138643373878016
separated,177,101,0.32698862029985476,0.2979192986129158,0.029069321686939008
separated,177,201,0.31245395945638527,0.2979192986129158,0.014534660843469504
separated,177,401,0.30518662903465055,0.2979192986129158,0.007267330421734752
separated,177,801,0.30155296382378316,0.2979192986129158,0.003633665210867376
separated,177,1601,0.29973613121834947,0.2979192986129158,0.001816832605433688
separated,178,25,0.3991855715279657,0.27642921923327757,0.1227563522946881
separated,178,51,0.33535226833472787,0.27642921923327757,0.05892304910145029
separated,178,101,0.3058907437840027,0.27642921923327757,0.029461524550725145
separated,178,201,0.29115998150864014,0.27642921923327757,0.014730762275362573
separated,178,401,0.2837946003709588,0.27642921923327757,0.007365381137681286
separated,178,801,0.2801119098021182,0.27642921923327757,0.003682690568840643
separated,178,1601,0.2782705645176979,0.27642921923327757,0.0018413452844203216
separated,179,25,0.44818615777597254,0.32699012982203557,0.12119602795393696
separated,179,51,0.3851642232399253,0.32699012982203557,0.05817409341788973
separated,179,101,0.3560771765309804,0.32699012982203557,0.029087046708944866
separated,179,201,0.341533653176508,0.32699012982203557,0.014543523354472433
separated,179,401,0.33426189149927177,0.32699012982203557,0.007271761677236217
separated,179,801,0.33062601066065367,0.32699012982203557,0.0036358808386181083
separated,179,1601,0.3288080702413446,0.32699012982203557,0.0018179404193090542
separated,180,25,0.31254429442626414,0.20693812581832893,0.1056061686079352
separated,180,51,0.25762908675013785,0.20693812581832893,0.050690960931808894
separated,180,101,0.2322836062842334,0.20693812581832893,0.025345480465904447
separated,180,201,0.21961086605128116,0.20693812581832893,0.012672740232952224
separated,180,401,0.21327449593480505,0.20693812581832893,0.006336370116476112
separated,180,801,0.21010631087656698,0.20693812581832893,0.003168185058238056
separated,180,1601,0.20852221834744797,0.20693812581832893,0.001584092529119028
separated,181,25,0.43068820248857015,0.308116127106284,0.12257207538228614
separated,181,51,0.36695072328978134,0.308116127106284,0.058834596183497345
separated,181,101,0.33753342519803264,0.308116127106284,0.029417298091748673
separated,181,201,0.3228247761521583,0.308116127106284,0.014708649045874336
separated,181,401,0.31547045162922116,0.308116127106284,0.007354324522937168
separated,181,801,0.3117932893677526,0.308116127106284,0.003677162261468584
separated,181,1601,0.3099547082370183,0.308116127106284,0.001838581130734292
separated,182,25,0.31903154722474486,0.2036561162056414,0.11537543101910347
separated,182,51,0.25903632309481106,0.2036561162056414,0.05538020688916966
separated,182,101,0.23134621965022623,0.2036561162056414,0.02769010344458483
separated,182,201,0.2175011679279338,0.2036561162056414,0.013845051722292416
separated,182,401,0.21057864206678759,0.2036561162056414,0.006922525861146208
separated,182,801,0.2071173791362145,0.2036561162056414,0.003461262930573104
separated,182,1601,0.20538674767092793,0.2036561162056414,0.001730631465286552
separated,183,25,0.32699821374027876,0.20994810673791875,0.11705010700236002
separated,183,51,0.26613215809905155,0.20994810673791875,0.05618405136113281
separated,183,101,0.23804013241848515,0.20994810673791875,0.028092025680566405
separated,183,201,0.22399411957820195,0.20994810673791875,0.014046012840283202
separated,183,401,0.21697111315806036,0.20994810673791875,0.007023006420141601
separated,183,801,0.21345960994798954,0.20994810673791875,0.0035115032100708006
separated,183,1601,0.21170385834295416,0.20994810673791875,0.0017557516050354003
separated,184,25,0.3797059195432804,0.2572639135013106,0.1224420060419698
separated,184,51,0.31603607640145615,0.2572639135013106,0.0587721629001455
separated,184,101,0.2866499949513834,0.2572639135013106,0.02938608145007275
separated,184,201,0.27195695422634697,0.2572639135013106,0.014693040725036376
separated,184,401,0.2646104338638288,0.2572639135013106,0.007346520362518188
separated,184,801,0.2609371736825697,0.2572639135013106,0.003673260181259094
separated,184,1601,0.2591005435919402,0.2572639135013106,0.001836630090629547
separated,185,25,0.42626686508051326,0.30730999931286496,0.11895686576764829
separated,185,51,0.3644092948813361,0.30730999931286496,0.057099295568471174
separated,185,101,0.33585964709710053,0.30730999931286496,0.028549647784235587
separated,185,201,0.3215848232049828,0.30730999931286496,0.014274823892117794
separated,185,401,0.31444741125892384,0.30730999931286496,0.007137411946058897
separated,185,801,0.3108787052858944,0.30730999931286496,0.0035687059730294484
separated,185,1601,0.3090943522993797,0.30730999931286496,0.0017843529865147242
separated,186,25,0.3210314689724795,0.2036561162056414,0.11737535276683808
separated,186,51,0.25999628553372367,0.2036561162056414,0.05634016932808228
separated,186,101,0.23182620086968253,0.2036561162056414,0.02817008466404114
separated,186,201,0.21774115853766196,0.2036561162056414,0.01408504233202057
separated,186,401,0.21069863737165168,0.2036561162056414,0.007042521166010285
separated,186,801,0.20717737678864653,0.2036561162056414,0.0035212605830051424
separated,186,1601,0.20541674649714398,0.2036561162056414,0.0017606302915025712
separated,187,25,0.42835484507118854,0.30993089111551386,0.11842395395567469
separated,187,51,0.3667743890142377,0.30993089111551386,0.05684349789872385
separated,187,101,0.3383526400648758,0.30993089111551386,0.028421748949361926
separated,187,201,0.3241417655901948,0.30993089111551386,0.014210874474680963
separated,187,401,0.31703632835285434,0.30993089111551386,0.0071054372373404815
separated,187,801,0.3134836097341841,0.30993089111551386,0.0035527186186702408
separated,187,1601,0.311707250424849,0.30993089111551386,0.0017763593093351204
separated,188,25,0.4495406601330442,0.32801044027514115,0.12153021985790309
separated,188,51,0.3863449458069346,0.32801044027514115,0.058334505531793486
separated,188,101,0.3571776930410379,0.32801044027514115,0.029167252765896743
separated,188,201,0.3425940666580895,0.32801044027514115,0.014583626382948372
separated,188,401,0.33530225346661535,0.32801044027514115,0.007291813191474186
separated,188,801,0.33165634687087825,0.32801044027514115,0.003645906595737093
separated,188,1601,0.32983339357300967,0.32801044027514115,0.0018229532978685464
separated,189,25,0.4009105700852744,0.27644007078091803,0.12447049930435639
separated,189,51,0.3361859104470091,0.27644007078091803,0.059745839666091066
separated,189,101,0.30631299061396355,0.27644007078091803,0.029872919833045533
separated,189,201,0.2913765306974408,0.27644007078091803,0.014936459916522767
separated,189,401,0.28390830073917944,0.27644007078091803,0.007468229958261383
separated,189,801,0.2801741857600487,0.27644007078091803,0.0037341149791306916
separated,189,1601,0.2783071282704834,0.27644007078091803,0.0018670574895653458
separated,190,25,0.44487794108162915,0.3239201270345423,0.12095781404708685
separated,190,51,0.381979877777144,0.3239201270345423,0.05805975074260169
separated,190,101,0.3529500024058432,0.3239201270345423,0.029029875371300844
separated,190,201,0.33843506472019275,0.3239201270345423,0.014514937685650422
separated,190,401,0.3311775958773675,0.3239201270345423,0.007257468842825211
separated,190,801,0.3275488614559549,0.3239201270345423,0.0036287344214126055
separated,190,1601,0.32573449424524864,0.3239201270345423,0.0018143672107063028
separated,191,25,0.3774431245468598,0.2578547941162963,0.11958833043056348
separated,191,51,0.31525719272296676,0.2578547941162963,0.05740239860667047
separated,191,101,0.28655599341963156,0.2578547941162963,0.028701199303335236
separated,191,201,0.27220539376796393,0.2578547941162963,0.014350599651667618
separated,191,401,0.2650300939421301,0.2578547941162963,0.007175299825833809
separated,191,801,0.2614424440292132,0.2578547941162963,0.0035876499129169044
separated,191,1601,0.25964861907275477,0.2578547941162963,0.0017938249564584522
separated,192,25,0.39443475985990606,0.27361087509085824,0.12082388476904782
separated,192,51,0.3316063397800012,0.27361087509085824,0.057995464689142955
separated,192,101,0.3026086074354297,0.27361087509085824,0.028997732344571477
separated,192,201,0.288109741263144,0.27361087509085824,0.014498866172285739
separated,192,401,0.2808603081770011,0.27361087509085824,0.007249433086142869
separated,192,801,0.2772355916339297,0.27361087509085824,0.0036247165430714347
separated,192,1601,0.27542323336239394,0.27361087509085824,0.0018123582715357173
separated,193,25,0.4612579814448131,0.34362193569641364,0.11763604574839948
separated,193,51,0.40008723765564536,0.34362193569641364,0.056465301959231745
separated,193,101,0.3718545866760295,0.34362193569641364,0.028232650979615873
separated,193,201,0.3577382611862216,0.34362193569641364,0.014116325489807936
separated,193,401,0.3506800984413176,0.34362193569641364,0.007058162744903968
separated,193,801,0.34715101706886564,0.34362193569641364,0.003529081372451984
separated,193,1601,0.34538647638263964,0.34362193569641364,0.001764540686225992
separated,194,25,0.38304409280212187,0.26226993727239833,0.12077415552972354
separated,194,51,0.3202415319266656,0.26226993727239833,0.057971594654267294
separated,194,101,0.29125573459953197,0.26226993727239833,0.028985797327133647
separated,194,201,0.2767628359359652,0.26226993727239833,0.014492898663566824
separated,194,401,0.26951638660418176,0.26226993727239833,0.007246449331783412
separated,194,801,0.26589316193829005,0.26226993727239833,0.003623224665891706
separated,194,1601,0.2640815496053442,0.26226993727239833,0.001811612332945853
separated,195,25,0.44035898463798456,0.3197914999200262,0.12056748471795838
separated,195,51,0.3776638925846462,0.3197914999200262,0.05787239266462002
separated,195,101,0.34872769625233624,0.3197914999200262,0.02893619633231001
separated,195,201,0.3342595980861812,0.3197914999200262,0.014468098166155005
separated,195,401,0.3270255490031037,0.3197914999200262,0.0072340490830775026
separated,195,801,0.32340852446156493,0.3197914999200262,0.0036170245415387513
separated,195,1601,0.3216000121907956,0.3197914999200262,0.0018085122707693756
separated,196,25,0.42493970396421715,0.30168113253201323,0.12325857143220391
separated,196,51,0.3608452468194711,0.30168113253201323,0.059164114287457874
separated,196,101,0.33126318967574214,0.30168113253201323,0.029582057143728937
separated,196,201,0.3164721611038777,0.30168113253201323,0.014791028571864468
separated,196,401,0.30907664681794544,0.30168113253201323,0.007395514285932234
separated,196,801,0.30537888967497934,0.30168113253201323,0.003697757142966117
separated,196,1601,0.3035300111034963,0.30168113253201323,0.0018488785714830586
separated,197,25,0.46188030046584827,0.34415401103589494,0.11772628942995332
separated,197,51,0.40066262996227253,0.34415401103589494,0.05650861892637759
separated,197,101,0.37240832049908373,0.34415401103589494,0.028254309463188795
separated,197,201,0.3582811657674893,0.34415401103589494,0.014127154731594397
separated,197,401,0.35121758840169215,0.34415401103589494,0.007063577365797199
separated,197,801,0.34768579971879354,0.34415401103589494,0.0035317886828985993
separated,197,1601,0.34591990537734424,0.34415401103589494,0.0017658943414492997
separated,198,25,0.4257131083512129,0.3016862763327297,0.12402683201848319
separated,198,51,0.3612191557016016,0.3016862763327297,0.05953287936887193
separated,198,101,0.3314527160171657,0.3016862763327297,0.029766439684435965
separated,198,201,0.3165694961749477,0.3016862763327297,0.014883219842217982
separated,198,401,0.3091278862538387,0.3016862763327297,0.007441609921108991
separated,198,801,0.3054070812932842,0.3016862763327297,0.0037208049605544956
separated,198,1601,0.30354667881300695,0.3016862763327297,0.0018604024802772478
separated,199,25,0.43224262982758616,0.31757913351282374,0.11466349631476241
separated,199,51,0.3726176117439097,0.31757913351282374,0.05503847823108596
separated,199,101,0.34509837262836673,0.31757913351282374,0.02751923911554298
separated,199,201,0.33133875307059524,0.31757913351282374,0.01375961955777149
separated,199,401,0.3244589432917095,0.31757913351282374,0.006879809778885745
separated,199,801,0.3210190384022666,0.31757913351282374,0.0034399048894428724
separated,199,1601,0.3192990859575452,0.31757913351282374,0.0017199524447214362
crossing,0,25,0.2779921550159241,0.2320622977232497,0.04592985729267443
crossing,0,51,0.25410862922373345,0.2320622977232497,0.022046331500483726
crossing,0,101,0.24308546347349158,0.2320622977232497,0.011023165750241863
crossing,0,201,0.23757388059837065,0.2320622977232497,0.0055115828751209316
crossing,0,401,0.23481808916081018,0.2320622977232497,0.0027557914375604658
crossing,0,801,0.23344019344202993,0.2320622977232497,0.0013778957187802329
crossing,0,1601,0.23275124558263982,0.2320622977232497,0.0006889478593901164
crossing,1,25,0.35505441546492966,0.30104678963673864,0.054007625828191
crossing,1,51,0.32723224863503525,0.30130858823750356,0.02592366039753168
crossing,1,101,0.3142704184362694,0.30130858823750356,0.01296183019876584
crossing,1,201,0.30783741111832863,0.3013564960189457,0.00648091509938292
crossing,1,401,0.30459695356863714,0.3013564960189457,0.00324045754969146
crossing,1,801,0.30297672479379145,0.3013564960189457,0.00162022877484573
crossing,1,1601,0.30216661040636855,0.3013564960189457,0.000810114387422865
crossing,2,25,0.30154408437739166,0.25177983059272613,0.04976425378466553
crossing,2,51,0.27563533768360793,0.25174849586696846,0.023886841816639453
crossing,2,101,0.26372325150104586,0.25177983059272613,0.011943420908319726
crossing,2,201,0.25775154104688597,0.25177983059272613,0.005971710454159863
crossing,2,401,0.25476612476419846,0.2517802695371185,0.0029858552270799316
crossing,2,801,0.25327364853302053,0.25178072091948056,0.0014929276135399658
crossing,2,1601,0.2525271847262505,0.25178072091948056,0.0007464638067699829
crossing,3,25,0.3293886031218793,0.28275577746029595,0.04663282566158331
crossing,3,51,0.30513953377785596,0.28275577746029595,0.02238375631755999
crossing,3,101,0.29394765561907593,0.28275577746029595,0.011191878158779995
crossing,3,201,0.28835171653968594,0.28275577746029595,0.0055959390793899975
crossing,3,401,0.285553746999991,0.28275577746029595,0.0027979695396949987
crossing,3,801,0.28415476223014347,0.28275577746029595,0.0013989847698474994
crossing,3,1601,0.2834552698452197,0.28275577746029595,0.0006994923849237497
crossing,4,25,0.31055138057288495,0.2610187958951947,0.04953258467769025
crossing,4,51,0.28479443654048603,0.2610187958951947,0.023775640645291318
crossing,4,101,0.2729066162178404,0.2610187958951947,0.011887820322645659
crossing,4,201,0.26696270605651756,0.2610187958951947,0.005943910161322829
crossing,4,401,0.2639907509758561,0.2610187958951947,0.0029719550806614147
crossing,4,801,0.2625047734355254,0.2610187958951947,0.0014859775403307073
crossing,4,1601,0.2617617846653601,0.2610187958951947,0.0007429887701653537
crossing,5,25,0.3181752166615463,0.2688430026054144,0.04933221405613192
crossing,5,51,0.29282216730782246,0.26914270456087913,0.02367946274694332
crossing,5,101,0.2810405630480037,0.269200831674532,0.01183973137347166
crossing,5,201,0.2751206973612678,0.269200831674532,0.00591986568673583
crossing,5,401,0.27216674797680646,0.2692068151334385,0.002959932843367915
crossing,5,801,0.2706867815551225,0.2692068151334385,0.0014799664216839576
crossing,5,1601,0.2699467983442805,0.2692068151334385,0.0007399832108419788
crossing,6,25,0.3235781050260808,0.2815419451280124,0.042036159898068415
crossing,6,51,0.30171930187908524,0.2815419451280124,0.02017735675107284
crossing,6,101,0.2916306235035488,0.2815419451280124,0.01008867837553642
crossing,6,201,0.2865862843157806,0.2815419451280124,0.00504433918776821
crossing,6,401,0.2840641147218965,0.2815419451280124,0.002522169593884105
crossing,6,801,0.28280302992495443,0.2815419451280124,0.0012610847969420525
crossing,6,1601,0.28217248752648344,0.2815419451280124,0.0006305423984710262
crossing,7,25,0.27537833782658894,0.23523707266259242,0.04014126516399653
crossing,7,51,0.25450487994131077,0.23523707266259242,0.019267807278718335
crossing,7,101,0.2448709763019516,0.23523707266259242,0.009633903639359167
crossing,7,201,0.240054024482272,0.23523707266259242,0.004816951819679584
crossing,7,401,0.2376455485724322,0.23523707266259242,0.002408475909839792
crossing,7,801,0.2364413106175123,0.23523707266259242,0.001204237954919896
crossing,7,1601,0.23583919164005238,0.23523707266259242,0.000602118977459948
crossing,8,25,0.2809772156844791,0.23813077971896524,0.04284643596551387
crossing,8,51,0.2586970689824119,0.23813077971896524,0.02056628926344666
crossing,8,101,0.24841392435068857,0.23813077971896524,0.01028314463172333
crossing,8,201,0.2432723520348269,0.23813077971896524,0.005141572315861665
crossing,8,401,0.24070156587689606,0.23813077971896524,0.0025707861579308323
crossing,8,801,0.23941617279793065,0.23813077971896524,0.0012853930789654161
crossing,8,1601,0.23877347625844794,0.23813077971896524,0.0006426965394827081
crossing,9,25,0.3544834307964196,0.3033200656576931,0.05116336513872649
crossing,9,51,0.3277626184584474,0.3032042031918587,0.024558415266588716
crossing,9,101,0.31567347649916583,0.30339426886587145,0.012279207633294358
crossing,9,201,0.30953387268251864,0.30339426886587145,0.006139603816647179
crossing,9,401,0.306464070774195,0.30339426886587145,0.0030698019083235896
crossing,9,801,0.30493050439072916,0.30339560343656735,0.0015349009541617948
crossing,9,1601,0.3041632377430621,0.3033957872659812,0.0007674504770808974
crossing,10,25,0.2774673489478351,0.23079930198931686,0.0466680469585182
crossing,10,51,0.2531999645294056,0.23079930198931686,0.022400662540088736
crossing,10,101,0.24199963325936122,0.23079930198931686,0.011200331270044368
crossing,10,201,0.23639946762433905,0.23079930198931686,0.005600165635022184
crossing,10,401,0.23359938480682796,0.23079930198931686,0.002800082817511092
crossing,10,801,0.2321993433980724,0.23079930198931686,0.001400041408755546
crossing,10,1601,0.23149932269369464,0.23079930198931686,0.000700020704377773
crossing,11,25,0.28895675502123064,0.24753123155771528,0.041425523463515364
crossing,11,51,0.26741548282020267,0.24753123155771528,0.019884251262487374
crossing,11,101,0.257473357188959,0.24753123155771528,0.009942125631243687
crossing,11,201,0.2525022943733371,0.24753123155771528,0.0049710628156218436
crossing,11,401,0.2500167629655262,0.24753123155771528,0.0024855314078109218
crossing,11,801,0.24877399726162075,0.24753123155771528,0.0012427657039054609
crossing,11,1601,0.24815261440966802,0.24753123155771528,0.0006213828519527304
crossing,12,25,0.28442498204721745,0.24688896927212095,0.037536012775096515
crossing,12,51,0.2649062554041673,0.24688896927212095,0.01801728613204633
crossing,12,101,0.2558976123381441,0.24688896927212095,0.009008643066023165
crossing,12,201,0.2513932908051325,0.24688896927212095,0.004504321533011582
crossing,12,401,0.24914113003862673,0.24688896927212095,0.002252160766505791
crossing,12,801,0.24801504965537385,0.24688896927212095,0.0011260803832528956
crossing,12,1601,0.2474520094637474,0.24688896927212095,0.0005630401916264478
crossing,13,25,0.27307390837371004,0.22959243741055724,0.04348147096315278
crossing,13,51,0.2504635434728706,0.22959243741055724,0.020871106062313335
crossing,13,101,0.2400279904417139,0.22959243741055724,0.010435553031156668
crossing,13,201,0.23481021392613557,0.22959243741055724,0.005217776515578334
crossing,13,401,0.2322013256683464,0.22959243741055724,0.002608888257789167
crossing,13,801,0.23089688153945181,0.22959243741055724,0.0013044441288945835
crossing,13,1601,0.23024465947500453,0.22959243741055724,0.0006522220644472917
crossing,14,25,0.29731920958486807,0.25689537990349726,0.04042382968137082
crossing,14,51,0.27629881815055524,0.25689537990349726,0.019403438247057994
crossing,14,101,0.2665970990270263,0.25689537990349726,0.009701719123528997
crossing,14,201,0.26174623946526177,0.25689537990349726,0.0048508595617644985
crossing,14,401,0.2593208096843795,0.25689537990349726,0.0024254297808822493
crossing,14,801,0.25810809479393837,0.25689537990349726,0.0012127148904411246
crossing,14,1601,0.25750173734871784,0.25689537990349726,0.0006063574452205623
crossing,15,25,0.3187661312925291,0.2706699408644904,0.048096190428038706
crossing,15,51,0.2937609339850669,0.2706747625796083,0.02308617140545858
crossing,15,101,0.2822178482823376,0.2706747625796083,0.01154308570272929
crossing,15,201,0.276446305430973,0.2706747625796083,0.005771542851364645
crossing,15,401,0.27356135570091017,0.27067558427522787,0.0028857714256823224
crossing,15,801,0.2721214323425607,0.2706785466297195,0.0014428857128411612
crossing,15,1601,0.2713999894861401,0.2706785466297195,0.0007214428564205806
crossing,16,25,0.2696499397754703,0.2240291335881121,0.045620806187358205
crossing,16,51,0.24668835186960109,0.22479036489966914,0.021897986969931938
crossing,16,101,0.2357393583846351,0.22479036489966914,0.010948993484965969
crossing,16,201,0.23026486164215212,0.22479036489966914,0.0054744967424829845
crossing,16,401,0.22754273710384917,0.2248054887326077,0.0027372483712414923
crossing,16,801,0.22617411291822845,0.2248054887326077,0.0013686241856207461
crossing,16,1601,0.22548980082541806,0.2248054887326077,0.0006843120928103731
crossing,17,25,0.2949932705432379,0.24819823816132458,0.04679503238191332
crossing,17,51,0.27056243001655184,0.24810081447323346,0.022461615543318394
crossing,17,101,0.25958974748482955,0.24835893971317036,0.011230807771659197
crossing,17,201,0.25397434359899995,0.24835893971317036,0.005615403885829599
crossing,17,401,0.2511724960247158,0.248364794081801,0.0028077019429147993
crossing,17,801,0.24977121845274114,0.24836736748128374,0.0014038509714573997
crossing,17,1601,0.24906939993688323,0.24836747445115454,0.0007019254857286998
crossing,18,25,0.295310487876384,0.24565831620749756,0.04965217166888641
crossing,18,51,0.2696357168688585,0.24580267446779303,0.023833042401065478
crossing,18,101,0.2577223656301754,0.2458058444296427,0.011916521200532739
crossing,18,201,0.25177571436562,0.24581745376535363,0.0059582606002663695
crossing,18,401,0.24879658406548683,0.24581745376535363,0.0029791303001331848
crossing,18,801,0.24730701891542023,0.24581745376535363,0.0014895651500665924
crossing,18,1601,0.24656223634038693,0.24581745376535363,0.0007447825750332962
crossing,19,25,0.2828888837158263,0.23381684468096564,0.0490720390348607
crossing,19,51,0.25741239455671744,0.23385781581998433,0.023554578736733136
crossing,19,101,0.24563510518835088,0.23385781581998433,0.011777289368366568
crossing,19,201,0.23974646050416762,0.23385781581998433,0.005888644684183284
crossing,19,401,0.23680213816207596,0.23385781581998433,0.002944322342091642
crossing,19,801,0.23533310396429097,0.23386094279324515,0.001472161171045821
crossing,19,1601,0.23459702337876806,0.23386094279324515,0.0007360805855229105
crossing,20,25,0.3397778421031021,0.2899579941251481,0.04981984797795397
crossing,20,51,0.31398401645370694,0.29007048942428904,0.023913527029417906
crossing,20,101,0.3020391937400052,0.29008243022529623,0.011956763514708953
crossing,20,201,0.2961189519786938,0.2901405702213393,0.0059783817573544765
crossing,20,401,0.29312976110001654,0.2901405702213393,0.0029891908786772383
crossing,20,801,0.29163516566067793,0.2901405702213393,0.0014945954393386191
crossing,20,1601,0.2908878679410086,0.2901405702213393,0.0007472977196693096
crossing,21,25,0.2991235641066924,0.25910103009793434,0.04002253400875802
crossing,21,51,0.2783118464221382,0.25910103009793434,0.01921081632420385
crossing,21,101,0.26870643826003626,0.25910103009793434,0.009605408162101925
crossing,21,201,0.26390373417898527,0.25910103009793434,0.0048027040810509625
crossing,21,401,0.26150238213845983,0.25910103009793434,0.0024013520405254812
crossing,21,801,0.2603017061181971,0.25910103009793434,0.0012006760202627406
crossing,21,1601,0.2597013681080657,0.25910103009793434,0.0006003380101313703
crossing,22,25,0.28323585366111637,0.23920979253090907,0.04402606113020729
crossing,22,51,0.2608128770216792,0.23968036767917972,0.021132509342499498
crossing,22,101,0.250332831557855,0.23976657688660524,0.010566254671249749
crossing,22,201,0.245066058567081,0.2397829312314561,0.0052831273356248746
crossing,22,401,0.24243057927301986,0.23978901560520743,0.0026415636678124373
crossing,22,801,0.24111039376249915,0.23978961192859294,0.0013207818339062186
crossing,22,1601,0.24045060503335478,0.23979021411640167,0.0006603909169531093
crossing,23,25,0.28731563164876983,0.24481450009150257,0.042501131557267285
crossing,23,51,0.26620079130202573,0.24580024815453744,0.020400543147488296
crossing,23,101,0.2560005197282816,0.24580024815453744,0.010200271573744148
crossing,23,201,0.2509003839414095,0.24580024815453744,0.005100135786872074
crossing,23,401,0.24835031604797347,0.24580024815453744,0.002550067893436037
crossing,23,801,0.24707528210125546,0.24580024815453744,0.0012750339467180185
crossing,23,1601,0.2464378082664378,0.2458002912930788,0.0006375169733590093
crossing,24,25,0.2949388085177591,0.24919817322034532,0.04574063529741378
crossing,24,51,0.27149670658911335,0.24954120164635474,0.021955504942758615
crossing,24,101,0.26051895411773407,0.24954120164635474,0.010977752471379307
crossing,24,201,0.25503719029113747,0.2495483140554478,0.005488876235689654
crossing,24,401,0.2522955021453956,0.24955106402755078,0.002744438117844827
crossing,24,801,0.2509234645882256,0.2495512455293032,0.0013722190589224134
crossing,24,1601,0.25023765591425545,0.24955154638479426,0.0006861095294612067
crossing,25,25,0.33461390443428235,0.28520603483106094,0.04940786960322141
crossing,25,51,0.30902386991314434,0.28530809250359807,0.023715777409546276
crossing,25,101,0.2971659812083712,0.28530809250359807,0.011857888704773138
crossing,25,201,0.291295485966881,0.28536654161449443,0.005928944352386569
crossing,25,401,0.2883310137906877,0.28536654161449443,0.0029644721761932845
crossing,25,801,0.2868487777025911,0.28536654161449443,0.0014822360880966422
crossing,25,1601,0.28610765965854273,0.28536654161449443,0.0007411180440483211
crossing,26,25,0.3088389257383992,0.2646731260886453,0.044165799649753944
crossing,26,51,0.28698361800080596,0.2657840341689241,0.02119958383188189
crossing,26,101,0.27638382608486506,0.2657840341689241,0.010599791915940945
crossing,26,201,0.2710839301268946,0.2657840341689241,0.005299895957970473
crossing,26,401,0.2684339821479093,0.2657840341689241,0.0026499479789852363
crossing,26,801,0.2671090081584167,0.2657840341689241,0.0013249739894926182
crossing,26,1601,0.26644672417358956,0.26578423717884325,0.0006624869947463091
crossing,27,25,0.35808085302736625,0.31066971825083145,0.0474111347765348
crossing,27,51,0.33342706294356816,0.31066971825083145,0.022757344692736704
crossing,27,101,0.3220483905971998,0.31066971825083145,0.011378672346368352
crossing,27,201,0.31635905442401563,0.31066971825083145,0.005689336173184176
crossing,27,401,0.3135143863374235,0.31066971825083145,0.002844668086592088
crossing,27,801,0.3120920522941275,0.31066971825083145,0.001422334043296044
crossing,27,1601,0.3113808852724795,0.31066971825083145,0.000711167021648022
crossing,28,25,0.30440741457435283,0.26275496345579297,0.041652451118559884
crossing,28,51,0.2827481399927017,0.26275496345579297,0.019993176536908745
crossing,28,101,0.27275155172424737,0.26275496345579297,0.009996588268454372
crossing,28,201,0.26775325759002017,0.26275496345579297,0.004998294134227186
crossing,28,401,0.26525411052290654,0.26275496345579297,0.002499147067113593
crossing,28,801,0.2640045369893498,0.26275496345579297,0.0012495735335567965
crossing,28,1601,0.2633797502225714,0.26275496345579297,0.0006247867667783983
crossing,29,25,0.29088567211192506,0.24452932117868953,0.046356350933235514
crossing,29,51,0.2667645765010073,0.24451352805305426,0.02225104844795305
crossing,29,101,0.2557050998336077,0.24457957560963117,0.011125524223976524
crossing,29,201,0.2501423377216194,0.24457957560963117,0.005562762111988262
crossing,29,401,0.24736456639521642,0.2445831853392223,0.002781381055994131
crossing,29,801,0.24597387586721936,0.2445831853392223,0.0013906905279970655
crossing,29,1601,0.24527893177520668,0.24458358651120815,0.0006953452639985328
crossing,30,25,0.28071241392740615,0.23691606882531663,0.043796345102089525
crossing,30,51,0.25823617555930467,0.2372139299103017,0.02102224564900297
crossing,30,101,0.24780327377344488,0.2372921509489434,0.010511122824501486
crossing,30,201,0.24254771236119416,0.2372921509489434,0.005255561412250743
crossing,30,401,0.23992707139738925,0.23729929069126388,0.0026277807061253714
crossing,30,801,0.23861318104432655,0.23729929069126388,0.0013138903530626857
crossing,30,1601,0.2379562358677952,0.23729929069126388,0.0006569451765313429
crossing,31,25,0.2777748124228382,0.23312888221812988,0.0446459302047083
crossing,31,51,0.25455892871638985,0.23312888221812988,0.021430046498259983
crossing,31,101,0.24384390546725987,0.23312888221812988,0.010715023249129992
crossing,31,201,0.23848639384269488,0.23312888221812988,0.005357511624564996
crossing,31,401,0.23580763803041238,0.23312888221812988,0.002678755812282498
crossing,31,801,0.23446826012427113,0.23312888221812988,0.001339377906141249
crossing,31,1601,0.2337985711712005,0.23312888221812988,0.0006696889530706245
crossing,32,25,0.30698884241744406,0.26021504036980003,0.046773802047644024
crossing,32,51,0.2834350351966033,0.2609836102137342,0.02245142498286913
crossing,32,101,0.27220932270516873,0.2609836102137342,0.011225712491434565
crossing,32,201,0.2666151639084651,0.26100230766274785,0.005612856245717283
crossing,32,401,0.2638185493136033,0.2610121211907447,0.0028064281228586414
crossing,32,801,0.26241534008184775,0.2610121260204184,0.0014032140614293207
crossing,32,1601,0.26171494312089755,0.2610133360901829,0.0007016070307146603
crossing,33,25,0.32996644741317427,0.2830184431142923,0.04694800429888196
crossing,33,51,0.30558601897879084,0.2830509769153275,0.02253504206346334
crossing,33,101,0.29431849794705917,0.2830509769153275,0.01126752103173167
crossing,33,201,0.28868473743119333,0.2830509769153275,0.005633760515865835
crossing,33,401,0.2858678571732604,0.2830509769153275,0.0028168802579329176
crossing,33,801,0.28445941704429395,0.2830509769153275,0.0014084401289664588
crossing,33,1601,0.28375585792211955,0.2830516378576363,0.0007042200644832294
crossing,34,25,0.302244613216994,0.24756054075839162,0.05468407245860233
crossing,34,51,0.27508963979671536,0.24884128501658626,0.02624835478012912
crossing,34,101,0.2619654624066508,0.24884128501658626,0.01312417739006456
crossing,34,201,0.25540337371161853,0.24884128501658626,0.00656208869503228
crossing,34,401,0.2521223293641024,0.24884128501658626,0.00328104434751614
crossing,34,801,0.25048180719034435,0.24884128501658626,0.00164052217375807
crossing,34,1601,0.2496615461034653,0.24884128501658626,0.000820261086879035
crossing,35,25,0.29057972979153435,0.24281557133530585,0.0477641584562285
crossing,35,51,0.26649856131563715,0.24357176525664748,0.02292679605898968
crossing,35,101,0.25503516328614234,0.24357176525664748,0.01146339802949484
crossing,35,201,0.24936800651755983,0.2436363075028124,0.00573169901474742
crossing,35,401,0.2465021570101861,0.2436363075028124,0.00286584950737371
crossing,35,801,0.24506923225649926,0.2436363075028124,0.001432924753686855
crossing,35,1601,0.24435276987965582,0.2436363075028124,0.0007164623768434275
crossing,36,25,0.3156940820328504,0.27089966123924697,0.044794420793603386
crossing,36,51,0.2926570987122895,0.2711557767313599,0.021501321980929626
crossing,36,101,0.28211471155935364,0.27136405056888885,0.010750660990464813
crossing,36,201,0.27673938106412127,0.27136405056888885,0.0053753304952324065
crossing,36,401,0.27405171581650506,0.27136405056888885,0.0026876652476162033
crossing,36,801,0.2727102108537149,0.2713663782299068,0.0013438326238081016
crossing,36,1601,0.27203829454181083,0.2713663782299068,0.0006719163119040508
crossing,37,25,0.2880535031386935,0.24562008863889162,0.04243341449980189
crossing,37,51,0.26598812759879653,0.24562008863889162,0.020368038959904907
crossing,37,101,0.2558041081188441,0.24562008863889162,0.010184019479952454
crossing,37,201,0.2507120983788678,0.24562008863889162,0.005092009739976227
crossing,37,401,0.24816609350887972,0.24562008863889162,0.0025460048699881134
crossing,37,801,0.24689309107388568,0.24562008863889162,0.0012730024349940567
crossing,37,1601,0.24625658985638865,0.24562008863889162,0.0006365012174970283
crossing,38,25,0.30549855211938504,0.2594906488235187,0.04600790329586632
crossing,38,51,0.2814835147548486,0.2593997211728328,0.022083793582015832
crossing,38,101,0.27058611765924834,0.2595442208682404,0.011041896791007916
crossing,38,201,0.26506516926374435,0.2595442208682404,0.005520948395503958
crossing,38,401,0.2623046950659924,0.2595442208682404,0.002760474197751979
crossing,38,801,0.26092693144161866,0.2595466943427427,0.0013802370988759895
crossing,38,1601,0.2602368128921807,0.2595466943427427,0.0006901185494379948
crossing,39,25,0.2977604998929503,0.25372420385897243,0.04403629603397787
crossing,39,51,0.2749724139371124,0.25383499184080305,0.021137422096309377
crossing,39,101,0.2644643341961195,0.25389562314796477,0.010568711048154688
crossing,39,201,0.25920290706474197,0.2539185515406646,0.005284355524077344
crossing,39,401,0.2565631193306908,0.25392094156865214,0.002642177762038672
crossing,39,801,0.2552442290536953,0.253923140172676,0.001321088881019336
crossing,39,1601,0.25458368461318565,0.253923140172676,0.000660544440509668
crossing,40,25,0.2879728088061796,0.2448964956607782,0.04307631314540139
crossing,40,51,0.26557312597057087,0.2448964956607782,0.02067663030979267
crossing,40,101,0.25523481081567456,0.2448964956607782,0.010338315154896334
crossing,40,201,0.2500656532382264,0.2448964956607782,0.005169157577448167
crossing,40,401,0.2474810744495023,0.2448964956607782,0.0025845787887240836
crossing,40,801,0.24618878505514025,0.2448964956607782,0.0012922893943620418
crossing,40,1601,0.24554264035795922,0.2448964956607782,0.0006461446971810209
crossing,41,25,0.328329628189923,0.2809478222922467,0.04738180589767633
crossing,41,51,0.3036910891231313,0.2809478222922467,0.022743266830884637
crossing,41,101,0.292319455707689,0.2809478222922467,0.011371633415442318
crossing,41,201,0.28663363899996785,0.2809478222922467,0.005685816707721159
crossing,41,401,0.28379073064610727,0.2809478222922467,0.0028429083538605796
crossing,41,801,0.282369276469177,0.2809478222922467,0.0014214541769302898
crossing,41,1601,0.28165854938071183,0.2809478222922467,0.0007107270884651449
crossing,42,25,0.28437292983796536,0.24063838939512772,0.04373454044283762
crossing,42,51,0.26163096880768977,0.24063838939512772,0.02099257941256206
crossing,42,101,0.25113467910140874,0.24063838939512772,0.01049628970628103
crossing,42,201,0.24588653424826823,0.24063838939512772,0.005248144853140515
crossing,42,401,0.24326246182169797,0.24063838939512772,0.0026240724265702577
crossing,42,801,0.24195042560841284,0.24063838939512772,0.0013120362132851289
crossing,42,1601,0.24129440750177028,0.24063838939512772,0.0006560181066425644
crossing,43,25,0.33702194750164105,0.2860001355749209,0.051021811926720166
crossing,43,51,0.3104354692110464,0.28594499948622076,0.02449046972482568
crossing,43,101,0.2982034382555878,0.28595820339317496,0.01224523486241284
crossing,43,201,0.2921307826574021,0.2860081652261957,0.00612261743120642
crossing,43,401,0.28906947394179894,0.2860081652261957,0.00306130871560321
crossing,43,801,0.2875388195839973,0.2860081652261957,0.001530654357801605
crossing,43,1601,0.28677349240509653,0.2860081652261957,0.0007653271789008025
crossing,44,25,0.27139500567684194,0.22701819785511068,0.044376807821731284
crossing,44,51,0.2482571387557877,0.22695627100135668,0.021300867754431015
crossing,44,101,0.23769800189902787,0.22704756802181236,0.010650433877215508
crossing,44,201,0.23240933034557146,0.22708411340696372,0.005325216938607754
crossing,44,401,0.22974797397458868,0.2270853655052848,0.002662608469303877
crossing,44,801,0.22842104805097985,0.2270897438163279,0.0013313042346519385
crossing,44,1601,0.22775539593365388,0.2270897438163279,0.0006656521173259692
crossing,45,25,0.2917240447340359,0.2506589896798959,0.04106505505413999
crossing,45,51,0.27037021610588313,0.2506589896798959,0.019711226425987195
crossing,45,101,0.2605146028928895,0.2506589896798959,0.009855613212993598
crossing,45,201,0.2555867962863927,0.2506589896798959,0.004927806606496799
crossing,45,401,0.25312289298314433,0.2506589896798959,0.0024639033032483994
crossing,45,801,0.2518909413315201,0.2506589896798959,0.0012319516516241997
crossing,45,1601,0.251274965505708,0.2506589896798959,0.0006159758258120999
crossing,46,25,0.27439174331542354,0.22907344735033563,0.045318295965087914
crossing,46,51,0.25082622941357785,0.22907344735033563,0.0217527820632422
crossing,46,101,0.23994983838195674,0.22907344735033563,0.0108763910316211
crossing,46,201,0.23451164286614617,0.22907344735033563,0.00543819551581055
crossing,46,401,0.2317925451082409,0.22907344735033563,0.002719097757905275
crossing,46,801,0.23043299622928828,0.22907344735033563,0.0013595488789526376
crossing,46,1601,0.22975322178981195,0.22907344735033563,0.0006797744394763188
crossing,47,25,0.3400990462091501,0.2946490510850475,0.04544999512410261
crossing,47,51,0.3165757178419995,0.29475972018243024,0.021815997659569254
crossing,47,101,0.30570043374499795,0.29479243491521334,0.010907998829784627
crossing,47,201,0.30028893843970694,0.2948349390248146,0.005453999414892313
crossing,47,401,0.2975619387322608,0.2948349390248146,0.0027269997074461567
crossing,47,801,0.296199254941923,0.2948357550881999,0.0013634998537230783
crossing,47,1601,0.29551802612800365,0.2948362762011421,0.0006817499268615392
crossing,48,25,0.28544954514632503,0.24647230128533237,0.03897724386099268
crossing,48,51,0.2651813783386089,0.24647230128533237,0.018709077053276485
crossing,48,101,0.25582683981197063,0.24647230128533237,0.009354538526638242
crossing,48,201,0.2511495705486515,0.24647230128533237,0.004677269263319121
crossing,48,401,0.24881093591699194,0.24647230128533237,0.0023386346316595606
crossing,48,801,0.24764161860116216,0.24647230128533237,0.0011693173158297803
crossing,48,1601,0.24705695994324725,0.24647230128533237,0.0005846586579148902
crossing,49,25,0.3498847851342372,0.3012839685253792,0.04860081660885803
crossing,49,51,0.32461236049763104,0.3012839685253792,0.023328391972251852
crossing,49,101,0.31294816451150514,0.3012839685253792,0.011664195986125926
crossing,49,201,0.30711606651844214,0.3012839685253792,0.005832097993062963
crossing,49,401,0.30420001752191067,0.3012839685253792,0.0029160489965314815
crossing,49,801,0.30274199302364496,0.3012839685253792,0.0014580244982657408
crossing,49,1601,0.30201298077451205,0.3012839685253792,0.0007290122491328704
crossing,50,25,0.3121678919390916,0.26198579973787606,0.05018209220121555
crossing,50,51,0.2860732039944595,0.26198579973787606,0.024087404256583463
crossing,50,101,0.2740295018661678,0.26198579973787606,0.012043702128291731
crossing,50,201,0.26800765080202194,0.26198579973787606,0.006021851064145866
crossing,50,401,0.264996725269949,0.26198579973787606,0.003010925532072933
crossing,50,801,0.2634912625039125,0.26198579973787606,0.0015054627660364664
crossing,50,1601,0.2627385311208943,0.26198579973787606,0.0007527313830182332
crossing,51,25,0.3035972181337261,0.2570186312281578,0.04657858690556824
crossing,51,51,0.2797078028101056,0.25735008109543284,0.022357721714672752
crossing,51,101,0.2685289419527692,0.25735008109543284,0.011178860857336376
crossing,51,201,0.262939511524101,0.25735008109543284,0.005589430428668188
crossing,51,401,0.2601509902296773,0.2573562750153432,0.002794715214334094
crossing,51,801,0.2587536326225102,0.2573562750153432,0.001397357607167047
crossing,51,1601,0.25805495381892674,0.2573562750153432,0.0006986788035835235
crossing,52,25,0.34928844499676576,0.297691670687114,0.05159677430965177
crossing,52,51,0.322597161113909,0.2978307094452762,0.02476645166863285
crossing,52,101,0.3102947947592713,0.29791156892495485,0.012383225834316424
crossing,52,201,0.30412913524452967,0.2979375223273715,0.006191612917158212
crossing,52,401,0.3010377448644978,0.2979419384059187,0.003095806458579106
crossing,52,801,0.29949187862442667,0.2979439753951371,0.001547903229289553
crossing,52,1601,0.29871798243817943,0.29794403082353466,0.0007739516146447765
crossing,53,25,0.3022364954473372,0.25299559549728756,0.04924089995004966
crossing,53,51,0.27753509776578683,0.25389946578976297,0.02363563197602384
crossing,53,101,0.26571728177777487,0.25389946578976297,0.01181781598801192
crossing,53,201,0.2598083737837689,0.25389946578976297,0.00590890799400596
crossing,53,401,0.25687060205522855,0.25391614805822554,0.00295445399700298
crossing,53,801,0.25539337505672705,0.25391614805822554,0.00147722699850149
crossing,53,1601,0.2546547615574763,0.25391614805822554,0.000738613499250745
crossing,54,25,0.34771002780068777,0.29482617750759826,0.052883850293089514
crossing,54,51,0.3202291874213203,0.2948449392806373,0.025384248140682967
crossing,54,101,0.3075370633509788,0.2948449392806373,0.012692124070341483
crossing,54,201,0.30119100131580806,0.2948449392806373,0.006346062035170742
crossing,54,401,0.2980179702982227,0.2948449392806373,0.003173031017585371
crossing,54,801,0.29643145478943,0.2948449392806373,0.0015865155087926854
crossing,54,1601,0.29563884555175696,0.2948455877973606,0.0007932577543963427
crossing,55,25,0.277918492095584,0.23334705177458115,0.044571440321002874
crossing,55,51,0.25515214247702506,0.23375785112294367,0.021394291354081378
crossing,55,101,0.24445499679998436,0.23375785112294367,0.010697145677040689
crossing,55,201,0.239106423961464,0.23375785112294367,0.0053485728385203445
crossing,55,401,0.23643213754220385,0.23375785112294367,0.0026742864192601723
crossing,55,801,0.23509646494908604,0.23375932173945596,0.0013371432096300861
crossing,55,1601,0.234427893344271,0.23375932173945596,0.0006685716048150431
crossing,56,25,0.27271753180197755,0.22915317040182503,0.04356436140015251
crossing,56,51,0.25006406387389823,0.22915317040182503,0.020910893472073203
crossing,56,101,0.23960861713786163,0.22915317040182503,0.010455446736036602
crossing,56,201,0.23438089376984333,0.22915317040182503,0.005227723368018301
crossing,56,401,0.23176703208583418,0.22915317040182503,0.0026138616840091504
crossing,56,801,0.23046010124382962,0.22915317040182503,0.0013069308420045752
crossing,56,1601,0.22980663582282732,0.22915317040182503,0.0006534654210022876
crossing,57,25,0.32025343084048796,0.27008998847394367,0.050163442366544304
crossing,57,51,0.29416630484819156,0.2700878525122503,0.024078452335941268
crossing,57,101,0.28212707868022097,0.2700878525122503,0.012039226167970634
crossing,57,201,0.2761074655962356,0.2700878525122503,0.006019613083985317
crossing,57,401,0.2731038899736113,0.2700940834316186,0.0030098065419926585
crossing,57,801,0.2715993894554429,0.27009448618444654,0.0015049032709963293
crossing,57,1601,0.27084760544708075,0.2700951538115826,0.0007524516354981646
crossing,58,25,0.30652089227333007,0.25568457025667296,0.05083632201665709
crossing,58,51,0.2801005877587556,0.2556991531907602,0.024401434567995404
crossing,58,101,0.2678998704747579,0.2556991531907602,0.012200717283997702
crossing,58,201,0.26179951183275907,0.2556991531907602,0.006100358641998851
crossing,58,401,0.25874933251175963,0.2556991531907602,0.0030501793209994255
crossing,58,801,0.2572246251101885,0.2556995354496888,0.0015250896604997127
crossing,58,1601,0.25646277958279434,0.2557002347525445,0.0007625448302498564
crossing,59,25,0.2956784719205199,0.25514807769788705,0.04053039422263282
crossing,59,51,0.27493480835962286,0.2554802191327591,0.019454589226863755
crossing,59,101,0.26520751374619095,0.2554802191327591,0.009727294613431877
crossing,59,201,0.26034498541860096,0.255481338111885,0.004863647306715939
crossing,59,401,0.2579285865940021,0.2554967629406441,0.0024318236533579693
crossing,59,801,0.25671267476732307,0.2554967629406441,0.0012159118266789847
crossing,59,1601,0.2561047188539836,0.2554967629406441,0.0006079559133394923
crossing,60,25,0.29429678024842676,0.2481031371119536,0.04619364313647318
crossing,60,51,0.2712444571146006,0.24907150840909348,0.022172948705507126
crossing,60,101,0.26015798276184704,0.24907150840909348,0.011086474352753563
crossing,60,201,0.2546270487986823,0.24908381162230553,0.005543237176376782
crossing,60,401,0.251866184684442,0.24909456609625358,0.002771618588188391
crossing,60,801,0.2504803753903478,0.24909456609625358,0.0013858092940941954
crossing,60,1601,0.24978789216083638,0.24909498751378928,0.0006929046470470977
crossing,61,25,0.3130682347800373,0.2675493160191025,0.04551891876093486
crossing,61,51,0.28953966316963015,0.2676905821643814,0.021849081005248735
crossing,61,101,0.27875084989554477,0.2678263093929204,0.010924540502624367
crossing,61,201,0.2732885796442326,0.2678263093929204,0.005462270251312184
crossing,61,401,0.2705665974467286,0.2678354623210725,0.002731135125656092
crossing,61,801,0.26920102988390054,0.2678354623210725,0.001365567562828046
crossing,61,1601,0.2685187785827616,0.26783599480134757,0.000682783781414023
crossing,62,25,0.3500229877081563,0.30376444472913966,0.04625854297901664
crossing,62,51,0.3259196214740821,0.3037155208441541,0.02220410062992799
crossing,62,101,0.3148228280144689,0.30372077769950495,0.011102050314963995
crossing,62,201,0.30932177810175115,0.30377075294426914,0.005551025157481997
crossing,62,401,0.3065462655230101,0.30377075294426914,0.0027755125787409986
crossing,62,801,0.30515850923363963,0.30377075294426914,0.0013877562893704993
crossing,62,1601,0.3044646310889544,0.30377075294426914,0.0006938781446852497
crossing,63,25,0.302939183954919,0.25693329128948683,0.04600589266543215
crossing,63,51,0.2790161197688943,0.25693329128948683,0.022082828479407436
crossing,63,101,0.26797470552919056,0.25693329128948683,0.011041414239703718
crossing,63,201,0.2624539984093387,0.25693329128948683,0.005520707119851859
crossing,63,401,0.25969364484941276,0.25693329128948683,0.0027603535599259295
crossing,63,801,0.25831346806944977,0.25693329128948683,0.0013801767799629648
crossing,63,1601,0.2576233796794683,0.25693329128948683,0.0006900883899814824
crossing,64,25,0.30709155083426276,0.26020376612981283,0.04688778470444995
crossing,64,51,0.28271314158611366,0.26020700492797766,0.022506136658135976
crossing,64,101,0.27146007325704563,0.26020700492797766,0.011253068329067988
crossing,64,201,0.2658335390925117,0.26020700492797766,0.005626534164533994
crossing,64,401,0.26302210673068704,0.26020883964842006,0.002813267082266997
crossing,64,801,0.2616177866105607,0.26021115306942716,0.0014066335411334985
crossing,64,1601,0.2609144698399939,0.26021115306942716,0.0007033167705667492
crossing,65,25,0.321004733061525,0.2773468085977794,0.043657924463745584
crossing,65,51,0.29825341311914394,0.2772976093765461,0.02095580374259788
crossing,65,101,0.2877926606125396,0.2773147587412407,0.01047790187129894
crossing,65,201,0.28259360647008397,0.2773546555344345,0.00523895093564947
crossing,65,401,0.27997413100225926,0.2773546555344345,0.002619475467824735
crossing,65,801,0.27866439326834685,0.2773546555344345,0.0013097377339123676
crossing,65,1601,0.27800967585721964,0.27735480699026344,0.0006548688669561838
crossing,66,25,0.2955300304567906,0.2533215591517567,0.04220847130503394
crossing,66,51,0.27455667747557344,0.25429661124915715,0.020260066226416292
crossing,66,101,0.2644266443623653,0.25429661124915715,0.010130033113208146
crossing,66,201,0.2593616278057612,0.25429661124915715,0.005065016556604073
crossing,66,401,0.2568401090713756,0.2543076007930736,0.0025325082783020365
crossing,66,801,0.25557385493222456,0.2543076007930736,0.0012662541391510183
crossing,66,1601,0.25494090723459545,0.2543077801650199,0.0006331270695755091
crossing,67,25,0.3043989408866635,0.2635694151178693,0.04082952576879423
crossing,67,51,0.2831675874868905,0.2635694151178693,0.01959817236902123
crossing,67,101,0.27336850130237994,0.2635694151178693,0.009799086184510615
crossing,67,201,0.2684689582101246,0.2635694151178693,0.004899543092255308
crossing,67,401,0.26601918666399693,0.2635694151178693,0.002449771546127654
crossing,67,801,0.26479430089093314,0.2635694151178693,0.001224885773063827
crossing,67,1601,0.2641818580044012,0.2635694151178693,0.0006124428865319135
crossing,68,25,0.2944606311887497,0.25600026234873197,0.038460368840017724
crossing,68,51,0.27446123939194045,0.25600026234873197,0.01846097704320851
crossing,68,101,0.2652307508703362,0.25600026234873197,0.009230488521604255
crossing,68,201,0.2606155066095341,0.25600026234873197,0.004615244260802127
crossing,68,401,0.25830788447913305,0.25600026234873197,0.0023076221304010637
crossing,68,801,0.2571540734139325,0.25600026234873197,0.0011538110652005319
crossing,68,1601,0.2565771678813322,0.25600026234873197,0.0005769055326002659
crossing,69,25,0.35267589250379455,0.3063292493241382,0.04634664317965637
crossing,69,51,0.32857563805037326,0.3063292493241382,0.02224638872623506
crossing,69,101,0.3174524436872557,0.3063292493241382,0.01112319436311753
crossing,69,201,0.31189084650569693,0.3063292493241382,0.005561597181558765
crossing,69,401,0.3091100479149176,0.3063292493241382,0.0027807985907793826
crossing,69,801,0.3077196486195279,0.3063292493241382,0.0013903992953896913
crossing,69,1601,0.307024448971833,0.3063292493241382,0.0006951996476948456
crossing,70,25,0.2847959612980716,0.23649662881570654,0.04829933248236509
crossing,70,51,0.26020306222797024,0.23701938263643502,0.023183679591535243
crossing,70,101,0.24871290143491986,0.23712106163915225,0.011591839795767622
crossing,70,201,0.242934886229975,0.2371389663320912,0.005795919897883811
crossing,70,401,0.24004430163806498,0.23714634168912307,0.0028979599489419054
crossing,70,801,0.23859581920613732,0.23714683923166635,0.0014489799744709527
crossing,70,1601,0.23787211360112484,0.23714762361388936,0.0007244899872354763
crossing,71,25,0.34952467600178994,0.308126019775507,0.041398656226282915
crossing,71,51,0.32799737476412283,0.308126019775507,0.019871354988615798
crossing,71,101,0.3180616972698149,0.308126019775507,0.009935677494307899
crossing,71,201,0.313093858522661,0.308126019775507,0.004967838747153949
crossing,71,401,0.31060993914908397,0.308126019775507,0.0024839193735769747
crossing,71,801,0.3093679794622955,0.308126019775507,0.0012419596867884874
crossing,71,1601,0.3087469996189013,0.308126019775507,0.0006209798433942437
crossing,72,25,0.31315932844936195,0.2585439319781072,0.05461539647125473
crossing,72,51,0.2847593222843095,0.2585439319781072,0.02621539030620227
crossing,72,101,0.27165162713120833,0.2585439319781072,0.013107695153101135
crossing,72,201,0.2650977795546578,0.2585439319781072,0.0065538475765505675
crossing,72,401,0.2618208557663825,0.2585439319781072,0.0032769237882752838
crossing,72,801,0.26018239387224484,0.2585439319781072,0.0016384618941376419
crossing,72,1601,0.259363162925176,0.2585439319781072,0.0008192309470688209
crossing,73,25,0.3011509479308741,0.25637381886382216,0.044777129067051946
crossing,73,51,0.277995173858001,0.25650215190581604,0.021493021952184933
crossing,73,101,0.2673583192298954,0.2566118082538029,0.010746510976092466
crossing,73,201,0.26198506374184916,0.2566118082538029,0.005373255488046233
crossing,73,401,0.25931202012012344,0.2566253923761003,0.0026866277440231166
crossing,73,801,0.25796870624811186,0.2566253923761003,0.0013433138720115583
crossing,73,1601,0.2572970493121061,0.2566253923761003,0.0006716569360057791
crossing,74,25,0.34414999086787235,0.29543139751320824,0.04871859335466408
crossing,74,51,0.31894125890603964,0.2955563340958009,0.02338492481023876
crossing,74,101,0.30730553876101613,0.29561307635589673,0.01169246240511938
crossing,74,201,0.30149372100925464,0.295647489806695,0.00584623120255969
crossing,74,401,0.2985706054079748,0.295647489806695,0.002923115601279845
crossing,74,801,0.2971126831477532,0.29565112534711324,0.0014615578006399225
crossing,74,1601,0.2963819042474332,0.29565112534711324,0.0007307789003199612
crossing,75,25,0.3174061137029719,0.2739012244073587,0.04350488929561317
crossing,75,51,0.29476780263928976,0.2738854557773954,0.020882346861894323
crossing,75,101,0.28432662920834256,0.2738854557773954,0.010441173430947161
crossing,75,201,0.2791134347052858,0.2738928479898122,0.005220586715473581
crossing,75,401,0.27651169191220976,0.273901398554473,0.0026102933577367904
crossing,75,801,0.27520654523334137,0.273901398554473,0.0013051466788683952
crossing,75,1601,0.2745540945252121,0.27390152118577793,0.0006525733394341976
crossing,76,25,0.2905979233909053,0.2437484360102134,0.04684948738069191
crossing,76,51,0.26676974636247935,0.24428199241974724,0.022487753942732117
crossing,76,101,0.2555258693911133,0.24428199241974724,0.011243876971366059
crossing,76,201,0.24993840614104668,0.24431646765536363,0.005621938485683029
crossing,76,401,0.24712743689820516,0.24431646765536363,0.0028109692428415147
crossing,76,801,0.2457219522767844,0.24431646765536363,0.0014054846214207573
crossing,76,1601,0.24501920996607401,0.24431646765536363,0.0007027423107103787
crossing,77,25,0.3096467264203847,0.25979855670500723,0.049848169715377505
crossing,77,51,0.2850090442660862,0.261081922802705,0.023927121463381204
crossing,77,101,0.27304548353439556,0.261081922802705,0.011963560731690602
crossing,77,201,0.26706370316855027,0.261081922802705,0.005981780365845301
crossing,77,401,0.2640728129856276,0.261081922802705,0.0029908901829226505
crossing,77,801,0.2625773678941663,0.261081922802705,0.0014954450914613253
crossing,77,1601,0.26183036085622274,0.26108263831049205,0.0007477225457306626
crossing,78,25,0.37048622403527376,0.3170324118048766,0.053453812230397114
crossing,78,51,0.34268006619168134,0.3170222363210907,0.025657829870590617
crossing,78,101,0.32985115125638603,0.3170222363210907,0.012828914935295309
crossing,78,201,0.32343669378873835,0.3170222363210907,0.006414457467647654
crossing,78,401,0.32024234907463334,0.3170351203408095,0.003207228733823827
crossing,78,801,0.3186387347077214,0.3170351203408095,0.0016036143669119136
crossing,78,1601,0.31783692752426546,0.3170351203408095,0.0008018071834559568
crossing,79,25,0.27428337727339697,0.22952386218528464,0.04475951508811232
crossing,79,51,0.25100842942757856,0.22952386218528464,0.021484567242293914
crossing,79,101,0.2402661458064316,0.22952386218528464,0.010742283621146957
crossing,79,201,0.2348950039958581,0.22952386218528464,0.005371141810573478
crossing,79,401,0.23220943309057138,0.22952386218528464,0.002685570905286739
crossing,79,801,0.23086664763792802,0.22952386218528464,0.0013427854526433696
crossing,79,1601,0.23019525491160633,0.22952386218528464,0.0006713927263216848
crossing,80,25,0.27677291070002147,0.22796937931037986,0.04880353138964159
crossing,80,51,0.2513950743774078,0.22796937931037986,0.023425695067027963
crossing,80,101,0.23968222684389384,0.22796937931037986,0.011712847533513981
crossing,80,201,0.23382580307713685,0.22796937931037986,0.005856423766756991
crossing,80,401,0.23089759119375836,0.22796937931037986,0.0029282118833784954
crossing,80,801,0.2294334852520691,0.22796937931037986,0.0014641059416892477
crossing,80,1601,0.22870143228122447,0.22796937931037986,0.0007320529708446238
crossing,81,25,0.29700102456022975,0.25115713767258885,0.0458438868876409
crossing,81,51,0.2731622033786565,0.25115713767258885,0.02200506570606763
crossing,81,101,0.26215967052562267,0.25115713767258885,0.011002532853033814
crossing,81,201,0.25665840409910573,0.25115713767258885,0.005501266426516907
crossing,81,401,0.2539077708858473,0.25115713767258885,0.0027506332132584536
crossing,81,801,0.25253245427921805,0.25115713767258885,0.0013753166066292268
crossing,81,1601,0.2518447959759035,0.25115713767258885,0.0006876583033146134
crossing,82,25,0.3014703599066678,0.25876365346361596,0.042706706443051856
crossing,82,51,0.2793652363150075,0.2588660172223426,0.020499219092664892
crossing,82,101,0.2691654707432026,0.2589158611968701,0.010249609546332446
crossing,82,201,0.26405465660377625,0.25892985183061,0.005124804773166223
crossing,82,401,0.26149541699351847,0.25893301460693535,0.0025624023865831115
crossing,82,801,0.2602151184359066,0.25893391724261505,0.0012812011932915558
crossing,82,1601,0.2595746943510945,0.2589340937544487,0.0006406005966457779
crossing,83,25,0.2863587031553872,0.23906767044246796,0.047291032712919234
crossing,83,51,0.2622545549135442,0.23955485921134295,0.022699695702201234
crossing,83,101,0.25091785434344827,0.23956800649234766,0.011349847851100617
crossing,83,201,0.24527455211689853,0.23959962819134822,0.005674923925550308
crossing,83,401,0.24243709015412337,0.23959962819134822,0.002837461962775154
crossing,83,801,0.2410183591727358,0.23959962819134822,0.001418730981387577
crossing,83,1601,0.24030910100875436,0.23959973551806057,0.0007093654906937885
crossing,84,25,0.32361698781131626,0.275243917516356,0.04837307029496022
crossing,84,51,0.29854913622712737,0.2753300624855465,0.023219073741580908
crossing,84,101,0.28693959935633695,0.2753300624855465,0.011609536870790454
crossing,84,201,0.28117134032655544,0.2753665718911602,0.005804768435395227
crossing,84,401,0.2782689561088578,0.2753665718911602,0.0029023842176976134
crossing,84,801,0.2768195566039493,0.2753683644951005,0.0014511921088488067
crossing,84,1601,0.276094000634765,0.2753684045803406,0.0007255960544244034
crossing,85,25,0.2977589991844659,0.2573479210229509,0.040411078161515006
crossing,85,51,0.2767452385404781,0.2573479210229509,0.019397317517527202
crossing,85,101,0.2670465797817145,0.2573479210229509,0.009698658758763601
crossing,85,201,0.2621972504023327,0.2573479210229509,0.004849329379381801
crossing,85,401,0.2597725857126418,0.2573479210229509,0.0024246646896909003
crossing,85,801,0.25856025336779637,0.2573479210229509,0.0012123323448454501
crossing,85,1601,0.2579540871953736,0.2573479210229509,0.0006061661724227251
crossing,86,25,0.31682384169496197,0.26759250010948293,0.04923134158547902
crossing,86,51,0.29155504617984057,0.26792400221881063,0.02363104396102993
crossing,86,101,0.2797395241993256,0.26792400221881063,0.011815521980514965
crossing,86,201,0.2738317632090681,0.26792400221881063,0.0059077609902574825
crossing,86,401,0.2708802480012776,0.26792636750614884,0.0029538804951287413
crossing,86,801,0.2694039002305097,0.2679269599829453,0.0014769402475643706
crossing,86,1601,0.26866557454613044,0.26792710442234824,0.0007384701237821853
crossing,87,25,0.3006421346039568,0.2586252169675053,0.04201691763645147
crossing,87,51,0.278793337433002,0.2586252169675053,0.020168120465496705
crossing,87,101,0.2687092772002536,0.2586252169675053,0.010084060232748352
crossing,87,201,0.26366724708387945,0.2586252169675053,0.005042030116374176
crossing,87,401,0.26114623202569237,0.2586252169675053,0.002521015058187088
crossing,87,801,0.25988572449659886,0.2586252169675053,0.001260507529093544
crossing,87,1601,0.2592554707320521,0.2586252169675053,0.000630253764546772
crossing,88,25,0.3167588275348509,0.273255766120971,0.04350306141387989
crossing,88,51,0.29496031054734245,0.2740788410686801,0.02088146947866235
crossing,88,101,0.28451957580801124,0.2740788410686801,0.010440734739331175
crossing,88,201,0.27929920843834566,0.2740788410686801,0.005220367369665587
crossing,88,401,0.27669954604143765,0.27408936235660486,0.0026101836848327936
crossing,88,801,0.27539445419902125,0.27408936235660486,0.0013050918424163968
crossing,88,1601,0.2747425287496988,0.27408998282849056,0.0006525459212081984
crossing,89,25,0.3883575288785069,0.33482974199957544,0.05352778687893147
crossing,89,51,0.3606752533084476,0.3349819156065605,0.025693337701887104
crossing,89,101,0.3479335730110387,0.3350869041600952,0.012846668850943552
crossing,89,201,0.3415274000830966,0.33510406565762485,0.006423334425471776
crossing,89,401,0.33832546517063145,0.33511379795789553,0.003211667212735888
crossing,89,801,0.3367196315642635,0.33511379795789553,0.001605833606367944
crossing,89,1601,0.3359176421470467,0.3351147253438628,0.000802916803183972
crossing,90,25,0.3003821621982059,0.25198138403676024,0.04840077816144565
crossing,90,51,0.2754422313422905,0.2522098578247966,0.023232373517493913
crossing,90,101,0.2638260445835436,0.2522098578247966,0.011616186758746956
crossing,90,201,0.25805753188996494,0.25224943851059145,0.005808093379373478
crossing,90,401,0.2551534852002782,0.25224943851059145,0.002904046689686739
crossing,90,801,0.2537014618554348,0.25224943851059145,0.0014520233448433696
crossing,90,1601,0.25297545018301315,0.25224943851059145,0.0007260116724216848
crossing,91,25,0.30880680193982757,0.2651588711423731,0.043647930797454514
crossing,91,51,0.2862727150437103,0.26532170826093215,0.020951006782778166
crossing,91,101,0.2760166536383025,0.26554115024691344,0.010475503391389083
crossing,91,201,0.27077890194260795,0.26554115024691344,0.005237751695694542
crossing,91,401,0.2681600260947607,0.26554115024691344,0.002618875847847271
crossing,91,801,0.26685058817083707,0.26554115024691344,0.0013094379239236354
crossing,91,1601,0.2661958692088753,0.26554115024691344,0.0006547189619618177
crossing,92,25,0.2796593211522439,0.23459791942089148,0.04506140173135242
crossing,92,51,0.25622739225194063,0.23459791942089148,0.02162947283104916
crossing,92,101,0.24541265583641605,0.23459791942089148,0.01081473641552458
crossing,92,201,0.24000528762865378,0.23459791942089148,0.00540736820776229
crossing,92,401,0.23730160352477261,0.23459791942089148,0.002703684103881145
crossing,92,801,0.23594976147283206,0.23459791942089148,0.0013518420519405725
crossing,92,1601,0.23527384044686175,0.23459791942089148,0.0006759210259702863
crossing,93,25,0.31261059460339036,0.2685988270582998,0.04401176754509059
crossing,93,51,0.28976548203308045,0.26863983361143695,0.021125648421643484
crossing,93,101,0.27929489382965994,0.2687320696188382,0.010562824210821742
crossing,93,201,0.2740134817242491,0.2687320696188382,0.005281412105410871
crossing,93,401,0.27138120148717676,0.2687404954344713,0.0026407060527054355
crossing,93,801,0.270060848460824,0.2687404954344713,0.0013203530263527178
crossing,93,1601,0.26940067194764766,0.2687404954344713,0.0006601765131763589
crossing,94,25,0.28843169183165224,0.24732489557445209,0.04110679625720017
crossing,94,51,0.26705615777790814,0.24732489557445209,0.01973126220345608
crossing,94,101,0.25719052667618014,0.24732489557445209,0.00986563110172804
crossing,94,201,0.2522577111253161,0.24732489557445209,0.00493281555086402
crossing,94,401,0.2497913033498841,0.24732489557445209,0.00246640777543201
crossing,94,801,0.2485580994621681,0.24732489557445209,0.001233203887716005
crossing,94,1601,0.2479414975183101,0.24732489557445209,0.0006166019438580025
crossing,95,25,0.32465521512567663,0.2751324368438365,0.04952277828184016
crossing,95,51,0.29890337041911974,0.2751324368438365,0.023770933575283277
crossing,95,101,0.2870179036314781,0.2751324368438365,0.011885466787641638
crossing,95,201,0.2810751702376573,0.2751324368438365,0.005942733393820819
crossing,95,401,0.2781038035407469,0.2751324368438365,0.0029713666969104096
crossing,95,801,0.2766181201922917,0.2751324368438365,0.0014856833484552048
crossing,95,1601,0.2758752785180641,0.2751324368438365,0.0007428416742276024
crossing,96,25,0.2782574804213905,0.2348676024712626,0.04338987795012791
crossing,96,51,0.255694743887324,0.2348676024712626,0.020827141416061394
crossing,96,101,0.2452811731792933,0.2348676024712626,0.010413570708030697
crossing,96,201,0.24007438782527793,0.2348676024712626,0.0052067853540153485
crossing,96,401,0.23747099514827028,0.2348676024712626,0.0026033926770076743
crossing,96,801,0.23616929880976642,0.2348676024712626,0.0013016963385038371
crossing,96,1601,0.23551845064051452,0.2348676024712626,0.0006508481692519186
crossing,97,25,0.29520996294469737,0.251614179012275,0.04359578393242236
crossing,97,51,0.27252810903581065,0.25160213274824794,0.020925976287562733
crossing,97,101,0.2620651208920293,0.25160213274824794,0.010462988143781366
crossing,97,201,0.25683611545552043,0.25160462138362977,0.005231494071890683
crossing,97,401,0.2542308570195733,0.25161510998362796,0.0026157470359453416
crossing,97,801,0.25292298350160064,0.25161510998362796,0.0013078735179726708
crossing,97,1601,0.2522690467426143,0.25161510998362796,0.0006539367589863354
crossing,98,25,0.2784967036075193,0.23314691293404166,0.045349790673477636
crossing,98,51,0.2549148124573109,0.23314691293404166,0.021767899523269265
crossing,98,101,0.24403086269567628,0.23314691293404166,0.010883949761634632
crossing,98,201,0.23858888781485899,0.23314691293404166,0.005441974880817316
crossing,98,401,0.23586790037445032,0.23314691293404166,0.002720987440408658
crossing,98,801,0.234507406654246,0.23314691293404166,0.001360493720204329
crossing,98,1601,0.2338271597941438,0.23314691293404166,0.0006802468601021645
crossing,99,25,0.31922172359782597,0.2767917016100786,0.042430021987747396
crossing,99,51,0.29718072342836943,0.2768143128742507,0.02036641055411875
crossing,99,101,0.28699751815131,0.2768143128742507,0.010183205277059374
crossing,99,201,0.2819059155127804,0.2768143128742507,0.005091602638529687
crossing,99,401,0.27936011419351553,0.2768143128742507,0.0025458013192648436
crossing,99,801,0.2780872135338831,0.2768143128742507,0.0012729006596324218
crossing,99,1601,0.27745076320406686,0.2768143128742507,0.0006364503298162109
crossing,100,25,0.3398021789290017,0.293374326795968,0.04642785213303374
crossing,100,51,0.3161965942533364,0.2939112252294802,0.022285369023856198
crossing,100,101,0.30505390974140834,0.2939112252294802,0.011142684511928099
crossing,100,201,0.2994825674854443,0.2939112252294802,0.005571342255964049
crossing,100,401,0.2966968963574622,0.2939112252294802,0.0027856711279820247
crossing,100,801,0.2953040607934712,0.2939112252294802,0.0013928355639910123
crossing,100,1601,0.29460764301147574,0.2939112252294802,0.0006964177819955062
crossing,101,25,0.30980249888318917,0.26071994145982325,0.049082557423365925
crossing,101,51,0.2844595125721194,0.2608998850089037,0.023559627563215644
crossing,101,101,0.27291456684049503,0.2611347530588872,0.011779813781607822
crossing,101,201,0.26702465994969116,0.2611347530588872,0.005889906890803911
crossing,101,401,0.2640797065042892,0.2611347530588872,0.0029449534454019555
crossing,101,801,0.2626072297815882,0.2611347530588872,0.0014724767227009777
crossing,101,1601,0.26187099142023773,0.2611347530588872,0.0007362383613504889
crossing,102,25,0.32421668729761743,0.276520798934572,0.04769588836304542
crossing,102,51,0.2994148253488338,0.276520798934572,0.0228940264142618
crossing,102,101,0.28796781214170286,0.276520798934572,0.0114470132071309
crossing,102,201,0.28224430553813745,0.276520798934572,0.00572350660356545
crossing,102,401,0.2793825522363547,0.276520798934572,0.002861753301782725
crossing,102,801,0.27795167558546335,0.276520798934572,0.0014308766508913625
crossing,102,1601,0.27723623726001767,0.276520798934572,0.0007154383254456812
crossing,103,25,0.2983359913903342,0.25204713743740237,0.04628885395293181
crossing,103,51,0.2742010155368333,0.25198236563942605,0.022218649897407267
crossing,103,101,0.2631652502235711,0.2520559252748675,0.011109324948703633
crossing,103,201,0.2576661209738669,0.25211145849951505,0.005554662474351817
crossing,103,401,0.25488878973669093,0.25211145849951505,0.0027773312371759083
crossing,103,801,0.2535027954861575,0.25211412986756954,0.0013886656185879542
crossing,103,1601,0.25280854897381805,0.25211421616452406,0.0006943328092939771
crossing,104,25,0.2950226529992541,0.24768517279246338,0.04733748020679071
crossing,104,51,0.27040716329172293,0.24768517279246338,0.02272199049925954
crossing,104,101,0.25904616804209313,0.24768517279246338,0.01136099524962977
crossing,104,201,0.25336567041727825,0.24768517279246338,0.005680497624814885
crossing,104,401,0.25052542160487085,0.24768517279246338,0.0028402488124074426
crossing,104,801,0.2491052971986671,0.24768517279246338,0.0014201244062037213
crossing,104,1601,0.24839523499556523,0.24768517279246338,0.0007100622031018607
crossing,105,25,0.3337368669230018,0.28983412766617844,0.043902739256823364
crossing,105,51,0.31099818529861545,0.2899248704553402,0.021073314843275216
crossing,105,101,0.30046152787697783,0.2899248704553402,0.010536657421637608
crossing,105,201,0.29524233281627693,0.28997400410545815,0.005268328710818804
crossing,105,401,0.29260816846086757,0.28997400410545815,0.002634164355409402
crossing,105,801,0.29129108628316286,0.28997400410545815,0.001317082177704701
crossing,105,1601,0.2906325451943105,0.28997400410545815,0.0006585410888523505
crossing,106,25,0.3028978058733403,0.24792851577566466,0.054969290097675656
crossing,106,51,0.27453887480021977,0.24815361555333543,0.026385259246884316
crossing,106,101,0.26134624517677757,0.24815361555333543,0.013192629623442158
crossing,106,201,0.2547499303650565,0.24815361555333543,0.006596314811721079
crossing,106,401,0.25145177295919596,0.24815361555333543,0.0032981574058605395
crossing,106,801,0.2498031651594618,0.24815408645653153,0.0016490787029302698
crossing,106,1601,0.24897879592819028,0.24815425657672513,0.0008245393514651349
crossing,107,25,0.2991931300250087,0.256524703047236,0.042668426977772705
crossing,107,51,0.27760884783432005,0.25712800288498916,0.0204808449493309
crossing,107,101,0.2673684253596546,0.25712800288498916,0.01024042247466545
crossing,107,201,0.26227885383553917,0.2571586425982064,0.005120211237332725
crossing,107,401,0.25972001410378376,0.2571599084851174,0.0025601056186663625
crossing,107,801,0.2584435681940347,0.2571635153847015,0.0012800528093331813
crossing,107,1601,0.2578035417893681,0.2571635153847015,0.0006400264046665906
crossing,108,25,0.3283981170565028,0.27715352036859114,0.051244596687911655
crossing,108,51,0.3016982359615558,0.27710082955135823,0.024597406410197597
crossing,108,101,0.28940655371685703,0.27710785051175824,0.012298703205098798
crossing,108,201,0.2833098242638059,0.2771604726612565,0.006149351602549399
crossing,108,401,0.28023514846253117,0.2771604726612565,0.0030746758012746996
crossing,108,801,0.27869781056189386,0.2771604726612565,0.0015373379006373498
crossing,108,1601,0.27792914161157517,0.2771604726612565,0.0007686689503186749
crossing,109,25,0.28034259190104766,0.2367429089531487,0.043599682947898934
crossing,109,51,0.2576707567681402,0.2367429089531487,0.02092784781499149
crossing,109,101,0.24720683286064443,0.2367429089531487,0.010463923907495745
crossing,109,201,0.24197487090689657,0.2367429089531487,0.005231961953747873
crossing,109,401,0.23935888993002263,0.2367429089531487,0.0026159809768739363
crossing,109,801,0.23805089944158567,0.2367429089531487,0.0013079904884369681
crossing,109,1601,0.2373969041973672,0.2367429089531487,0.0006539952442184841
crossing,110,25,0.3351692923933627,0.2893525623381624,0.04581673005520023
crossing,110,51,0.31200533902746813,0.290013308600972,0.021992030426496112
crossing,110,101,0.3010093238142201,0.290013308600972,0.010996015213248056
crossing,110,201,0.29551470985547634,0.29001670224885234,0.005498007606624028
crossing,110,401,0.29277430023318884,0.29002529642987684,0.002749003803312014
crossing,110,801,0.29139979833153284,0.29002529642987684,0.001374501901656007
crossing,110,1601,0.29071254738070484,0.29002529642987684,0.0006872509508280035
crossing,111,25,0.3142739828335521,0.26362579927353846,0.05064818356001364
crossing,111,51,0.28848116090195375,0.2641700327931472,0.02431112810880655
crossing,111,101,0.2763255968475505,0.2641700327931472,0.012155564054403274
crossing,111,201,0.2702478148203489,0.2641700327931472,0.006077782027201637
crossing,111,401,0.26720892380674804,0.2641700327931472,0.0030388910136008185
crossing,111,801,0.2656894782999476,0.2641700327931472,0.0015194455068004093
crossing,111,1601,0.2649297555465474,0.2641700327931472,0.0007597227534002046
crossing,112,25,0.35432308358298514,0.3028985952331225,0.051424488349862636
crossing,112,51,0.32777696532138145,0.3030932109134474,0.024683754407934067
crossing,112,101,0.31546251922561047,0.30312064202164346,0.012341877203967034
crossing,112,201,0.30932866492261596,0.3031577263206324,0.006170938601983517
crossing,112,401,0.30624319562162416,0.3031577263206324,0.0030854693009917584
crossing,112,801,0.3047010279141654,0.30315829326366955,0.0015427346504958792
crossing,112,1601,0.30393017821397994,0.303158810888732,0.0007713673252479396
crossing,113,25,0.3427155951681573,0.29253150193611727,0.050184093232040046
crossing,113,51,0.3166198666874965,0.29253150193611727,0.024088364751379224
crossing,113,101,0.30457568431180687,0.29253150193611727,0.012044182375689612
crossing,113,201,0.29855359312396207,0.29253150193611727,0.006022091187844806
crossing,113,401,0.29554254753003967,0.29253150193611727,0.003011045593922403
crossing,113,801,0.29403702473307847,0.29253150193611727,0.0015055227969612015
crossing,113,1601,0.2932842633345979,0.29253150193611727,0.0007527613984806007
crossing,114,25,0.29136192497551217,0.2491742579705173,0.0421876670049949
crossing,114,51,0.26942433813291483,0.2491742579705173,0.02025008016239755
crossing,114,101,0.2592992980517161,0.2491742579705173,0.010125040081198775
crossing,114,201,0.25423677801111666,0.2491742579705173,0.005062520040599388
crossing,114,401,0.251705517990817,0.2491742579705173,0.002531260020299694
crossing,114,801,0.25043988798066713,0.2491742579705173,0.001265630010149847
crossing,114,1601,0.2498070729755922,0.2491742579705173,0.0006328150050749235
crossing,115,25,0.3234493711205865,0.2755548130085881,0.047894558111998435
crossing,115,51,0.29884557979107496,0.2758561918973157,0.022989387893759247
crossing,115,101,0.2873508858441953,0.2758561918973157,0.011494693946879624
crossing,115,201,0.28162486640313256,0.27587751942969274,0.005747346973439812
crossing,115,401,0.27875169216699874,0.27587801868027884,0.002873673486719906
crossing,115,801,0.2773174471701598,0.2758806104267999,0.001436836743359953
crossing,115,1601,0.27659902879847986,0.2758806104267999,0.0007184183716799765
crossing,116,25,0.3059470965153348,0.26035242822343724,0.045594668291897594
crossing,116,51,0.28225762173472696,0.2603721809546161,0.021885440780110847
crossing,116,101,0.27131490134467157,0.2603721809546161,0.010942720390055423
crossing,116,201,0.2658435411496438,0.2603721809546161,0.005471360195027712
crossing,116,401,0.26310786105212997,0.2603721809546161,0.002735680097513856
crossing,116,801,0.261740315986257,0.26037247593750007,0.001367840048756928
crossing,116,1601,0.26105783209429295,0.2603739120699145,0.000683920024378464
crossing,117,25,0.3468517748913664,0.29546741345412864,0.05138436143723779
crossing,117,51,0.32017448774404494,0.2955099942541708,0.02466449348987414
crossing,117,101,0.30784224099910784,0.2955099942541708,0.01233224674493707
crossing,117,201,0.3016761176266393,0.2955099942541708,0.006166123372468535
crossing,117,401,0.2985930559404051,0.2955099942541708,0.0030830616862342675
crossing,117,801,0.29705152509728794,0.2955099942541708,0.0015415308431171338
crossing,117,1601,0.2962811319162051,0.2955103664946465,0.0007707654215585669
crossing,118,25,0.2682346314067033,0.22240921771185673,0.04582541369484657
crossing,118,51,0.2444054162853831,0.22240921771185673,0.021996198573526353
crossing,118,101,0.2334073169986199,0.22240921771185673,0.010998099286763176
crossing,118,201,0.2279082673552383,0.22240921771185673,0.005499049643381588
crossing,118,401,0.22515874253354753,0.22240921771185673,0.002749524821690794
crossing,118,801,0.22378398012270212,0.22240921771185673,0.001374762410845397
crossing,118,1601,0.22309659891727943,0.22240921771185673,0.0006873812054226985
crossing,119,25,0.3222182390863687,0.2739447530097524,0.0482734860766163
crossing,119,51,0.29812270899611093,0.2749514356793351,0.023171273316775823
crossing,119,101,0.286537072337723,0.2749514356793351,0.011585636658387912
crossing,119,201,0.2807442540085291,0.2749514356793351,0.005792818329193956
crossing,119,401,0.2778491329597841,0.2749527237951871,0.002896409164596978
crossing,119,801,0.2764051408912306,0.2749569363089321,0.001448204582298489
crossing,119,1601,0.2756810386000813,0.2749569363089321,0.0007241022911492445
crossing,120,25,0.30103860806622723,0.25511814090619517,0.04592046716003207
crossing,120,51,0.27713252281496425,0.25509069857814887,0.022041824236815395
crossing,120,101,0.2661116106965566,0.25509069857814887,0.011020912118407698
crossing,120,201,0.26062552696965724,0.2551150709104534,0.005510456059203849
crossing,120,401,0.25787076023019917,0.25511553220059724,0.0027552280296019244
crossing,120,801,0.25649601670184513,0.25511840268704417,0.0013776140148009622
crossing,120,1601,0.25580720969444465,0.25511840268704417,0.0006888070074004811
crossing,121,25,0.3172361775745421,0.2706189170094043,0.04661726056513777
crossing,121,51,0.29304457542136203,0.2706682903500959,0.02237628507126613
crossing,121,101,0.2818564328857289,0.2706682903500959,0.011188142535633066
crossing,121,201,0.2762623616179124,0.2706682903500959,0.005594071267816533
crossing,121,401,0.2734708291200964,0.27067379348618814,0.0027970356339082664
crossing,121,801,0.2720730236890366,0.2706745058720824,0.0013985178169541332
crossing,121,1601,0.27137428360642396,0.2706750246979469,0.0006992589084770666
crossing,122,25,0.30334121333809566,0.2626756647749037,0.040665548563191926
crossing,122,51,0.28219512808523584,0.2626756647749037,0.019519463310332122
crossing,122,101,0.2724353964300698,0.2626756647749037,0.009759731655166061
crossing,122,201,0.26755553060248677,0.2626756647749037,0.0048798658275830305
crossing,122,401,0.26511559768869525,0.2626756647749037,0.0024399329137915152
crossing,122,801,0.2638956312317995,0.2626756647749037,0.0012199664568957576
crossing,122,1601,0.2632856480033516,0.2626756647749037,0.0006099832284478788
crossing,123,25,0.29159887618599334,0.2517670207329634,0.03983185545302989
crossing,123,51,0.27088631135041774,0.2517670207329634,0.01911929061745435
crossing,123,101,0.2613266660416906,0.2517670207329634,0.009559645308727174
crossing,123,201,0.25654684338732703,0.2517670207329634,0.004779822654363587
crossing,123,401,0.2541569320601452,0.2517670207329634,0.0023899113271817936
crossing,123,801,0.2529619763965543,0.2517670207329634,0.0011949556635908968
crossing,123,1601,0.25236449856475884,0.2517670207329634,0.0005974778317954484
crossing,124,25,0.3361042420110477,0.286798729707064,0.04930551230398375
crossing,124,51,0.31050709050958897,0.28684044460367675,0.0236666459059122
crossing,124,101,0.29867376755663283,0.28684044460367675,0.0118333229529561
crossing,124,201,0.2927571060801548,0.28684044460367675,0.00591666147647805
crossing,124,401,0.2897987753419158,0.28684044460367675,0.002958330738239025
crossing,124,801,0.28832197739722726,0.28684281202810774,0.0014791653691195125
crossing,124,1601,0.2875823947126675,0.28684281202810774,0.0007395826845597562
crossing,125,25,0.32536871538648876,0.2773916761055792,0.04797703928090957
crossing,125,51,0.3005924541392402,0.2775634752844036,0.023028978854836596
crossing,125,101,0.28928851283177903,0.27777402340436075,0.011514489427418298
crossing,125,201,0.2835312681180699,0.27777402340436075,0.005757244713709149
crossing,125,401,0.28065264576121535,0.27777402340436075,0.0028786223568545745
crossing,125,801,0.27921396290684675,0.2777746517284195,0.0014393111784272872
crossing,125,1601,0.2784950131971086,0.27777535760789496,0.0007196555892136436
crossing,126,25,0.2978625655448663,0.25634024255621246,0.04152232298865382
crossing,126,51,0.2762709575907663,0.25634024255621246,0.019930715034553834
crossing,126,101,0.26630560007348936,0.25634024255621246,0.009965357517276917
crossing,126,201,0.2613229213148509,0.25634024255621246,0.004982678758638458
crossing,126,401,0.2588315819355317,0.25634024255621246,0.002491339379319229
crossing,126,801,0.2575859122458721,0.25634024255621246,0.0012456696896596146
crossing,126,1601,0.2569630774010423,0.25634024255621246,0.0006228348448298073
crossing,127,25,0.28393338964589654,0.23728014815568416,0.04665324149021236
crossing,127,51,0.2600643154155789,0.23767075950027694,0.022393555915301934
crossing,127,101,0.24886753745792792,0.23767075950027694,0.011196777957650967
crossing,127,201,0.24326914847910242,0.23767075950027694,0.0055983889788254835
crossing,127,401,0.24047380916056854,0.2376746146711558,0.0027991944894127417
crossing,127,801,0.23907482449133263,0.23767522724662626,0.0013995972447063709
crossing,127,1601,0.2383753607239653,0.23767556210161211,0.0006997986223531854
crossing,128,25,0.2821641016600851,0.2382207753900264,0.04394332627005873
crossing,128,51,0.26004111305879235,0.23894831644916414,0.021092796609628192
crossing,128,101,0.24949471475397825,0.23894831644916414,0.010546398304814096
crossing,128,201,0.24422626900757144,0.2389530698551644,0.005273199152407048
crossing,128,401,0.24160445332277844,0.23896785374657492,0.002636599576203524
crossing,128,801,0.2402861535346767,0.23896785374657492,0.001318299788101762
crossing,128,1601,0.2396270036406258,0.23896785374657492,0.000659149894050881
crossing,129,25,0.2795975331443886,0.2393125237925231,0.04028500935186555
crossing,129,51,0.25864932828141857,0.2393125237925231,0.01933680448889546
crossing,129,101,0.24898092603697083,0.2393125237925231,0.00966840224444773
crossing,129,201,0.24414672491474695,0.2393125237925231,0.004834201122223865
crossing,129,401,0.24172962435363504,0.2393125237925231,0.0024171005611119327
crossing,129,801,0.24052107407307907,0.2393125237925231,0.0012085502805559663
crossing,129,1601,0.23991679893280107,0.2393125237925231,0.0006042751402779832
crossing,130,25,0.2838311316319878,0.2365975763132624,0.047233555318725425
crossing,130,51,0.2597041170097777,0.2370320104567895,0.022672106552988205
crossing,130,101,0.24850147052781854,0.23716541725132445,0.011336053276494102
crossing,130,201,0.2428342585095759,0.23716623187132885,0.005668026638247051
crossing,130,401,0.24001586686702353,0.2371818535479,0.0028340133191235256
crossing,130,801,0.23859886020746177,0.2371818535479,0.0014170066595617628
crossing,130,1601,0.23789035687768087,0.2371818535479,0.0007085033297808814
crossing,131,25,0.3396237279907683,0.2933267041308745,0.04629702385989375
crossing,131,51,0.31569500810895146,0.2934724366562025,0.022222571452749
crossing,131,101,0.3046256318671856,0.2935143461408111,0.0111112857263745
crossing,131,201,0.2990947479350445,0.2935391050718572,0.00555564286318725
crossing,131,401,0.2963169265034508,0.2935391050718572,0.002777821431593625
crossing,131,801,0.29493066484758323,0.2935417541317864,0.0013889107157968126
crossing,131,1601,0.2942362094896848,0.2935417541317864,0.0006944553578984063
crossing,132,25,0.28185420231222014,0.23391938056974593,0.04793482174247419
crossing,132,51,0.25692809500613356,0.23391938056974593,0.023008714436387613
crossing,132,101,0.24542373778793974,0.23391938056974593,0.011504357218193807
crossing,132,201,0.23967155917884284,0.23391938056974593,0.005752178609096903
crossing,132,401,0.23679546987429437,0.23391938056974593,0.0028760893045484516
crossing,132,801,0.23535742522202016,0.23391938056974593,0.0014380446522742258
crossing,132,1601,0.23463840289588303,0.23391938056974593,0.0007190223261371129
crossing,133,25,0.28559577806008335,0.242554600586468,0.043041177473615376
crossing,133,51,0.263296621011439,0.24263685582410366,0.02065976518733538
crossing,133,101,0.25296673841777134,0.24263685582410366,0.01032988259366769
crossing,133,201,0.24784519810601005,0.2426802568091762,0.005164941296833845
crossing,133,401,0.24526272745759314,0.2426802568091762,0.0025824706484169225
crossing,133,801,0.24397149213338468,0.2426802568091762,0.0012912353242084612
crossing,133,1601,0.24332591602103468,0.24268029835893046,0.0006456176621042306
crossing,134,25,0.3295601938124971,0.27588222461382284,0.053677969198674284
crossing,134,51,0.30177969118177556,0.2760142659664119,0.025765425215363656
crossing,134,101,0.2888969785740937,0.2760142659664119,0.012882712607681828
crossing,134,201,0.2824749464690297,0.2760335901651888,0.006441356303840914
crossing,134,401,0.27925426831710926,0.2760335901651888,0.003220678151920457
crossing,134,801,0.27764472929076284,0.2760343902148026,0.0016103390759602285
crossing,134,1601,0.2768396385128443,0.2760344689748642,0.0008051695379801142
crossing,135,25,0.2789977279815581,0.23371576072174582,0.04528196725981226
crossing,135,51,0.25549089360008526,0.23375554931537534,0.021735344284709884
crossing,135,101,0.2446232214577303,0.23375554931537534,0.010867672142354942
crossing,135,201,0.23918938538655282,0.23375554931537534,0.005433836071177471
crossing,135,401,0.2364730437012488,0.23375612566566006,0.0027169180355887355
crossing,135,801,0.23511751710445666,0.2337590580866623,0.0013584590177943678
crossing,135,1601,0.23443828759555949,0.2337590580866623,0.0006792295088971839
crossing,136,25,0.29418359469478983,0.24751547398409685,0.046668120710692984
crossing,136,51,0.27005548042344496,0.24765478248231232,0.02240069794113263
crossing,136,101,0.25889309228477175,0.24769274331420543,0.011200348970566315
crossing,136,201,0.2533165590812339,0.24771638459595074,0.005600174485283158
crossing,136,401,0.2505164718385923,0.24771638459595074,0.002800087242641579
crossing,136,801,0.24911879127404518,0.2477187476527244,0.0014000436213207894
crossing,136,1601,0.2484187694633848,0.2477187476527244,0.0007000218106603947
crossing,137,25,0.2978367671540668,0.25335545625244954,0.044481310901617256
crossing,137,51,0.27476497309333875,0.2534139438605625,0.021351029232776285
crossing,137,101,0.26410596781652357,0.2534304532001354,0.010675514616388142
crossing,137,201,0.2587867223802366,0.2534489650720425,0.005337757308194071
crossing,137,401,0.25611784372613955,0.2534489650720425,0.0026688786540970356
crossing,137,801,0.2547839073815101,0.25344946805446156,0.0013344393270485178
crossing,137,1601,0.2541168571469538,0.2534496374834296,0.0006672196635242589
crossing,138,25,0.27749461635611467,0.23384120673912068,0.043653409616993995
crossing,138,51,0.2547948433552778,0.23384120673912068,0.02095363661615712
crossing,138,101,0.24431802504719924,0.23384120673912068,0.01047681830807856
crossing,138,201,0.23907961589315996,0.23384120673912068,0.00523840915403928
crossing,138,401,0.23646041131614032,0.23384120673912068,0.00261920457701964
crossing,138,801,0.2351508090276305,0.23384120673912068,0.00130960228850982
crossing,138,1601,0.23449600788337557,0.23384120673912068,0.00065480114425491
crossing,139,25,0.3056744559207478,0.2572896700194995,0.04838478590124833
crossing,139,51,0.2804757962348515,0.25725109900225235,0.0232246972325992
crossing,139,101,0.26886344761855197,0.25725109900225235,0.0116123486162996
crossing,139,201,0.2630973027522946,0.2572911284441448,0.0058061743081498
crossing,139,401,0.2601942155982197,0.2572911284441448,0.0029030871540749
crossing,139,801,0.2587426720211823,0.2572911284441448,0.00145154357703745
crossing,139,1601,0.25801770988639694,0.2572919380978782,0.000725771788518725
crossing,140,25,0.29434677573416435,0.24192550737183383,0.05242126836233051
crossing,140,51,0.26708771618575244,0.24192550737183383,0.025162208813918646
crossing,140,101,0.25450661177879313,0.24192550737183383,0.012581104406959323
crossing,140,201,0.24821605957531348,0.24192550737183383,0.0062905522034796615
crossing,140,401,0.24507078347357367,0.24192550737183383,0.0031452761017398308
crossing,140,801,0.24349814542270373,0.24192550737183383,0.0015726380508699154
crossing,140,1601,0.2427118263972688,0.24192550737183383,0.0007863190254349577
crossing,141,25,0.2711119685187437,0.22702514915595984,0.04408681936278386
crossing,141,51,0.2481868224500961,0.22702514915595984,0.021161673294136252
crossing,141,101,0.23760598580302797,0.22702514915595984,0.010580836647068126
crossing,141,201,0.2323155674794939,0.22702514915595984,0.005290418323534063
crossing,141,401,0.22967035831772686,0.22702514915595984,0.0026452091617670316
crossing,141,801,0.22834775373684335,0.22702514915595984,0.0013226045808835158
crossing,141,1601,0.2276864514464016,0.22702514915595984,0.0006613022904417579
crossing,142,25,0.3223634109050116,0.27710812543418156,0.04525528547083002
crossing,142,51,0.2988423085587847,0.2771197715327863,0.02172253702599841
crossing,142,101,0.28798104004578545,0.2771197715327863,0.010861268512999204
crossing,142,201,0.28255040578928586,0.2771197715327863,0.005430634256499602
crossing,142,401,0.27983508866103607,0.2771197715327863,0.002715317128249801
crossing,142,801,0.2784785060406242,0.2771208474764993,0.0013576585641249005
crossing,142,1601,0.27779996730581663,0.27712113802375415,0.0006788292820624503
crossing,143,25,0.32917926911902856,0.28041211964520013,0.048767149473828424
crossing,143,51,0.30445493237807475,0.28104670063063714,0.02340823174743764
crossing,143,101,0.29275081650435597,0.28104670063063714,0.01170411587371882
crossing,143,201,0.28697388591685774,0.28112182797999835,0.00585205793685941
crossing,143,401,0.28404785694842805,0.28112182797999835,0.002926028968429705
crossing,143,801,0.2825848424642132,0.28112182797999835,0.0014630144842148526
crossing,143,1601,0.28185333522210576,0.28112182797999835,0.0007315072421074263
crossing,144,25,0.3077680413304241,0.2589995517059252,0.04876848962449892
crossing,144,51,0.28311332294973907,0.2597044479299796,0.02340887501975948
crossing,144,101,0.2714449687822064,0.25974053127232666,0.01170443750987974
crossing,144,201,0.26564589678575584,0.259793678030816,0.00585221875493987
crossing,144,401,0.26271978740828594,0.259793678030816,0.002926109377469935
crossing,144,801,0.26125673271955097,0.259793678030816,0.0014630546887349676
crossing,144,1601,0.2605260599432159,0.25979453259884844,0.0007315273443674838
crossing,145,25,0.27243594766225887,0.22515878572860526,0.04727716193365363
crossing,145,51,0.247851823456759,0.22515878572860526,0.02269303772815374
crossing,145,101,0.23650530459268213,0.22515878572860526,0.01134651886407687
crossing,145,201,0.2308320451606437,0.22515878572860526,0.005673259432038435
crossing,145,401,0.22799541544462448,0.22515878572860526,0.0028366297160192177
crossing,145,801,0.22657710058661487,0.22515878572860526,0.0014183148580096088
crossing,145,1601,0.22586794315761005,0.22515878572860526,0.0007091574290048044
crossing,146,25,0.30702664105971256,0.2595276659842512,0.04749897507546134
crossing,146,51,0.28275707515187853,0.2599575671156571,0.022799508036221442
crossing,146,101,0.2715012352146261,0.2601014811965154,0.011399754018110721
crossing,146,201,0.26580135820557077,0.2601014811965154,0.0056998770090553605
crossing,146,401,0.26296590929361335,0.26011597078908566,0.0028499385045276803
crossing,146,801,0.2615409400413495,0.26011597078908566,0.0014249692522638401
crossing,146,1601,0.2608284554152176,0.26011597078908566,0.0007124846261319201
crossing,147,25,0.324481743287381,0.2814993200959117,0.042982423191469256
crossing,147,51,0.30223075201658633,0.2815991888846811,0.020631563131905242
crossing,147,101,0.29193779963629307,0.28162201807034043,0.010315781565952621
crossing,147,201,0.28682273956029203,0.28166484877731573,0.005157890782976311
crossing,147,401,0.2842437941688039,0.28166484877731573,0.0025789453914881553
crossing,147,801,0.2829543214730598,0.28166484877731573,0.0012894726957440776
crossing,147,1601,0.28231034542867195,0.2816656090807999,0.0006447363478720388
crossing,148,25,0.3340774544712469,0.28301019963515633,0.05106725483609059
crossing,148,51,0.30798960333007264,0.2834773210087492,0.024512282321323485
crossing,148,101,0.29573346216941093,0.2834773210087492,0.012256141160661743
crossing,148,201,0.28960539158908005,0.2834773210087492,0.006128070580330871
crossing,148,401,0.28654198118390806,0.28347794589374264,0.0030640352901654356
crossing,148,801,0.2850125020770838,0.2834804844320011,0.0015320176450827178
crossing,148,1601,0.28424649325454243,0.2834804844320011,0.0007660088225413589
crossing,149,25,0.2779696930784876,0.23820978576829965,0.03975990731018796
crossing,149,51,0.25729454127718987,0.23820978576829965,0.01908475550889022
crossing,149,101,0.24775216352274476,0.23820978576829965,0.00954237775444511
crossing,149,201,0.2429809746455222,0.23820978576829965,0.004771188877222555
crossing,149,401,0.24059538020691093,0.23820978576829965,0.0023855944386112775
crossing,149,801,0.2394025829876053,0.23820978576829965,0.0011927972193056388
crossing,149,1601,0.23880618437795248,0.23820978576829965,0.0005963986096528194
crossing,150,25,0.3335311596948624,0.277978365682899,0.05555279401196341
crossing,150,51,0.30464370680864145,0.277978365682899,0.026665341125742436
crossing,150,101,0.29131103624577026,0.277978365682899,0.013332670562871218
crossing,150,201,0.28464470096433464,0.277978365682899,0.006666335281435609
crossing,150,401,0.2813115333236168,0.277978365682899,0.0033331676407178045
crossing,150,801,0.2796449495032579,0.277978365682899,0.0016665838203589022
crossing,150,1601,0.27881165759307847,0.277978365682899,0.0008332919101794511
crossing,151,25,0.34429036271714963,0.2989969579893341,0.04529340472781552
crossing,151,51,0.3207377922586856,0.2989969579893341,0.02174083426935145
crossing,151,101,0.30986737512400986,0.2989969579893341,0.010870417134675726
crossing,151,201,0.304432166556672,0.2989969579893341,0.005435208567337863
crossing,151,401,0.30171456227300303,0.2989969579893341,0.0027176042836689314
crossing,151,801,0.3003557601311686,0.2989969579893341,0.0013588021418344657
crossing,151,1601,0.29967635906025136,0.2989969579893341,0.0006794010709172329
crossing,152,25,0.3672142648511139,0.3162076611528459,0.05100660369826802
crossing,152,51,0.34082772679881446,0.31634455702364583,0.02448316977516865
crossing,152,101,0.32864858877799397,0.31640700389040965,0.012241584887584325
crossing,152,201,0.32254745865472906,0.3164266662109369,0.006120792443792163
crossing,152,401,0.31949046495318983,0.31643006873129376,0.0030603962218960813
crossing,152,801,0.3179618080678774,0.3164316099569293,0.0015301981109480407
crossing,152,1601,0.3171967571400006,0.3164316580845266,0.0007650990554740203
crossing,153,25,0.29785524480051756,0.2518310040960152,0.04602424070450236
crossing,153,51,0.27392263963417635,0.2518310040960152,0.022091635538161132
crossing,153,101,0.2628768218650958,0.2518310040960152,0.011045817769080566
crossing,153,201,0.2573539129805555,0.2518310040960152,0.005522908884540283
crossing,153,401,0.2545924585382854,0.2518310040960152,0.0027614544422701415
crossing,153,801,0.2532117313171503,0.2518310040960152,0.0013807272211350708
crossing,153,1601,0.25252136770658273,0.2518310040960152,0.0006903636105675354
crossing,154,25,0.2913006458268871,0.24752250840688744,0.04377813741999967
crossing,154,51,0.2686616053780997,0.24764809941649985,0.02101350596159984
crossing,154,101,0.2582629542247248,0.2477562012439249,0.01050675298079992
crossing,154,201,0.25300957773432486,0.2477562012439249,0.00525337649039996
crossing,154,401,0.25039594718813984,0.24776925894293989,0.00262668824519998
crossing,154,801,0.24908260306553986,0.24776925894293989,0.00131334412259999
crossing,154,1601,0.24842593100423987,0.24776925894293989,0.000656672061299995
crossing,155,25,0.30939572703597595,0.2588946005757661,0.05050112646020985
crossing,155,51,0.28318078559487664,0.25894024489397593,0.024240540700900728
crossing,155,101,0.2710605152444263,0.25894024489397593,0.012120270350450364
crossing,155,201,0.2650003800692011,0.25894024489397593,0.006060135175225182
crossing,155,401,0.26197155286303436,0.25894148527542177,0.003030067587612591
crossing,155,801,0.2604595387798995,0.2589445049860932,0.0015150337938062955
crossing,155,1601,0.25970202188299635,0.2589445049860932,0.0007575168969031477
crossing,156,25,0.28986572979610936,0.2442383315055076,0.04562739829060175
crossing,156,51,0.2664244360865545,0.24452328490706565,0.02190115117948884
crossing,156,101,0.25565763568232663,0.2447070600925822,0.01095057558974442
crossing,156,201,0.2501823478874544,0.2447070600925822,0.00547528779487221
crossing,156,401,0.24744562457417704,0.24470798067674093,0.002737643897436105
crossing,156,801,0.2460800577262008,0.24471123577748277,0.0013688219487180526
crossing,156,1601,0.2453956467518418,0.24471123577748277,0.0006844109743590263
crossing,157,25,0.291436515417358,0.24855017514976152,0.04288634026759645
crossing,157,51,0.2691356184782078,0.24855017514976152,0.020585443328446296
crossing,157,101,0.25884289681398465,0.24855017514976152,0.010292721664223148
crossing,157,201,0.2536965359818731,0.24855017514976152,0.005146360832111574
crossing,157,401,0.25112335556581733,0.24855017514976152,0.002573180416055787
crossing,157,801,0.24983676535778943,0.24855017514976152,0.0012865902080278935
crossing,157,1601,0.24919347025377547,0.24855017514976152,0.0006432951040139468
crossing,158,25,0.29566309964005383,0.2514902547103828,0.04417284492967106
crossing,158,51,0.2726932202766249,0.2514902547103828,0.02120296556624211
crossing,158,101,0.26209173749350384,0.2514902547103828,0.010601482783121055
crossing,158,201,0.2567909961019433,0.2514902547103828,0.005300741391560527
crossing,158,401,0.25414062540616306,0.2514902547103828,0.0026503706957802637
crossing,158,801,0.2528154400582729,0.2514902547103828,0.0013251853478901318
crossing,158,1601,0.25215284738432786,0.2514902547103828,0.0006625926739450659
crossing,159,25,0.29131929087050284,0.24796142589913994,0.0433578649713629
crossing,159,51,0.2688795773863752,0.24806780220012098,0.020811775186254194
crossing,159,101,0.25852630319779457,0.24812041560466747,0.010405887593127097
crossing,159,201,0.25334929750231006,0.2481463537057465,0.005202943796563548
crossing,159,401,0.25074845627458814,0.2481469843763064,0.002601471898281774
crossing,159,801,0.2494507355650245,0.24814999961588363,0.001300735949140887
crossing,159,1601,0.24880036759045407,0.24814999961588363,0.0006503679745704436
crossing,160,25,0.3088834499356815,0.26124016377065273,0.04764328616502878
crossing,160,51,0.28418831953636925,0.2613195421771554,0.02286877735921382
crossing,160,101,0.2727539308567623,0.2613195421771554,0.01143438867960691
crossing,160,201,0.267064373123679,0.26134717878387553,0.005717194339803455
crossing,160,401,0.2642061195315136,0.26134752236161185,0.0028585971699017273
crossing,160,801,0.2627802640295625,0.2613509654446116,0.0014292985849508636
crossing,160,1601,0.26206561473708706,0.2613509654446116,0.0007146492924754318
crossing,161,25,0.3646993489495709,0.3099747159033986,0.054724633046172304
crossing,161,51,0.3361276268777063,0.3098598030155436,0.026267823862162705
crossing,161,101,0.3231707098917569,0.3100367979606755,0.013133911931081352
crossing,161,201,0.3166037539262162,0.3100367979606755,0.006566955965540676
crossing,161,401,0.31332208505063264,0.3100386070678623,0.003283477982770338
crossing,161,801,0.31168308901461034,0.3100413500232252,0.001641738991385169
crossing,161,1601,0.3108622195189178,0.3100413500232252,0.0008208694956925845
crossing,162,25,0.3057452416001348,0.2666284781666035,0.03911676343353127
crossing,162,51,0.2854045246146985,0.2666284781666035,0.01877604644809501
crossing,162,101,0.27601650139065104,0.2666284781666035,0.009388023224047505
crossing,162,201,0.2713224897786273,0.2666284781666035,0.0046940116120237525
crossing,162,401,0.2689754839726154,0.2666284781666035,0.0023470058060118763
crossing,162,801,0.26780198106960945,0.2666284781666035,0.0011735029030059381
crossing,162,1601,0.26721522961810645,0.2666284781666035,0.0005867514515029691
crossing,163,25,0.30528166375048,0.2572603490326547,0.04802131471782528
crossing,163,51,0.28028202928200774,0.2572317982174516,0.023050231064556136
crossing,163,101,0.2687569137497297,0.2572317982174516,0.011525115532278068
crossing,163,201,0.263019700210424,0.25725714244428494,0.005762557766139034
crossing,163,401,0.26013891658760774,0.25725763770453824,0.002881278883069517
crossing,163,801,0.2587012586151035,0.25726061917356874,0.0014406394415347585
crossing,163,1601,0.2579809388943361,0.25726061917356874,0.0007203197207673792
crossing,164,25,0.34427873433301553,0.29439336435727714,0.0498853699757384
crossing,164,51,0.31843189886936196,0.2944869212810075,0.023944977588354434
crossing,164,101,0.30654172815596914,0.2945692393617919,0.011972488794177217
crossing,164,201,0.3005631157377492,0.2945768713406606,0.0059862443970886085
crossing,164,401,0.2975788566685648,0.2945857344700205,0.0029931221985443042
crossing,164,801,0.29608229556929266,0.2945857344700205,0.0014965610992721521
crossing,164,1601,0.29533413776501416,0.2945858572153781,0.0007482805496360761
crossing,165,25,0.2692793054325455,0.22101533448288913,0.048263970949656405
crossing,165,51,0.24429771852443785,0.22113101246860278,0.023166706055835075
crossing,165,101,0.23271436549652033,0.22113101246860278,0.011583353027917537
crossing,165,201,0.22692268898256154,0.22113101246860278,0.005791676513958769
crossing,165,401,0.22402685072558218,0.22113101246860278,0.0028958382569793844
crossing,165,801,0.22257936600901712,0.22113144688052744,0.0014479191284896922
crossing,165,1601,0.2218554685299671,0.22113150896572226,0.0007239595642448461
crossing,166,25,0.30493980720801783,0.25930562033928356,0.045634186868734244
crossing,166,51,0.2818568343374016,0.2599524246404092,0.021904409696992436
crossing,166,101,0.2709046294889054,0.2599524246404092,0.010952204848496218
crossing,166,201,0.26547348757878164,0.2599973851545335,0.005476102424248109
crossing,166,401,0.2627354363666576,0.2599973851545335,0.0027380512121240545
crossing,166,801,0.26136923033837584,0.26000020473231383,0.0013690256060620272
crossing,166,1601,0.26068471753534483,0.26000020473231383,0.0006845128030310136
crossing,167,25,0.3413992174494683,0.2951495795757767,0.046249637873691574
crossing,167,51,0.31734940575514864,0.2951495795757767,0.022199826179371954
crossing,167,101,0.3062494926654627,0.2951495795757767,0.011099913089685977
crossing,167,201,0.30069953612061967,0.2951495795757767,0.005549956544842988
crossing,167,401,0.2979245578481982,0.2951495795757767,0.002774978272421494
crossing,167,801,0.29653706871198743,0.2951495795757767,0.001387489136210747
crossing,167,1601,0.2958433241438821,0.2951495795757767,0.0006937445681053736
crossing,168,25,0.2732709056489716,0.22965916393607122,0.04361174171290039
crossing,168,51,0.2505927999582634,0.22965916393607122,0.020933636022192184
crossing,168,101,0.2401259819471673,0.22965916393607122,0.010466818011096092
crossing,168,201,0.23489257294161928,0.22965916393607122,0.005233409005548046
crossing,168,401,0.23227586843884523,0.22965916393607122,0.002616704502774023
crossing,168,801,0.23096751618745823,0.22965916393607122,0.0013083522513870115
crossing,168,1601,0.23031334006176474,0.22965916393607122,0.0006541761256935058
crossing,169,25,0.29558152588286435,0.25156786466820497,0.044013661214659376
crossing,169,51,0.27269442205124145,0.25156786466820497,0.0211265573830365
crossing,169,101,0.2621311433597232,0.25156786466820497,0.01056327869151825
crossing,169,201,0.2568495040139641,0.25156786466820497,0.005281639345759125
crossing,169,401,0.2542086843410845,0.25156786466820497,0.0026408196728795624
crossing,169,801,0.25288827450464474,0.25156786466820497,0.0013204098364397812
crossing,169,1601,0.25222806958642485,0.25156786466820497,0.0006602049182198906
crossing,170,25,0.2812003898826804,0.24222550313267754,0.038974886750002886
crossing,170,51,0.26093344877267893,0.24222550313267754,0.018707945640001385
crossing,170,101,0.2515794759526782,0.24222550313267754,0.009353972820000693
crossing,170,201,0.24690248954267788,0.24222550313267754,0.004676986410000346
crossing,170,401,0.24456399633767772,0.24222550313267754,0.002338493205000173
crossing,170,801,0.24339474973517763,0.24222550313267754,0.0011692466025000866
crossing,170,1601,0.24281012643392758,0.24222550313267754,0.0005846233012500433
crossing,171,25,0.31750382676027455,0.26453802520888825,0.05296580155138628
crossing,171,51,0.2899616099535537,0.26453802520888825,0.025423584744665412
crossing,171,101,0.27724981758122097,0.26453802520888825,0.012711792372332706
crossing,171,201,0.2708939213950546,0.26453802520888825,0.006355896186166353
crossing,171,401,0.26771597330197144,0.26453802520888825,0.0031779480930831765
crossing,171,801,0.2661269992554298,0.26453802520888825,0.0015889740465415882
crossing,171,1601,0.26533251223215903,0.26453802520888825,0.0007944870232707941
crossing,172,25,0.34975729508050746,0.30071384872419327,0.04904344635631421
crossing,172,51,0.32471351670120047,0.30117266245016966,0.02354085425103082
crossing,172,101,0.3131056776144137,0.3013352504888983,0.01177042712551541
crossing,172,201,0.30722046405165604,0.3013352504888983,0.005885213562757705
crossing,172,401,0.3042929832409849,0.30135037645960605,0.0029426067813788526
crossing,172,801,0.30282167985029546,0.30135037645960605,0.0014713033906894263
crossing,172,1601,0.3020860281549508,0.30135037645960605,0.0007356516953447132
crossing,173,25,0.31459578403014526,0.26609988196410084,0.04849590206604442
crossing,173,51,0.2893779149558022,0.26609988196410084,0.023278032991701322
crossing,173,101,0.2777388984599515,0.26609988196410084,0.011639016495850661
crossing,173,201,0.27191939021202616,0.26609988196410084,0.005819508247925331
crossing,173,401,0.2690096360880635,0.26609988196410084,0.0029097541239626653
crossing,173,801,0.26755475902608217,0.26609988196410084,0.0014548770619813326
crossing,173,1601,0.2668273204950915,0.26609988196410084,0.0007274385309906663
crossing,174,25,0.27332879014235467,0.2258347260255042,0.047494064116850455
crossing,174,51,0.24872722515766935,0.22593007438158114,0.02279715077608822
crossing,174,101,0.23732864976962526,0.22593007438158114,0.01139857538804411
crossing,174,201,0.2316293620756032,0.22593007438158114,0.005699287694022055
crossing,174,401,0.2287814042556695,0.22593176040865848,0.0028496438470110275
crossing,174,801,0.227356582332164,0.22593176040865848,0.0014248219235055138
crossing,174,1601,0.22664434443398582,0.22593193347223306,0.0007124109617527569
crossing,175,25,0.3170115536939684,0.27443473002319935,0.04257682367076901
crossing,175,51,0.2947893941334932,0.27435251877152406,0.020436875361969125
crossing,175,101,0.2847605195714695,0.2745420818904849,0.010218437680984562
crossing,175,201,0.27965130073097716,0.2745420818904849,0.005109218840492281
crossing,175,401,0.2771148260786482,0.274560216658402,0.0025546094202461406
crossing,175,801,0.2758375213685251,0.274560216658402,0.0012773047101230703
crossing,175,1601,0.2751988690134636,0.274560216658402,0.0006386523550615352
crossing,176,25,0.34535119828878286,0.29849747931271015,0.04685371897607271
crossing,176,51,0.32107570602716345,0.29858592091864855,0.0224897851085149
crossing,176,101,0.309830813472906,0.29858592091864855,0.01124489255425745
crossing,176,201,0.3042467413567239,0.2986242950795952,0.005622446277128725
crossing,176,401,0.30143551821815956,0.2986242950795952,0.0028112231385643625
crossing,176,801,0.30003135083725796,0.29862573926797575,0.0014056115692821813
crossing,176,1601,0.2993287657964869,0.29862596001184577,0.0007028057846410906
crossing,177,25,0.302064346990189,0.25828695066232643,0.0437773963278626
crossing,177,51,0.27927939686182646,0.2582662466244524,0.02101315023737405
crossing,177,101,0.26877282174313943,0.2582662466244524,0.010506575118687024
crossing,177,201,0.26353470243872784,0.25828141487938433,0.005253287559343512
crossing,177,401,0.26091243907853606,0.2582857952988643,0.002626643779671756
crossing,177,801,0.25959986343176467,0.25828654154192876,0.001313321889835878
crossing,177,1601,0.25894357022153836,0.2582869092766204,0.000656660944917939
crossing,178,25,0.3375795550563107,0.28678048053509086,0.050799074521219865
crossing,178,51,0.3116106794773957,0.28722712370721015,0.024383555770185535
crossing,178,101,0.2995918126851715,0.2874000348000787,0.012191777885092767
crossing,178,201,0.29349592374262506,0.2874000348000787,0.006095888942546384
crossing,178,401,0.29046157034665526,0.28741362587538205,0.003047944471273192
crossing,178,801,0.28893759811101866,0.28741362587538205,0.001523972235636596
crossing,178,1601,0.28817561199320035,0.28741362587538205,0.000761986117818298
crossing,179,25,0.34293564385636754,0.28935336996060873,0.05358227389575884
crossing,179,51,0.3152424575216217,0.2895229660516575,0.025719491469964245
crossing,179,101,0.3025480504224744,0.2896883046874923,0.012859745734982123
crossing,179,201,0.2961181775549834,0.2896883046874923,0.006429872867491061
crossing,179,401,0.2929135851026682,0.28969864866892264,0.0032149364337455306
crossing,179,801,0.2913061168857954,0.28969864866892264,0.0016074682168727653
crossing,179,1601,0.29050319556717935,0.289699461458743,0.0008037341084363827
crossing,180,25,0.31915642031954833,0.2752692996718287,0.04388712064771962
crossing,180,51,0.29626804363465037,0.275202225723745,0.021065817910905418
crossing,180,101,0.28580839429477056,0.27527548533931784,0.010532908955452709
crossing,180,201,0.2805529145732033,0.27528646009547697,0.005266454477726354
crossing,180,401,0.27792567967629,0.27529245243742684,0.002633227238863177
crossing,180,801,0.2766090660568584,0.27529245243742684,0.0013166136194315886
crossing,180,1601,0.27595144557872786,0.27529313876901207,0.0006583068097157943
crossing,181,25,0.36360386619001867,0.31235848943465055,0.051245376755368104
crossing,181,51,0.33715678029129315,0.31255899944871646,0.02459778084257669
crossing,181,101,0.3251292789755142,0.31283038855422585,0.012298890421288344
crossing,181,201,0.31897983376487005,0.31283038855422585,0.006149445210644172
crossing,181,401,0.31590511115954795,0.31283038855422585,0.003074722605322086
crossing,181,801,0.31436774985688687,0.31283038855422585,0.001537361302661043
crossing,181,1601,0.31359906920555636,0.31283038855422585,0.0007686806513305215
crossing,182,25,0.3526297112152914,0.3047099322407378,0.04791977897455363
crossing,182,51,0.32767996397041194,0.3046784700626262,0.02300149390778574
crossing,182,101,0.3161792170165191,0.3046784700626262,0.01150074695389287
crossing,182,201,0.31045728410008117,0.3047069106231347,0.005750373476946435
crossing,182,401,0.3075820973616079,0.3047069106231347,0.0028751867384732175
crossing,182,801,0.3061479173560256,0.304710323986789,0.0014375933692366088
crossing,182,1601,0.3054291206714073,0.304710323986789,0.0007187966846183044
crossing,183,25,0.2795742315798645,0.23724856031603803,0.04232567126382646
crossing,183,51,0.25756488252267473,0.23724856031603803,0.020316322206636702
crossing,183,101,0.24740672141935638,0.23724856031603803,0.010158161103318351
crossing,183,201,0.2423276408676972,0.23724856031603803,0.0050790805516591755
crossing,183,401,0.23978810059186761,0.23724856031603803,0.0025395402758295878
crossing,183,801,0.23851833045395282,0.23724856031603803,0.0012697701379147939
crossing,183,1601,0.23788344538499542,0.23724856031603803,0.0006348850689573969
crossing,184,25,0.28433524576118285,0.23862190255524374,0.045713343205939116
crossing,184,51,0.260557214675768,0.2386148099369172,0.021942404738850774
crossing,184,101,0.24959310492466913,0.23862190255524374,0.010971202369425387
crossing,184,201,0.24411472515989885,0.23862912397518615,0.005485601184712694
crossing,184,401,0.2413719245675425,0.23862912397518615,0.002742800592356347
crossing,184,801,0.24000070107692772,0.23862930078074956,0.0013714002961781734
crossing,184,1601,0.23931507982344266,0.23862937967535358,0.0006857001480890867
crossing,185,25,0.3019894593780075,0.26258177095707524,0.03940768842093222
crossing,185,51,0.2814974613991227,0.26258177095707524,0.018915690442047467
crossing,185,101,0.27203961617809896,0.26258177095707524,0.009457845221023733
crossing,185,201,0.26731069356758713,0.26258177095707524,0.004728922610511867
crossing,185,401,0.26494623226233116,0.26258177095707524,0.0023644613052559334
crossing,185,801,0.2637640016097032,0.26258177095707524,0.0011822306526279667
crossing,185,1601,0.26317288628338925,0.26258177095707524,0.0005911153263139833
crossing,186,25,0.3214928970929053,0.26955090853867925,0.05194198855422603
crossing,186,51,0.29442469942955435,0.26949254492352587,0.024932154506028495
crossing,186,101,0.2820088437983533,0.26954276654533904,0.012466077253014247
crossing,186,201,0.2757839471651864,0.26955090853867925,0.006233038626507124
crossing,186,401,0.2726713698640129,0.26955485055075934,0.003116519313253562
crossing,186,801,0.2711131789982288,0.26955491934160203,0.001558259656626781
crossing,186,1601,0.2703345200961168,0.2695553902678034,0.0007791298283133905
crossing,187,25,0.29198898492456254,0.25382882898395376,0.038160155940608766
crossing,187,51,0.27214570383544595,0.25382882898395376,0.018316874851492207
crossing,187,101,0.2629872664096999,0.25382882898395376,0.009158437425746103
crossing,187,201,0.2584080476968268,0.25382882898395376,0.004579218712873052
crossing,187,401,0.2561184383403903,0.25382882898395376,0.002289609356436526
crossing,187,801,0.254973633662172,0.25382882898395376,0.001144804678218263
crossing,187,1601,0.2544012313230629,0.25382882898395376,0.0005724023391091315
crossing,188,25,0.28396380193862264,0.24252836641871867,0.04143543551990397
crossing,188,51,0.26262075526027995,0.24273174621072602,0.019889009049553902
crossing,188,101,0.25280834638679045,0.24286384186201349,0.009944504524776951
crossing,188,201,0.24783687189923306,0.24286461963684458,0.0049722522623884755
crossing,188,401,0.24536786555440213,0.2428817394232079,0.0024861261311942377
crossing,188,801,0.24412480248880503,0.2428817394232079,0.0012430630655971189
crossing,188,1601,0.24350327095600646,0.2428817394232079,0.0006215315327985594
crossing,189,25,0.31610749663548215,0.27081644064404303,0.04529105599143912
crossing,189,51,0.29315854071594294,0.27141883384005216,0.021739706875890778
crossing,189,101,0.2823496615363995,0.2714798080984541,0.010869853437945389
crossing,189,201,0.2769509162398878,0.2715159895209151,0.005434926718972694
crossing,189,401,0.27423345288040146,0.2715159895209151,0.002717463359486347
crossing,189,801,0.27287769846654325,0.2715189667868001,0.0013587316797431736
crossing,189,1601,0.2721983326266717,0.2715189667868001,0.0006793658398715868
crossing,190,25,0.3173643893271816,0.26702510072589214,0.05033928860128944
crossing,190,51,0.2912942143283682,0.2671313557997493,0.02416285852861893
crossing,190,101,0.2792127850640587,0.2671313557997493,0.012081429264309464
crossing,190,201,0.2732345671853954,0.2671938525532407,0.006040714632154732
crossing,190,401,0.27021420986931804,0.2671938525532407,0.003020357316077366
crossing,190,801,0.2687040312112794,0.2671938525532407,0.001510178658038683
crossing,190,1601,0.26794894188226004,0.2671938525532407,0.0007550893290193415
crossing,191,25,0.31943899053197855,0.27612331398635187,0.04331567654562669
crossing,191,51,0.2968677336439049,0.27607620890200407,0.02079152474190081
crossing,191,101,0.2864869709028751,0.2760912085319247,0.010395762370950405
crossing,191,201,0.28132857905456304,0.27613069786908784,0.005197881185475203
crossing,191,401,0.2787296384618254,0.27613069786908784,0.0025989405927376013
crossing,191,801,0.2774301681654566,0.27613069786908784,0.0012994702963688006
crossing,191,1601,0.2767804976781688,0.2761307625299844,0.0006497351481844003
crossing,192,25,0.30984783856409776,0.2648796369752469,0.04496820158885086
crossing,192,51,0.28709912515393965,0.2655143883912912,0.021584736762648413
crossing,192,101,0.27634287919798156,0.26555051081665737,0.010792368381324207
crossing,192,201,0.27099271967732075,0.2655965354866586,0.005396184190662103
crossing,192,401,0.2682946275819897,0.2655965354866586,0.0026980920953310517
crossing,192,801,0.2669456521255897,0.2655966060779242,0.0013490460476655258
crossing,192,1601,0.266272083404202,0.26559756038036925,0.0006745230238327629
crossing,193,25,0.2893035010342835,0.24599849474118635,0.04330500629309711
crossing,193,51,0.266784897761873,0.24599849474118635,0.020786403020686614
crossing,193,101,0.25639169625152963,0.24599849474118635,0.010393201510343307
crossing,193,201,0.251195095496358,0.24599849474118635,0.0051966007551716535
crossing,193,401,0.24859679511877217,0.24599849474118635,0.0025983003775858268
crossing,193,801,0.24729764492997927,0.24599849474118635,0.0012991501887929134
crossing,193,1601,0.2466480698355828,0.24599849474118635,0.0006495750943964567
crossing,194,25,0.3013571296425305,0.2544011579731332,0.04695597166939733
crossing,194,51,0.2775061390567351,0.2549672726554244,0.02253886640131072
crossing,194,101,0.26631607345119557,0.2550466402505402,0.01126943320065536
crossing,194,201,0.2607087674888222,0.25507405088849455,0.00563471660032768
crossing,194,401,0.2578937324302316,0.2550763741300678,0.00281735830016384
crossing,194,801,0.2564879888350283,0.2550793096849464,0.00140867915008192
crossing,194,1601,0.25578364925998737,0.2550793096849464,0.00070433957504096
crossing,195,25,0.30380594796063265,0.2577453130202697,0.04606063494036297
crossing,195,51,0.2803650939590459,0.2582559891876717,0.022109104771374226
crossing,195,101,0.26941034533693137,0.2583557929512443,0.011054552385687113
crossing,195,201,0.26389960826542835,0.2583723320725848,0.0055272761928435565
crossing,195,401,0.2611435685826157,0.25837993048619395,0.0027636380964217782
crossing,195,801,0.2597620069894172,0.2583801879412063,0.0013818190482108891
crossing,195,1601,0.2590719715069968,0.25838106198289135,0.0006909095241054446
crossing,196,25,0.31067659969781786,0.2636538431632016,0.04702275653461626
crossing,196,51,0.2863803413606883,0.2638094182240725,0.022570923136615805
crossing,196,101,0.2750948797923804,0.2638094182240725,0.011285461568307903
crossing,196,201,0.26945214900822645,0.2638094182240725,0.005642730784153951
crossing,196,401,0.2666307836161495,0.2638094182240725,0.0028213653920769756
crossing,196,801,0.265220100920111,0.2638094182240725,0.0014106826960384878
crossing,196,1601,0.26451496612298164,0.2638096247749624,0.0007053413480192439
crossing,197,25,0.29107229858364725,0.24858148897381804,0.04249080960982918
crossing,197,51,0.2689356744683896,0.2485400858556716,0.020395588612718004
crossing,197,101,0.25874175708643715,0.24854396278007818,0.010197794306359002
crossing,197,201,0.2536856746123732,0.24858677745919366,0.005098897153179501
crossing,197,401,0.2511362260357834,0.24858677745919366,0.0025494485765897505
crossing,197,801,0.24986150174748853,0.24858677745919366,0.0012747242882948753
crossing,197,1601,0.2492241396033411,0.24858677745919366,0.0006373621441474376
crossing,198,25,0.2993036758296568,0.24828208377965072,0.05102159205000604
crossing,198,51,0.2728094747292728,0.2483191105452699,0.0244903641840029
crossing,198,101,0.2605642926372713,0.2483191105452699,0.01224518209200145
crossing,198,201,0.2544417015912706,0.2483191105452699,0.006122591046000725
crossing,198,401,0.2513804060682703,0.2483191105452699,0.0030612955230003625
crossing,198,801,0.2498497583067701,0.2483191105452699,0.0015306477615001813
crossing,198,1601,0.2490844551262489,0.24831913124549881,0.0007653238807500906
crossing,199,25,0.3025945036696493,0.25304820429393027,0.04954629937571902
crossing,199,51,0.2768304279942754,0.25304820429393027,0.023782223700345127
crossing,199,101,0.2649393161441028,0.25304820429393027,0.011891111850172564
crossing,199,201,0.25899376021901654,0.25304820429393027,0.005945555925086282
crossing,199,401,0.2560209822564734,0.25304820429393027,0.002972777962543141
crossing,199,801,0.25453459327520184,0.25304820429393027,0.0014863889812715705
crossing,199,1601,0.2537913987845661,0.25304820429393027,0.0007431944906357852
